{
    "nearby": {
        "booth_xzrpar_1": [
            [
                -3.1166499042510987,
                13.19272458076477,
                0
            ]
        ],
        "fruitcake_kxckts_1": [
            [
                -2.9034499454498293,
                12.9795246219635,
                0
            ]
        ],
        "cooler_pnkiag_1": [
            [
                3.1510591983795164,
                20.90956554412842,
                0
            ]
        ]
    },
    "ontop": {},
    "inside": {
        "fruitcake_kxckts_1": {
            "cooler_pnkiag_1": [
                [
                    4.9270710945129395,
                    21.719768524169922,
                    0.14442111551761627
                ],
                [
                    0.002332623116672039,
                    3.702659159898758e-05,
                    -0.032457150518894196,
                    0.9994703531265259
                ]
            ]
        }
    },
    "nextto": {},
    "under": {}
}