{
    "nearby": {
        "sofa_lugrhk_1": [
            [
                -7.672144031524659,
                1.839472255706787,
                0
            ]
        ],
        "textbook_nloqia_1": [
            [
                -6.318844051361085,
                3.192772235870361,
                0
            ]
        ],
        "textbook_nloqia_2": [
            [
                -6.318844051361085,
                3.192772235870361,
                0
            ]
        ],
        "textbook_nloqia_3": [
            [
                -6.318844051361085,
                3.192772235870361,
                0
            ]
        ],
        "desk_rzyfxk_1": [
            2.2018823623657227,
            0.7683254480361938,
            2.3574397563934326
        ]
    },
    "ontop": {
        "textbook_nloqia_1": {
            "desk_rzyfxk_1": [
                [
                    1.3848520517349243,
                    0.8541753888130188,
                    0.7990456819534302
                ],
                [
                    1.8502818420529366e-05,
                    8.608320058556274e-05,
                    -0.10938150435686111,
                    0.9939998984336853
                ]
            ]
        },
        "textbook_nloqia_2": {
            "desk_rzyfxk_1": [
                [
                    1.337745189666748,
                    0.09411118179559708,
                    0.7990442514419556
                ],
                [
                    1.8631108105182648e-05,
                    8.227473153965548e-05,
                    -0.1853751391172409,
                    0.9826677441596985
                ]
            ]
        },
        "textbook_nloqia_3": {
            "desk_rzyfxk_1": [
                [
                    1.3260098695755005,
                    -0.24764354526996613,
                    0.7990441918373108
                ],
                [
                    2.1321233361959457e-05,
                    8.186950435629115e-05,
                    -0.21387365460395813,
                    0.976861298084259
                ]
            ]
        }
    },
    "inside": {},
    "nextto": {},
    "under": {}
}