{
    "nearby": {
        "scrub_brush_hsejyi_1": [
            [
                2.98416063785553,
                18.34308986663818,
                0
            ]
        ],
        "sink_wzpabm_1": [
            [
                3.1733165979385376,
                16.892894172668456,
                0
            ]
        ]
    },
    "ontop": {},
    "inside": {
        "scrub_brush_hsejyi_1": {
            "sink_wzpabm_1": [
                [
                    4.708106994628906,
                    17.351165771484375,
                    0.07619211077690125
                ],
                [
                    -0.015522322617471218,
                    -0.15322011709213257,
                    0.01736975647509098,
                    0.9879174828529358
                ]
            ]
        }
    },
    "nextto": {},
    "under": {}
}