{
    "nearby": {
        "reception_desk_kjmhgc_1": [
            [
                -5.619794402122498,
                -3.0010795640945434,
                0
            ]
        ],
        "brisket_nnnnqw_1": [
            [
                -4.98019446849823,
                -2.8944795751571655,
                0
            ]
        ],
        "brisket_nnnnqw_2": [
            [
                -4.873594479560852,
                -2.468079619407654,
                0
            ]
        ],
        "cooler_pnkiag_1": [
            [
                -7.751794180870056,
                -2.8944795751571655,
                0
            ]
        ]
    },
    "ontop": {},
    "inside": {
        "brisket_nnnnqw_1": {
            "cooler_pnkiag_1": [
                [
                    -6.490103721618652,
                    -2.6516292095184326,
                    0.10340621322393417
                ],
                [
                    0.05107521265745163,
                    -0.041774000972509384,
                    0.0003770524635910988,
                    0.9978207349777222
                ]
            ]
        },
        "brisket_nnnnqw_2": {
            "cooler_pnkiag_1": [
                [
                    -6.124025821685791,
                    -2.801939010620117,
                    0.11264048516750336
                ],
                [
                    -0.027324633672833443,
                    0.008342891931533813,
                    -0.01571490243077278,
                    0.9994682669639587
                ]
            ]
        }
    },
    "nextto": {},
    "under": {}
}