{
    "nearby": {
        "breakfast_table_dnsjnv_0": [
            [
                -6.655099534988403,
                16.60407176017761,
                0
            ]
        ],
        "edible_cookie_dough_epwkoi_1": [
            [
                -6.655099534988403,
                16.60407176017761,
                0
            ]
        ],
        "cooler_pnkiag_1": [
            [
                -3.7562497806549073,
                14.791724271774292,
                0
            ]
        ]
    },
    "ontop": {},
    "inside": {
        "edible_cookie_dough_epwkoi_1": {
            "cooler_pnkiag_1": [
                [
                    -3.0053725242614746,
                    14.04976749420166,
                    0.14218302071094513
                ],
                [
                    -0.007186935283243656,
                    0.0005218081641942263,
                    -0.001353567116893828,
                    0.9999732375144958
                ]
            ]
        }
    },
    "nextto": {},
    "under": {}
}