{
    "nearby": {
        "shopping_basket_vsxhsv_1": [
            [
                -2.458740909099579,
                -0.2783417296409607,
                0
            ]
        ],
        "bread_slice_yedlgq_1": [
            [
                -2.458740909099579,
                -0.2783417296409607,
                0
            ]
        ],
        "bread_slice_yedlgq_2": [
            [
                -2.458740909099579,
                -0.2783417296409607,
                0
            ]
        ],
        "bread_slice_yedlgq_3": [
            [
                -2.458740909099579,
                -0.2783417296409607,
                0
            ]
        ],
        "bread_slice_yedlgq_4": [
            [
                -2.458740909099579,
                -0.2783417296409607,
                0
            ]
        ],
        "toaster_oven_ctrngh_1": [
            [
                -1.1617913210391997,
                0.5033081912994385,
                0
            ]
        ]
    },
    "ontop": {},
    "inside": {
        "bread_slice_yedlgq_1": {
            "toaster_oven_ctrngh_1": [
                [
                    0.3349556624889374,
                    1.5416513681411743,
                    1.0039429664611816
                ],
                [
                    0.0062508233822882175,
                    0.03187762200832367,
                    -0.03659292310476303,
                    0.9988021850585938
                ]
            ]
        },
        "bread_slice_yedlgq_2": {
            "toaster_oven_ctrngh_1": [
                [
                    0.2740868330001831,
                    1.5690135955810547,
                    1.0221939086914062
                ],
                [
                    -0.023139042779803276,
                    -0.1012943908572197,
                    -0.051363755017519,
                    0.9932602047920227
                ]
            ]
        },
        "bread_slice_yedlgq_3": {
            "toaster_oven_ctrngh_1": [
                [
                    0.2925662100315094,
                    1.5338027477264404,
                    1.025408148765564
                ],
                [
                    -0.015951775014400482,
                    -0.010808480903506279,
                    -0.04045453295111656,
                    0.9989955425262451
                ]
            ]
        },
        "bread_slice_yedlgq_4": {
            "toaster_oven_ctrngh_1": [
                [
                    0.39205944538116455,
                    1.4911280870437622,
                    1.0217370986938477
                ],
                [
                    0.03246001899242401,
                    0.1806250810623169,
                    -0.04094455763697624,
                    0.9821632504463196
                ]
            ]
        }
    },
    "nextto": {},
    "under": {}
}