{
    "nearby": {
        "vacuum_bdmsbr_1": [
            [
                3.132647967338562,
                -0.3112373411655425,
                0
            ]
        ],
        "carafe_ocjcgp_1": [
            [
                3.132647967338562,
                -0.21253734230995175,
                0
            ]
        ],
        "scrub_brush_hsejyi_1": [
            [
                3.132647967338562,
                -0.21253734230995175,
                0
            ]
        ],
        "sink_ksecxq_0": [
            [
                3.132647967338562,
                -0.21253734230995175,
                0
            ]
        ],
        "bathtub_fdjykf_0": [
            1.9193497896194458,
            0.772293210029602,
            1.2534124851226807
        ]
    },
    "ontop": {},
    "inside": {
        "scrub_brush_hsejyi_1": {
            "sink_ksecxq_0": [
                [
                    3.9630000591278076,
                    -0.4990890622138977,
                    0.7696366310119629
                ],
                [
                    -0.17435389757156372,
                    0.6751513481140137,
                    0.7159456014633179,
                    -0.0345437191426754
                ]
            ]
        }
    },
    "nextto": {},
    "under": {}
}