{
    "nearby": {
        "coffee_table_fqluyq_0": [
            [
                -1.3154278993606567,
                -0.06159458875656136,
                0
            ]
        ],
        "rag_oocmed_1": [
            [
                -1.3154278993606567,
                -0.06159458875656136,
                0
            ]
        ],
        "space_heater_kxzqpr_1": [
            [
                -1.9585960817337038,
                2.1894940495491024,
                0
            ]
        ],
        "straight_chair_eospnr_1": [
            0.7383536696434021,
            -1.619153380393982,
            0.29440760612487793
        ],
        "sink_wzpabm_1": [
            -0.5831546783447266,
            0.09486319869756699,
            6.014925479888916
        ]
    },
    "ontop": {},
    "inside": {
        "rag_oocmed_1": {
            "sink_wzpabm_1": [
                [
                    -0.5007610321044922,
                    -0.07207925617694855,
                    0.040582045912742615
                ],
                [
                    -0.136961430311203,
                    0.5923923850059509,
                    0.17031033337116241,
                    0.7754399180412292
                ]
            ]
        }
    },
    "nextto": {},
    "under": {}
}