{"nextto": {"cinnamon_roll_xjlptd_1": [[-6.214508714675903, 10.522644872665406, 0]], "cooler_pnkiag_1": [[2.26792582154274, -39.1515061378479, 0]], "backpack_gvbiwl_1": [[-4.549976315498353, 0.6261629676818847, 0]], "desk_tmluxa_9": [-6.1151862144470215, 11.910195350646973, 5.259521484375]}, "ontop": {}, "inside": {"cinnamon_roll_xjlptd_1": {"cooler_pnkiag_1": [[3.216167449951172, -38.173519134521484, -594.2489624023438], [2.9782066121697426e-05, -6.694404873996973e-05, -0.007349513005465269, 0.999972939491272]]}}}