{
    "nextto": {
        "space_heater_kxzqpr_1": [
            [
                -7.0559458065032965,
                -2.483455085754395,
                0
            ]
        ],
        "table_lamp_ehjsdz_1": [
            [
                -6.449345884323121,
                -6.426354579925538,
                0
            ]
        ],
        "backpack_gvbiwl_1": [
            [
                2.09305384516716,
                5.169740890264511,
                0
            ]
        ],
        "measuring_cup_ahtzhp_1": [
            [
                2.09305384516716,
                5.169740890264511,
                0
            ]
        ]
    },
    "ontop": {
        "measuring_cup_ahtzhp_1": {
            "table_lamp_ehjsdz_1": [
                [
                    -7.056259632110596,
                    -6.122897148132324,
                    1.400995135307312
                ],
                [
                    -0.06507088243961334,
                    -0.0774841457605362,
                    -0.7754636406898499,
                    0.6232320070266724
                ]
            ]
        }
    },
    "inside": {}
}