{
    "nextto": {
        "reception_desk_kjmhgc_1": [
            [
                -7.218794236183167,
                -2.8944795751571655,
                0
            ]
        ],
        "broccoli_wsxavx_1": [
            [
                -6.898994269371033,
                -2.6812795972824097,
                0
            ]
        ],
        "electric_cauldron_qmdgct_1": [
            [
                -4.766994490623474,
                -4.600079398155213,
                0
            ]
        ],
        "breakfast_table_dnsjnv_0": [
            -8.283681869506836,
            -1.9490247964859009,
            0.18662762641906738
        ]
    },
    "ontop": {
        "broccoli_wsxavx_1": {
            "breakfast_table_dnsjnv_0": [
                [
                    -8.795857429504395,
                    -1.4160902500152588,
                    0.7550466060638428
                ],
                [
                    0.21434712409973145,
                    -0.5376424193382263,
                    -0.3765524923801422,
                    0.7233284115791321
                ]
            ]
        }
    },
    "inside": {
        "broccoli_wsxavx_1": {
            "electric_cauldron_qmdgct_1": [
                [
                    -3.3424458503723145,
                    -2.63521146774292,
                    0.3902973234653473
                ],
                [
                    -0.708344042301178,
                    -0.6201972365379333,
                    0.02929861843585968,
                    0.3357762396335602
                ]
            ]
        }
    }
}