{
    "nextto": {
        "reception_desk_kjmhgc_1": [
            [
                -7.218794236183167,
                -2.8944795751571655,
                0
            ]
        ],
        "sugar_cookie_feirtr_1": [
            [
                -4.340594534873962,
                -3.853879475593567,
                0
            ]
        ],
        "coffee_maker_fwlabx_1": [
            [
                -4.340594534873962,
                -3.320879530906677,
                0
            ]
        ],
        "pedestal_table_oqclwq_1": [
            [
                -10.799643750190734,
                -2.8701288652420045,
                0
            ]
        ],
        "mixing_bowl_deudkt_1": [
            [
                -10.799643750190734,
                -2.3486290121078492,
                0
            ]
        ]
    },
    "ontop": {},
    "inside": {
        "sugar_cookie_feirtr_1": {
            "mixing_bowl_deudkt_1": [
                [
                    -10.544395446777344,
                    -0.7891193628311157,
                    0.48439091444015503
                ],
                [
                    0.04055504873394966,
                    0.024770721793174744,
                    0.2590392529964447,
                    0.9646970629692078
                ]
            ],
            "coffee_maker_fwlabx_1": [
                [
                    -4.410246849060059,
                    -1.753110408782959,
                    0.9415916204452515
                ],
                [
                    0.0019932123832404613,
                    -0.0026066622231155634,
                    -0.01485845260322094,
                    0.9998842477798462
                ]
            ]
        }
    }
}