{
    "nextto": {
        "reception_desk_kjmhgc_1": [
            [
                -5.619794402122498,
                -3.0010795640945434,
                0
            ]
        ],
        "garlic_bread_kjhxsq_1": [
            [
                -5.2999944353103645,
                -3.0010795640945434,
                0
            ]
        ],
        "oven_wuinhm_0": [
            -5.869393348693848,
            -1.1263235807418823,
            3.7536959648132324
        ],
        "breakfast_table_dnsjnv_0": [
            -9.63393783569336,
            1.1906393766403198,
            5.696829319000244
        ]
    },
    "ontop": {
        "garlic_bread_kjhxsq_1": {
            "breakfast_table_dnsjnv_0": [
                [
                    -9.392683029174805,
                    -0.562737762928009,
                    0.7695986032485962
                ],
                [
                    0.0010660160332918167,
                    0.015749508515000343,
                    -0.06324559450149536,
                    0.9978731870651245
                ]
            ]
        }
    },
    "inside": {
        "garlic_bread_kjhxsq_1": {
            "oven_wuinhm_0": [
                [
                    -5.877551078796387,
                    -1.8808625936508179,
                    0.43641677498817444
                ],
                [
                    0.013838849030435085,
                    0.014327449724078178,
                    -0.012686332687735558,
                    0.9997212290763855
                ]
            ]
        }
    }
}