{
    "nextto": {
        "reception_desk_kjmhgc_1": [
            [
                -5.619794402122498,
                -3.0010795640945434,
                0
            ]
        ],
        "virginia_ham_jqfkdb_1": [
            [
                -4.553794512748719,
                -2.8944795751571655,
                0
            ]
        ],
        "toaster_kjwqav_1": [
            [
                -7.751794180870056,
                -2.8944795751571655,
                0
            ]
        ],
        "breakfast_table_dnsjnv_0": [
            -8.5856351852417,
            -3.2107746601104736,
            1.8436918258666992
        ]
    },
    "ontop": {
        "virginia_ham_jqfkdb_1": {
            "breakfast_table_dnsjnv_0": [
                [
                    -8.715559959411621,
                    -0.8774040937423706,
                    0.8027723431587219
                ],
                [
                    -0.021441083401441574,
                    -0.017707064747810364,
                    -0.1600174605846405,
                    0.986722469329834
                ]
            ]
        }
    },
    "inside": {
        "virginia_ham_jqfkdb_1": {
            "toaster_kjwqav_1": [
                [
                    -8.715559959411621,
                    -0.8774040937423706,
                    0.8027723431587219
                ],
                [
                    -0.021441083401441574,
                    -0.017707064747810364,
                    -0.1600174605846405,
                    0.986722469329834
                ]
            ]
        }
    }
}