{
    "nextto": {
        "reception_desk_kjmhgc_1": [
            [
                -5.619794402122498,
                -3.0010795640945434,
                0
            ]
        ],
        "bagel_dough_iuembm_1": [
            [
                -5.193394446372986,
                -2.8944795751571655,
                0
            ]
        ],
        "cooler_pnkiag_1": [
            [
                -5.086794457435608,
                -3.0010795640945434,
                0
            ]
        ]
    },
    "ontop": {},
    "inside": {
        "bagel_dough_iuembm_1": {
            "cooler_pnkiag_1": [
                [
                    -3.21171236038208,
                    -3.349026918411255,
                    0.14240692555904388
                ],
                [
                    -0.008184530772268772,
                    -0.0022147861309349537,
                    -0.05719832330942154,
                    0.9983267784118652
                ]
            ]
        }
    }
}