{
    "nextto": {
        "shelf_vgzdul_0": [
            [
                3.768515682220459,
                14.929726362228394,
                0
            ]
        ],
        "table_lamp_ehjsdz_1": [
            [
                3.768515682220459,
                14.929726362228394,
                0
            ]
        ],
        "desk_rzyfxk_1": [
            4.419497013092041,
            19.362140655517578,
            0.13268399238586426
        ]
    },
    "ontop": {
        "table_lamp_ehjsdz_1": {
            "desk_rzyfxk_1": [
                [
                    5.342513084411621,
                    17.73431968688965,
                    1.262401819229126
                ],
                [
                    0.0001515597105026245,
                    -0.00026954853092320263,
                    -0.28126198053359985,
                    0.9596309065818787
                ]
            ]
        }
    },
    "inside": {}
}