{
    "nextto": {
        "shelf_iwziew_1": [
            [
                -6.028643757104874,
                -1.1591294705867767,
                0
            ]
        ],
        "saucepan_fsinsu_1": [
            [
                -6.028643757104874,
                -1.1591294705867767,
                0
            ]
        ],
        "cooler_pnkiag_1": [
            [
                -4.98019446849823,
                -2.787879586219787,
                0
            ]
        ],
        "reception_desk_kjmhgc_1": [
            [
                -1.647684459388256,
                2.6343469619750977,
                0
            ]
        ]
    },
    "ontop": {
        "saucepan_fsinsu_1": {
            "reception_desk_kjmhgc_1": [
                [
                    0.3750942051410675,
                    2.2592761516571045,
                    0.8393571376800537
                ],
                [
                    -0.0027145463973283768,
                    0.0006352610071189702,
                    -0.1393977701663971,
                    0.9902326464653015
                ]
            ]
        }
    },
    "inside": {
        "saucepan_fsinsu_1": {
            "cooler_pnkiag_1": [
                [
                    -3.1825129985809326,
                    -1.8681046962738037,
                    0.12148179113864899
                ],
                [
                    -0.0031259250827133656,
                    -0.0012837491231039166,
                    -0.034127987921237946,
                    0.9994117617607117
                ]
            ]
        }
    }
}