{
    "nextto": {
        "shelf_iwziew_1": [
            [
                -6.028643757104874,
                -1.1591294705867767,
                0
            ]
        ],
        "carton_hhlmbi_1": [
            [
                -6.028643757104874,
                -1.1591294705867767,
                0
            ]
        ],
        "desk_rzyfxk_1": [
            1.7015128135681152,
            -1.1570020914077759,
            1.1961511373519897
        ]
    },
    "ontop": {
        "carton_hhlmbi_1": {
            "desk_rzyfxk_1": [
                [
                    1.3818602561950684,
                    -0.27490025758743286,
                    0.8157340288162231
                ],
                [
                    0.00019843399059027433,
                    9.951414540410042e-06,
                    -0.003187582129612565,
                    0.9999949336051941
                ]
            ]
        }
    },
    "inside": {}
}