{
    "nextto": {
        "reception_desk_kjmhgc_1": [
            [
                -3.2232498836517336,
                14.791724271774292,
                0
            ]
        ],
        "zucchini_udvfaz_1": [
            [
                -2.7968499660491943,
                14.685124292373658,
                0
            ]
        ],
        "toaster_oven_ctrngh_1": [
            [
                -2.157250089645386,
                15.111524209976196,
                0
            ]
        ],
        "breakfast_table_dnsjnv_0": [
            -5.348716735839844,
            19.305082321166992,
            5.404285430908203
        ]
    },
    "ontop": {
        "zucchini_udvfaz_1": {
            "breakfast_table_dnsjnv_0": [
                [
                    -4.857605934143066,
                    15.89773941040039,
                    0.7765002250671387
                ],
                [
                    0.5891867876052856,
                    -0.41893577575683594,
                    0.3015511929988861,
                    0.6216257214546204
                ]
            ]
        }
    },
    "inside": {
        "zucchini_udvfaz_1": {
            "toaster_oven_ctrngh_1": [
                [
                    -4.857605934143066,
                    15.89773941040039,
                    0.7765002250671387
                ],
                [
                    0.5891867876052856,
                    -0.41893577575683594,
                    0.3015511929988861,
                    0.6216257214546204
                ]
            ]
        }
    }
}