{
    "nextto": {
        "coffee_table_qlmqyy_1": [
            [
                -6.631144046783448,
                3.7132722282409665,
                0
            ]
        ],
        "cherry_lkltpa_1": [
            [
                -6.214744052886963,
                3.08867223739624,
                0
            ]
        ],
        "cooler_pnkiag_1": [
            [
                -4.98019446849823,
                -3.0010795640945434,
                0
            ]
        ],
        "coffee_maker_fwlabx_1": [
            [
                -1.540591411292553,
                2.7414400100708005,
                0
            ]
        ]
    },
    "ontop": {},
    "inside": {
        "cherry_lkltpa_1": {
            "cooler_pnkiag_1": [
                [
                    -3.3868296146392822,
                    -3.2191038131713867,
                    0.10061676055192947
                ],
                [
                    -0.14353284239768982,
                    0.04762260988354683,
                    -0.0029714563861489296,
                    0.9884945154190063
                ]
            ]
        }
    }
}