{
    "nextto": {
        "shelf_iwziew_1": [
            [
                -6.028643757104874,
                -1.1591294705867767,
                0
            ]
        ],
        "shoulder_bag_nkzulg_1": [
            [
                -6.028643757104874,
                -1.1591294705867767,
                0
            ]
        ],
        "drying_rack_rygebd_1": [
            [
                -1.647684459388256,
                2.6343469619750977,
                0
            ]
        ],
        "watering_can_pewtns_1": [
            [
                -1.647684459388256,
                2.6343469619750977,
                0
            ]
        ],
        "coffee_table_qlmqyy_0": [
            -1.2361427545547485,
            -3.2790138721466064,
            4.321094512939453
        ]
    },
    "ontop": {
        "shoulder_bag_nkzulg_1": {
            "coffee_table_qlmqyy_0": [
                [
                    -1.0964910984039307,
                    -4.690908908843994,
                    0.4378030002117157
                ],
                [
                    -0.0014531840570271015,
                    -0.00022127505508251488,
                    -0.07849784195423126,
                    0.9969131946563721
                ]
            ]
        }
    },
    "inside": {}
}