{
    "nextto": {
        "reception_desk_kjmhgc_1": [
            [
                -5.619794402122498,
                -4.919879364967346,
                0
            ]
        ],
        "spice_cookie_dough_iuiioe_1": [
            [
                -4.340594534873962,
                -4.813279376029969,
                0
            ]
        ],
        "microwave_bfbeeb_0": [
            -5.754492282867432,
            -1.5591175556182861,
            1.8490952253341675
        ],
        "breakfast_table_dnsjnv_0": [
            -9.237665176391602,
            0.8446228504180908,
            1.3165233135223389
        ]
    },
    "ontop": {
        "spice_cookie_dough_iuiioe_1": {
            "breakfast_table_dnsjnv_0": [
                [
                    -9.210378646850586,
                    -1.2521483898162842,
                    0.7910576462745667
                ],
                [
                    -0.008072299882769585,
                    0.001984015107154846,
                    -0.08914502710103989,
                    0.9959839582443237
                ]
            ]
        }
    },
    "inside": {
        "spice_cookie_dough_iuiioe_1": {
            "microwave_bfbeeb_0": [
                [
                    -5.997377395629883,
                    -1.7863942384719849,
                    1.439863920211792
                ],
                [
                    -0.008306468836963177,
                    0.0018687464762479067,
                    -0.1120135709643364,
                    0.9936702251434326
                ]
            ]
        }
    }
}