{
    "nextto": {
        "countertop_jveutp_0": [
            [
                -7.112194247245789,
                -4.4934794092178345,
                0
            ]
        ],
        "green_onion_ljynzg_1": [
            [
                -7.112194247245789,
                -4.4934794092178345,
                0
            ]
        ],
        "microwave_bfbeeb_0": [
            -6.479926109313965,
            -2.3897361755371094,
            6.267562389373779
        ]
    },
    "ontop": {},
    "inside": {
        "green_onion_ljynzg_1": {
            "microwave_bfbeeb_0": [
                [
                    -5.858161926269531,
                    -1.9112119674682617,
                    1.4037421941757202
                ],
                [
                    0.09225484728813171,
                    -0.0779016837477684,
                    -0.012774718925356865,
                    0.9926011562347412
                ]
            ]
        }
    }
}