{
    "nextto": {
        "desk_cnewsu_1": [
            [
                -1.0301458474993705,
                -1.1192540919780731,
                0
            ]
        ],
        "waffle_gjwper_1": [
            [
                -0.9043458482623101,
                -0.6160540950298311,
                0
            ]
        ],
        "toaster_oven_ctrngh_1": [
            [
                -2.3746464610099793,
                6.462246608734131,
                0
            ]
        ]
    },
    "ontop": {},
    "inside": {
        "waffle_gjwper_1": {
            "toaster_oven_ctrngh_1": [
                [
                    -2.3746464610099793,
                    6.462246608734131,
                    0
                ]
            ]
        }
    }
}