{
    "nextto": {
        "pedestal_table_oqclwq_1": [
            [
                -2.524695873260498,
                4.365696907043457,
                0
            ]
        ],
        "lemon_hoghjl_1": [
            [
                -2.0302958488464355,
                3.8094968795776367,
                0
            ]
        ],
        "cooler_pnkiag_1": [
            [
                2.0930543684959413,
                7.9954453206062315,
                0
            ]
        ]
    },
    "ontop": {},
    "inside": {
        "lemon_hoghjl_1": {
            "cooler_pnkiag_1": [
                [
                    1.8823883533477783,
                    6.949471473693848,
                    0.13235889375209808
                ],
                [
                    -0.0329442173242569,
                    -0.0240437351167202,
                    -0.01977725885808468,
                    0.9989721179008484
                ]
            ]
        }
    }
}