{
    "nextto": {
        "conference_table_hdomxc_1": [
            [
                -2.341528031826019,
                -1.7873347854614252,
                0
            ]
        ],
        "brownie_vqgqja_1": [
            [
                -0.8437600302696228,
                -2.932686786651611,
                0
            ]
        ],
        "cooler_pnkiag_1": [
            [
                -4.873594479560852,
                -3.0010795640945434,
                0
            ]
        ]
    },
    "ontop": {},
    "inside": {
        "brownie_vqgqja_1": {
            "cooler_pnkiag_1": [
                [
                    -3.2408859729766846,
                    -2.0666589736938477,
                    0.11829952895641327
                ],
                [
                    0.012065591290593147,
                    0.01214426476508379,
                    -0.017946438863873482,
                    0.9996923804283142
                ]
            ]
        }
    }
}