{
    "nextto": {
        "reception_desk_kjmhgc_1": [
            [
                -3.2232498836517336,
                14.791724271774292,
                0
            ]
        ],
        "mango_phdamg_1": [
            [
                -2.583650007247925,
                14.685124292373658,
                0
            ]
        ],
        "rice_cooker_qatgeb_1": [
            [
                -3.1166499042510987,
                13.19272458076477,
                0
            ]
        ],
        "breakfast_table_dnsjnv_0": [
            -5.535231113433838,
            18.66876983642578,
            0.10818600654602051
        ]
    },
    "ontop": {
        "mango_phdamg_1": {
            "breakfast_table_dnsjnv_0": [
                [
                    -5.4053449630737305,
                    17.083049774169922,
                    0.7820447683334351
                ],
                [
                    -0.2912314534187317,
                    -0.20219026505947113,
                    -0.03320014476776123,
                    0.9344522356987
                ]
            ]
        }
    },
    "inside": {}
}