{
    "nextto": {
        "desk_rzyfxk_1": [
            [
                3.6146805047988892,
                17.39731006622314,
                0
            ]
        ],
        "textbook_nloqia_1": [
            [
                3.6146805047988892,
                17.90172595977783,
                0
            ]
        ],
        "console_table_tzkfqa_1": [
            [
                2.7112676811218264,
                15.105934362411498,
                0
            ]
        ],
        "loudspeaker_snbvop_1": [
            [
                1.6540196800231934,
                14.577310361862182,
                0
            ]
        ]
    },
    "ontop": {
        "textbook_nloqia_1": {
            "console_table_tzkfqa_1": [
                [
                    4.594161510467529,
                    15.792338371276855,
                    0.8239641189575195
                ],
                [
                    5.06232026964426e-06,
                    8.561013964936137e-05,
                    -0.026021692901849747,
                    0.999661386013031
                ]
            ]
        }
    },
    "inside": {}
}