{
    "nextto": {
        "shelf_iwziew_1": [
            [
                -4.582943972349167,
                -0.590329555273056,
                0
            ]
        ],
        "tupperware_mkstwr_1": [
            [
                -6.028643757104874,
                -1.1591294705867767,
                0
            ]
        ],
        "radiator_lnvush_1": [
            [
                -2.341528031826019,
                -3.1088947868347163,
                0
            ]
        ],
        "coffee_table_qlmqyy_0": [
            -1.0482685565948486,
            -5.0623555183410645,
            5.960052013397217
        ]
    },
    "ontop": {
        "tupperware_mkstwr_1": {
            "coffee_table_qlmqyy_0": [
                [
                    -1.0120738744735718,
                    -4.487963676452637,
                    0.4679091274738312
                ],
                [
                    0.00027354853227734566,
                    -0.00023090303875505924,
                    -0.05301530286669731,
                    0.9985936880111694
                ]
            ]
        }
    },
    "inside": {}
}