{
    "nextto": {
        "desk_rzyfxk_1": [
            [
                -0.506969428062439,
                -0.2888926112651824,
                0
            ]
        ],
        "desktop_computer_tbtham_1": [
            [
                -0.506969428062439,
                -0.2888926112651824,
                0
            ]
        ],
        "tray_uekqey_1": [
            [
                0.06260615587234494,
                3.988521325588226,
                1.5707963267948966
            ]
        ],
        "pencil_box_otcmih_1": [
            [
                0.06260615587234494,
                3.988521325588226,
                1.5707963267948966
            ]
        ],
        "breakfast_table_dnsjnv_0": [
            -8.263569831848145,
            -1.4205126762390137,
            0.08374547958374023
        ]
    },
    "ontop": {
        "pencil_box_otcmih_1": {
            "breakfast_table_dnsjnv_0": [
                [
                    -8.882722854614258,
                    -0.33308079838752747,
                    0.7768375277519226
                ],
                [
                    -0.00022071192506700754,
                    0.0002442871918901801,
                    -0.06459959596395493,
                    0.9979112148284912
                ]
            ]
        }
    },
    "inside": {}
}