{
    "nextto": {
        "shelf_iwziew_1": [
            [
                -5.128043891191482,
                -0.5666295588016509,
                0
            ]
        ],
        "wicker_basket_unasxd_1": [
            [
                -5.128043891191482,
                -0.5666295588016509,
                0
            ]
        ],
        "breakfast_table_dnsjnv_0": [
            -8.564805030822754,
            -1.583560585975647,
            0.981316328048706
        ],
        "microwave_bfbeeb_0": [
            -6.386014938354492,
            -1.8049310445785522,
            0.638796329498291
        ]
    },
    "ontop": {
        "wicker_basket_unasxd_1": {
            "breakfast_table_dnsjnv_0": [
                [
                    -9.108159065246582,
                    -1.363594651222229,
                    0.8318702578544617
                ],
                [
                    0.005981331691145897,
                    -0.0015223706141114235,
                    -0.27469491958618164,
                    0.9615115523338318
                ]
            ]
        }
    },
    "inside": {}
}