{
    "nextto": {
        "breakfast_table_dnsjnv_0": [
            [
                -6.729599523544311,
                15.486571931838988,
                0
            ]
        ],
        "biscuit_hlyeaq_1": [
            [
                -6.729599523544311,
                15.486571931838988,
                0
            ]
        ],
        "microwave_bfbeeb_0": [
            -1.7828471660614014,
            16.765531539916992,
            3.9944357872009277
        ]
    },
    "ontop": {},
    "inside": {
        "biscuit_hlyeaq_1": {
            "microwave_bfbeeb_0": [
                [
                    -2.0071728229522705,
                    15.928037643432617,
                    1.395151972770691
                ],
                [
                    2.9811486456310377e-05,
                    6.765927537344396e-05,
                    -0.0135289765894413,
                    0.9999083876609802
                ]
            ]
        }
    }
}