{
    "nextto": {
        "carton_hhlmbi_1": [
            [
                -5.431096181869507,
                -1.773703646659851,
                0
            ]
        ],
        "tank_bsdexp_1": [
            -1.2991065979003906,
            3.186724901199341,
            4.1220221519470215
        ]
    },
    "ontop": {},
    "inside": {
        "carton_hhlmbi_1": {
            "tank_bsdexp_1": [
                [
                    -1.903839111328125,
                    3.3783326148986816,
                    0.15750782191753387
                ],
                [
                    0.42262378334999084,
                    0.7786655426025391,
                    0.3542505204677582,
                    0.29929205775260925
                ]
            ]
        }
    }
}