{
    "nextto": {
        "reception_desk_kjmhgc_1": [
            [
                -1.8374501514434816,
                14.685124292373658,
                0
            ]
        ],
        "chicken_leg_nhfiuh_1": [
            [
                -1.091250295639038,
                15.004924230575561,
                0
            ]
        ],
        "stove_kfhkqp_1": [
            [
                -3.1166499042510987,
                13.19272458076477,
                0
            ]
        ],
        "breakfast_table_dnsjnv_0": [
            -5.153891086578369,
            19.139585494995117,
            4.934565544128418
        ]
    },
    "ontop": {
        "chicken_leg_nhfiuh_1": {
            "breakfast_table_dnsjnv_0": [
                [
                    -5.274138450622559,
                    16.282365798950195,
                    0.7578704357147217
                ],
                [
                    -0.01674354448914528,
                    0.013102377764880657,
                    -0.020078860223293304,
                    0.9995723962783813
                ]
            ],
            "stove_kfhkqp_1": [
                [
                    -5.274138450622559,
                    16.282365798950195,
                    0.7578704357147217
                ],
                [
                    -0.01674354448914528,
                    0.013102377764880657,
                    -0.020078860223293304,
                    0.9995723962783813
                ]
            ]
        }
    },
    "inside": {}
}