{
    "nextto": {
        "reception_desk_kjmhgc_1": [
            [
                -6.259394335746765,
                -6.412279210090637,
                0
            ]
        ],
        "lasagna_eovigz_1": [
            [
                -5.939594368934632,
                -5.026479353904724,
                0
            ]
        ],
        "oven_wuinhm_0": [
            -6.665673732757568,
            -1.5777260065078735,
            3.8815853595733643
        ]
    },
    "ontop": {},
    "inside": {
        "lasagna_eovigz_1": {
            "oven_wuinhm_0": [
                [
                    -5.749191761016846,
                    -1.8526349067687988,
                    0.4244539737701416
                ],
                [
                    0.0038142791017889977,
                    -0.001057998277246952,
                    -0.004594787955284119,
                    0.9999815821647644
                ]
            ]
        }
    }
}