{
    "nextto": {
        "printer_kqzshp_1": [
            [
                -1.8941133451461791,
                0.15247136235237121,
                0
            ]
        ],
        "shelf_iwziew_1": [
            [
                -6.028643757104874,
                -1.1591294705867767,
                0
            ]
        ],
        "letter_igvnic_1": [
            [
                -6.028643757104874,
                -1.1591294705867767,
                0
            ]
        ],
        "desk_rzyfxk_1": [
            1.3911025524139404,
            1.6453580856323242,
            0.44036269187927246
        ]
    },
    "ontop": {
        "letter_igvnic_1": {
            "desk_rzyfxk_1": [
                [
                    1.2717528343200684,
                    0.20482397079467773,
                    0.7814363837242126
                ],
                [
                    3.995638053311268e-06,
                    -9.163759955299611e-07,
                    -0.20607776939868927,
                    0.9785355925559998
                ]
            ]
        }
    },
    "inside": {}
}