{
    "nextto": {
        "desk_rzyfxk_1": [
            [
                -0.6961254167556763,
                0.3416273510456085,
                0
            ]
        ],
        "printer_kqzshp_1": [
            [
                -0.506969428062439,
                -0.604152592420578,
                0
            ]
        ],
        "cabinet_base_dcmhhh_1": [
            [
                -1.165765742957592,
                3.330451774597168,
                0
            ]
        ],
        "vacuum_bdmsbr_1": [
            [
                -1.165765742957592,
                2.4737073898315427,
                0
            ]
        ]
    },
    "ontop": {
        "printer_kqzshp_1": {
            "cabinet_base_dcmhhh_1": [
                [
                    0.5665591955184937,
                    3.928942918777466,
                    1.0610426664352417
                ],
                [
                    -0.0026061609387397766,
                    -0.0002518882101867348,
                    -0.7071796655654907,
                    0.7070290446281433
                ]
            ]
        }
    },
    "inside": {}
}