{
    "nextto": {
        "desk_rzyfxk_1": [
            [
                3.7407844781875608,
                18.0278299331665,
                0
            ]
        ],
        "folder_wauyns_1": [
            [
                3.7407844781875608,
                18.0278299331665,
                0
            ]
        ],
        "space_heater_kxzqpr_1": [
            [
                3.1733165979385376,
                17.082050132751462,
                0
            ]
        ],
        "shelf_iwziew_1": [
            [
                0.2018603515625,
                17.826759490966797,
                0
            ]
        ]
    },
    "ontop": {
        "folder_wauyns_1": {
            "shelf_iwziew_1": [
                [
                    0.7632383704185486,
                    17.217485427856445,
                    0.5097793340682983
                ],
                [
                    -4.110026202397421e-05,
                    -0.000508069817442447,
                    -0.08047640323638916,
                    0.996756374835968
                ]
            ]
        }
    },
    "inside": {}
}