{
    "nextto": {
        "breakfast_table_dnsjnv_0": [
            [
                -10.352643876075744,
                -2.050629096031189,
                0
            ]
        ],
        "tea_bag_kmvcrb_1": [
            [
                -10.352643876075744,
                -2.050629096031189,
                0
            ]
        ],
        "shelf_iwziew_1": [
            [
                -2.345342894792557,
                0.08827631950378417,
                0
            ]
        ],
        "cooler_pnkiag_1": [
            -1.0539199113845825,
            -0.9373059868812561,
            4.38120698928833
        ]
    },
    "ontop": {
        "tea_bag_kmvcrb_1": {
            "shelf_iwziew_1": [
                [
                    -2.2647807598114014,
                    -0.9751744270324707,
                    0.5064047574996948
                ],
                [
                    -0.0029113716445863247,
                    0.7611423134803772,
                    0.017266517505049706,
                    0.6483484506607056
                ]
            ]
        }
    },
    "inside": {
        "tea_bag_kmvcrb_1": {
            "cooler_pnkiag_1": [
                [
                    -1.5123159885406494,
                    -0.5520462393760681,
                    0.37418943643569946
                ],
                [
                    0.047329701483249664,
                    -0.06004627048969269,
                    0.9290872812271118,
                    0.3618716299533844
                ]
            ]
        }
    }
}