{
    "nextto": {
        "reception_desk_kjmhgc_1": [
            [
                -3.2232498836517336,
                14.791724271774292,
                0
            ]
        ],
        "pitcher_mbrlge_1": [
            [
                -2.47705002784729,
                15.004924230575561,
                0
            ]
        ],
        "coffee_maker_fwlabx_1": [
            [
                -3.1166499042510987,
                13.19272458076477,
                0
            ]
        ],
        "breakfast_table_dnsjnv_0": [
            -6.101830959320068,
            16.232820510864258,
            4.453425884246826
        ]
    },
    "ontop": {
        "pitcher_mbrlge_1": {
            "breakfast_table_dnsjnv_0": [
                [
                    -5.2303876876831055,
                    16.357248306274414,
                    0.87000572681427
                ],
                [
                    1.2153759598731995e-06,
                    1.491600414738059e-06,
                    -0.020908169448375702,
                    0.9997813701629639
                ]
            ]
        }
    },
    "inside": {}
}