{
    "nextto": {
        "reception_desk_kjmhgc_1": [
            [
                -4.98019446849823,
                -3.0010795640945434,
                0
            ]
        ],
        "bacon_ioogif_1": [
            [
                -4.553794512748719,
                -3.0010795640945434,
                0
            ]
        ],
        "stove_kfhkqp_1": [
            [
                -7.751794180870056,
                -2.3614796304702756,
                0
            ]
        ],
        "pedestal_table_oqclwq_1": [
            [
                -10.799643750190734,
                -2.8701288652420045,
                0
            ]
        ],
        "plate_qtfzeq_1": [
            [
                -10.501643834114075,
                -2.7956288862228393,
                0
            ]
        ]
    },
    "ontop": {
        "bacon_ioogif_1": {
            "plate_qtfzeq_1": [
                [
                    -8.944355964660645,
                    -2.462963104248047,
                    0.4880160987377167
                ],
                [
                    0.01675678789615631,
                    -0.04116085544228554,
                    0.004338786005973816,
                    0.9990025162696838
                ]
            ],
            "stove_kfhkqp_1": [
                [
                    -8.944355964660645,
                    -2.462963104248047,
                    0.4880160987377167
                ],
                [
                    0.01675678789615631,
                    -0.04116085544228554,
                    0.004338786005973816,
                    0.9990025162696838
                ]
            ]
        }
    },
    "inside": {}
}