{
    "nextto": {
        "reception_desk_kjmhgc_1": [
            [
                -6.259394335746765,
                -6.412279210090637,
                0
            ]
        ],
        "soft_roll_jelruc_1": [
            [
                -6.04619435787201,
                -6.412279210090637,
                0
            ]
        ],
        "microwave_bfbeeb_0": [
            -6.3072333335876465,
            -0.8296147584915161,
            4.8894758224487305
        ],
        "breakfast_table_dnsjnv_0": [
            -8.346410751342773,
            -0.9205601215362549,
            5.230132102966309
        ]
    },
    "ontop": {
        "soft_roll_jelruc_1": {
            "breakfast_table_dnsjnv_0": [
                [
                    -8.891931533813477,
                    -0.859298825263977,
                    0.7721946835517883
                ],
                [
                    0.01195436343550682,
                    0.02014109306037426,
                    -0.024983594194054604,
                    0.9994134306907654
                ]
            ]
        }
    },
    "inside": {
        "soft_roll_jelruc_1": {
            "microwave_bfbeeb_0": [
                [
                    -6.200103759765625,
                    -1.6824305057525635,
                    1.4210799932479858
                ],
                [
                    0.00991547480225563,
                    0.019092878326773643,
                    -0.0035528303124010563,
                    0.999762237071991
                ]
            ]
        }
    }
}