{
    "nextto": {
        "shelf_iwziew_1": [
            [
                -2.0933189022541048,
                -1.1508416438102722,
                0
            ]
        ],
        "marshmallow_qtgehn_1": [
            [
                -2.345342894792557,
                -1.1508416438102722,
                0
            ]
        ],
        "cooler_pnkiag_1": [
            [
                -4.98019446849823,
                -2.8944795751571655,
                0
            ]
        ]
    },
    "ontop": {},
    "inside": {
        "marshmallow_qtgehn_1": {
            "cooler_pnkiag_1": [
                [
                    -3.1036970615386963,
                    -2.3049800395965576,
                    0.12949705123901367
                ],
                [
                    -0.009852150455117226,
                    -0.018120519816875458,
                    -0.010819271206855774,
                    0.9997286796569824
                ]
            ]
        }
    }
}