{
    "nextto": {
        "reception_desk_kjmhgc_1": [
            [
                -7.112194247245789,
                -4.4934794092178345,
                0
            ]
        ],
        "chicken_leg_nhfiuh_1": [
            [
                -7.112194247245789,
                -4.4934794092178345,
                0
            ]
        ],
        "oven_wuinhm_0": [
            -6.5908098220825195,
            -1.0076024532318115,
            6.0177226066589355
        ],
        "breakfast_table_dnsjnv_0": [
            -10.40220832824707,
            -1.8656394481658936,
            1.1345109939575195
        ]
    },
    "ontop": {
        "chicken_leg_nhfiuh_1": {
            "breakfast_table_dnsjnv_0": [
                [
                    -8.786526679992676,
                    -0.9274753928184509,
                    0.7578728795051575
                ],
                [
                    -0.01674116589128971,
                    0.013106309808790684,
                    -0.02030162140727043,
                    0.9995677471160889
                ]
            ]
        }
    },
    "inside": {
        "chicken_leg_nhfiuh_1": {
            "oven_wuinhm_0": [
                [
                    -5.866091251373291,
                    -1.8749569654464722,
                    0.4248853623867035
                ],
                [
                    -0.003396926447749138,
                    0.012126396410167217,
                    -0.011779844760894775,
                    0.9998512864112854
                ]
            ]
        }
    }
}