{
    "nextto": {
        "shelf_iwziew_1": [
            [
                2.0930543684959413,
                6.417646124362945,
                0
            ]
        ],
        "water_bottle_ackxiy_1": [
            [
                2.0930543684959413,
                6.417646124362945,
                0
            ]
        ],
        "pedestal_table_oqclwq_1": [
            [
                -2.3746464610099793,
                6.462246608734131,
                0
            ]
        ],
        "cooler_pnkiag_1": [
            -4.296473979949951,
            -1.7933402061462402,
            4.49345064163208
        ]
    },
    "ontop": {
        "water_bottle_ackxiy_1": {
            "pedestal_table_oqclwq_1": [
                [
                    -1.2206696271896362,
                    7.165401935577393,
                    0.5860542058944702
                ],
                [
                    0.004872438497841358,
                    0.004486699588596821,
                    -0.006234871689230204,
                    0.9999586343765259
                ]
            ]
        }
    },
    "inside": {
        "water_bottle_ackxiy_1": {
            "cooler_pnkiag_1": [
                [
                    -5.516185760498047,
                    -1.7980178594589233,
                    0.2093392163515091
                ],
                [
                    0.007416063454002142,
                    0.003769362810999155,
                    -0.00340228620916605,
                    0.9999595880508423
                ]
            ]
        }
    }
}