{
    "nextto": {
        "shelf_iwziew_1": [
            [
                4.058151960372925,
                21.69813009262085,
                0
            ]
        ],
        "liquid_carton_ykfkyq_1": [
            [
                4.058151960372925,
                21.69813009262085,
                0
            ]
        ],
        "clothes_dryer_zlmnfg_0": [
            4.335633277893066,
            19.873422622680664,
            4.485045433044434
        ]
    },
    "ontop": {},
    "inside": {
        "liquid_carton_ykfkyq_1": {
            "clothes_dryer_zlmnfg_0": [
                [
                    5.299014091491699,
                    19.79292106628418,
                    0.19017121195793152
                ],
                [
                    0.004923183470964432,
                    -0.009351082146167755,
                    -0.11213013529777527,
                    0.9936373829841614
                ]
            ]
        }
    }
}