{
    "nextto": {
        "reception_desk_kjmhgc_1": [
            [
                -5.726394391059876,
                -5.026479353904724,
                0
            ]
        ],
        "mango_phdamg_1": [
            [
                -4.660394501686096,
                -4.813279376029969,
                0
            ]
        ],
        "shelf_iwziew_1": [
            [
                -6.028643757104874,
                -1.1591294705867767,
                0
            ]
        ],
        "tupperware_mkstwr_1": [
            [
                -6.028643757104874,
                -1.1591294705867767,
                0
            ]
        ],
        "cooler_pnkiag_1": [
            [
                -4.867343930006027,
                -0.5666295588016509,
                0
            ]
        ],
        "oven_wuinhm_0": [
            -6.0824689865112305,
            -2.527439594268799,
            0.42374086380004883
        ]
    },
    "ontop": {},
    "inside": {
        "tupperware_mkstwr_1": {
            "cooler_pnkiag_1": [
                [
                    -5.563349723815918,
                    -0.7140975594520569,
                    0.16113457083702087
                ],
                [
                    -4.300987347960472e-05,
                    -0.003177889622747898,
                    -0.02908233180642128,
                    0.9995719194412231
                ]
            ]
        },
        "mango_phdamg_1": {
            "oven_wuinhm_0": [
                [
                    -6.179623603820801,
                    -1.6645630598068237,
                    0.4495350420475006
                ],
                [
                    -0.2918543517589569,
                    -0.21921217441558838,
                    -0.029889602214097977,
                    0.9305232763290405
                ]
            ]
        }
    }
}