{
    "nextto": {
        "reception_desk_kjmhgc_1": [
            [
                -6.259394335746765,
                -6.412279210090637,
                0
            ]
        ],
        "chicken_wing_maxyok_1": [
            [
                -6.259394335746765,
                -6.412279210090637,
                0
            ]
        ],
        "microwave_bfbeeb_0": [
            -5.557458877563477,
            -2.4650909900665283,
            2.5395030975341797
        ]
    },
    "ontop": {},
    "inside": {
        "chicken_wing_maxyok_1": {
            "microwave_bfbeeb_0": [
                [
                    -6.2253618240356445,
                    -1.654655933380127,
                    1.4149341583251953
                ],
                [
                    0.0030566900968551636,
                    0.022719886153936386,
                    -0.00402702484279871,
                    0.9997290968894958
                ]
            ]
        }
    }
}