{
    "nextto": {
        "reception_desk_kjmhgc_1": [
            [
                -1.8374501514434816,
                14.685124292373658,
                0
            ]
        ],
        "bacon_ioogif_1": [
            [
                -0.34505043983459494,
                14.258724374771118,
                0
            ]
        ],
        "shelf_owvfik_2": [
            [
                -3.3298498630523685,
                15.21812418937683,
                0
            ]
        ],
        "mixing_bowl_deudkt_1": [
            [
                -3.3298498630523685,
                15.21812418937683,
                0
            ]
        ],
        "stove_kfhkqp_1": [
            [
                -1.197850275039673,
                12.872924642562866,
                0
            ]
        ]
    },
    "ontop": {
        "bacon_ioogif_1": {
            "stove_kfhkqp_1": [
                [
                    -2.012145757675171,
                    15.62145709991455,
                    2.128570318222046
                ],
                [
                    0.3757467567920685,
                    0.5629648566246033,
                    -0.46855515241622925,
                    0.567750871181488
                ]
            ]
        }
    },
    "inside": {
        "bacon_ioogif_1": {
            "mixing_bowl_deudkt_1": [
                [
                    -2.012145757675171,
                    15.62145709991455,
                    2.128570318222046
                ],
                [
                    0.3757467567920685,
                    0.5629648566246033,
                    -0.46855515241622925,
                    0.567750871181488
                ]
            ]
        }
    }
}