{
    "nextto": {
        "desk_rzyfxk_1": [
            [
                -0.38086543560028074,
                0.15247136235237121,
                0
            ]
        ],
        "table_lamp_ehjsdz_1": [
            [
                -0.38086543560028074,
                0.15247136235237121,
                0
            ]
        ],
        "shelf_iwziew_1": [
            [
                -5.128043891191482,
                -0.5666295588016509,
                0
            ]
        ],
        "toolbox_rrmzvc_1": [
            [
                -5.128043891191482,
                -0.5666295588016509,
                0
            ]
        ],
        "console_table_tzkfqa_1": [
            [
                -2.341528031826019,
                -3.1088947868347163,
                0
            ]
        ]
    },
    "ontop": {
        "toolbox_rrmzvc_1": {
            "console_table_tzkfqa_1": [
                [
                    -1.2081727981567383,
                    -3.6445562839508057,
                    0.8737627267837524
                ],
                [
                    6.328773451969028e-07,
                    1.2856580724474043e-06,
                    -0.07914834469556808,
                    0.9968628287315369
                ]
            ]
        }
    },
    "inside": {}
}