{
    "nextto": {
        "reception_desk_kjmhgc_1": [
            [
                -0.9846503162384036,
                14.685124292373658,
                0
            ]
        ],
        "casserole_ncbsee_1": [
            [
                -0.6648503780364993,
                14.791724271774292,
                0
            ]
        ],
        "breakfast_table_dnsjnv_0": [
            -6.134507656097412,
            16.540637969970703,
            1.561146855354309
        ]
    },
    "ontop": {
        "casserole_ncbsee_1": {
            "breakfast_table_dnsjnv_0": [
                [
                    -5.314303874969482,
                    16.5466251373291,
                    0.794579029083252
                ],
                [
                    0.0007060962379910052,
                    -0.00010272281360812485,
                    -0.13088446855545044,
                    0.9913973808288574
                ]
            ]
        }
    },
    "inside": {}
}