{
    "nextto": {
        "desk_rzyfxk_1": [
            [
                -0.0025534582138060646,
                -0.03668462634086625,
                0
            ]
        ],
        "legal_document_uchhwn_1": [
            [
                -0.0025534582138060646,
                -0.03668462634086625,
                0
            ]
        ],
        "printer_kqzshp_1": [
            [
                -1.8941133451461791,
                0.15247136235237121,
                0
            ]
        ],
        "shelf_iwziew_1": [
            [
                -7.568044033050538,
                2.672272243499756,
                0
            ]
        ]
    },
    "ontop": {
        "legal_document_uchhwn_1": {
            "shelf_iwziew_1": [
                [
                    -6.009713649749756,
                    3.8921234607696533,
                    0.6023447513580322
                ],
                [
                    0.0002630127128213644,
                    -0.00013196133659221232,
                    -0.06618029624223709,
                    0.9978076815605164
                ]
            ]
        }
    },
    "inside": {}
}