{
    "nextto": {
        "reception_desk_kjmhgc_1": [
            [
                -3.4602508902549745,
                -3.0505539202690124,
                0
            ]
        ],
        "tray_uekqey_1": [
            [
                -3.4602508902549745,
                -1.924753816127777,
                0
            ]
        ],
        "muffin_upcxno_1": [
            [
                -3.4602508902549745,
                -1.7515538001060482,
                0
            ]
        ],
        "microwave_abzvij_1": [
            [
                -3.4602508902549745,
                -5.345454132556915,
                0
            ]
        ]
    },
    "ontop": {
        "muffin_upcxno_1": {
            "tray_uekqey_1": [
                [
                    -2.2598679065704346,
                    -0.5555228590965271,
                    0.042234886437654495
                ],
                [
                    -5.7049604947678745e-05,
                    -0.00019349390640854836,
                    -0.004364456050097942,
                    0.9999905228614807
                ]
            ]
        }
    },
    "inside": {
        "muffin_upcxno_1": {
            "microwave_abzvij_1": [
                [
                    -2.6981968879699707,
                    -5.309335231781006,
                    0.09573213756084442
                ],
                [
                    -0.0020861292723566294,
                    0.0021194713190197945,
                    -0.0027666979003697634,
                    0.999991774559021
                ]
            ]
        }
    }
}