{
    "nextto": {
        "countertop_tpuwys_4": [
            [
                -1.7447912180423735,
                0.5033081912994385,
                0
            ]
        ],
        "tortilla_vpokzi_1": [
            [
                -1.7447912180423735,
                0.5033081912994385,
                0
            ]
        ],
        "stove_kfhkqp_1": [
            [
                -1.511591259241104,
                -0.021391716003417924,
                0
            ]
        ],
        "breakfast_table_idnnmz_0": [
            -0.14668413996696472,
            -2.977898359298706,
            6.05959415435791
        ]
    },
    "ontop": {
        "tortilla_vpokzi_1": {
            "breakfast_table_idnnmz_0": [
                [
                    0.2933485507965088,
                    -2.2132067680358887,
                    0.7560907006263733
                ],
                [
                    -6.101261078583775e-07,
                    -8.503332537657116e-06,
                    -0.1352512687444687,
                    0.9908113479614258
                ]
            ],
            "stove_kfhkqp_1": [
                [
                    0.2933485507965088,
                    -2.2132067680358887,
                    0.7560907006263733
                ],
                [
                    -6.101261078583775e-07,
                    -8.503332537657116e-06,
                    -0.1352512687444687,
                    0.9908113479614258
                ]
            ]
        }
    },
    "inside": {}
}