{
    "nextto": {
        "reception_desk_kjmhgc_1": [
            [
                -1.6864912283420561,
                -0.6043916130065918,
                0
            ]
        ],
        "bok_choy_jpkewd_1": [
            [
                -1.6864912283420561,
                -0.3711916542053223,
                0
            ]
        ],
        "burner_lfyqat_1": [
            [
                0.004208472967148005,
                0.09520826339721679,
                0
            ]
        ],
        "breakfast_table_idnnmz_0": [
            -0.3859294652938843,
            -1.613579511642456,
            6.206231117248535
        ]
    },
    "ontop": {
        "bok_choy_jpkewd_1": {
            "breakfast_table_idnnmz_0": [
                [
                    0.3445765972137451,
                    -2.3110997676849365,
                    0.8281317353248596
                ],
                [
                    -0.16476306319236755,
                    -0.3154163062572479,
                    -0.03209937363862991,
                    0.9339889883995056
                ]
            ],
            "burner_lfyqat_1": [
                [
                    0.3445765972137451,
                    -2.3110997676849365,
                    0.8281317353248596
                ],
                [
                    -0.16476306319236755,
                    -0.3154163062572479,
                    -0.03209937363862991,
                    0.9339889883995056
                ]
            ]
        }
    },
    "inside": {}
}