{
    "nextto": {
        "coffee_table_qlmqyy_1": [
            [
                0.4219088864326478,
                -4.949291443824769,
                0
            ]
        ],
        "water_bottle_ackxiy_1": [
            [
                0.4219088864326478,
                -4.949291443824769,
                0
            ]
        ],
        "table_lamp_ehjsdz_1": [
            [
                -1.843391206264496,
                -2.0127913236618045,
                0
            ]
        ],
        "desk_cnewsu_1": [
            [
                -0.582158923149109,
                -1.6749672889709473,
                0
            ]
        ],
        "sofa_uixwiv_0": [
            -0.3576027750968933,
            -3.0539422035217285,
            0.9917826652526855
        ]
    },
    "ontop": {
        "water_bottle_ackxiy_1": {
            "desk_cnewsu_1": [
                [
                    1.2099883556365967,
                    -1.9899277687072754,
                    0.8346670866012573
                ],
                [
                    0.00514587527140975,
                    0.0038678671699017286,
                    -0.020400485023856163,
                    0.9997711181640625
                ]
            ]
        }
    },
    "inside": {}
}