{
    "nextto": {
        "carton_hhlmbi_1": [
            [
                0.9499484705924987,
                -0.03683746099472053,
                0
            ]
        ],
        "toothbrush_nbgpwg_1": [
            [
                3.132647967338562,
                -0.607337337732315,
                0
            ]
        ]
    },
    "ontop": {},
    "inside": {
        "toothbrush_nbgpwg_1": {
            "carton_hhlmbi_1": [
                [
                    2.574510335922241,
                    0.22090083360671997,
                    0.01112378016114235
                ],
                [
                    -0.0012837810209020972,
                    -0.000540086708497256,
                    -0.004581318702548742,
                    0.9999886155128479
                ]
            ]
        }
    }
}