{
    "nextto": {
        "reception_desk_kjmhgc_1": [
            [
                -1.7447912180423735,
                0.5033081912994385,
                0
            ]
        ],
        "bacon_ioogif_1": [
            [
                -1.7447912180423735,
                0.5033081912994385,
                0
            ]
        ],
        "plate_qtfzeq_1": [
            [
                -0.6324349164962769,
                -3.233523082733154,
                0
            ]
        ],
        "oven_wuinhm_0": [
            -0.9712076187133789,
            0.8457456231117249,
            2.0019497871398926
        ]
    },
    "ontop": {
        "bacon_ioogif_1": {
            "plate_qtfzeq_1": [
                [
                    -0.18863356113433838,
                    -2.447112560272217,
                    0.7648140788078308
                ],
                [
                    -0.020421050488948822,
                    -0.04593862593173981,
                    -0.04393055662512779,
                    0.9977688193321228
                ]
            ]
        }
    },
    "inside": {
        "bacon_ioogif_1": {
            "oven_wuinhm_0": [
                [
                    -0.22909891605377197,
                    1.3770427703857422,
                    0.5467819571495056
                ],
                [
                    -0.014206716790795326,
                    -0.05574948713183403,
                    -0.02331634610891342,
                    0.9980713725090027
                ]
            ]
        }
    }
}