{
    "nextto": {
        "shelf_iwziew_1": [
            [
                -0.45075156450271603,
                0.7548625588417054,
                0
            ]
        ],
        "plum_rhaemq_1": [
            [
                -0.3289515614509583,
                0.4503625512123107,
                0
            ]
        ],
        "coffee_maker_fwlabx_1": [
            [
                -0.45075156450271603,
                0.3285625481605531,
                0
            ]
        ]
    },
    "ontop": {
        "plum_rhaemq_1": {
            "coffee_maker_fwlabx_1": [
                [
                    1.1261988878250122,
                    1.1118046045303345,
                    0.45606186985969543
                ],
                [
                    -0.06299594044685364,
                    0.1292828768491745,
                    -0.0007341120508499444,
                    0.9896044731140137
                ]
            ]
        }
    },
    "inside": {
        "plum_rhaemq_1": {
            "coffee_maker_fwlabx_1": [
                [
                    1.0967367887496948,
                    1.0332995653152466,
                    0.2926831543445587
                ],
                [
                    -0.03857938572764397,
                    0.1359097957611084,
                    0.005022035446017981,
                    0.9899570941925049
                ]
            ]
        }
    }
}