{
    "nextto": {
        "chocolate_biscuit_xhmpht_1": [
            [
                -3.4602508902549745,
                -3.5268539643287657,
                0
            ]
        ],
        "cooler_pnkiag_1": [
            [
                -1.3240013772249222,
                -1.5842045450210571,
                0
            ]
        ],
        "room_light_htznln_1": [
            -0.45338237285614014,
            0.7670398354530334,
            3.5301218032836914
        ]
    },
    "ontop": {},
    "inside": {
        "chocolate_biscuit_xhmpht_1": {
            "cooler_pnkiag_1": [
                [
                    0.6886422634124756,
                    -1.5789103507995605,
                    0.14153409004211426
                ],
                [
                    -0.8583512902259827,
                    -0.4989575445652008,
                    -0.10738859325647354,
                    0.05236533284187317
                ]
            ]
        }
    }
}