{
    "nextto": {
        "coffee_table_qlmqyy_1": [
            [
                -0.45075156450271603,
                0.7548625588417054,
                0
            ]
        ],
        "textbook_nloqia_1": [
            [
                -0.45075156450271603,
                -0.5849374747276306,
                0
            ]
        ],
        "table_lamp_ehjsdz_1": [
            [
                0.34094845533370977,
                0.7548625588417054,
                0
            ]
        ],
        "shelf_iwziew_1": [
            [
                0.8890484690666199,
                0.5721625542640686,
                1.5707963267948966
            ]
        ]
    },
    "ontop": {
        "textbook_nloqia_1": {
            "shelf_iwziew_1": [
                [
                    2.488118886947632,
                    0.013669060543179512,
                    0.5276928544044495
                ],
                [
                    -6.828643381595612e-05,
                    4.938495112583041e-05,
                    0.8171327710151672,
                    0.5764496326446533
                ]
            ]
        }
    },
    "inside": {}
}