{
    "nextto": {
        "shelf_iwziew_1": [
            [
                -2.458740909099579,
                -0.2783417296409607,
                0
            ]
        ],
        "fruitcake_kxckts_1": [
            [
                -2.458740909099579,
                -0.2783417296409607,
                0
            ]
        ],
        "coffee_table_qlmqyy_1": [
            [
                0.4219088864326478,
                -4.949291443824769,
                0
            ]
        ],
        "cooler_pnkiag_1": [
            -0.12569884955883026,
            1.743279218673706,
            5.371979713439941
        ]
    },
    "ontop": {
        "fruitcake_kxckts_1": {
            "coffee_table_qlmqyy_1": [
                [
                    0.8801094889640808,
                    -6.050394535064697,
                    0.4492725133895874
                ],
                [
                    -0.0034842579625546932,
                    0.0017559670377522707,
                    -0.02491115592420101,
                    0.9996820688247681
                ]
            ]
        }
    },
    "inside": {
        "fruitcake_kxckts_1": {
            "cooler_pnkiag_1": [
                [
                    0.09536474943161011,
                    0.6055501699447632,
                    0.14362192153930664
                ],
                [
                    -0.00257985875941813,
                    -0.0018037117552012205,
                    -0.08426115661859512,
                    0.99643874168396
                ]
            ]
        }
    }
}