{
    "nextto": {
        "reception_desk_kjmhgc_1": [
            [
                -1.6864912283420561,
                -0.6043916130065918,
                0
            ]
        ],
        "butternut_squash_swehmg_1": [
            [
                -1.6864912283420561,
                -0.6043916130065918,
                0
            ]
        ],
        "oven_wuinhm_0": [
            -0.5836749076843262,
            2.074403762817383,
            0.26578283309936523
        ],
        "breakfast_table_idnnmz_0": [
            -0.598893940448761,
            -1.179146647453308,
            5.1778130531311035
        ]
    },
    "ontop": {
        "butternut_squash_swehmg_1": {
            "breakfast_table_idnnmz_0": [
                [
                    0.352855920791626,
                    -2.2459514141082764,
                    0.8955651521682739
                ],
                [
                    0.052269745618104935,
                    -0.000716104987077415,
                    -0.06386801600456238,
                    0.9965883493423462
                ]
            ]
        }
    },
    "inside": {
        "butternut_squash_swehmg_1": {
            "oven_wuinhm_0": [
                [
                    0.352855920791626,
                    -2.2459514141082764,
                    0.8955651521682739
                ],
                [
                    0.052269745618104935,
                    -0.000716104987077415,
                    -0.06386801600456238,
                    0.9965883493423462
                ]
            ]
        }
    }
}