{
    "nextto": {
        "reception_desk_kjmhgc_1": [
            [
                -0.6953914034366607,
                0.8531081295013428,
                0
            ]
        ],
        "pizza_dough_jguwbv_1": [
            [
                -0.8119913828372954,
                0.03690827369689943,
                0
            ]
        ],
        "stove_kfhkqp_1": [
            [
                0.17910844206809984,
                0.6782081604003906,
                0
            ]
        ],
        "plate_qtfzeq_1": [
            [
                -0.6324349164962769,
                -3.233523082733154,
                0
            ]
        ]
    },
    "ontop": {
        "pizza_dough_jguwbv_1": {
            "plate_qtfzeq_1": [
                [
                    -0.23951685428619385,
                    -2.433518648147583,
                    0.8163719773292542
                ],
                [
                    -0.012693784199655056,
                    0.003983769565820694,
                    -0.7937386631965637,
                    0.6081134676933289
                ]
            ],
            "stove_kfhkqp_1": [
                [
                    -0.23951685428619385,
                    -2.433518648147583,
                    0.8163719773292542
                ],
                [
                    -0.012693784199655056,
                    0.003983769565820694,
                    -0.7937386631965637,
                    0.6081134676933289
                ]
            ]
        }
    },
    "inside": {}
}