{
    "nextto": {
        "wine_bottle_vjdkci_1": [
            [
                -2.2132509541511536,
                -8.09845401763916,
                0
            ]
        ],
        "desk_cnewsu_1": [
            [
                -1.5612509846687317,
                -6.1424541091918945,
                0
            ]
        ],
        "cooler_pnkiag_1": [
            [
                -3.4602508902549745,
                -5.128954112529755,
                0
            ]
        ],
        "tray_uekqey_1": [
            [
                -3.4775507926940916,
                -8.157754230499268,
                0
            ]
        ]
    },
    "ontop": {
        "tray_uekqey_1": {
            "desk_cnewsu_1": [
                [
                    0.15511663258075714,
                    -5.159560680389404,
                    0.7319302558898926
                ],
                [
                    -0.0002715048030950129,
                    0.0005360174109227955,
                    -0.12473183125257492,
                    0.9921902418136597
                ]
            ]
        }
    },
    "inside": {
        "wine_bottle_vjdkci_1": {
            "cooler_pnkiag_1": [
                [
                    -3.499652624130249,
                    -3.3749160766601562,
                    0.17933060228824615
                ],
                [
                    -0.14096494019031525,
                    -0.3794274628162384,
                    -0.18798871338367462,
                    0.8948876857757568
                ]
            ]
        }
    }
}