{
    "nextto": {
        "coffee_table_qlmqyy_1": [
            [
                0.4219088864326478,
                -4.949291443824769,
                0
            ]
        ],
        "table_lamp_ehjsdz_1": [
            [
                0.4219088864326478,
                -4.949291443824769,
                0
            ]
        ],
        "console_table_emeeke_0": [
            -3.56484317779541,
            -7.510663032531738,
            0.42307305335998535
        ]
    },
    "ontop": {
        "table_lamp_ehjsdz_1": {
            "console_table_emeeke_0": [
                [
                    -3.2952542304992676,
                    -6.981226921081543,
                    1.1785917282104492
                ],
                [
                    7.706688484176993e-05,
                    5.130979843670502e-05,
                    -0.23262032866477966,
                    0.9725675582885742
                ]
            ]
        }
    },
    "inside": {}
}