{
    "nextto": {
        "countertop_zkhelh_1": [
            [
                -2.3777507901191712,
                -0.7989537119865412,
                0
            ]
        ],
        "leek_fyihsq_1": [
            [
                -3.4602508902549745,
                -5.1722541165351865,
                0
            ]
        ],
        "cooler_pnkiag_1": [
            [
                -3.4775507926940916,
                -6.7043541908264155,
                0
            ]
        ],
        "shelf_iwziew_1": [
            [
                -0.9461015370488167,
                0.4140958404541016,
                0
            ]
        ],
        "sugar_cookie_feirtr_1": [
            [
                -0.8875015452504158,
                0.29689585685729974,
                0
            ]
        ],
        "wicker_basket_unasxd_1": [
            [
                -2.748850897550583,
                0.30534590363502506,
                0
            ]
        ]
    },
    "ontop": {
        "leek_fyihsq_1": {
            "cooler_pnkiag_1": [
                [
                    -3.3844850063323975,
                    -7.617593765258789,
                    0.7620002627372742
                ],
                [
                    -0.05634840205311775,
                    0.25601866841316223,
                    0.002016418380662799,
                    0.9650261402130127
                ]
            ]
        }
    },
    "inside": {
        "sugar_cookie_feirtr_1": {
            "wicker_basket_unasxd_1": [
                [
                    -2.0744450092315674,
                    0.164720356464386,
                    0.030311064794659615
                ],
                [
                    0.0018504539038985968,
                    -0.013327963650226593,
                    -0.05182190611958504,
                    0.9985656142234802
                ]
            ]
        },
        "leek_fyihsq_1": {
            "cooler_pnkiag_1": [
                [
                    -3.268653392791748,
                    -7.949047565460205,
                    0.2732982933521271
                ],
                [
                    -0.033939216285943985,
                    0.09346549957990646,
                    0.00010512991866562515,
                    0.9950438141822815
                ]
            ]
        }
    }
}