{
    "nextto": {
        "hutch_vsqsuy_1": [
            [
                -1.3240013772249222,
                -1.5842045450210571,
                0
            ]
        ],
        "lime_iwjcjp_1": [
            [
                -1.0200014859437943,
                -1.4242046022415162,
                0
            ]
        ],
        "cooler_pnkiag_1": [
            [
                -3.4602508902549745,
                -2.3577538561820983,
                0
            ]
        ],
        "microwave_abzvij_1": [
            [
                -3.4602508902549745,
                -3.0072539162635805,
                0
            ]
        ]
    },
    "ontop": {},
    "inside": {
        "lime_iwjcjp_1": {
            "cooler_pnkiag_1": [
                [
                    -2.199096441268921,
                    -0.45379066467285156,
                    0.12360218167304993
                ],
                [
                    -0.1363578587770462,
                    -0.12952415645122528,
                    -0.01435103453695774,
                    0.9820509552955627
                ]
            ]
        }
    }
}