{
    "nextto": {
        "table_lamp_ehjsdz_1": [
            [
                -0.08535155534744267,
                -0.5849374747276306,
                0
            ]
        ],
        "hand_dryer_cdyffs_1": [
            [
                3.132647967338562,
                -0.607337337732315,
                0
            ]
        ]
    },
    "ontop": {},
    "inside": {}
}