{
    "nextto": {
        "shelf_iwziew_1": [
            [
                -2.458740909099579,
                1.2534578680992126,
                0
            ]
        ],
        "carton_hhlmbi_1": [
            [
                -2.458740909099579,
                -0.2783417296409607,
                0
            ]
        ],
        "coffee_table_qlmqyy_1": [
            [
                -1.843391206264496,
                -2.0127913236618045,
                0
            ]
        ]
    },
    "ontop": {
        "carton_hhlmbi_1": {
            "coffee_table_qlmqyy_1": [
                [
                    -0.5305485129356384,
                    -1.996976613998413,
                    0.4375153183937073
                ],
                [
                    0.0059655653312802315,
                    -0.00022098177578300238,
                    -0.07756297290325165,
                    0.9969697594642639
                ]
            ]
        }
    },
    "inside": {}
}