{
    "nextto": {
        "fire_alarm_nidjyp_1": [
            [
                3.132647967338562,
                -0.3112373411655425,
                0
            ]
        ],
        "recycling_bin_duugbb_1": [
            [
                -0.45075156450271603,
                0.20676254510879521,
                0
            ]
        ]
    },
    "ontop": {},
    "inside": {}
}