{
    "nextto": {
        "coffee_table_qlmqyy_1": [
            [
                0.4219088864326478,
                -4.949291443824769,
                0
            ]
        ],
        "phonograph_record_reunea_1": [
            [
                0.4219088864326478,
                -4.949291443824769,
                0
            ]
        ],
        "table_lamp_ehjsdz_1": [
            [
                -0.6687911581993103,
                -2.3483913373947147,
                0
            ]
        ],
        "toy_box_pmhcse_1": [
            [
                -3.66294127702713,
                0.7984584927558898,
                0
            ]
        ],
        "sofa_uixwiv_0": [
            -2.5553245544433594,
            -5.1363701820373535,
            0.5055246353149414
        ]
    },
    "ontop": {},
    "inside": {
        "phonograph_record_reunea_1": {
            "toy_box_pmhcse_1": [
                [
                    -3.1269993782043457,
                    1.8570363521575928,
                    -0.0007014425937086344
                ],
                [
                    0.02413932979106903,
                    -0.03866015374660492,
                    0.5324621200561523,
                    0.8452257513999939
                ]
            ]
        }
    }
}