{
    "nextto": {
        "tray_uekqey_1": [
            [
                -2.458740909099579,
                0.9912579369544982,
                0
            ]
        ],
        "sugar_cookie_feirtr_1": [
            [
                -2.458740909099579,
                -0.2783417296409607,
                0
            ]
        ],
        "cooler_pnkiag_1": [
            [
                -3.6347472715377807,
                -5.790762085914611,
                0
            ]
        ]
    },
    "ontop": {},
    "inside": {
        "sugar_cookie_feirtr_1": {
            "cooler_pnkiag_1": [
                [
                    -3.56258225440979,
                    -3.7350757122039795,
                    0.09875202178955078
                ],
                [
                    0.0019812784157693386,
                    -0.0019488113466650248,
                    -0.016489427536725998,
                    0.9998602271080017
                ]
            ]
        }
    }
}