{
    "nextto": {
        "coffee_cup_ckkwmj_1": [
            [
                0.09734844923019402,
                -0.4631374716758728,
                0
            ]
        ],
        "compost_bin_fvkdos_1": [
            [
                3.3300479650497437,
                -0.11383734345436088,
                0
            ]
        ]
    },
    "ontop": {},
    "inside": {
        "coffee_cup_ckkwmj_1": {
            "compost_bin_fvkdos_1": [
                [
                    3.0331661701202393,
                    -0.7766977548599243,
                    0.2922709584236145
                ],
                [
                    -0.4041641354560852,
                    -0.8368737101554871,
                    -0.3340688943862915,
                    0.15713638067245483
                ]
            ]
        }
    }
}