{
    "nextto": {
        "reception_desk_kjmhgc_1": [
            [
                -1.6864912283420561,
                -0.6043916130065918,
                0
            ]
        ],
        "duck_nletxg_1": [
            [
                -1.6864912283420561,
                -0.6043916130065918,
                0
            ]
        ],
        "pressure_cooker_otyngn_1": [
            [
                0.17910844206809984,
                0.09520826339721679,
                0
            ]
        ],
        "breakfast_table_idnnmz_0": [
            1.0173128843307495,
            -2.1576828956604004,
            0.5956456661224365
        ]
    },
    "ontop": {
        "duck_nletxg_1": {
            "breakfast_table_idnnmz_0": [
                [
                    -0.04112447053194046,
                    -2.3364667892456055,
                    0.8439257740974426
                ],
                [
                    0.06457449495792389,
                    0.0042881593108177185,
                    -0.054817914962768555,
                    0.9963968992233276
                ]
            ]
        }
    },
    "inside": {
        "duck_nletxg_1": {
            "pressure_cooker_otyngn_1": [
                [
                    -0.04112447053194046,
                    -2.3364667892456055,
                    0.8439257740974426
                ],
                [
                    0.06457449495792389,
                    0.0042881593108177185,
                    -0.054817914962768555,
                    0.9963968992233276
                ]
            ]
        }
    }
}