{
    "nextto": {
        "desk_cnewsu_1": [
            [
                0.0364484477043152,
                0.7548625588417054,
                0
            ]
        ],
        "router_tokdic_1": [
            [
                0.46274845838546763,
                -0.15863746404647827,
                0
            ]
        ],
        "vase_kjeudr_1": [
            [
                1.0108484721183775,
                -0.280437467098236,
                0
            ]
        ],
        "shelf_iwziew_1": [
            [
                0.8890484690666199,
                0.3285625481605531,
                0
            ]
        ]
    },
    "ontop": {
        "vase_kjeudr_1": {
            "shelf_iwziew_1": [
                [
                    2.593487024307251,
                    0.6699545383453369,
                    0.5601316690444946
                ],
                [
                    0.0015637452015653253,
                    -0.0011974968947470188,
                    -0.005418604239821434,
                    0.9999834299087524
                ]
            ]
        }
    },
    "inside": {}
}