{
    "nextto": {
        "reception_desk_kjmhgc_1": [
            [
                -1.7447912180423735,
                0.5616081809997558,
                0
            ]
        ],
        "chicken_leg_nhfiuh_1": [
            [
                -1.7447912180423735,
                0.5033081912994385,
                0
            ]
        ],
        "oven_wuinhm_0": [
            -0.6264851689338684,
            1.1054010391235352,
            5.201077461242676
        ],
        "breakfast_table_idnnmz_0": [
            0.6039659976959229,
            -2.2624351978302,
            6.1979899406433105
        ]
    },
    "ontop": {
        "chicken_leg_nhfiuh_1": {
            "breakfast_table_idnnmz_0": [
                [
                    0.001163961598649621,
                    -2.396947145462036,
                    0.769801914691925
                ],
                [
                    -0.016589220613241196,
                    0.013300202786922455,
                    -0.03192850202322006,
                    0.9992639422416687
                ]
            ]
        }
    },
    "inside": {
        "chicken_leg_nhfiuh_1": {
            "oven_wuinhm_0": [
                [
                    -0.32596638798713684,
                    1.5359301567077637,
                    0.10062908381223679
                ],
                [
                    -0.007583798374980688,
                    0.0112908985465765,
                    -0.020862722769379616,
                    0.9996898770332336
                ]
            ]
        }
    }
}