{
    "nextto": {
        "console_table_tzkfqa_1": [
            [
                -3.4602508902549745,
                -1.7948538041114805,
                0
            ]
        ],
        "blackberry_tvpfvb_1": [
            [
                -3.287050874233246,
                -1.2752537560462953,
                0
            ]
        ],
        "cooler_pnkiag_1": [
            [
                -0.7118511492013933,
                -2.389654235839844,
                0
            ]
        ]
    },
    "ontop": {},
    "inside": {
        "blackberry_tvpfvb_1": {
            "cooler_pnkiag_1": [
                [
                    -0.23025353252887726,
                    -3.345712184906006,
                    0.1093946322798729
                ],
                [
                    -0.5035896301269531,
                    0.40642762184143066,
                    -0.16764956712722778,
                    0.7437121272087097
                ]
            ]
        }
    }
}