{
    "nextto": {
        "pedestal_table_oqclwq_1": [
            [
                -0.6324349164962769,
                -3.233523082733154,
                0
            ]
        ],
        "bread_slice_yedlgq_1": [
            [
                0.12170498371124264,
                -1.6749672889709473,
                0
            ]
        ],
        "cooler_pnkiag_1": [
            [
                -1.7447912180423735,
                0.5033081912994385,
                0
            ]
        ]
    },
    "ontop": {},
    "inside": {
        "bread_slice_yedlgq_1": {
            "cooler_pnkiag_1": [
                [
                    0.058759693056344986,
                    0.21077214181423187,
                    0.10387114435434341
                ],
                [
                    0.004833947867155075,
                    0.03570525348186493,
                    -0.04844030737876892,
                    0.998176097869873
                ]
            ]
        }
    }
}