{
    "nextto": {
        "coffee_table_qlmqyy_1": [
            [
                -0.45075156450271603,
                0.5721625542640686,
                0
            ]
        ],
        "ashtray_nfuxzd_1": [
            [
                -0.45075156450271603,
                -0.2195374655723572,
                0
            ]
        ],
        "cabinet_base_dcmhhh_1": [
            [
                3.3300479650497437,
                -0.11383734345436088,
                0
            ]
        ]
    },
    "ontop": {
        "ashtray_nfuxzd_1": {
            "cabinet_base_dcmhhh_1": [
                [
                    2.967578649520874,
                    -0.6588760614395142,
                    0.46859508752822876
                ],
                [
                    0.0035999510437250137,
                    -0.0009533651173114777,
                    -0.032708607614040375,
                    0.9994579553604126
                ]
            ]
        }
    },
    "inside": {}
}