{
    "nextto": {
        "raw_egg_ydgivr_1": [
            [
                -0.24290163546800622,
                -0.2305040693283081,
                0
            ]
        ],
        "cooler_pnkiag_1": [
            [
                -0.7118511492013933,
                -3.7186543273925783,
                0
            ]
        ]
    },
    "ontop": {},
    "inside": {
        "raw_egg_ydgivr_1": {
            "cooler_pnkiag_1": [
                [
                    0.7182353138923645,
                    -2.9644343852996826,
                    0.10018507391214371
                ],
                [
                    0.008487476967275143,
                    0.009058108553290367,
                    -0.047288909554481506,
                    0.9988041520118713
                ]
            ]
        }
    }
}