{
    "nextto": {
        "alarm_clock_cvknrh_1": [
            [
                -1.239101496040821,
                -0.054704093933105456,
                0
            ]
        ],
        "desk_phone_kpxrpb_1": [
            [
                -1.239101496040821,
                -0.289104061126709,
                0
            ]
        ],
        "desk_cnewsu_1": [
            [
                -1.80575097322464,
                -8.09845401763916,
                0
            ]
        ],
        "monitor_kmltvq_1": [
            [
                -1.80575097322464,
                -8.09845401763916,
                0
            ]
        ]
    },
    "ontop": {
        "desk_phone_kpxrpb_1": {
            "desk_cnewsu_1": [
                [
                    0.5120426416397095,
                    -8.13772964477539,
                    0.7579123377799988
                ],
                [
                    -0.00037651855382137,
                    1.853032154031098e-05,
                    -0.0011279141763225198,
                    0.9999992847442627
                ]
            ]
        }
    },
    "inside": {}
}