{
    "nextto": {
        "shelf_iwziew_1": [
            [
                -2.458740909099579,
                -0.2783417296409607,
                0
            ]
        ],
        "veal_vlgemr_1": [
            [
                -2.458740909099579,
                -0.2507417368888855,
                0
            ]
        ],
        "cooler_pnkiag_1": [
            [
                -0.7536913931369781,
                0.7948081398010255,
                0
            ]
        ]
    },
    "ontop": {},
    "inside": {
        "veal_vlgemr_1": {
            "cooler_pnkiag_1": [
                [
                    -1.6527714729309082,
                    0.01352258026599884,
                    0.10683358460664749
                ],
                [
                    0.012472016736865044,
                    1.1700059985741973e-05,
                    -0.016183441504836082,
                    0.9997912049293518
                ]
            ]
        }
    }
}