{
    "nextto": {
        "shelf_iwziew_1": [
            [
                -2.458740909099579,
                -0.2783417296409607,
                0
            ]
        ],
        "chocolate_biscuit_xhmpht_1": [
            [
                -2.458740909099579,
                -0.2783417296409607,
                0
            ]
        ],
        "cooler_pnkiag_1": [
            [
                -0.7536913931369781,
                0.7948081398010255,
                0
            ]
        ]
    },
    "ontop": {},
    "inside": {
        "chocolate_biscuit_xhmpht_1": {
            "cooler_pnkiag_1": [
                [
                    -1.2616521120071411,
                    0.3207900822162628,
                    0.10006694495677948
                ],
                [
                    0.012255621142685413,
                    -0.006313171237707138,
                    -0.016230721026659012,
                    0.9997732043266296
                ]
            ]
        }
    }
}