{
    "nextto": {
        "urinal_pfzmpd_1": [
            [
                -0.3574511247873306,
                -3.4085543060302737,
                0
            ]
        ],
        "wine_bottle_vjdkci_1": [
            [
                -0.2688511186838151,
                -3.275654296875,
                0
            ]
        ],
        "wardrobe_lrokhl_1": [
            [
                -3.4775507926940916,
                -8.157754230499268,
                0
            ]
        ]
    },
    "ontop": {},
    "inside": {
        "wine_bottle_vjdkci_1": {
            "wardrobe_lrokhl_1": [
                [
                    -1.6822209358215332,
                    -7.2596845626831055,
                    0.491030216217041
                ],
                [
                    -0.006199582479894161,
                    0.027393894270062447,
                    -0.05936099588871002,
                    0.9978414177894592
                ]
            ]
        }
    }
}