{
    "nextto": {
        "reception_desk_kjmhgc_1": [
            [
                -1.6864912283420561,
                -0.6043916130065918,
                0
            ]
        ],
        "carrot_qhmmmx_1": [
            [
                -1.6864912283420561,
                -0.6043916130065918,
                0
            ]
        ],
        "stove_kfhkqp_1": [
            [
                -1.3949912798404693,
                -0.19629168510437012,
                0
            ]
        ],
        "breakfast_table_idnnmz_0": [
            0.09039270877838135,
            -1.327123761177063,
            4.22457218170166
        ]
    },
    "ontop": {
        "carrot_qhmmmx_1": {
            "breakfast_table_idnnmz_0": [
                [
                    0.5471782088279724,
                    -2.3165576457977295,
                    0.7690932750701904
                ],
                [
                    0.0709662064909935,
                    -0.03592906892299652,
                    -0.051297515630722046,
                    0.9955105781555176
                ]
            ],
            "stove_kfhkqp_1": [
                [
                    0.5471782088279724,
                    -2.3165576457977295,
                    0.7690932750701904
                ],
                [
                    0.0709662064909935,
                    -0.03592906892299652,
                    -0.051297515630722046,
                    0.9955105781555176
                ]
            ]
        }
    },
    "inside": {}
}