{
    "nextto": {
        "reception_desk_kjmhgc_1": [
            [
                -3.4602508902549745,
                -4.133054020404815,
                0
            ]
        ],
        "chocolate_cookie_dough_csnixa_1": [
            [
                -3.4602508902549745,
                -4.6093540644645685,
                1.5707963267948966
            ]
        ],
        "cooler_pnkiag_1": [
            [
                -3.4602508902549745,
                -3.483553960323334,
                0
            ]
        ],
        "window_ulnafj_0": [
            -6.922304153442383,
            2.0248677730560303,
            5.862680912017822
        ]
    },
    "ontop": {},
    "inside": {
        "chocolate_cookie_dough_csnixa_1": {
            "cooler_pnkiag_1": [
                [
                    -3.1595070362091064,
                    -4.288474082946777,
                    0.1431797444820404
                ],
                [
                    -0.008678431622684002,
                    -0.0008094378281384706,
                    -0.11254830658435822,
                    0.9936080574989319
                ]
            ]
        }
    }
}