{
    "nextto": {
        "conference_table_hdomxc_1": [
            [
                1.6807484889030457,
                1.485662577152252,
                0
            ]
        ],
        "coffee_cup_ckkwmj_1": [
            [
                1.6807484889030457,
                1.485662577152252,
                0
            ]
        ],
        "coffee_maker_fwlabx_1": [
            [
                1.4980484843254087,
                -0.5240374732017518,
                0
            ]
        ],
        "reception_desk_kjmhgc_1": [
            [
                1.4980484843254087,
                1.1811625695228576,
                0
            ]
        ]
    },
    "ontop": {
        "coffee_cup_ckkwmj_1": {
            "reception_desk_kjmhgc_1": [
                [
                    1.6376842260360718,
                    -0.31708550453186035,
                    1.4855247735977173
                ],
                [
                    3.638991620391607e-05,
                    0.0029185526072978973,
                    -0.0014778489712625742,
                    0.999994695186615
                ]
            ]
        }
    },
    "inside": {}
}