{
    "nextto": {
        "shelf_iwziew_1": [
            [
                6.53101378440857,
                3.2761357116699212,
                0
            ]
        ],
        "bagel_dough_iuembm_1": [
            [
                6.808217802047729,
                3.2761357116699212,
                0
            ]
        ],
        "oven_wuinhm_1": [
            [
                6.253809766769409,
                -9.475249099731444,
                0
            ]
        ],
        "serving_cart_lwgmcc_1": [
            [
                -2.3395147800445555,
                -8.089229011535645,
                0
            ]
        ]
    },
    "ontop": {
        "bagel_dough_iuembm_1": {
            "serving_cart_lwgmcc_1": [
                [
                    -0.15646977722644806,
                    -7.696549415588379,
                    0.45632293820381165
                ],
                [
                    -0.008057378232479095,
                    0.001166054280474782,
                    -0.03190482780337334,
                    0.9994577169418335
                ]
            ]
        }
    },
    "inside": {
        "bagel_dough_iuembm_1": {
            "oven_wuinhm_1": [
                [
                    -0.15646977722644806,
                    -7.696549415588379,
                    0.45632293820381165
                ],
                [
                    -0.008057378232479095,
                    0.001166054280474782,
                    -0.03190482780337334,
                    0.9994577169418335
                ]
            ]
        }
    }
}