{
    "nextto": {
        "shelf_iwziew_1": [
            [
                8.47144190788269,
                -4.762780799865723,
                0
            ]
        ],
        "bagel_zlxkry_1": [
            [
                8.47144190788269,
                -4.208372764587402,
                0
            ]
        ],
        "reception_desk_kjmhgc_1": [
            11.895031929016113,
            -4.28408670425415,
            4.387480735778809
        ],
        "casserole_ncbsee_1": [
            11.895031929016113,
            -4.28408670425415,
            4.387480735778809
        ]
    },
    "ontop": {},
    "inside": {
        "bagel_zlxkry_1": {
            "casserole_ncbsee_1": [
                [
                    11.217025756835938,
                    -4.570062160491943,
                    0.9201313257217407
                ],
                [
                    -0.0034133531153202057,
                    -0.012903036549687386,
                    0.9879621863365173,
                    0.15411841869354248
                ]
            ]
        }
    }
}