{
    "nextto": {
        "urinal_pfzmpd_2": [
            -6.682504177093506,
            16.290987014770508,
            2.455047130584717
        ],
        "soap_dispenser_sinntg_3": [
            -1.868710994720459,
            13.579985618591309,
            1.297344446182251
        ]
    },
    "ontop": {
        "soap_dispenser_sinntg_3": {
            "urinal_pfzmpd_2": [
                [
                    -6.551578521728516,
                    16.38481903076172,
                    0.8371453285217285
                ],
                [
                    2.919426853043028e-13,
                    2.9077396957247204e-13,
                    0.9980212450027466,
                    -0.06287757307291031
                ]
            ]
        }
    },
    "inside": {}
}