{
    "nextto": {
        "shelf_iwziew_1": [
            [
                8.47144190788269,
                -4.762780799865723,
                0
            ]
        ],
        "sugar_cookie_feirtr_1": [
            [
                8.47144190788269,
                -4.208372764587402,
                0
            ]
        ],
        "pressure_cooker_otyngn_1": [
            [
                -2.3395147800445555,
                -0.32751651763916123,
                0
            ]
        ],
        "burner_lfyqat_1": [
            [
                -2.3395147800445555,
                -0.8819245529174806,
                0
            ]
        ]
    },
    "ontop": {
        "sugar_cookie_feirtr_1": {
            "burner_lfyqat_1": [
                [
                    -0.6839925646781921,
                    -0.2421877235174179,
                    0.08758024126291275
                ],
                [
                    0.0021760319359600544,
                    -0.001399440923705697,
                    -0.012312176637351513,
                    0.9999208450317383
                ]
            ]
        }
    },
    "inside": {
        "sugar_cookie_feirtr_1": {
            "pressure_cooker_otyngn_1": [
                [
                    -0.6839925646781921,
                    -0.2421877235174179,
                    0.08758024126291275
                ],
                [
                    0.0021760319359600544,
                    -0.001399440923705697,
                    -0.012312176637351513,
                    0.9999208450317383
                ]
            ]
        }
    }
}