{
    "nextto": {
        "decorative_sign_hgonwj_1": [
            [
                -0.39908665657043474,
                -1.7135366058349624,
                0
            ]
        ],
        "tray_uekqey_1": [
            [
                -0.39908665657043474,
                -1.7135366058349624,
                0
            ]
        ],
        "reception_desk_kjmhgc_1": [
            [
                7.917033872604369,
                1.05850357055664,
                0
            ]
        ],
        "icicle_lights_lbwpka_1": [
            [
                -0.39908665657043474,
                -1.7135366058349624,
                0
            ]
        ]
    },
    "ontop": {
        "tray_uekqey_1": {
            "reception_desk_kjmhgc_1": [
                [
                    9.654556274414062,
                    0.8889719247817993,
                    0.8427490592002869
                ],
                [
                    0.002253056038171053,
                    0.00037565166712738574,
                    -0.16492809355258942,
                    0.9863029718399048
                ]
            ]
        }
    },
    "inside": {}
}