{
    "nextto": {
        "conference_table_hdomxc_1": [
            [
                1.5413414669036862,
                -9.475249099731444,
                0
            ]
        ],
        "waffle_gjwper_1": [
            [
                1.8185454845428468,
                -8.089229011535645,
                0
            ]
        ],
        "stove_kfhkqp_1": [
            [
                7.917033872604369,
                1.05850357055664,
                0
            ]
        ],
        "mixing_bowl_deudkt_1": [
            [
                -2.062310762405396,
                -0.05031250000000065,
                0
            ]
        ]
    },
    "ontop": {
        "waffle_gjwper_1": {
            "mixing_bowl_deudkt_1": [
                [
                    -0.5772343277931213,
                    0.6909091472625732,
                    0.1538008153438568
                ],
                [
                    -0.0007643703720532358,
                    0.004109846893697977,
                    0.9867292046546936,
                    0.16232018172740936
                ]
            ],
            "stove_kfhkqp_1": [
                [
                    -0.5772343277931213,
                    0.6909091472625732,
                    0.1538008153438568
                ],
                [
                    -0.0007643703720532358,
                    0.004109846893697977,
                    0.9867292046546936,
                    0.16232018172740936
                ]
            ]
        }
    },
    "inside": {}
}