{
    "nextto": {
        "shelf_iwziew_1": [
            [
                -1.5079027271270753,
                -8.366433029174805,
                0
            ]
        ],
        "strawberry_ntxofi_1": [
            [
                -1.2306987094879152,
                -7.812024993896484,
                0
            ]
        ],
        "electric_kettle_hkdsla_1": [
            [
                10.680447158813477,
                -5.644073905944825,
                0
            ]
        ],
        "electric_fan_qqphyr_1": [
            [
                10.680447158813477,
                -4.443842124938965,
                0
            ]
        ]
    },
    "ontop": {},
    "inside": {
        "strawberry_ntxofi_1": {
            "electric_kettle_hkdsla_1": [
                [
                    11.416486740112305,
                    -5.091414451599121,
                    0.13938969373703003
                ],
                [
                    -0.1462046504020691,
                    -0.5932555198669434,
                    -0.15687759220600128,
                    0.7759262323379517
                ]
            ]
        }
    }
}