{
    "nextto": {
        "shopping_basket_vsxhsv_1": [
            [
                -2.062310762405396,
                -0.32751651763916123,
                0
            ]
        ],
        "kale_kjyfdx_1": [
            [
                -2.062310762405396,
                -0.32751651763916123,
                0
            ]
        ],
        "cooler_pnkiag_1": [
            [
                7.639829854965209,
                -2.2679446411132815,
                0
            ]
        ]
    },
    "ontop": {},
    "inside": {
        "kale_kjyfdx_1": {
            "cooler_pnkiag_1": [
                [
                    8.967009544372559,
                    -3.42826247215271,
                    -0.45855000615119934
                ],
                [
                    0.2717806398868561,
                    -0.6299930214881897,
                    -0.21911750733852386,
                    0.6937085390090942
                ]
            ]
        }
    }
}