{
    "nextto": {
        "urinal_pfzmpd_1": [
            [
                16.603750481605527,
                -4.60656280040741,
                0
            ]
        ],
        "pill_bottle_csvdbe_1": [
            [
                16.79477051258087,
                -4.224522738456726,
                0
            ]
        ],
        "backpack_gvbiwl_1": [
            [
                14.216000094413758,
                -4.797582831382752,
                0
            ]
        ]
    },
    "ontop": {},
    "inside": {
        "pill_bottle_csvdbe_1": {
            "backpack_gvbiwl_1": [
                [
                    15.819735527038574,
                    -4.349102020263672,
                    0.10947170108556747
                ],
                [
                    -0.014906586147844791,
                    -0.005500988103449345,
                    -0.0048829903826117516,
                    0.9998618364334106
                ]
            ]
        }
    }
}