{
    "nextto": {
        "shelf_iwziew_1": [
            [
                8.47144190788269,
                -4.762780799865723,
                0
            ]
        ],
        "butternut_squash_swehmg_1": [
            [
                8.47144190788269,
                -4.762780799865723,
                0
            ]
        ],
        "electric_cauldron_qmdgct_1": [
            [
                -2.8939228153228758,
                -0.60472053527832,
                0
            ]
        ]
    },
    "ontop": {},
    "inside": {
        "butternut_squash_swehmg_1": {
            "electric_cauldron_qmdgct_1": [
                [
                    -0.8455266356468201,
                    0.5899685621261597,
                    1.3849163055419922
                ],
                [
                    0.06975241750478745,
                    0.014818500727415085,
                    -0.0701717957854271,
                    0.9949829578399658
                ]
            ]
        }
    }
}