{
    "nextto": {
        "pedestal_table_oqclwq_1": [
            [
                -2.062310762405396,
                -9.475249099731444,
                0
            ]
        ],
        "cherry_lkltpa_1": [
            [
                -1.7851067447662354,
                -8.643637046813964,
                0
            ]
        ],
        "cooler_pnkiag_1": [
            [
                5.976605749130249,
                -9.475249099731444,
                0
            ]
        ]
    },
    "ontop": {},
    "inside": {
        "cherry_lkltpa_1": {
            "cooler_pnkiag_1": [
                [
                    7.512683391571045,
                    -9.813684463500977,
                    -2.236659288406372
                ],
                [
                    0.555219829082489,
                    -0.6885755062103271,
                    0.18203924596309662,
                    -0.4294840097427368
                ]
            ]
        }
    }
}