{
    "nextto": {
        "shelf_iwziew_1": [
            [
                4.313381643295288,
                -9.475249099731444,
                0
            ]
        ],
        "potato_ljfitc_1": [
            [
                4.313381643295288,
                -9.198045082092285,
                0
            ]
        ],
        "toaster_oven_ctrngh_1": [
            [
                -2.3395147800445555,
                -0.32751651763916123,
                0
            ]
        ]
    },
    "ontop": {},
    "inside": {
        "potato_ljfitc_1": {
            "toaster_oven_ctrngh_1": [
                [
                    -0.7806888222694397,
                    0.6719784736633301,
                    0.062209051102399826
                ],
                [
                    0.08935903757810593,
                    -0.3490654230117798,
                    -0.004680979996919632,
                    0.9328164458274841
                ]
            ]
        }
    }
}