{
    "nextto": {
        "breakfast_table_uhrsex_1": [
            [
                -5.220000600814819,
                10.935080785751342,
                0
            ]
        ],
        "peppermint_qvszrs_1": [
            [
                -5.220000600814819,
                10.935080785751342,
                0
            ]
        ],
        "cooler_pnkiag_1": [
            0.7646665573120117,
            0.7584433555603027,
            5.268136024475098
        ]
    },
    "ontop": {},
    "inside": {
        "peppermint_qvszrs_1": {
            "cooler_pnkiag_1": [
                [
                    0.30450889468193054,
                    0.06520494818687439,
                    0.09916000813245773
                ],
                [
                    0.022567862644791603,
                    -0.005288473330438137,
                    -0.0007295543327927589,
                    0.9997310042381287
                ]
            ]
        }
    }
}