{
    "nextto": {
        "reception_desk_kjmhgc_1": [
            [
                -2.616718797683716,
                3.2761357116699212,
                0
            ]
        ],
        "raw_egg_ydgivr_1": [
            [
                -1.7851067447662354,
                3.2761357116699212,
                0
            ]
        ],
        "cooler_pnkiag_1": [
            [
                10.680447158813477,
                -5.644073905944825,
                0
            ]
        ],
        "hand_dryer_cdyffs_1": [
            [
                17.081300559043882,
                -5.370642924308777,
                0
            ]
        ]
    },
    "ontop": {},
    "inside": {
        "raw_egg_ydgivr_1": {
            "cooler_pnkiag_1": [
                [
                    11.377486228942871,
                    -5.102908134460449,
                    0.1643744260072708
                ],
                [
                    -0.0007132940809242427,
                    -0.00019965537649113685,
                    -0.0228581465780735,
                    0.9997385144233704
                ]
            ]
        }
    }
}