{
    "nextto": {
        "straight_chair_gxzrim_1": [
            [
                14.000854110717773,
                0.13619567871093807,
                0
            ]
        ],
        "conference_table_hdomxc_1": [
            [
                10.035301742553719,
                -1.8465805053710929,
                0
            ]
        ],
        "chandelier_qghfol_1": [
            [
                -0.8699672698974535,
                -0.8551924133300773,
                0
            ]
        ]
    },
    "ontop": {
        "straight_chair_gxzrim_1": {
            "conference_table_hdomxc_1": [
                [
                    12.683734893798828,
                    0.2091081291437149,
                    1.20479416847229
                ],
                [
                    -0.006935984827578068,
                    -8.329609408974648e-05,
                    -0.0925355851650238,
                    0.9956852793693542
                ]
            ]
        }
    },
    "inside": {}
}