{
    "nextto": {
        "conference_table_hdomxc_1": [
            [
                12.018077926635746,
                -1.8465805053710929,
                0
            ]
        ],
        "vase_kjeudr_1": [
            [
                12.018077926635746,
                3.110359954833986,
                0
            ]
        ],
        "reception_desk_kjmhgc_1": [
            [
                12.018077926635746,
                31.860614624023437,
                0
            ]
        ],
        "laptop_sngiih_1": [
            [
                14.000854110717773,
                32.852002716064455,
                0
            ]
        ],
        "stand_dbskvf_1": [
            [
                1.1128089141845736,
                -4.820744781494141,
                0
            ]
        ]
    },
    "ontop": {
        "vase_kjeudr_1": {
            "stand_dbskvf_1": [
                [
                    1.8947433233261108,
                    -0.2986970841884613,
                    0.5112912654876709
                ],
                [
                    0.0005789556307718158,
                    -0.017383413389325142,
                    -0.027960525825619698,
                    0.9994577169418335
                ]
            ]
        }
    },
    "inside": {}
}