{
    "nextto": {
        "club_sandwich_ablfyd_1": [
            [
                16.400000723317497,
                36.70676519051195,
                0
            ]
        ],
        "cooler_pnkiag_1": [
            [
                -9.180649013519286,
                -46.744295597076416,
                0
            ]
        ]
    },
    "ontop": {},
    "inside": {
        "club_sandwich_ablfyd_1": {
            "cooler_pnkiag_1": [
                [
                    -8.38309097290039,
                    -46.02751159667969,
                    0.14559602737426758
                ],
                [
                    -0.004955964628607035,
                    0.0006206132238730788,
                    -0.05447036027908325,
                    0.9985028505325317
                ]
            ]
        }
    }
}