{
    "nextto": {
        "straight_chair_gxzrim_1": [
            [
                15.600000723317502,
                0.7067651905119462,
                0
            ]
        ],
        "backpack_gvbiwl_1": [
            [
                15.600000723317502,
                -0.09323480948805807,
                0
            ]
        ],
        "water_bottle_ackxiy_1": [
            [
                14.800000723317497,
                0.7067651905119462,
                0
            ]
        ],
        "conference_table_hdomxc_1": [
            [
                2.8000007233175004,
                35.10676519051194,
                0
            ]
        ]
    },
    "ontop": {
        "water_bottle_ackxiy_1": {
            "conference_table_hdomxc_1": [
                [
                    4.7017621994018555,
                    35.666568756103516,
                    0.9452739953994751
                ],
                [
                    0.0048550814390182495,
                    0.0044950880110263824,
                    -0.008715236559510231,
                    0.9999401569366455
                ]
            ]
        }
    },
    "inside": {}
}