{
    "nextto": {
        "backpack_gvbiwl_1": [
            1.5102397203445435,
            0.7123456597328186,
            5.269979476928711
        ],
        "carafe_ocjcgp_1": [
            1.5102397203445435,
            0.7123456597328186,
            5.269979476928711
        ]
    },
    "ontop": {},
    "inside": {
        "carafe_ocjcgp_1": {
            "backpack_gvbiwl_1": [
                [
                    1.2444058656692505,
                    1.1462775468826294,
                    0.1471131145954132
                ],
                [
                    0.5518434047698975,
                    -0.4278743863105774,
                    0.5656547546386719,
                    0.4386655390262604
                ]
            ]
        }
    }
}