{
    "nextto": {
        "conference_table_hdomxc_1": [
            [
                2.8000007233175004,
                35.10676519051194,
                0
            ]
        ],
        "watermelon_fxhiqs_1": [
            [
                5.200000723317499,
                35.10676519051194,
                0
            ]
        ],
        "cooler_pnkiag_1": [
            [
                -9.180649013519286,
                -46.55461366653443,
                0
            ]
        ]
    },
    "ontop": {},
    "inside": {
        "watermelon_fxhiqs_1": {
            "cooler_pnkiag_1": [
                [
                    -8.255456924438477,
                    -47.20281982421875,
                    0.16946355998516083
                ],
                [
                    -0.13405318558216095,
                    -0.030002934858202934,
                    -0.012737428769469261,
                    0.9904379844665527
                ]
            ]
        }
    }
}