{
    "nextto": {
        "conference_table_hdomxc_1": [
            [
                12.018077926635746,
                27.895062255859376,
                0
            ]
        ],
        "scrub_brush_hsejyi_1": [
            [
                14.000854110717773,
                33.843390808105475,
                0
            ]
        ],
        "bucket_lsmlzi_1": [
            [
                11.706497077941895,
                -18.478760719299313,
                0
            ]
        ]
    },
    "ontop": {},
    "inside": {
        "scrub_brush_hsejyi_1": {
            "bucket_lsmlzi_1": [
                [
                    13.000530242919922,
                    -17.52437400817871,
                    0.026401810348033905
                ],
                [
                    0.012762989848852158,
                    -0.7165096998214722,
                    0.007861712016165257,
                    0.6974159479141235
                ]
            ]
        }
    }
}