{
    "nextto": {
        "shelf_iwziew_1": [
            [
                15.600000723317502,
                -0.8932348094880552,
                0
            ]
        ],
        "fruitcake_kxckts_1": [
            [
                16.400000723317497,
                -1.6932348094880525,
                0
            ]
        ],
        "tank_bsdexp_1": [
            [
                15.600000723317502,
                36.70676519051195,
                0
            ]
        ],
        "cooler_pnkiag_1": [
            [
                5.200000723317499,
                36.70676519051195,
                0
            ]
        ],
        "recycling_bin_duugbb_1": [
            [
                -3.5999992766825017,
                35.90676519051194,
                0
            ]
        ]
    },
    "ontop": {},
    "inside": {
        "fruitcake_kxckts_1": {
            "cooler_pnkiag_1": [
                [
                    6.69046688079834,
                    37.496028900146484,
                    0.15433959662914276
                ],
                [
                    0.0018750037997961044,
                    -0.0002617035061120987,
                    -0.07882753014564514,
                    0.9968864917755127
                ]
            ]
        },
        "tank_bsdexp_1": {
            "recycling_bin_duugbb_1": [
                [
                    -1.9830669164657593,
                    36.69255828857422,
                    0.6099680662155151
                ],
                [
                    -0.07703322172164917,
                    -0.02677868865430355,
                    -0.011447615921497345,
                    0.9966031312942505
                ]
            ]
        }
    }
}