{
    "nextto": {
        "wicker_basket_unasxd_1": [
            [
                -32.59438621520996,
                22.938121795654293,
                0
            ]
        ],
        "granola_bar_iurfsq_1": [
            [
                -32.59438621520996,
                22.938121795654293,
                0
            ]
        ],
        "cooler_pnkiag_1": [
            [
                11.738719100952148,
                -15.819609050750733,
                0
            ]
        ]
    },
    "ontop": {},
    "inside": {
        "granola_bar_iurfsq_1": {
            "cooler_pnkiag_1": [
                [
                    12.432256698608398,
                    -15.246851921081543,
                    0.09951548278331757
                ],
                [
                    -0.00908136647194624,
                    -0.00043140677735209465,
                    -0.02078253962099552,
                    0.9997426867485046
                ]
            ]
        }
    }
}