{
    "nextto": {
        "vase_kjeudr_1": [
            [
                12.757107353210449,
                -22.012631645202635,
                0
            ]
        ],
        "reception_desk_kjmhgc_1": [
            [
                9.043913650512698,
                -12.751849517822265,
                0
            ]
        ],
        "radiator_lnvush_1": [
            [
                -2.852743453979495,
                3.110359954833986,
                0
            ]
        ]
    },
    "ontop": {
        "vase_kjeudr_1": {
            "reception_desk_kjmhgc_1": [
                [
                    10.128006935119629,
                    -10.826701164245605,
                    0.865917444229126
                ],
                [
                    0.0012446600012481213,
                    -0.0005175088881514966,
                    -0.0011633099056780338,
                    0.9999984502792358
                ]
            ]
        }
    },
    "inside": {}
}