{
    "nextto": {
        "tray_uekqey_1": [
            [
                14.000854110717773,
                0.13619567871093807,
                0
            ]
        ],
        "lime_iwjcjp_1": [
            [
                14.000854110717773,
                0.13619567871093807,
                0
            ]
        ],
        "cooler_pnkiag_1": [
            [
                11.738719100952148,
                -15.819609050750733,
                0
            ]
        ]
    },
    "ontop": {},
    "inside": {
        "lime_iwjcjp_1": {
            "cooler_pnkiag_1": [
                [
                    12.654976844787598,
                    -15.260193824768066,
                    0.12265688925981522
                ],
                [
                    -0.16640862822532654,
                    -0.4366782307624817,
                    -0.07639193534851074,
                    0.8807864189147949
                ]
            ]
        }
    }
}