{
    "nextto": {
        "carton_hhlmbi_1": [
            [
                14.000854110717773,
                13.024240875244141,
                0
            ]
        ],
        "desk_cnewsu_1": [
            [
                11.738719100952148,
                -15.819609050750733,
                0
            ]
        ]
    },
    "ontop": {
        "carton_hhlmbi_1": {
            "desk_cnewsu_1": [
                [
                    12.805010795593262,
                    -15.26779556274414,
                    0.7618266344070435
                ],
                [
                    0.005424757953733206,
                    -0.00032432249281555414,
                    -0.05637013167142868,
                    0.9983952641487122
                ]
            ]
        }
    },
    "inside": {}
}