{
    "nextto": {
        "table_lamp_ehjsdz_1": [
            [
                9.34844090461731,
                -22.448897809982302,
                0
            ]
        ],
        "backpack_gvbiwl_1": [
            [
                6.805214614868164,
                -24.324670429229737,
                0
            ]
        ]
    },
    "ontop": {},
    "inside": {}
}