{
    "nextto": {
        "tray_uekqey_1": [
            [
                -1.8724117976427077,
                -5.1411366415023805,
                0
            ]
        ],
        "chocolate_chip_cookie_xprsse_1": [
            [
                -1.2906877833604813,
                -5.238090643882751,
                0
            ]
        ],
        "cooler_pnkiag_1": [
            [
                -3.4459700655937193,
                2.5979484844207765,
                0
            ]
        ]
    },
    "ontop": {},
    "inside": {
        "chocolate_chip_cookie_xprsse_1": {
            "cooler_pnkiag_1": [
                [
                    -1.8646851778030396,
                    3.6768128871917725,
                    0.10426576435565948
                ],
                [
                    -0.030078358948230743,
                    -0.008546458557248116,
                    -0.007546193897724152,
                    0.9994824528694153
                ]
            ]
        }
    }
}