{
    "nextto": {
        "drying_rack_rygebd_1": [
            [
                -0.0804367589950561,
                -2.235374448299408,
                0
            ]
        ],
        "rag_oocmed_1": [
            [
                -0.0804367589950561,
                -2.235374448299408,
                0
            ]
        ],
        "bed_mykwrc_0": [
            [
                -1.455883116722107,
                2.3548516821861267,
                1.5707963267948966
            ]
        ],
        "backpack_gvbiwl_1": [
            [
                -1.455883116722107,
                2.3548516821861267,
                1.5707963267948966
            ]
        ],
        "coffee_maker_fwlabx_1": [
            [
                -5.132353444099427,
                -2.161954720020294,
                0
            ]
        ]
    },
    "ontop": {},
    "inside": {
        "rag_oocmed_1": {
            "backpack_gvbiwl_1": [
                [
                    0.15155820548534393,
                    1.529056429862976,
                    1.3792099952697754
                ],
                [
                    0.04651365429162979,
                    0.06706022471189499,
                    0.3706323504447937,
                    0.9251869916915894
                ]
            ]
        }
    }
}