{
    "nextto": {
        "backpack_gvbiwl_1": [
            [
                -1.5815497905015945,
                1.4517355203628541,
                0
            ]
        ],
        "wineglass_vxmzmq_1": [
            [
                -1.6785037928819657,
                -4.753320631980896,
                0
            ]
        ],
        "desk_ohjotf_0": [
            [
                -1.6785037928819657,
                -4.753320631980896,
                0
            ]
        ]
    },
    "ontop": {
        "backpack_gvbiwl_1": {
            "desk_ohjotf_0": [
                [
                    -0.6921025514602661,
                    -4.503578186035156,
                    0.9720814228057861
                ],
                [
                    -0.002039213664829731,
                    -0.2772955894470215,
                    0.0023755989968776703,
                    0.9607794284820557
                ]
            ]
        }
    },
    "inside": {
        "wineglass_vxmzmq_1": {
            "backpack_gvbiwl_1": [
                [
                    -0.6763805150985718,
                    -4.573629856109619,
                    0.8001379370689392
                ],
                [
                    0.008199768140912056,
                    0.03613775596022606,
                    0.0711294487118721,
                    0.9967784881591797
                ]
            ]
        }
    }
}