{
    "nextto": {
        "alarm_clock_cvknrh_1": [
            [
                -1.969365800023079,
                -5.044182639122009,
                0
            ]
        ],
        "bread_slice_yedlgq_1": [
            [
                -1.969365800023079,
                -5.044182639122009,
                0
            ]
        ],
        "desk_ohjotf_0": [
            [
                -1.969365800023079,
                -5.238090643882751,
                0
            ]
        ],
        "toaster_oven_ctrngh_1": [
            [
                -1.969365800023079,
                -5.238090643882751,
                0
            ]
        ]
    },
    "ontop": {},
    "inside": {
        "bread_slice_yedlgq_1": {
            "toaster_oven_ctrngh_1": [
                [
                    -0.6660016179084778,
                    -4.689481735229492,
                    0.7852352857589722
                ],
                [
                    0.0020648781210184097,
                    0.03749394416809082,
                    -0.04358659312129021,
                    0.9983437061309814
                ]
            ]
        }
    }
}