{
    "nextto": {
        "shelf_iwziew_1": [
            [
                -0.6654502367973332,
                2.843288469314575,
                0
            ]
        ],
        "rag_oocmed_1": [
            [
                -0.6654502367973332,
                3.088628454208374,
                0
            ]
        ],
        "desk_ohjotf_0": [
            0.3927540183067322,
            -3.7821340560913086,
            4.395468235015869
        ]
    },
    "ontop": {
        "rag_oocmed_1": {
            "desk_ohjotf_0": [
                [
                    -0.762178361415863,
                    -4.5289483070373535,
                    0.6798864006996155
                ],
                [
                    -7.864921644795686e-05,
                    -0.00014495753566734493,
                    -0.08965852856636047,
                    0.9959725737571716
                ]
            ]
        }
    },
    "inside": {}
}