{
    "nextto": {
        "table_lamp_uzrovn_1": [
            [
                -1.969365800023079,
                -4.947228636741638,
                0
            ]
        ],
        "cherry_lkltpa_1": [
            [
                -1.969365800023079,
                -4.947228636741638,
                0
            ]
        ],
        "cooler_pnkiag_1": [
            [
                -0.7472302317619324,
                3.7428684139251707,
                0
            ]
        ]
    },
    "ontop": {},
    "inside": {
        "cherry_lkltpa_1": {
            "cooler_pnkiag_1": [
                [
                    0.933067798614502,
                    3.6956136226654053,
                    0.10054178535938263
                ],
                [
                    -0.533324658870697,
                    -0.1786310374736786,
                    -0.032809920608997345,
                    0.8261836171150208
                ]
            ]
        }
    }
}