{
    "nextto": {
        "eames_chair_hjzqdj_0": [
            [
                -4.186975359916688,
                0.04392747640609716,
                0
            ]
        ],
        "rag_oocmed_1": [
            [
                -4.186975359916688,
                0.04392747640609716,
                0
            ]
        ],
        "room_light_htznln_1": [
            -1.187882423400879,
            -0.31313785910606384,
            5.873600006103516
        ],
        "recreational_vehicle_doiucd_1": [
            -2.8941009044647217,
            1.5432236194610596,
            2.525362491607666
        ]
    },
    "ontop": {},
    "inside": {
        "rag_oocmed_1": {
            "recreational_vehicle_doiucd_1": [
                [
                    -0.3034748435020447,
                    0.05452728644013405,
                    1.6043864488601685
                ],
                [
                    0.007169869262725115,
                    -0.11254909634590149,
                    0.9883219599723816,
                    -0.10247460007667542
                ]
            ]
        }
    }
}