{
    "nextto": {
        "bench_sntjne_0": [
            [
                6.805214614868164,
                -24.324670429229737,
                0
            ]
        ],
        "rag_oocmed_1": [
            [
                6.805214614868164,
                -24.324670429229737,
                0
            ]
        ],
        "shelf_iwziew_1": [
            [
                9.166680917739868,
                -22.448897809982302,
                0
            ]
        ],
        "space_heater_kxzqpr_1": [
            [
                10.89340079307556,
                -21.903617849349978,
                0
            ]
        ]
    },
    "ontop": {
        "rag_oocmed_1": {
            "shelf_iwziew_1": [
                [
                    11.171563148498535,
                    -22.318439483642578,
                    0.5077382326126099
                ],
                [
                    2.9179830107750604e-07,
                    -4.726158522316837e-07,
                    -0.1400989592075348,
                    0.99013751745224
                ]
            ]
        }
    },
    "inside": {}
}