{
    "nextto": {
        "desk_sjugsf_0": [
            [
                -5.132353444099427,
                -1.7417866826057435,
                0
            ]
        ],
        "teacup_zdvgol_1": [
            [
                -5.132353444099427,
                -1.7417866826057435,
                0
            ]
        ],
        "mop_bucket_xjzyfc_1": [
            [
                -0.0804367589950561,
                -1.3991845440864563,
                0
            ]
        ]
    },
    "ontop": {},
    "inside": {
        "teacup_zdvgol_1": {
            "mop_bucket_xjzyfc_1": [
                [
                    0.22227033972740173,
                    -1.2086728811264038,
                    0.09481490403413773
                ],
                [
                    -0.019558021798729897,
                    -0.06103680282831192,
                    -0.019655924290418625,
                    0.9977503418922424
                ]
            ]
        }
    }
}