{
    "nextto": {
        "desk_sjugsf_0": [
            [
                -5.132353444099427,
                -1.3216186451911927,
                0
            ]
        ],
        "liquid_carton_ykfkyq_1": [
            [
                -5.132353444099427,
                -1.3216186451911927,
                0
            ]
        ],
        "cooler_pnkiag_1": [
            [
                -0.0804367589950561,
                -1.27530455827713,
                0
            ]
        ]
    },
    "ontop": {},
    "inside": {
        "liquid_carton_ykfkyq_1": {
            "cooler_pnkiag_1": [
                [
                    -0.2613682448863983,
                    -1.3608471155166626,
                    0.27081823348999023
                ],
                [
                    0.5852380990982056,
                    -0.7343075275421143,
                    -0.04814089834690094,
                    0.3405454456806183
                ]
            ]
        }
    }
}