{
    "nextto": {
        "coatrack_zypzqh_1": [
            [
                -0.5836702418327335,
                3.2521884441375732,
                0
            ]
        ],
        "rag_oocmed_1": [
            [
                -0.3383302569389346,
                3.2521884441375732,
                0
            ]
        ],
        "reception_desk_kjmhgc_1": [
            [
                -2.546390120983124,
                2.5979484844207765,
                0
            ]
        ],
        "urinal_pfzmpd_1": [
            [
                -2.8735101008415223,
                4.1517683887481684,
                0
            ]
        ]
    },
    "ontop": {
        "rag_oocmed_1": {
            "reception_desk_kjmhgc_1": [
                [
                    -0.364879846572876,
                    3.290133237838745,
                    0.8137001991271973
                ],
                [
                    -4.4810394683736376e-07,
                    2.343070377719414e-07,
                    -0.15937191247940063,
                    0.9872185587882996
                ]
            ]
        }
    },
    "inside": {}
}