{
    "nextto": {
        "green_onion_ljynzg_1": [
            [
                -1.3508411073684694,
                2.3548516821861267,
                1.5707963267948966
            ]
        ],
        "cooler_pnkiag_1": [
            [
                -4.186975359916688,
                -1.0064926171302797,
                0
            ]
        ],
        "radiator_lnvush_1": [
            [
                -2.2962191915512085,
                -2.161954720020294,
                0
            ]
        ]
    },
    "ontop": {},
    "inside": {
        "green_onion_ljynzg_1": {
            "cooler_pnkiag_1": [
                [
                    -3.365436553955078,
                    0.67307448387146,
                    0.1059531718492508
                ],
                [
                    0.08840746432542801,
                    -0.08392862975597382,
                    -0.09242112189531326,
                    0.9882299304008484
                ]
            ]
        }
    }
}