{
    "nextto": {
        "plate_qtfzeq_1": [
            [
                4.7862304687499995,
                -14.32763011932373,
                0
            ]
        ],
        "cooler_pnkiag_1": [
            [
                6.909926147460936,
                -5.832847404479981,
                0
            ]
        ],
        "grape_uprbwp_1": [
            [
                4.7862304687499995,
                -14.32763011932373,
                0
            ]
        ]
    },
    "ontop": {},
    "inside": {
        "grape_uprbwp_1": {
            "cooler_pnkiag_1": [
                [
                    8.682541847229004,
                    -5.122653961181641,
                    0.7571004033088684
                ],
                [
                    -0.4304467737674713,
                    0.3814048171043396,
                    0.29566606879234314,
                    0.7627761960029602
                ]
            ]
        }
    }
}