{
    "nextto": {
        "packing_box_cjhskr_1": [
            [
                7.6505244445800775,
                -23.197590656280518,
                0
            ]
        ],
        "cherry_lkltpa_1": [
            [
                7.706878433227539,
                -23.535714588165284,
                0
            ]
        ],
        "cooler_pnkiag_1": [
            [
                12.219165344238279,
                -15.3894779586792,
                0
            ]
        ]
    },
    "ontop": {},
    "inside": {
        "cherry_lkltpa_1": {
            "cooler_pnkiag_1": [
                [
                    14.098113059997559,
                    -14.912444114685059,
                    -641.8346557617188
                ],
                [
                    -2.6319175958633423e-06,
                    -2.164393663406372e-06,
                    -0.00033750757575035095,
                    0.9999999403953552
                ]
            ]
        }
    }
}