{
    "nextto": {
        "alarm_clock_cvknrh_1": [
            [
                0.7453462666273115,
                0.8700115060806276,
                0
            ]
        ],
        "reception_desk_kjmhgc_1": [
            [
                -0.9107902216911317,
                2.761508474349976,
                0
            ]
        ],
        "table_lamp_uzrovn_1": [
            -1.449503779411316,
            -3.7424824237823486,
            1.6946642398834229
        ]
    },
    "ontop": {
        "table_lamp_uzrovn_1": {
            "reception_desk_kjmhgc_1": [
                [
                    1.0414119958877563,
                    4.508671283721924,
                    1.1049753427505493
                ],
                [
                    -7.404692041745875e-07,
                    5.829402738299905e-08,
                    -0.02871810644865036,
                    0.9995874762535095
                ]
            ]
        }
    },
    "inside": {}
}