{
    "nextto": {
        "stockpot_gxiqbw_1": [
            [
                -14.707746295928956,
                -15.974917125701907,
                0
            ]
        ],
        "salmon_glrmfn_1": [
            [
                -14.707746295928956,
                -15.974917125701907,
                0
            ]
        ],
        "cooler_pnkiag_1": [
            [
                6.909926147460936,
                -5.832847404479981,
                0
            ]
        ]
    },
    "ontop": {},
    "inside": {
        "salmon_glrmfn_1": {
            "cooler_pnkiag_1": [
                [
                    8.59424114227295,
                    -4.882087230682373,
                    0.7262706160545349
                ],
                [
                    -0.0006891352240927517,
                    0.0035569353494793177,
                    -0.0077851009555161,
                    0.9999631643295288
                ]
            ]
        }
    }
}