{
    "nextto": {
        "space_heater_kxzqpr_1": [
            [
                -3.5567233037948607,
                -1.8468286919593813,
                0
            ]
        ],
        "recycling_bin_duugbb_1": [
            [
                -0.0804367589950561,
                -2.235374448299408,
                0
            ]
        ]
    },
    "ontop": {},
    "inside": {}
}