{
    "nextto": {
        "desk_sjugsf_0": [
            [
                -5.132353444099427,
                -2.161954720020294,
                0
            ]
        ],
        "laptop_sngiih_1": [
            [
                -5.132353444099427,
                -2.161954720020294,
                0
            ]
        ],
        "bed_mykwrc_0": [
            [
                -0.6155470418930055,
                -1.3216186451911927,
                0
            ]
        ],
        "notebook_aanuhi_1": [
            [
                -0.6155470418930055,
                -1.3216186451911927,
                0
            ]
        ]
    },
    "ontop": {
        "notebook_aanuhi_1": {
            "desk_sjugsf_0": [
                [
                    -4.98860502243042,
                    -0.08322052657604218,
                    0.8585377335548401
                ],
                [
                    2.407700776529964e-07,
                    3.46483034263656e-07,
                    -0.0054894364438951015,
                    0.999984860420227
                ]
            ]
        }
    },
    "inside": {}
}