{
    "nextto": {
        "drying_rack_rygebd_1": [
            [
                -3.4459700655937193,
                3.088628454208374,
                0
            ]
        ],
        "rag_oocmed_1": [
            [
                -3.4459700655937193,
                3.7428684139251707,
                0
            ]
        ],
        "clothes_dryer_smcyys_1": [
            [
                -0.4181017619371415,
                -3.686826605796814,
                0
            ]
        ]
    },
    "ontop": {},
    "inside": {
        "rag_oocmed_1": {
            "clothes_dryer_smcyys_1": [
                [
                    1.2146544456481934,
                    -2.699861764907837,
                    0.034109290689229965
                ],
                [
                    -0.007332938257604837,
                    -0.009626918472349644,
                    -0.029151471331715584,
                    0.9995017647743225
                ]
            ]
        }
    }
}