{
    "nextto": {
        "alarm_clock_cvknrh_1": [
            [
                -1.0357150793075565,
                2.3548516821861267,
                1.5707963267948966
            ]
        ],
        "desk_phone_kpxrpb_1": [
            [
                -1.1407570886611944,
                2.3548516821861267,
                1.5707963267948966
            ]
        ],
        "space_heater_kxzqpr_1": [
            [
                -2.1911771821975705,
                -1.8468286919593813,
                0
            ]
        ],
        "cabinet_base_dcmhhh_1": [
            [
                -2.086135172843933,
                -2.0569127106666563,
                0
            ]
        ]
    },
    "ontop": {
        "desk_phone_kpxrpb_1": {
            "cabinet_base_dcmhhh_1": [
                [
                    -0.5306501388549805,
                    -1.6309854984283447,
                    0.5046894550323486
                ],
                [
                    0.015429724007844925,
                    0.051232513040304184,
                    0.3785571753978729,
                    0.9240301251411438
                ]
            ]
        }
    },
    "inside": {}
}