{
    "nextto": {
        "pedestal_table_oqclwq_1": [
            [
                -1.969365800023079,
                1.4517355203628541,
                0
            ]
        ],
        "digital_camera_yptdmt_1": [
            [
                -1.969365800023079,
                1.4517355203628541,
                0
            ]
        ],
        "straight_chair_gxzrim_1": [
            [
                -1.969365800023079,
                -5.238090643882751,
                0
            ]
        ],
        "backpack_gvbiwl_1": [
            [
                -1.969365800023079,
                -5.238090643882751,
                0
            ]
        ]
    },
    "ontop": {},
    "inside": {
        "digital_camera_yptdmt_1": {
            "backpack_gvbiwl_1": [
                [
                    -0.5800922513008118,
                    -5.125648021697998,
                    1.0460619926452637
                ],
                [
                    0.3484865725040436,
                    -0.9186199307441711,
                    0.1567634493112564,
                    -0.10059552639722824
                ]
            ]
        }
    }
}