{
    "nextto": {
        "cooler_pnkiag_1": [
            [
                7.030630569458007,
                -25.22633424758911,
                0
            ]
        ],
        "banana_znakxm_1": [
            [
                7.030630569458007,
                -25.22633424758911,
                0
            ]
        ],
        "mixing_bowl_deudkt_1": [
            [
                15.028131918907166,
                -8.221176505088806,
                0
            ]
        ],
        "exercise_bike_eponae_1": [
            -18.408952713012695,
            -21.884431838989258,
            6.0750322341918945
        ]
    },
    "ontop": {},
    "inside": {
        "banana_znakxm_1": {
            "mixing_bowl_deudkt_1": [
                [
                    16.558324813842773,
                    -8.61612606048584,
                    0.9306403398513794
                ],
                [
                    0.5873526334762573,
                    0.7052116990089417,
                    0.2088891863822937,
                    0.33772584795951843
                ]
            ]
        }
    }
}