{
    "nextto": {
        "desk_ohjotf_0": [
            [
                -1.969365800023079,
                -5.238090643882751,
                0
            ]
        ],
        "laptop_sngiih_1": [
            [
                -1.969365800023079,
                -5.238090643882751,
                0
            ]
        ],
        "shelf_iwziew_1": [
            [
                -0.902871773838997,
                -5.238090643882751,
                0
            ]
        ],
        "notebook_aanuhi_1": [
            [
                -0.4181017619371415,
                -5.238090643882751,
                0
            ]
        ]
    },
    "ontop": {
        "notebook_aanuhi_1": {
            "desk_ohjotf_0": [
                [
                    0.20111766457557678,
                    -4.430276870727539,
                    0.7182635068893433
                ],
                [
                    -4.514691681833938e-05,
                    -0.00016552220040466636,
                    -0.0046155089512467384,
                    0.9999893307685852
                ]
            ]
        },
        "laptop_sngiih_1": {
            "desk_ohjotf_0": [
                [
                    -0.8641293048858643,
                    -4.495273590087891,
                    0.6874979734420776
                ],
                [
                    -0.0008034540805965662,
                    -0.0010235565714538097,
                    -0.20541584491729736,
                    0.9786739349365234
                ]
            ]
        }
    },
    "inside": {}
}