{
    "nextto": {
        "spirit_lamp_dnyzym_1": [
            [
                11.347800760269164,
                -20.540417947769164,
                0
            ]
        ],
        "bench_nokayw_1": [
            [
                9.166680917739868,
                -22.448897809982302,
                0
            ]
        ],
        "wicker_basket_unasxd_1": [
            [
                6.805214614868164,
                -23.87383852005005,
                0
            ]
        ],
        "water_bottle_ackxiy_1": [
            [
                6.805214614868164,
                -23.87383852005005,
                0
            ]
        ]
    },
    "ontop": {
        "water_bottle_ackxiy_1": {
            "bench_nokayw_1": [
                [
                    -0.8314844369888306,
                    8.681427001953125,
                    -767.4208374023438
                ],
                [
                    9.313225746154785e-10,
                    -2.3283064365386963e-10,
                    0.08687280863523483,
                    0.9962193965911865
                ]
            ]
        }
    },
    "inside": {}
}