{
    "nextto": {
        "desk_ohjotf_0": [
            [
                -1.969365800023079,
                -5.238090643882751,
                0
            ]
        ],
        "router_tokdic_1": [
            [
                -1.969365800023079,
                -5.238090643882751,
                0
            ]
        ],
        "shelf_iwziew_1": [
            [
                -1.969365800023079,
                1.4517355203628541,
                0
            ]
        ],
        "vase_kjeudr_1": [
            [
                -1.969365800023079,
                1.4517355203628541,
                0
            ]
        ],
        "table_lamp_uzrovn_1": [
            -1.3854886293411255,
            -3.7926177978515625,
            3.2165863513946533
        ]
    },
    "ontop": {
        "vase_kjeudr_1": {
            "table_lamp_uzrovn_1": [
                [
                    -1.020310878753662,
                    -3.921820878982544,
                    0.38109922409057617
                ],
                [
                    0.0005764553789049387,
                    -0.0002472538617439568,
                    -0.0070779281668365,
                    0.99997478723526
                ]
            ]
        }
    },
    "inside": {}
}