{
    "nextto": {
        "reception_desk_kjmhgc_1": [
            [
                4.894098520278931,
                -1.1604827189445495,
                0
            ]
        ],
        "pepperoni_xcurfr_1": [
            [
                4.894098520278931,
                -1.1604827189445495,
                0
            ]
        ],
        "cooler_pnkiag_1": [
            [
                22.644689273834228,
                -1.612972557544708,
                0
            ]
        ],
        "thermostat_jophec_1": [
            [
                16.439645643234254,
                0.2039617276191715,
                0
            ]
        ]
    },
    "ontop": {},
    "inside": {
        "pepperoni_xcurfr_1": {
            "cooler_pnkiag_1": [
                [
                    23.365306854248047,
                    0.04431727156043053,
                    0.07770387828350067
                ],
                [
                    0.03314698487520218,
                    0.014033236540853977,
                    -0.003937367349863052,
                    0.9993441700935364
                ]
            ]
        }
    }
}