{
    "nextto": {
        "reception_desk_kjmhgc_1": [
            [
                4.121088628768921,
                1.5879968953132628,
                0
            ]
        ],
        "potato_ljfitc_1": [
            [
                4.292868604660034,
                1.5879968953132628,
                0
            ]
        ],
        "mug_fapsrj_1": [
            [
                4.121088628768921,
                1.5879968953132628,
                0
            ]
        ],
        "stove_mjvqii_0": [
            [
                4.894098520278931,
                -1.1604827189445495,
                0
            ]
        ],
        "saucepot_uvzmss_1": [
            [
                4.894098520278931,
                -1.1604827189445495,
                0
            ]
        ],
        "coffee_maker_fwlabx_1": [
            [
                4.121088628768921,
                1.5879968953132628,
                0
            ]
        ]
    },
    "ontop": {
        "potato_ljfitc_1": {
            "stove_mjvqii_0": [
                [
                    3.9914963245391846,
                    -0.3423923850059509,
                    0.966617226600647
                ],
                [
                    0.09439601004123688,
                    -0.3580048382282257,
                    -0.0006041806191205978,
                    0.9289357662200928
                ]
            ]
        }
    },
    "inside": {
        "potato_ljfitc_1": {
            "saucepot_uvzmss_1": [
                [
                    4.215866565704346,
                    -0.7560433149337769,
                    0.9783486127853394
                ],
                [
                    0.097598597407341,
                    -0.36776113510131836,
                    0.006746528670191765,
                    0.9247598648071289
                ]
            ],
            "coffee_maker_fwlabx_1": [
                [
                    4.334099292755127,
                    0.9269000887870789,
                    1.276328444480896
                ],
                [
                    -0.31481117010116577,
                    -0.8351089358329773,
                    0.4235183596611023,
                    -0.155303493142128
                ]
            ]
        },
        "mug_fapsrj_1": {
            "coffee_maker_fwlabx_1": [
                [
                    4.4022088050842285,
                    0.938553512096405,
                    1.2206246852874756
                ],
                [
                    0.044452473521232605,
                    0.018069861456751823,
                    -0.027770839631557465,
                    0.998461902141571
                ]
            ]
        }
    }
}