{
    "nextto": {
        "reception_desk_kjmhgc_1": [
            [
                4.121088628768921,
                1.5879968953132628,
                0
            ]
        ],
        "tenderloin_gbyqap_1": [
            [
                4.121088628768921,
                1.5879968953132628,
                0
            ]
        ],
        "stove_mjvqii_0": [
            4.065407752990723,
            2.3097445964813232,
            1.3475145101547241
        ],
        "breakfast_table_rhjoby_0": [
            7.3767900466918945,
            4.5908613204956055,
            2.0528340339660645
        ]
    },
    "ontop": {
        "tenderloin_gbyqap_1": {
            "breakfast_table_rhjoby_0": [
                [
                    6.94437837600708,
                    3.1391570568084717,
                    0.814285397529602
                ],
                [
                    -0.008069183677434921,
                    0.009732912294566631,
                    -0.026028228923678398,
                    0.9995812177658081
                ]
            ],
            "stove_mjvqii_0": [
                [
                    4.299705505371094,
                    -0.8363721966743469,
                    0.9628150463104248
                ],
                [
                    0.022151023149490356,
                    0.038747694343328476,
                    -0.019136233255267143,
                    0.9988201260566711
                ]
            ]
        }
    },
    "inside": {}
}