{
    "nextto": {
        "breakfast_table_rhjoby_0": [
            [
                5.839003624916076,
                4.418852648735046,
                0
            ]
        ],
        "garlic_bread_kjhxsq_1": [
            [
                5.839003624916076,
                4.418852648735046,
                0
            ]
        ],
        "cooler_pnkiag_1": [
            [
                6.096558351516723,
                -1.0745927309989929,
                0
            ]
        ]
    },
    "ontop": {},
    "inside": {
        "garlic_bread_kjhxsq_1": {
            "cooler_pnkiag_1": [
                [
                    8.187177658081055,
                    -0.720988929271698,
                    0.0984283909201622
                ],
                [
                    0.0008361143991351128,
                    0.02570968121290207,
                    -0.10554749518632889,
                    0.9940815567970276
                ]
            ]
        }
    }
}