{
    "nextto": {
        "reception_desk_kjmhgc_1": [
            [
                4.121088628768921,
                1.5879968953132628,
                0
            ]
        ],
        "rutabaga_qpwfps_1": [
            [
                4.894098520278931,
                -1.1604827189445495,
                0
            ]
        ],
        "stove_mjvqii_0": [
            [
                4.894098520278931,
                -1.1604827189445495,
                0
            ]
        ],
        "stockpot_gxiqbw_1": [
            [
                4.894098520278931,
                -1.1604827189445495,
                0
            ]
        ]
    },
    "ontop": {
        "rutabaga_qpwfps_1": {
            "stove_mjvqii_0": [
                [
                    4.227967262268066,
                    -0.8235937356948853,
                    0.9858397245407104
                ],
                [
                    0.028964580968022346,
                    -0.003253406146541238,
                    -0.027516962960362434,
                    0.9991963505744934
                ]
            ]
        }
    },
    "inside": {
        "rutabaga_qpwfps_1": {
            "stockpot_gxiqbw_1": [
                [
                    4.139604091644287,
                    -0.37263473868370056,
                    0.9991586804389954
                ],
                [
                    0.026763716712594032,
                    -0.00432892981916666,
                    -0.022718394175171852,
                    0.999374270439148
                ]
            ]
        }
    }
}