{
    "nextto": {
        "reception_desk_kjmhgc_1": [
            [
                4.121088628768921,
                1.5879968953132628,
                0
            ]
        ],
        "bacon_ioogif_1": [
            [
                4.121088628768921,
                1.5879968953132628,
                0
            ]
        ],
        "hutch_vsqsuy_1": [
            [
                4.292868604660034,
                1.5879968953132628,
                0
            ]
        ],
        "wineglass_vxmzmq_1": [
            [
                4.722318544387817,
                1.502106907367706,
                1.5707963267948966
            ]
        ],
        "stove_mjvqii_0": [
            3.608743190765381,
            -3.3628830909729004,
            5.671168327331543
        ],
        "breakfast_table_rhjoby_0": [
            7.687274932861328,
            2.1744210720062256,
            1.43202543258667
        ]
    },
    "ontop": {
        "bacon_ioogif_1": {
            "breakfast_table_rhjoby_0": [
                [
                    6.8398308753967285,
                    3.4454753398895264,
                    0.7937381863594055
                ],
                [
                    -0.022503118962049484,
                    -0.0779414102435112,
                    -0.033203840255737305,
                    0.9961507320404053
                ]
            ],
            "stove_mjvqii_0": [
                [
                    4.110289573669434,
                    -0.5666123032569885,
                    0.9449397325515747
                ],
                [
                    -0.020778905600309372,
                    -0.055170536041259766,
                    -0.024059107527136803,
                    0.9979706406593323
                ]
            ]
        },
        "wineglass_vxmzmq_1": {
            "breakfast_table_rhjoby_0": [
                [
                    6.287843227386475,
                    3.148221015930176,
                    0.8857347965240479
                ],
                [
                    -0.00017959470278583467,
                    9.97638562694192e-06,
                    -0.011410299688577652,
                    0.9999348521232605
                ]
            ]
        }
    },
    "inside": {}
}