{
    "nextto": {
        "reception_desk_kjmhgc_1": [
            [
                4.121088628768921,
                1.5879968953132628,
                0
            ]
        ],
        "bread_slice_yedlgq_1": [
            [
                4.121088628768921,
                1.5879968953132628,
                0
            ]
        ],
        "toaster_oven_ctrngh_1": [
            [
                4.121088628768921,
                1.5879968953132628,
                0
            ]
        ]
    },
    "ontop": {},
    "inside": {
        "bread_slice_yedlgq_1": {
            "toaster_oven_ctrngh_1": [
                [
                    4.177667617797852,
                    0.46676433086395264,
                    1.023541808128357
                ],
                [
                    0.0016648666933178902,
                    0.0376565083861351,
                    -0.03141796588897705,
                    0.9987954497337341
                ]
            ]
        }
    }
}