{
    "nextto": {
        "reception_desk_kjmhgc_1": [
            [
                4.121088628768921,
                1.5879968953132628,
                0
            ]
        ],
        "buttermilk_pancake_ogghhf_1": [
            [
                4.292868604660034,
                1.5879968953132628,
                0
            ]
        ],
        "microwave_abzvij_1": [
            [
                4.121088628768921,
                1.5879968953132628,
                0
            ]
        ]
    },
    "ontop": {},
    "inside": {
        "buttermilk_pancake_ogghhf_1": {
            "microwave_abzvij_1": [
                [
                    4.277073383331299,
                    0.9315595030784607,
                    1.009915828704834
                ],
                [
                    -0.010147436521947384,
                    -0.0074736690148711205,
                    -0.019503694027662277,
                    0.9997304677963257
                ]
            ]
        }
    }
}