{
    "nextto": {
        "countertop_rkgjer_0": [
            [
                4.979988508224487,
                -1.1604827189445495,
                0
            ]
        ],
        "virginia_ham_jqfkdb_1": [
            [
                4.979988508224487,
                -1.1604827189445495,
                0
            ]
        ],
        "breakfast_table_rhjoby_0": [
            [
                6.635043606758117,
                2.201312699317932,
                0
            ]
        ],
        "platter_ekjpdj_1": [
            [
                6.635043606758117,
                2.201312699317932,
                0
            ]
        ],
        "oven_ffitak_0": [
            10.021695137023926,
            -2.046983003616333,
            4.363534450531006
        ]
    },
    "ontop": {
        "virginia_ham_jqfkdb_1": {
            "platter_ekjpdj_1": [
                [
                    7.745387554168701,
                    3.4165029525756836,
                    0.8706271648406982
                ],
                [
                    -0.001192145049571991,
                    -0.027612047269940376,
                    0.6246841549873352,
                    0.7803881168365479
                ]
            ]
        }
    },
    "inside": {
        "virginia_ham_jqfkdb_1": {
            "oven_ffitak_0": [
                [
                    7.745387554168701,
                    3.4165029525756836,
                    0.8706271648406982
                ],
                [
                    -0.001192145049571991,
                    -0.027612047269940376,
                    0.6246841549873352,
                    0.7803881168365479
                ]
            ]
        }
    }
}