{
    "nextto": {
        "reception_desk_kjmhgc_1": [
            [
                -4.031766901016236,
                4.5107902240753175,
                0
            ]
        ],
        "vidalia_onion_ldeuli_1": [
            [
                -2.8587672328948974,
                4.27619029045105,
                0
            ]
        ],
        "cooler_pnkiag_1": [
            -0.2662544250488281,
            -0.927956223487854,
            2.152322769165039
        ]
    },
    "ontop": {},
    "inside": {
        "vidalia_onion_ldeuli_1": {
            "cooler_pnkiag_1": [
                [
                    0.18197302520275116,
                    -0.09347596019506454,
                    0.138449028134346
                ],
                [
                    1.4302495401352644e-05,
                    -0.2752462923526764,
                    0.003246888518333435,
                    0.9613682627677917
                ]
            ]
        }
    }
}