{
    "nextto": {
        "reception_desk_kjmhgc_1": [
            [
                -4.389185943603516,
                6.906093063354493,
                0
            ]
        ],
        "ramen_ofnvor_1": [
            [
                -4.389185943603516,
                5.53514144897461,
                0
            ]
        ],
        "pressure_cooker_otyngn_1": [
            [
                -4.811787528991699,
                1.2706284427642824,
                0
            ]
        ]
    },
    "ontop": {},
    "inside": {
        "ramen_ofnvor_1": {
            "pressure_cooker_otyngn_1": [
                [
                    -4.030632019042969,
                    2.7807533740997314,
                    1.0884499549865723
                ],
                [
                    0.0005739058833569288,
                    -0.0009969673119485378,
                    -0.021908173337578773,
                    0.999759316444397
                ]
            ]
        }
    }
}