{
    "nextto": {
        "console_table_tzkfqa_1": [
            [
                -2.4244689369201664,
                9.0382901763916,
                0
            ]
        ],
        "desk_phone_kpxrpb_1": [
            [
                -2.4244689369201664,
                9.0382901763916,
                0
            ]
        ],
        "coffee_table_gcollb_0": [
            3.543903112411499,
            0.2893962562084198,
            1.1160643100738525
        ]
    },
    "ontop": {
        "desk_phone_kpxrpb_1": {
            "coffee_table_gcollb_0": [
                [
                    2.9463634490966797,
                    0.7512189149856567,
                    0.4966171383857727
                ],
                [
                    2.372567541897297e-05,
                    6.1291859310586e-05,
                    -0.4153628349304199,
                    0.9096558094024658
                ]
            ]
        }
    },
    "inside": {}
}