{
    "nextto": {
        "shelf_njwsoa_2": [
            [
                1.6565945988893502,
                5.692028565406799,
                0
            ]
        ],
        "carton_hhlmbi_1": [
            [
                1.6565945988893502,
                5.692028565406799,
                0
            ]
        ],
        "breakfast_table_uhrsex_0": [
            -3.7228524684906006,
            3.7595419883728027,
            4.135982513427734
        ],
        "ceiling_fan_xtmacj_1": [
            1.0314242839813232,
            0.6646575331687927,
            4.535678863525391
        ]
    },
    "ontop": {
        "carton_hhlmbi_1": {
            "breakfast_table_uhrsex_0": [
                [
                    -3.7401857376098633,
                    2.9256865978240967,
                    1.03574538230896
                ],
                [
                    0.00589655339717865,
                    -0.00032406457467004657,
                    -0.08948563784360886,
                    0.9959705471992493
                ]
            ]
        }
    },
    "inside": {}
}