{
    "nextto": {
        "shelf_iwziew_1": [
            [
                0.5077948522567749,
                5.342340703010559,
                0
            ]
        ],
        "carton_hhlmbi_1": [
            [
                0.5077948522567749,
                5.342340703010559,
                0
            ]
        ],
        "breakfast_table_uhrsex_0": [
            -2.427704334259033,
            2.9884085655212402,
            4.605848789215088
        ],
        "dishwasher_dngvvi_0": [
            -5.619509220123291,
            5.6765055656433105,
            6.252719402313232
        ]
    },
    "ontop": {
        "carton_hhlmbi_1": {
            "breakfast_table_uhrsex_0": [
                [
                    -2.480027675628662,
                    1.923496961593628,
                    0.8218579292297363
                ],
                [
                    -2.797687193378806e-05,
                    -1.7991987988352776e-05,
                    -0.06785763055086136,
                    0.9976950883865356
                ]
            ]
        }
    },
    "inside": {}
}