{
    "nextto": {
        "breakfast_table_uhrsex_0": [
            [
                -4.811787528991699,
                1.2706284427642824,
                0
            ]
        ],
        "tea_bag_kmvcrb_1": [
            [
                -4.811787528991699,
                2.1070283603668214,
                0
            ]
        ],
        "coffee_maker_fwlabx_1": [
            [
                -4.811787528991699,
                1.2706284427642824,
                0
            ]
        ],
        "reception_desk_kjmhgc_1": [
            [
                -2.967458343505859,
                6.804541091918946,
                0
            ]
        ],
        "teacup_zdvgol_1": [
            [
                -2.5104744720458982,
                5.230485534667969,
                0
            ]
        ]
    },
    "ontop": {},
    "inside": {
        "tea_bag_kmvcrb_1": {
            "teacup_zdvgol_1": [
                [
                    -1.0155012607574463,
                    5.579220771789551,
                    1.0307542085647583
                ],
                [
                    0.10265947133302689,
                    0.19173507392406464,
                    -0.797027051448822,
                    0.5634238719940186
                ]
            ]
        }
    }
}