{
    "nextto": {
        "reception_desk_kjmhgc_1": [
            [
                -3.9535669231414796,
                4.5107902240753175,
                0
            ]
        ],
        "bagel_zlxkry_1": [
            [
                -3.4061670780181887,
                4.7453901576995845,
                0
            ]
        ],
        "toaster_kjwqav_1": [
            [
                -4.109966878890991,
                4.5107902240753175,
                0
            ]
        ],
        "breakfast_table_uhrsex_0": [
            -0.7208120822906494,
            1.6906877756118774,
            4.033843994140625
        ]
    },
    "ontop": {
        "bagel_zlxkry_1": {
            "breakfast_table_uhrsex_0": [
                [
                    -2.026624917984009,
                    2.1889703273773193,
                    0.8079677224159241
                ],
                [
                    -0.001786602195352316,
                    -0.00037316977977752686,
                    -0.06549671292304993,
                    0.9978510737419128
                ]
            ]
        }
    },
    "inside": {
        "bagel_zlxkry_1": {
            "toaster_kjwqav_1": [
                [
                    -2.026624917984009,
                    2.1889703273773193,
                    0.8079677224159241
                ],
                [
                    -0.001786602195352316,
                    -0.00037316977977752686,
                    -0.06549671292304993,
                    0.9978510737419128
                ]
            ]
        }
    }
}