{
    "nextto": {
        "shelf_iwziew_1": [
            [
                0.5487948560714722,
                6.449340806007386,
                0
            ]
        ],
        "carton_hhlmbi_1": [
            [
                0.5487948560714722,
                6.38784080028534,
                0
            ]
        ],
        "turkey_leg_bqugmh_1": [
            [
                0.5487948560714722,
                6.38784080028534,
                0
            ]
        ],
        "microwave_abzvij_1": [
            [
                -4.735566701889039,
                6.465789670944213,
                0
            ]
        ],
        "reception_desk_kjmhgc_1": [
            [
                -3.9535669231414796,
                6.231189737319945,
                0
            ]
        ]
    },
    "ontop": {
        "turkey_leg_bqugmh_1": {
            "reception_desk_kjmhgc_1": [
                [
                    -1.628925085067749,
                    5.9221272468566895,
                    1.0813817977905273
                ],
                [
                    0.12607517838478088,
                    -0.6186607480049133,
                    0.19392165541648865,
                    0.7508384585380554
                ]
            ]
        }
    },
    "inside": {
        "turkey_leg_bqugmh_1": {
            "microwave_abzvij_1": [
                [
                    -4.915307521820068,
                    5.67318058013916,
                    1.092734932899475
                ],
                [
                    0.03873174637556076,
                    -0.14590370655059814,
                    -0.02707674354314804,
                    0.9881694316864014
                ]
            ]
        }
    }
}