{
    "nextto": {
        "router_tokdic_1": [
            [
                -1.312087938785553,
                0.6884273290634157,
                0
            ]
        ],
        "cabinet_base_dcmhhh_1": [
            [
                -4.389185943603516,
                5.53514144897461,
                0
            ]
        ],
        "tupperware_mkstwr_1": [
            [
                -4.389185943603516,
                5.53514144897461,
                0
            ]
        ],
        "stand_dbskvf_1": [
            -0.9015211462974548,
            -7.087943077087402,
            0.46282339096069336
        ],
        "breakfast_table_uhrsex_0": [
            -5.276688575744629,
            2.930535078048706,
            5.838839530944824
        ]
    },
    "ontop": {
        "tupperware_mkstwr_1": {
            "breakfast_table_uhrsex_0": [
                [
                    -4.079357147216797,
                    2.580763339996338,
                    1.0643976926803589
                ],
                [
                    -7.475796155631542e-05,
                    -5.63270878046751e-05,
                    -0.09039697051048279,
                    0.9959058165550232
                ]
            ]
        }
    },
    "inside": {}
}