{
    "nextto": {
        "breakfast_table_uhrsex_0": [
            [
                -4.811787528991699,
                1.4100284290313723,
                0
            ]
        ],
        "bread_slice_yedlgq_1": [
            [
                -4.811787528991699,
                1.549428415298462,
                0
            ]
        ],
        "plate_qtfzeq_1": [
            [
                -4.811787528991699,
                1.7585283946990968,
                0
            ]
        ],
        "microwave_abzvij_1": [
            [
                -3.138987693786621,
                4.267728147506714,
                0
            ]
        ]
    },
    "ontop": {
        "bread_slice_yedlgq_1": {
            "plate_qtfzeq_1": [
                [
                    -3.6804773807525635,
                    2.931299924850464,
                    1.0138674974441528
                ],
                [
                    -0.0011871987953782082,
                    0.03840579465031624,
                    0.03801592439413071,
                    0.9985381960868835
                ]
            ]
        }
    },
    "inside": {
        "bread_slice_yedlgq_1": {
            "microwave_abzvij_1": [
                [
                    -3.8399391174316406,
                    4.490439414978027,
                    0.08722607791423798
                ],
                [
                    0.0023216893896460533,
                    0.0372895784676075,
                    -0.0467696338891983,
                    0.9982067942619324
                ]
            ]
        }
    }
}