{
    "nextto": {
        "reception_desk_kjmhgc_1": [
            [
                -3.9535669231414796,
                6.387589693069457,
                0
            ]
        ],
        "lime_iwjcjp_1": [
            [
                -2.780567255020142,
                6.700389604568481,
                0
            ]
        ],
        "burner_lfyqat_1": [
            [
                -4.109966878890991,
                4.588990201950073,
                0
            ]
        ],
        "tupperware_mkstwr_1": [
            [
                -3.4750177478790283,
                3.024140338897705,
                0
            ]
        ]
    },
    "ontop": {
        "lime_iwjcjp_1": {
            "burner_lfyqat_1": [
                [
                    -2.0973775386810303,
                    2.2083609104156494,
                    0.8226942420005798
                ],
                [
                    -0.1895454227924347,
                    -0.21907952427864075,
                    -0.02924959361553192,
                    0.9566720128059387
                ]
            ]
        }
    },
    "inside": {
        "lime_iwjcjp_1": {
            "tupperware_mkstwr_1": [
                [
                    -2.0973775386810303,
                    2.2083609104156494,
                    0.8226942420005798
                ],
                [
                    -0.1895454227924347,
                    -0.21907952427864075,
                    -0.02924959361553192,
                    0.9566720128059387
                ]
            ]
        }
    }
}