{
    "nextto": {
        "reception_desk_kjmhgc_1": [
            [
                -4.109966878890991,
                6.465789670944213,
                0
            ]
        ],
        "kale_kjyfdx_1": [
            [
                -3.7189669895172117,
                7.013189516067505,
                0
            ]
        ],
        "shelf_njwsoa_0": [
            [
                -2.2331674098968506,
                4.197990312576294,
                0
            ]
        ],
        "mug_fapsrj_1": [
            [
                -2.2331674098968506,
                4.197990312576294,
                0
            ]
        ],
        "electric_cauldron_qmdgct_1": [
            [
                -4.500966768264771,
                6.465789670944213,
                0
            ]
        ],
        "pedestal_table_oqclwq_1": [
            [
                -4.867317571640014,
                0.43844066619873046,
                0
            ]
        ]
    },
    "ontop": {
        "mug_fapsrj_1": {
            "pedestal_table_oqclwq_1": [
                [
                    -4.412955284118652,
                    1.6543365716934204,
                    0.5063415169715881
                ],
                [
                    -1.4624674804508686e-06,
                    -1.475739736633841e-06,
                    -0.015200105495750904,
                    0.9998844265937805
                ]
            ]
        }
    },
    "inside": {
        "kale_kjyfdx_1": {
            "electric_cauldron_qmdgct_1": [
                [
                    -2.9294703006744385,
                    4.52903938293457,
                    0.8911446332931519
                ],
                [
                    0.7319380044937134,
                    -0.2969869375228882,
                    -0.6004471778869629,
                    0.12461358308792114
                ]
            ]
        }
    }
}