{
    "nextto": {
        "reception_desk_kjmhgc_1": [
            [
                -4.735566701889039,
                6.465789670944213,
                0
            ]
        ],
        "salad_nffvob_1": [
            [
                -4.735566701889039,
                6.465789670944213,
                0
            ]
        ],
        "hutch_vsqsuy_1": [
            [
                -3.5625670337677002,
                4.5107902240753175,
                0
            ]
        ],
        "bowl_cypjlv_1": [
            [
                -3.4061670780181887,
                4.5107902240753175,
                0
            ]
        ],
        "electric_cauldron_qmdgct_1": [
            [
                -4.109966878890991,
                4.5107902240753175,
                0
            ]
        ],
        "breakfast_table_uhrsex_0": [
            -4.225406646728516,
            2.9206624031066895,
            6.054311275482178
        ]
    },
    "ontop": {
        "bowl_cypjlv_1": {
            "breakfast_table_uhrsex_0": [
                [
                    -3.6422390937805176,
                    1.7912518978118896,
                    0.8640267252922058
                ],
                [
                    -0.00014940835535526276,
                    -0.00014816736802458763,
                    -0.09085463732481003,
                    0.9958642721176147
                ]
            ]
        }
    },
    "inside": {
        "salad_nffvob_1": {
            "bowl_cypjlv_1": [
                [
                    -3.6627395153045654,
                    1.7682691812515259,
                    0.8729915022850037
                ],
                [
                    -0.3501540422439575,
                    0.051151178777217865,
                    -0.653366208076477,
                    0.6692445278167725
                ]
            ],
            "electric_cauldron_qmdgct_1": [
                [
                    -2.6799185276031494,
                    5.010909557342529,
                    0.40106603503227234
                ],
                [
                    -0.008399548940360546,
                    -0.0017067287117242813,
                    -0.0063621485605835915,
                    0.99994295835495
                ]
            ]
        }
    }
}