{
    "nextto": {
        "reception_desk_kjmhgc_1": [
            [
                -3.9535669231414796,
                6.309389715194702,
                0
            ]
        ],
        "chicken_leg_nhfiuh_1": [
            [
                -2.780567255020142,
                6.700389604568481,
                0
            ]
        ],
        "stove_kfhkqp_1": [
            [
                -4.109966878890991,
                4.8235901355743405,
                0
            ]
        ],
        "breakfast_table_uhrsex_0": [
            [
                -4.867317571640014,
                1.1677405738830569,
                0
            ]
        ],
        "stockpot_gxiqbw_1": [
            [
                -4.867317571640014,
                1.1677405738830569,
                0
            ]
        ]
    },
    "ontop": {
        "chicken_leg_nhfiuh_1": {
            "stove_kfhkqp_1": [
                [
                    -3.3721187114715576,
                    1.9579623937606812,
                    0.8114786744117737
                ],
                [
                    -0.01703101210296154,
                    0.012013931758701801,
                    -0.009051622822880745,
                    0.9997418522834778
                ]
            ]
        }
    },
    "inside": {
        "chicken_leg_nhfiuh_1": {
            "stockpot_gxiqbw_1": [
                [
                    -3.3721187114715576,
                    1.9579623937606812,
                    0.8114786744117737
                ],
                [
                    -0.01703101210296154,
                    0.012013931758701801,
                    -0.009051622822880745,
                    0.9997418522834778
                ]
            ]
        }
    }
}