{
    "nextto": {
        "carton_hhlmbi_1": [
            [
                1.6697059106826782,
                -1.225161271095276,
                0
            ]
        ],
        "durian_mttfyh_1": [
            [
                1.6697059106826782,
                -1.225161271095276,
                0
            ]
        ],
        "cooler_pnkiag_1": [
            [
                1.2081945973634718,
                6.140428566932678,
                0
            ]
        ]
    },
    "ontop": {},
    "inside": {
        "durian_mttfyh_1": {
            "cooler_pnkiag_1": [
                [
                    3.4921257495880127,
                    6.415812015533447,
                    0.15515685081481934
                ],
                [
                    -0.3632349967956543,
                    0.16854983568191528,
                    -0.06539182364940643,
                    0.9139885902404785
                ]
            ]
        }
    }
}