{
    "nextto": {
        "coffee_table_gcollb_0": [
            [
                1.0862458944320679,
                0.5281908214092255,
                0
            ]
        ],
        "projector_spedyw_1": [
            [
                1.0862458944320679,
                0.5281908214092255,
                0
            ]
        ],
        "desk_cnewsu_1": [
            [
                -2.4244689369201664,
                9.3230899810791,
                0
            ]
        ]
    },
    "ontop": {
        "projector_spedyw_1": {
            "desk_cnewsu_1": [
                [
                    -1.5541731119155884,
                    8.557877540588379,
                    0.7752689719200134
                ],
                [
                    0.0017197700217366219,
                    -0.00045856929500587285,
                    -0.3767925798892975,
                    0.9262959361076355
                ]
            ]
        }
    },
    "inside": {}
}