{
    "nextto": {
        "pedestal_table_oqclwq_1": [
            [
                -4.811787528991699,
                0.6433285045623779,
                0
            ]
        ],
        "coffee_cup_ckkwmj_1": [
            [
                -4.811787528991699,
                0.6433285045623779,
                0
            ]
        ],
        "dishwasher_xlmier_1": [
            [
                -4.389185943603516,
                5.53514144897461,
                0
            ]
        ],
        "ceiling_fan_xtmacj_1": [
            1.2191499471664429,
            0.0018805116415023804,
            5.173910617828369
        ]
    },
    "ontop": {},
    "inside": {
        "coffee_cup_ckkwmj_1": {
            "dishwasher_xlmier_1": [
                [
                    -3.6085760593414307,
                    6.028493881225586,
                    0.09172002971172333
                ],
                [
                    -0.023216528818011284,
                    -0.00801803171634674,
                    -0.01371608767658472,
                    0.999604344367981
                ]
            ]
        }
    }
}