{
    "nextto": {
        "shopping_basket_vsxhsv_1": [
            [
                -1.312087938785553,
                1.7630272054672245,
                0
            ]
        ],
        "pomegranate_tldskr_1": [
            [
                -1.312087938785553,
                1.7630272054672245,
                0
            ]
        ],
        "cooler_pnkiag_1": [
            [
                1.6565945988893502,
                6.588828568458557,
                0
            ]
        ],
        "shelf_owvfik_0": [
            [
                3.6180201482772825,
                10.389389834403993,
                0
            ]
        ],
        "rag_oocmed_1": [
            [
                3.6180201482772825,
                10.389389834403993,
                0
            ]
        ],
        "reception_desk_kjmhgc_1": [
            0.24266155064105988,
            1.355944037437439,
            2.4796340465545654
        ]
    },
    "ontop": {
        "rag_oocmed_1": {
            "reception_desk_kjmhgc_1": [
                [
                    -0.03474210202693939,
                    -0.4850673973560333,
                    0.8134965300559998
                ],
                [
                    -3.1544101375402533e-07,
                    -3.9324118006334174e-07,
                    -0.2219706028699875,
                    0.9750533699989319
                ]
            ]
        }
    },
    "inside": {
        "pomegranate_tldskr_1": {
            "cooler_pnkiag_1": [
                [
                    3.49375319480896,
                    7.875344276428223,
                    0.13046519458293915
                ],
                [
                    0.03808683156967163,
                    -0.08527793735265732,
                    -0.016711460426449776,
                    0.995488703250885
                ]
            ]
        }
    }
}