{
    "nextto": {
        "reception_desk_kjmhgc_1": [
            [
                1.6697059106826782,
                -1.225161271095276,
                0
            ]
        ],
        "strawberry_ntxofi_1": [
            [
                1.6697059106826782,
                -1.225161271095276,
                0
            ]
        ],
        "cooler_pnkiag_1": [
            [
                1.814221920967102,
                -1.225161271095276,
                0
            ]
        ],
        "coffee_table_qlmqyy_0": [
            [
                -1.312087938785553,
                0.6287273359298708,
                0
            ]
        ],
        "petri_dish_vbiqcq_1": [
            [
                -1.312087938785553,
                0.6287273359298708,
                0
            ]
        ],
        "tupperware_mkstwr_1": [
            [
                -4.733105422854424,
                9.391328577995301,
                0
            ]
        ]
    },
    "ontop": {},
    "inside": {
        "strawberry_ntxofi_1": {
            "cooler_pnkiag_1": [
                [
                    4.3326897621154785,
                    -0.06566935777664185,
                    0.13620540499687195
                ],
                [
                    0.49816516041755676,
                    -0.02506478875875473,
                    0.7088522911071777,
                    0.49872997403144836
                ]
            ]
        },
        "petri_dish_vbiqcq_1": {
            "tupperware_mkstwr_1": [
                [
                    -3.3686728477478027,
                    10.312788963317871,
                    1.1264032125473022
                ],
                [
                    0.009046192280948162,
                    -0.022234518080949783,
                    -0.004854738712310791,
                    0.9997000694274902
                ]
            ]
        }
    }
}