{
    "nextto": {
        "shelf_iwziew_1": [
            [
                -2.4244689369201664,
                9.0382901763916,
                0
            ]
        ],
        "basil_dkuhvb_1": [
            [
                -2.4244689369201664,
                9.0382901763916,
                0
            ]
        ],
        "reception_desk_kjmhgc_1": [
            [
                -4.031766901016236,
                6.074789781570434,
                0
            ]
        ],
        "mixing_bowl_deudkt_1": [
            [
                -2.780567255020142,
                6.700389604568481,
                0
            ]
        ],
        "table_lamp_xbfgjc_5": [
            -2.4898970127105713,
            10.234636306762695,
            0.7317192554473877
        ]
    },
    "ontop": {},
    "inside": {
        "basil_dkuhvb_1": {
            "mixing_bowl_deudkt_1": [
                [
                    -1.1404945850372314,
                    7.120680809020996,
                    0.914376437664032
                ],
                [
                    0.06523305177688599,
                    -0.24216009676456451,
                    -0.5573780536651611,
                    0.7914751172065735
                ]
            ]
        }
    }
}