{
    "nextto": {
        "recycling_bin_duugbb_1": [
            [
                -1.795306079387665,
                5.839797205924988,
                0
            ]
        ],
        "pill_bottle_csvdbe_1": [
            [
                3.6180201482772825,
                10.389389834403993,
                0
            ]
        ],
        "space_heater_kxzqpr_1": [
            [
                -1.312087938785553,
                3.136127047538758,
                0
            ]
        ]
    },
    "ontop": {},
    "inside": {
        "pill_bottle_csvdbe_1": {
            "recycling_bin_duugbb_1": [
                [
                    -0.1398763656616211,
                    6.338388442993164,
                    0.1382591426372528
                ],
                [
                    -0.004740451462566853,
                    6.321060936897993e-05,
                    -0.0007529377471655607,
                    0.9999885559082031
                ]
            ]
        }
    }
}