{
    "nextto": {
        "shelf_iwziew_1": [
            [
                0.5077948522567749,
                5.342340703010559,
                0
            ]
        ],
        "auricularia_coecnm_1": [
            [
                0.5077948522567749,
                5.342340703010559,
                0
            ]
        ],
        "cooler_pnkiag_1": [
            [
                -3.5625670337677002,
                6.15298975944519,
                0
            ]
        ]
    },
    "ontop": {},
    "inside": {
        "auricularia_coecnm_1": {
            "cooler_pnkiag_1": [
                [
                    -1.593777060508728,
                    6.90893030166626,
                    0.1914849430322647
                ],
                [
                    0.06937364488840103,
                    -0.2589394450187683,
                    0.1792953759431839,
                    0.946567952632904
                ]
            ]
        }
    }
}