{
    "nextto": {
        "hutch_vsqsuy_1": [
            [
                -4.109966878890991,
                4.5107902240753175,
                0
            ]
        ],
        "dumpling_upqcop_1": [
            [
                -4.109966878890991,
                4.5107902240753175,
                0
            ]
        ],
        "reception_desk_kjmhgc_1": [
            [
                -4.735566701889039,
                6.778589582443237,
                0
            ]
        ],
        "casserole_ncbsee_1": [
            [
                -4.735566701889039,
                6.465789670944213,
                0
            ]
        ],
        "stove_kfhkqp_1": [
            [
                -4.109966878890991,
                5.136390047073363,
                0
            ]
        ],
        "cooler_pnkiag_1": [
            [
                -4.109966878890991,
                4.901790113449096,
                0
            ]
        ]
    },
    "ontop": {
        "dumpling_upqcop_1": {
            "stove_kfhkqp_1": [
                [
                    -4.316394329071045,
                    3.93253231048584,
                    1.0680475234985352
                ],
                [
                    0.016673173755407333,
                    0.008281081914901733,
                    -0.23182515799999237,
                    0.9725793600082397
                ]
            ]
        }
    },
    "inside": {
        "casserole_ncbsee_1": {
            "cooler_pnkiag_1": [
                [
                    -4.2951459884643555,
                    3.9304251670837402,
                    1.0689647197723389
                ],
                [
                    -0.0011318254983052611,
                    -0.0037415751721709967,
                    -0.09122029691934586,
                    0.995823085308075
                ]
            ]
        }
    }
}