{
    "nextto": {
        "bucket_lsmlzi_1": [
            [
                1.6697059106826782,
                3.5438670682907096,
                0
            ]
        ],
        "lemon_hoghjl_1": [
            [
                2.0309959363937375,
                4.627737145423889,
                0
            ]
        ],
        "cooler_pnkiag_1": [
            [
                2.2477699518203735,
                -1.225161271095276,
                0
            ]
        ],
        "radiator_lnvush_1": [
            [
                -1.192687952518463,
                0.6884273290634157,
                0
            ]
        ]
    },
    "ontop": {},
    "inside": {
        "lemon_hoghjl_1": {
            "cooler_pnkiag_1": [
                [
                    4.04008674621582,
                    -1.0599650144577026,
                    0.13265061378479004
                ],
                [
                    -0.041752494871616364,
                    0.04715263098478317,
                    -0.01349261961877346,
                    0.9979235529899597
                ]
            ]
        }
    }
}