{
    "nextto": {
        "bed_smmmaf_0": [
            [
                -4.7028673744201654,
                9.8926895904541,
                0
            ]
        ],
        "backpack_gvbiwl_1": [
            [
                -4.7028673744201654,
                9.8926895904541,
                0
            ]
        ],
        "teacup_zdvgol_1": [
            [
                -1.883817949295044,
                0.6373406410217286,
                0
            ]
        ]
    },
    "ontop": {
        "backpack_gvbiwl_1": {
            "floors_yvshid_0": [
                [
                    2.269069194793701,
                    10.387197494506836,
                    0.24526384472846985
                ],
                [
                    -0.08253872394561768,
                    -0.16117307543754578,
                    -0.44828131794929504,
                    0.8753595352172852
                ]
            ]
        }
    },
    "inside": {
        "teacup_zdvgol_1": {
            "backpack_gvbiwl_1": [
                [
                    2.3687121868133545,
                    10.236909866333008,
                    0.07696563750505447
                ],
                [
                    0.17098133265972137,
                    -0.9166755676269531,
                    0.15202952921390533,
                    -0.32765576243400574
                ]
            ]
        }
    }
}