{
    "nextto": {
        "breakfast_table_uhrsex_0": [
            [
                -4.811787528991699,
                1.2706284427642824,
                0
            ]
        ],
        "salad_nffvob_1": [
            [
                -4.811787528991699,
                1.619128408432007,
                0
            ]
        ],
        "microwave_abzvij_1": [
            [
                -3.069287700653076,
                4.267728147506714,
                0
            ]
        ],
        "coffee_table_qlmqyy_0": [
            -1.1318379640579224,
            0.45274174213409424,
            1.5764704942703247
        ]
    },
    "ontop": {
        "salad_nffvob_1": {
            "coffee_table_qlmqyy_0": [
                [
                    -1.355231761932373,
                    -0.00814346969127655,
                    0.4227710962295532
                ],
                [
                    -0.005240334197878838,
                    -0.004577429033815861,
                    -0.030788719654083252,
                    0.9995017051696777
                ]
            ]
        }
    },
    "inside": {
        "salad_nffvob_1": {
            "microwave_abzvij_1": [
                [
                    -1.9499367475509644,
                    2.7797021865844727,
                    0.098075732588768
                ],
                [
                    -0.0051209148950874805,
                    -0.004737888462841511,
                    -0.011982494965195656,
                    0.9999039173126221
                ]
            ]
        }
    }
}