{
    "nextto": {
        "countertop_tpuwys_6": [
            [
                -3.171567144393921,
                3.8069904232025147,
                0
            ]
        ],
        "broccoli_wsxavx_1": [
            [
                -3.171567144393921,
                3.8069904232025147,
                0
            ]
        ],
        "electric_cauldron_qmdgct_1": [
            [
                -3.7189669895172117,
                4.5107902240753175,
                0
            ]
        ],
        "stove_kfhkqp_1": [
            [
                -4.188166856765748,
                6.15298975944519,
                0
            ]
        ],
        "breakfast_table_uhrsex_0": [
            -5.173717021942139,
            2.481440544128418,
            5.326993465423584
        ]
    },
    "ontop": {
        "broccoli_wsxavx_1": {
            "breakfast_table_uhrsex_0": [
                [
                    -2.127891778945923,
                    1.9052213430404663,
                    0.7966788411140442
                ],
                [
                    -0.10536065697669983,
                    -0.502130389213562,
                    -0.19377818703651428,
                    0.8361902236938477
                ]
            ],
            "stove_kfhkqp_1": [
                [
                    -1.8366221189498901,
                    4.799071788787842,
                    0.393907368183136
                ],
                [
                    -0.33563998341560364,
                    -0.30500543117523193,
                    -0.05461505800485611,
                    0.889569878578186
                ]
            ]
        }
    },
    "inside": {
        "broccoli_wsxavx_1": {
            "electric_cauldron_qmdgct_1": [
                [
                    -1.8366221189498901,
                    4.799071788787842,
                    0.393907368183136
                ],
                [
                    -0.33563998341560364,
                    -0.30500543117523193,
                    -0.05461505800485611,
                    0.889569878578186
                ]
            ]
        }
    }
}