{
    "nextto": {
        "reception_desk_kjmhgc_1": [
            [
                -4.735566701889039,
                6.465789670944213,
                0
            ]
        ],
        "potato_ljfitc_1": [
            [
                -4.579166746139527,
                6.465789670944213,
                0
            ]
        ],
        "microwave_abzvij_1": [
            [
                -4.109966878890991,
                4.5107902240753175,
                0
            ]
        ],
        "breakfast_table_uhrsex_0": [
            -2.455974817276001,
            2.349209785461426,
            1.0541744232177734
        ]
    },
    "ontop": {
        "potato_ljfitc_1": {
            "breakfast_table_uhrsex_0": [
                [
                    -2.7526440620422363,
                    1.8303548097610474,
                    0.8106847405433655
                ],
                [
                    0.07720375061035156,
                    -0.44639351963996887,
                    0.02078922837972641,
                    0.8912575840950012
                ]
            ]
        }
    },
    "inside": {
        "potato_ljfitc_1": {
            "microwave_abzvij_1": [
                [
                    -4.246841907501221,
                    3.8495209217071533,
                    1.0221973657608032
                ],
                [
                    0.09209440648555756,
                    -0.3579193949699402,
                    -0.007313961163163185,
                    0.9291710257530212
                ]
            ]
        }
    }
}