{
    "nextto": {
        "shelf_njwsoa_2": [
            [
                1.6565945988893502,
                5.692028565406799,
                0
            ]
        ],
        "butter_cookie_kukrla_1": [
            [
                1.6565945988893502,
                5.692028565406799,
                0
            ]
        ],
        "cooler_pnkiag_1": [
            [
                2.825833992958069,
                2.532254996299743,
                0
            ]
        ]
    },
    "ontop": {},
    "inside": {
        "butter_cookie_kukrla_1": {
            "cooler_pnkiag_1": [
                [
                    4.618793964385986,
                    3.249826669692993,
                    0.09847313165664673
                ],
                [
                    -0.00026223703753203154,
                    -0.004580633714795113,
                    -0.07416769862174988,
                    0.9972352385520935
                ]
            ]
        }
    }
}