{
    "nextto": {
        "phonograph_record_reunea_1": [
            [
                -0.6377540826797485,
                0.18339082598686218,
                0
            ]
        ],
        "desk_cnewsu_1": [
            [
                -2.4244689369201664,
                9.3230899810791,
                0
            ]
        ],
        "laptop_sngiih_1": [
            [
                -2.4244689369201664,
                9.0382901763916,
                0
            ]
        ],
        "shelf_iwziew_1": [
            0.1685667186975479,
            -1.2329237461090088,
            2.2084100246429443
        ]
    },
    "ontop": {},
    "inside": {}
}