{
    "nextto": {
        "wicker_basket_unasxd_1": [
            [
                0.5077948522567749,
                5.957340760231018,
                0
            ]
        ],
        "soft_roll_jelruc_1": [
            [
                0.5077948522567749,
                5.977840762138367,
                0
            ]
        ],
        "cooler_pnkiag_1": [
            [
                -3.249767122268677,
                4.5107902240753175,
                0
            ]
        ]
    },
    "ontop": {},
    "inside": {
        "soft_roll_jelruc_1": {
            "cooler_pnkiag_1": [
                [
                    -1.592361330986023,
                    4.159056186676025,
                    0.13147765398025513
                ],
                [
                    0.009616274386644363,
                    0.036909766495227814,
                    -0.010592542588710785,
                    0.9992161989212036
                ]
            ]
        }
    }
}