{
    "nextto": {
        "console_table_tzkfqa_1": [
            [
                3.5860458612442017,
                -0.678609162569046,
                0
            ]
        ],
        "desk_phone_kpxrpb_1": [
            [
                3.5860458612442017,
                -0.678609162569046,
                0
            ]
        ],
        "desk_cnewsu_1": [
            [
                -2.4244689369201664,
                9.3230899810791,
                0
            ]
        ]
    },
    "ontop": {
        "desk_phone_kpxrpb_1": {
            "desk_cnewsu_1": [
                [
                    -1.4596288204193115,
                    8.409451484680176,
                    0.7578443288803101
                ],
                [
                    -0.00025366421323269606,
                    0.0006092628464102745,
                    -0.09496918320655823,
                    0.9954800605773926
                ]
            ]
        }
    },
    "inside": {}
}