{
    "nextto": {
        "reception_desk_kjmhgc_1": [
            [
                -3.9535669231414796,
                4.5107902240753175,
                0
            ]
        ],
        "chicken_leg_nhfiuh_1": [
            [
                -3.4061670780181887,
                4.5107902240753175,
                0
            ]
        ],
        "coffee_maker_fwlabx_1": [
            [
                -3.3279671001434328,
                5.058190069198608,
                0
            ]
        ],
        "cooler_pnkiag_1": [
            [
                -3.5625670337677002,
                6.309389715194702,
                0
            ]
        ]
    },
    "ontop": {},
    "inside": {
        "chicken_leg_nhfiuh_1": {
            "cooler_pnkiag_1": [
                [
                    -1.5704030990600586,
                    6.978592872619629,
                    0.24157607555389404
                ],
                [
                    0.09287448972463608,
                    0.03479929640889168,
                    -0.036976415663957596,
                    0.9943822622299194
                ]
            ]
        }
    }
}