{
    "nextto": {
        "coffee_maker_fwlabx_1": [
            [
                2.3377500009536747,
                7.311669278144837,
                0
            ]
        ],
        "backpack_gvbiwl_1": [
            [
                3.0253502774238585,
                3.316669309139252,
                0
            ]
        ],
        "shelf_iwziew_1": [
            [
                -2.3215996551513673,
                9.0181201171875,
                0
            ]
        ]
    },
    "ontop": {
        "backpack_gvbiwl_1": {
            "shelf_iwziew_1": [
                [
                    -1.5855056047439575,
                    9.509918212890625,
                    0.7161725163459778
                ],
                [
                    -0.024168530479073524,
                    -0.4557594358921051,
                    -0.03082563914358616,
                    0.889240562915802
                ]
            ]
        }
    },
    "inside": {}
}