{
    "nextto": {
        "countertop_zkhelh_1": [
            [
                1.9345283603668213,
                -12.879272918701172,
                0
            ]
        ],
        "schnitzel_yswhcs_1": [
            [
                1.3177282810211184,
                -10.103672561645508,
                0
            ]
        ],
        "breakfast_table_uhrsex_1": [
            [
                -7.631115360260011,
                3.9521426820755003,
                0
            ]
        ],
        "toaster_kjwqav_1": [
            7.873733043670654,
            5.403141498565674,
            5.89362096786499
        ]
    },
    "ontop": {
        "schnitzel_yswhcs_1": {
            "breakfast_table_uhrsex_1": [
                [
                    -8.511777877807617,
                    2.5867865085601807,
                    0.9337239861488342
                ],
                [
                    0.00025505622033961117,
                    0.0023927800357341766,
                    -0.007393267937004566,
                    0.9999697804450989
                ]
            ]
        }
    },
    "inside": {
        "schnitzel_yswhcs_1": {
            "toaster_kjwqav_1": [
                [
                    -8.511777877807617,
                    2.5867865085601807,
                    0.9337239861488342
                ],
                [
                    0.00025505622033961117,
                    0.0023927800357341766,
                    -0.007393267937004566,
                    0.9999697804450989
                ]
            ]
        }
    }
}