{
    "nextto": {
        "countertop_zkhelh_1": [
            [
                1.4719283008575441,
                -9.949472541809083,
                0
            ]
        ],
        "chanterelle_rwntzn_1": [
            [
                1.6261283206939698,
                -12.339572849273683,
                0
            ]
        ],
        "electric_cauldron_qmdgct_1": [
            [
                6.694430098533631,
                2.794723811149597,
                0
            ]
        ],
        "sauna_heater_etqusf_1": [
            [
                6.694430098533631,
                2.794723811149597,
                0
            ]
        ]
    },
    "ontop": {},
    "inside": {
        "chanterelle_rwntzn_1": {
            "electric_cauldron_qmdgct_1": [
                [
                    7.329786777496338,
                    3.4351882934570312,
                    0.4305109977722168
                ],
                [
                    0.24964481592178345,
                    0.3853110671043396,
                    -0.009654995985329151,
                    0.8883241415023804
                ]
            ]
        }
    }
}