{
    "nextto": {
        "shelf_iwziew_1": [
            [
                -1.310099868774414,
                9.162620086669921,
                0
            ]
        ],
        "chanterelle_rwntzn_1": [
            [
                -0.9343999481201172,
                9.509420013427734,
                0
            ]
        ],
        "cooler_pnkiag_1": [
            [
                -2.278099768161774,
                0.5883198881149294,
                0
            ]
        ]
    },
    "ontop": {},
    "inside": {
        "chanterelle_rwntzn_1": {
            "cooler_pnkiag_1": [
                [
                    0.8615573644638062,
                    -0.9190481901168823,
                    0.6112803220748901
                ],
                [
                    -0.9812765121459961,
                    -0.12660914659500122,
                    -0.14490897953510284,
                    0.008239174261689186
                ]
            ]
        }
    }
}