{
    "nextto": {
        "toy_box_pmhcse_1": [
            [
                -0.27288668870925875,
                1.8240727990865708,
                0
            ]
        ],
        "toy_car_dgnnin_1": [
            [
                -0.27288668870925875,
                1.8240727990865708,
                0
            ]
        ],
        "console_table_tzkfqa_1": [
            [
                0.36261080741882323,
                7.680726671218872,
                0
            ]
        ],
        "table_lamp_ehjsdz_1": [
            [
                0.36261080741882323,
                7.867902688980102,
                0
            ]
        ],
        "coffee_table_fqluyq_0": [
            3.766655445098877,
            6.767017841339111,
            5.102467060089111
        ]
    },
    "ontop": {
        "toy_car_dgnnin_1": {
            "coffee_table_fqluyq_0": [
                [
                    3.533036470413208,
                    7.857707977294922,
                    0.560266375541687
                ],
                [
                    -0.005253758281469345,
                    -0.0014087867457419634,
                    0.8126546740531921,
                    0.5827203989028931
                ]
            ]
        }
    },
    "inside": {}
}