{
    "nextto": {
        "phonograph_record_reunea_1": [
            [
                0.1987853312492373,
                0.0946087259054184,
                0
            ]
        ],
        "shelf_iwziew_1": [
            [
                -0.823170711994171,
                1.902684802412987,
                0
            ]
        ],
        "jukebox_nijgrl_1": [
            [
                0.5497868251800536,
                7.119198617935181,
                0
            ]
        ]
    },
    "ontop": {
        "phonograph_record_reunea_1": {
            "shelf_iwziew_1": [
                [
                    0.9087779521942139,
                    1.7484062910079956,
                    0.5093672871589661
                ],
                [
                    0.036924414336681366,
                    -0.02320561185479164,
                    0.8457444310188293,
                    0.5318028926849365
                ]
            ]
        }
    },
    "inside": {}
}