{
    "nextto": {
        "coffee_table_fqluyq_0": [
            [
                2.0471949672698972,
                7.306374635696411,
                0
            ]
        ],
        "chocolate_chip_cookie_xprsse_1": [
            [
                2.0471949672698972,
                7.306374635696411,
                0
            ]
        ],
        "cooler_pnkiag_1": [
            [
                -2.298674554824829,
                2.6396614646911623,
                0
            ]
        ]
    },
    "ontop": {},
    "inside": {
        "chocolate_chip_cookie_xprsse_1": {
            "cooler_pnkiag_1": [
                [
                    -0.9339728951454163,
                    4.171108722686768,
                    0.10161230713129044
                ],
                [
                    -0.0004912034492008388,
                    -0.00249120919033885,
                    -0.014716076664626598,
                    0.9998884201049805
                ]
            ]
        }
    }
}