{
    "nextto": {
        "desk_cnewsu_1": [
            [
                2.261350290775299,
                3.16386931180954,
                0
            ]
        ],
        "petri_dish_vbiqcq_1": [
            [
                3.3309502720832826,
                3.6222693037986753,
                0
            ]
        ],
        "cooler_pnkiag_1": [
            [
                -2.3215996551513673,
                9.0181201171875,
                0
            ]
        ],
        "icicle_lights_lbwpka_1": [
            0.2650131285190582,
            -1.8312655687332153,
            3.039863109588623
        ]
    },
    "ontop": {},
    "inside": {
        "petri_dish_vbiqcq_1": {
            "cooler_pnkiag_1": [
                [
                    -0.5929300785064697,
                    9.542158126831055,
                    0.10086733847856522
                ],
                [
                    0.024967020377516747,
                    -0.015433615073561668,
                    -0.0034554272424429655,
                    0.9995632171630859
                ]
            ]
        }
    }
}