{
    "nextto": {
        "textbook_nloqia_1": [
            [
                -1.216230728626251,
                0.8807287591695786,
                0
            ]
        ],
        "desk_cnewsu_1": [
            [
                -1.059006721973419,
                0.8807287591695786,
                0
            ]
        ],
        "sofa_xhxdqf_0": [
            [
                4.667659215927125,
                8.055078706741334,
                0
            ]
        ],
        "security_camera_tiscsa_1": [
            [
                4.667659215927125,
                8.055078706741334,
                0
            ]
        ],
        "table_lamp_ehjsdz_1": [
            [
                1.9536069583892823,
                7.399962644577027,
                0
            ]
        ],
        "coffee_table_fqluyq_0": [
            [
                1.9536069583892823,
                7.399962644577027,
                0
            ]
        ]
    },
    "ontop": {
        "textbook_nloqia_1": {
            "desk_cnewsu_1": [
                [
                    0.7659260034561157,
                    1.642309546470642,
                    0.7450052499771118
                ],
                [
                    -1.909397542476654e-05,
                    0.00014795541937928647,
                    -0.2468370795249939,
                    0.969057023525238
                ]
            ]
        },
        "security_camera_tiscsa_1": {
            "coffee_table_fqluyq_0": [
                [
                    3.7424066066741943,
                    7.530703544616699,
                    0.43817663192749023
                ],
                [
                    -0.058912310749292374,
                    -0.022936750203371048,
                    -0.06782001256942749,
                    0.9956924915313721
                ]
            ]
        }
    },
    "inside": {}
}