{
    "nextto": {
        "shelf_iwziew_1": [
            [
                -1.3967998504638672,
                9.0181201171875,
                0
            ]
        ],
        "carton_hhlmbi_1": [
            [
                -1.3967998504638672,
                9.0181201171875,
                0
            ]
        ],
        "clothes_dryer_zlmnfg_0": [
            0.6064578294754028,
            0.05497908592224121,
            4.784214973449707
        ]
    },
    "ontop": {},
    "inside": {
        "carton_hhlmbi_1": {
            "clothes_dryer_zlmnfg_0": [
                [
                    0.28829964995384216,
                    -1.2975094318389893,
                    0.07986555248498917
                ],
                [
                    -0.010768487118184566,
                    0.003940134309232235,
                    -0.0969790369272232,
                    0.9952203035354614
                ]
            ]
        }
    }
}