{
    "nextto": {
        "reception_desk_kjmhgc_1": [
            [
                -2.298674554824829,
                2.6396614646911623,
                0
            ]
        ],
        "schnitzel_yswhcs_1": [
            [
                -2.298674554824829,
                2.7540854454040526,
                0
            ]
        ],
        "toaster_oven_ctrngh_1": [
            [
                -1.6693426609039306,
                5.385837001800537,
                0
            ]
        ],
        "breakfast_table_skczfi_0": [
            -3.3171732425689697,
            7.334184169769287,
            0.664168119430542
        ]
    },
    "ontop": {
        "schnitzel_yswhcs_1": {
            "breakfast_table_skczfi_0": [
                [
                    -0.6619060635566711,
                    7.89906120300293,
                    0.8168666958808899
                ],
                [
                    7.768330397084355e-05,
                    0.0004942192463204265,
                    -0.006009624805301428,
                    0.9999817609786987
                ]
            ]
        }
    },
    "inside": {
        "schnitzel_yswhcs_1": {
            "toaster_oven_ctrngh_1": [
                [
                    -1.0313938856124878,
                    5.921390056610107,
                    0.10339517146348953
                ],
                [
                    -0.014889659360051155,
                    0.007305270992219448,
                    -0.014995190314948559,
                    0.9997498989105225
                ]
            ]
        }
    }
}