{
    "nextto": {
        "shelf_iwziew_1": [
            [
                -1.4256998443603517,
                9.0181201171875,
                0
            ]
        ],
        "carton_hhlmbi_1": [
            [
                -2.3215996551513673,
                9.0181201171875,
                0
            ]
        ],
        "chestnut_fmomat_1": [
            [
                -2.278099768161774,
                0.5883198881149294,
                0
            ]
        ],
        "desk_cnewsu_1": [
            [
                2.261350290775299,
                2.934669315814972,
                0
            ]
        ]
    },
    "ontop": {
        "carton_hhlmbi_1": {
            "desk_cnewsu_1": [
                [
                    4.667026519775391,
                    3.732124090194702,
                    0.7617172598838806
                ],
                [
                    0.005467249546200037,
                    -0.0008599062566645443,
                    -0.12788106501102448,
                    0.9917742013931274
                ]
            ]
        }
    },
    "inside": {
        "chestnut_fmomat_1": {
            "carton_hhlmbi_1": [
                [
                    4.6732869148254395,
                    3.711702823638916,
                    0.7384486794471741
                ],
                [
                    0.7736883163452148,
                    0.18009719252586365,
                    0.06154537573456764,
                    0.6043042540550232
                ]
            ]
        }
    }
}