{
    "nextto": {
        "reception_desk_kjmhgc_1": [
            [
                -2.3215996551513673,
                9.0181201171875,
                0
            ]
        ],
        "green_onion_ljynzg_1": [
            [
                -1.8302997589111327,
                9.336020050048829,
                0
            ]
        ],
        "breakfast_table_uhrsex_1": [
            [
                -2.3215996551513673,
                9.0181201171875,
                0
            ]
        ],
        "microwave_abzvij_1": [
            [
                0.539499740600586,
                9.0181201171875,
                1.5707963267948966
            ]
        ],
        "plate_qtfzeq_1": [
            [
                -2.3215996551513673,
                9.0181201171875,
                0
            ]
        ]
    },
    "ontop": {
        "green_onion_ljynzg_1": {
            "plate_qtfzeq_1": [
                [
                    -1.746215581893921,
                    9.358320236206055,
                    0.46495118737220764
                ],
                [
                    0.21114589273929596,
                    -0.10386097431182861,
                    0.1414792537689209,
                    0.9615684747695923
                ]
            ]
        }
    },
    "inside": {
        "green_onion_ljynzg_1": {
            "microwave_abzvij_1": [
                [
                    0.7810622453689575,
                    9.467458724975586,
                    0.08846908807754517
                ],
                [
                    0.08066249638795853,
                    -0.08623261749744415,
                    -0.13449624180793762,
                    0.9838538765907288
                ]
            ]
        }
    }
}