{
    "nextto": {
        "shelf_iwziew_1": [
            [
                -0.5047997593879696,
                0.9738198900222779,
                0
            ]
        ],
        "packing_box_cjhskr_1": [
            [
                -0.5047997593879696,
                0.9738198900222779,
                0
            ]
        ],
        "washer_omeuop_0": [
            -0.5474722385406494,
            -1.9149359464645386,
            5.617378234863281
        ]
    },
    "ontop": {},
    "inside": {
        "packing_box_cjhskr_1": {
            "washer_omeuop_0": [
                [
                    -0.3953641951084137,
                    -1.166068434715271,
                    0.1542133390903473
                ],
                [
                    -0.009091980755329132,
                    -0.0036583817563951015,
                    -0.37544262409210205,
                    0.9267937541007996
                ]
            ]
        }
    }
}