{
    "nextto": {
        "coffee_table_qlmqyy_1": [
            [
                -4.781496000289916,
                -8.372413587570191,
                0
            ]
        ],
        "electric_kettle_hkdsla_1": [
            [
                -4.358305978775024,
                -8.964879617691041,
                0
            ]
        ],
        "shelf_owvfik_1": [
            [
                -6.643532094955444,
                -7.272119531631469,
                0
            ]
        ],
        "water_glass_lvqgvn_1": [
            [
                -6.643532094955444,
                -7.272119531631469,
                0
            ]
        ],
        "sauna_heater_etqusf_1": [
            [
                6.694430098533631,
                2.794723811149597,
                0
            ]
        ]
    },
    "ontop": {
        "water_glass_lvqgvn_1": {
            "coffee_table_qlmqyy_1": [
                [
                    -2.9718921184539795,
                    -8.844143867492676,
                    0.4731530249118805
                ],
                [
                    -6.477007991634309e-05,
                    -0.00015860298299230635,
                    -0.005603581201285124,
                    0.9999842047691345
                ]
            ]
        }
    },
    "inside": {}
}