{
    "nextto": {
        "shelf_iwziew_1": [
            [
                -2.1238997673988345,
                0.7425198888778688,
                0
            ]
        ],
        "water_bottle_ackxiy_1": [
            [
                -2.0467997670173643,
                0.6654198884963991,
                0
            ]
        ],
        "washer_omeuop_0": [
            -0.05710795521736145,
            -1.4979596138000488,
            6.058927536010742
        ]
    },
    "ontop": {},
    "inside": {
        "water_bottle_ackxiy_1": {
            "washer_omeuop_0": [
                [
                    -0.1302451193332672,
                    -1.2593165636062622,
                    0.15470416843891144
                ],
                [
                    0.004819808062165976,
                    0.006578230299055576,
                    -0.01824972778558731,
                    0.9998002052307129
                ]
            ]
        }
    }
}