{
    "nextto": {
        "clothes_dryer_zlmnfg_0": [
            [
                -1.3528997635841369,
                -0.6452801179885863,
                0
            ]
        ],
        "broccoli_wsxavx_1": [
            [
                -1.3528997635841369,
                -0.6452801179885863,
                0
            ]
        ],
        "cooler_pnkiag_1": [
            [
                -2.3215996551513673,
                9.0181201171875,
                0
            ]
        ],
        "washer_omeuop_0": [
            -1.8914482593536377,
            -0.7732599377632141,
            5.577606678009033
        ]
    },
    "ontop": {},
    "inside": {
        "broccoli_wsxavx_1": {
            "cooler_pnkiag_1": [
                [
                    -0.6011375784873962,
                    9.461285591125488,
                    0.10796631127595901
                ],
                [
                    -0.32143816351890564,
                    -0.3197680413722992,
                    -0.014162957668304443,
                    0.8911930918693542
                ]
            ]
        }
    }
}