{
    "nextto": {
        "console_table_tzkfqa_1": [
            [
                2.872550024986267,
                4.40846914768219,
                1.5707963267948966
            ]
        ],
        "table_lamp_ehjsdz_1": [
            [
                2.7961500215530397,
                4.40846914768219,
                1.5707963267948966
            ]
        ],
        "bed_zrumze_0": [
            [
                3.1017502760887146,
                2.4762693238258366,
                0
            ]
        ],
        "toy_car_dgnnin_1": [
            [
                3.1017502760887146,
                2.4762693238258366,
                0
            ]
        ],
        "desk_cnewsu_1": [
            [
                2.261350290775299,
                2.934669315814972,
                0
            ]
        ],
        "bucket_lsmlzi_1": [
            [
                3.232250075340271,
                5.750969414710998,
                0
            ]
        ],
        "urinal_pfzmpd_1": [
            [
                3.232250075340271,
                5.707169413566589,
                0
            ]
        ]
    },
    "ontop": {
        "toy_car_dgnnin_1": {
            "desk_cnewsu_1": [
                [
                    4.340390205383301,
                    3.436757802963257,
                    0.8978646993637085
                ],
                [
                    -0.00028481706976890564,
                    0.005284381099045277,
                    -0.801756739616394,
                    0.5976271629333496
                ]
            ]
        }
    },
    "inside": {}
}