{
    "nextto": {
        "reception_desk_kjmhgc_1": [
            [
                -2.298674554824829,
                2.6396614646911623,
                0
            ]
        ],
        "bread_slice_yedlgq_1": [
            [
                -1.8981906223297118,
                3.15456937789917,
                0
            ]
        ],
        "toaster_oven_ctrngh_1": [
            [
                -1.6693426609039306,
                3.6694772911071776,
                0
            ]
        ],
        "breakfast_table_skczfi_0": [
            [
                -2.374724917411804,
                6.710224695205688,
                0
            ]
        ],
        "mixing_bowl_deudkt_1": [
            [
                -2.374724917411804,
                6.710224695205688,
                0
            ]
        ]
    },
    "ontop": {},
    "inside": {
        "bread_slice_yedlgq_1": {
            "mixing_bowl_deudkt_1": [
                [
                    -1.2976831197738647,
                    7.44398307800293,
                    0.8556113243103027
                ],
                [
                    0.07651965320110321,
                    0.10593944787979126,
                    0.3364042341709137,
                    0.9326059222221375
                ]
            ],
            "toaster_oven_ctrngh_1": [
                [
                    -0.8036363124847412,
                    5.177412986755371,
                    0.10495753586292267
                ],
                [
                    0.014088025316596031,
                    0.03819650039076805,
                    -0.021556461229920387,
                    0.9989384412765503
                ]
            ]
        }
    }
}