{
    "nextto": {
        "flat_bench_iisaia_1": [
            [
                -1.429999659061432,
                5.568119523525238,
                0
            ]
        ],
        "phonograph_record_reunea_1": [
            [
                -1.1215996766090393,
                6.416219475269318,
                0
            ]
        ],
        "vacuum_bdmsbr_1": [
            [
                1.573749966621399,
                4.40846914768219,
                1.5707963267948966
            ]
        ],
        "piano_bnxcvw_0": [
            -2.7292561531066895,
            4.832610130310059,
            0.5763366222381592
        ]
    },
    "ontop": {
        "phonograph_record_reunea_1": {
            "piano_bnxcvw_0": [
                [
                    -2.370854616165161,
                    5.9596428871154785,
                    0.8012546896934509
                ],
                [
                    0.04759756103157997,
                    0.004824079107493162,
                    0.991291344165802,
                    -0.12268930673599243
                ]
            ]
        }
    },
    "inside": {}
}