{
    "nextto": {
        "reception_desk_kjmhgc_1": [
            [
                1.7803283405303956,
                -12.879272918701172,
                0
            ]
        ],
        "white_turnip_nnvlrd_1": [
            [
                2.4742284297943113,
                -11.49147274017334,
                0
            ]
        ],
        "cooler_pnkiag_1": [
            [
                1.3177282810211184,
                -12.879272918701172,
                0
            ]
        ],
        "hamper_dmizts_1": [
            [
                -3.2518006563186646,
                -7.02311909198761,
                0
            ]
        ],
        "washer_omeuop_0": [
            5.626777172088623,
            -9.967803001403809,
            5.159948825836182
        ]
    },
    "ontop": {},
    "inside": {
        "hamper_dmizts_1": {
            "washer_omeuop_0": [
                [
                    5.637887001037598,
                    -10.93922233581543,
                    0.11653708666563034
                ],
                [
                    -0.00238727661781013,
                    3.510713577270508e-05,
                    -0.021123003214597702,
                    0.9997740983963013
                ]
            ]
        },
        "white_turnip_nnvlrd_1": {
            "cooler_pnkiag_1": [
                [
                    3.325011968612671,
                    -12.55712604522705,
                    0.10218746215105057
                ],
                [
                    0.6131823062896729,
                    -0.3106798529624939,
                    -0.10568638145923615,
                    0.7185512185096741
                ]
            ]
        }
    }
}