{
    "nextto": {
        "recycling_bin_duugbb_1": [
            [
                -2.278099768161774,
                2.130319895744324,
                0
            ]
        ],
        "rag_oocmed_1": [
            [
                -2.278099768161774,
                2.130319895744324,
                0
            ]
        ],
        "clothes_dryer_zlmnfg_0": [
            0.5700184106826782,
            -0.3961293697357178,
            0.20935535430908203
        ]
    },
    "ontop": {},
    "inside": {
        "rag_oocmed_1": {
            "clothes_dryer_zlmnfg_0": [
                [
                    0.5174387097358704,
                    -1.3238345384597778,
                    0.04147913679480553
                ],
                [
                    -0.010603117756545544,
                    0.004386124201118946,
                    -0.055502135306596756,
                    0.9983925223350525
                ]
            ]
        }
    }
}