{
    "nextto": {
        "reception_desk_kjmhgc_1": [
            [
                -2.298674554824829,
                2.925721416473389,
                0
            ]
        ],
        "kale_kjyfdx_1": [
            [
                -1.8981906223297118,
                3.15456937789917,
                0
            ]
        ],
        "stove_rgpphy_0": [
            -1.6125555038452148,
            5.87125825881958,
            5.890801906585693
        ],
        "breakfast_table_skczfi_0": [
            -3.204469680786133,
            7.431717872619629,
            0.594691276550293
        ]
    },
    "ontop": {
        "kale_kjyfdx_1": {
            "breakfast_table_skczfi_0": [
                [
                    -1.1409788131713867,
                    7.504146099090576,
                    0.8136032819747925
                ],
                [
                    0.6574814319610596,
                    -0.22525623440742493,
                    -0.1807422637939453,
                    0.6959237456321716
                ]
            ],
            "stove_rgpphy_0": [
                [
                    -1.1409788131713867,
                    7.504146099090576,
                    0.8136032819747925
                ],
                [
                    0.6574814319610596,
                    -0.22525623440742493,
                    -0.1807422637939453,
                    0.6959237456321716
                ]
            ]
        }
    },
    "inside": {}
}