{
    "nextto": {
        "reception_desk_kjmhgc_1": [
            [
                2.16582839012146,
                -9.718172512054444,
                0
            ]
        ],
        "muffin_upcxno_1": [
            [
                3.2452285289764404,
                -9.64107250213623,
                0
            ]
        ],
        "cooler_pnkiag_1": [
            [
                0.9322282314300537,
                -10.103672561645508,
                0
            ]
        ]
    },
    "ontop": {},
    "inside": {
        "muffin_upcxno_1": {
            "cooler_pnkiag_1": [
                [
                    2.8361690044403076,
                    -9.658437728881836,
                    0.11335206031799316
                ],
                [
                    0.0034667644649744034,
                    -0.00036376016214489937,
                    -0.01422231923788786,
                    0.9998928308486938
                ]
            ]
        }
    }
}