{
    "nextto": {
        "reception_desk_kjmhgc_1": [
            [
                -1.6693426609039306,
                3.440629329681397,
                0
            ]
        ],
        "bacon_ioogif_1": [
            [
                -1.6693426609039306,
                4.069961223602294,
                0
            ]
        ],
        "cooler_pnkiag_1": [
            [
                -2.298674554824829,
                2.6396614646911623,
                0
            ]
        ],
        "breakfast_table_skczfi_0": [
            [
                -2.374724917411804,
                6.710224695205688,
                0
            ]
        ],
        "apple_pie_rpdhbr_1": [
            [
                -2.374724917411804,
                6.710224695205688,
                0
            ]
        ],
        "stove_rgpphy_0": [
            -0.38018614053726196,
            4.341465473175049,
            1.0393357276916504
        ]
    },
    "ontop": {
        "bacon_ioogif_1": {
            "stove_rgpphy_0": [
                [
                    -1.164206862449646,
                    3.9720358848571777,
                    0.11364531517028809
                ],
                [
                    0.004745726007968187,
                    0.007757549174129963,
                    -0.06618356704711914,
                    0.9977660179138184
                ]
            ]
        }
    },
    "inside": {
        "apple_pie_rpdhbr_1": {
            "cooler_pnkiag_1": [
                [
                    -1.0392591953277588,
                    3.825188159942627,
                    0.12088777869939804
                ],
                [
                    -0.030531462281942368,
                    -0.0022125355899333954,
                    -0.08321733772754669,
                    0.9960612058639526
                ]
            ]
        }
    }
}