{
    "nextto": {
        "reception_desk_kjmhgc_1": [
            [
                -1.6693426609039306,
                4.184385204315185,
                0
            ]
        ],
        "tenderloin_gbyqap_1": [
            [
                -1.6693426609039306,
                3.6122653007507326,
                1.5707963267948966
            ]
        ],
        "oven_wuinhm_1": [
            [
                -1.6693426609039306,
                4.24159719467163,
                0
            ]
        ],
        "breakfast_table_skczfi_0": [
            [
                -2.374724917411804,
                6.710224695205688,
                0
            ]
        ],
        "table_lamp_ehjsdz_1": [
            [
                -2.374724917411804,
                6.710224695205688,
                0
            ]
        ]
    },
    "ontop": {
        "tenderloin_gbyqap_1": {
            "breakfast_table_skczfi_0": [
                [
                    -1.6669565439224243,
                    7.3792572021484375,
                    0.8332563042640686
                ],
                [
                    -0.008511867374181747,
                    0.010447068139910698,
                    -0.013092594221234322,
                    0.9998235702514648
                ]
            ]
        }
    },
    "inside": {
        "tenderloin_gbyqap_1": {
            "oven_wuinhm_1": [
                [
                    -1.085314393043518,
                    5.892482280731201,
                    0.4144880473613739
                ],
                [
                    -0.0019883946515619755,
                    0.011836216785013676,
                    -0.025132475420832634,
                    0.9996120929718018
                ]
            ]
        }
    }
}