{
    "nextto": {
        "reception_desk_kjmhgc_1": [
            [
                -2.278099768161774,
                1.7448198938369752,
                0
            ]
        ],
        "sugar_cookie_feirtr_1": [
            [
                -2.278099768161774,
                2.284519896507263,
                0
            ]
        ],
        "cooler_pnkiag_1": [
            [
                -2.3215996551513673,
                9.0181201171875,
                0
            ]
        ],
        "bed_zrumze_0": [
            [
                3.2545502734184266,
                2.4762693238258366,
                0
            ]
        ],
        "paperback_book_dbmzmo_1": [
            [
                3.2545502734184266,
                2.4762693238258366,
                0
            ]
        ],
        "coffee_table_qlmqyy_1": [
            [
                2.1849499940872192,
                7.464469285011292,
                0
            ]
        ]
    },
    "ontop": {
        "paperback_book_dbmzmo_1": {
            "coffee_table_qlmqyy_1": [
                [
                    2.9178073406219482,
                    9.185686111450195,
                    0.41738253831863403
                ],
                [
                    -0.07767719775438309,
                    0.05128402262926102,
                    -0.11924567818641663,
                    0.988491952419281
                ]
            ]
        }
    },
    "inside": {
        "sugar_cookie_feirtr_1": {
            "cooler_pnkiag_1": [
                [
                    -0.6243425011634827,
                    9.37177848815918,
                    0.09975264966487885
                ],
                [
                    0.002062475075945258,
                    -0.0022899596951901913,
                    -0.0009409849299117923,
                    0.9999947547912598
                ]
            ]
        }
    }
}