{
    "nextto": {
        "carton_hhlmbi_1": [
            [
                -0.09630012512207024,
                9.856219940185547,
                0
            ]
        ],
        "cucumber_wcvwye_1": [
            [
                -0.09630012512207024,
                9.856219940185547,
                0
            ]
        ],
        "cooler_pnkiag_1": [
            [
                -2.3215996551513673,
                9.0181201171875,
                0
            ]
        ]
    },
    "ontop": {},
    "inside": {
        "cucumber_wcvwye_1": {
            "cooler_pnkiag_1": [
                [
                    -0.6966526508331299,
                    9.803924560546875,
                    0.12750208377838135
                ],
                [
                    -0.07758483290672302,
                    -0.01295506488531828,
                    -0.03009774349629879,
                    0.9964472055435181
                ]
            ]
        }
    }
}