{
    "nextto": {
        "coffee_table_fqluyq_0": [
            [
                2.0471949672698972,
                7.306374635696411,
                0
            ]
        ],
        "chocolate_cake_wpeesw_1": [
            [
                2.0471949672698972,
                7.306374635696411,
                0
            ]
        ],
        "cooler_pnkiag_1": [
            [
                -2.298674554824829,
                2.6396614646911623,
                0
            ]
        ]
    },
    "ontop": {},
    "inside": {
        "chocolate_cake_wpeesw_1": {
            "cooler_pnkiag_1": [
                [
                    -0.9416875839233398,
                    4.272984504699707,
                    0.12329664826393127
                ],
                [
                    0.00840107910335064,
                    -0.012336541898548603,
                    -0.012221948243677616,
                    0.9998139142990112
                ]
            ]
        }
    }
}