{
    "nextto": {
        "reception_desk_kjmhgc_1": [
            [
                -1.6693426609039306,
                3.3834173393249514,
                0
            ]
        ],
        "sugar_cookie_feirtr_1": [
            [
                -1.6693426609039306,
                4.756505107879638,
                0
            ]
        ],
        "toaster_kjwqav_1": [
            [
                -1.6693426609039306,
                4.12717321395874,
                0
            ]
        ],
        "breakfast_table_skczfi_0": [
            0.08959954977035522,
            7.8450703620910645,
            5.966125965118408
        ]
    },
    "ontop": {
        "sugar_cookie_feirtr_1": {
            "breakfast_table_skczfi_0": [
                [
                    -1.6050961017608643,
                    7.7255072593688965,
                    0.8143349289894104
                ],
                [
                    0.00198162579908967,
                    -0.002163038356229663,
                    -0.014739573001861572,
                    0.9998871088027954
                ]
            ]
        }
    },
    "inside": {
        "sugar_cookie_feirtr_1": {
            "toaster_kjwqav_1": [
                [
                    -1.6050961017608643,
                    7.7255072593688965,
                    0.8143349289894104
                ],
                [
                    0.00198162579908967,
                    -0.002163038356229663,
                    -0.014739573001861572,
                    0.9998871088027954
                ]
            ]
        }
    }
}