{
    "nextto": {
        "reception_desk_kjmhgc_1": [
            [
                -1.6693426609039306,
                3.440629329681397,
                0
            ]
        ],
        "avocado_arswzs_1": [
            [
                -1.6693426609039306,
                5.671896953582763,
                0
            ]
        ],
        "cooler_pnkiag_1": [
            [
                -2.298674554824829,
                2.6396614646911623,
                0
            ]
        ],
        "breakfast_table_skczfi_0": [
            [
                -2.2381889486312865,
                7.119832601547241,
                0
            ]
        ],
        "measuring_cup_ahtzhp_1": [
            [
                -2.2381889486312865,
                7.119832601547241,
                0
            ]
        ],
        "ceiling_fan_xtmacj_1": [
            1.2789796590805054,
            1.541432499885559,
            5.332595348358154
        ],
        "coffee_table_fqluyq_0": [
            3.0412535667419434,
            8.900992393493652,
            0.18376803398132324
        ]
    },
    "ontop": {
        "measuring_cup_ahtzhp_1": {
            "coffee_table_fqluyq_0": [
                [
                    3.770703077316284,
                    7.479373455047607,
                    0.44865497946739197
                ],
                [
                    -0.0016561220400035381,
                    0.0005680657923221588,
                    -0.11133863776922226,
                    0.9937808513641357
                ]
            ]
        }
    },
    "inside": {
        "avocado_arswzs_1": {
            "cooler_pnkiag_1": [
                [
                    -0.9739199280738831,
                    4.499417781829834,
                    0.12440019100904465
                ],
                [
                    0.5971914529800415,
                    0.5199838280677795,
                    0.03223931044340134,
                    0.6098686456680298
                ]
            ]
        }
    }
}