{
    "nextto": {
        "reception_desk_kjmhgc_1": [
            [
                -1.6693426609039306,
                4.12717321395874,
                0
            ]
        ],
        "wicker_basket_unasxd_1": [
            [
                -1.6693426609039306,
                3.555053310394287,
                1.5707963267948966
            ]
        ],
        "pomegranate_tldskr_1": [
            [
                -1.6693426609039306,
                3.555053310394287,
                1.5707963267948966
            ]
        ],
        "cooler_pnkiag_1": [
            [
                -1.6693426609039306,
                4.870929088592529,
                0
            ]
        ],
        "coffee_table_fqluyq_0": [
            3.062932014465332,
            6.692915439605713,
            6.121796131134033
        ]
    },
    "ontop": {
        "pomegranate_tldskr_1": {
            "coffee_table_fqluyq_0": [
                [
                    3.6136057376861572,
                    8.1539945602417,
                    0.4215851128101349
                ],
                [
                    0.03810299187898636,
                    -0.08036806434392929,
                    -0.006454966031014919,
                    0.996015727519989
                ]
            ]
        }
    },
    "inside": {
        "pomegranate_tldskr_1": {
            "cooler_pnkiag_1": [
                [
                    -1.4073312282562256,
                    4.098605632781982,
                    0.13080208003520966
                ],
                [
                    0.03855510428547859,
                    -0.08500225096940994,
                    -0.01026556733995676,
                    0.9955816268920898
                ]
            ]
        }
    }
}