{
    "nextto": {
        "shelf_iwziew_1": [
            [
                1.6874034619331362,
                1.3145522224903108,
                0
            ]
        ],
        "carton_hhlmbi_1": [
            [
                1.6874034619331362,
                1.3145522224903108,
                0
            ]
        ],
        "petri_dish_vbiqcq_1": [
            [
                1.6874034619331362,
                1.3145522224903108,
                0
            ]
        ],
        "desk_cnewsu_1": [
            [
                -1.059006721973419,
                0.8807287591695786,
                0
            ]
        ]
    },
    "ontop": {
        "carton_hhlmbi_1": {
            "desk_cnewsu_1": [
                [
                    0.8098077178001404,
                    1.6740210056304932,
                    0.7615499496459961
                ],
                [
                    -0.00022866367362439632,
                    0.0005260893376544118,
                    -0.13328763842582703,
                    0.9910773038864136
                ]
            ]
        }
    },
    "inside": {
        "petri_dish_vbiqcq_1": {
            "carton_hhlmbi_1": [
                [
                    0.841742992401123,
                    1.6901057958602905,
                    0.7339490056037903
                ],
                [
                    -0.006150627508759499,
                    -0.0034666818100959063,
                    -0.01665588468313217,
                    0.9998364448547363
                ]
            ]
        }
    }
}