{
    "nextto": {
        "reception_desk_kjmhgc_1": [
            [
                -2.298674554824829,
                2.6396614646911623,
                0
            ]
        ],
        "bell_pepper_ukkycp_1": [
            [
                -2.298674554824829,
                2.811297435760498,
                0
            ]
        ],
        "toaster_oven_ctrngh_1": [
            [
                -1.6693426609039306,
                5.09977705001831,
                0
            ]
        ],
        "breakfast_table_skczfi_0": [
            [
                -2.374724917411804,
                6.710224695205688,
                0
            ]
        ],
        "casserole_ncbsee_1": [
            [
                -2.374724917411804,
                6.710224695205688,
                0
            ]
        ]
    },
    "ontop": {},
    "inside": {
        "bell_pepper_ukkycp_1": {
            "casserole_ncbsee_1": [
                [
                    -1.5161786079406738,
                    7.662640571594238,
                    0.8657336831092834
                ],
                [
                    0.023305386304855347,
                    0.0401824451982975,
                    -0.007936716079711914,
                    0.9988889694213867
                ]
            ],
            "toaster_oven_ctrngh_1": [
                [
                    -1.5161786079406738,
                    7.662640571594238,
                    0.8657336831092834
                ],
                [
                    0.023305386304855347,
                    0.0401824451982975,
                    -0.007936716079711914,
                    0.9988889694213867
                ]
            ]
        }
    }
}