{
    "nextto": {
        "sofa_xhxdqf_0": [
            [
                4.667659215927125,
                8.055078706741334,
                0
            ]
        ],
        "security_camera_tiscsa_1": [
            [
                4.667659215927125,
                8.055078706741334,
                0
            ]
        ],
        "air_conditioner_pekain_1": [
            [
                1.998203423023224,
                -1.0164474856853485,
                0
            ]
        ],
        "electric_mixer_qornxa_1": [
            [
                -2.298674554824829,
                3.15456937789917,
                0
            ]
        ],
        "coffee_table_fqluyq_0": [
            4.124940872192383,
            8.222053527832031,
            5.225928783416748
        ]
    },
    "ontop": {
        "security_camera_tiscsa_1": {
            "coffee_table_fqluyq_0": [
                [
                    3.4512832164764404,
                    8.135028839111328,
                    0.43779808282852173
                ],
                [
                    -0.05839560180902481,
                    -0.023115726187825203,
                    -0.0620996356010437,
                    0.9960919618606567
                ]
            ]
        }
    },
    "inside": {}
}