{
    "nextto": {
        "countertop_zkhelh_1": [
            [
                0.34330024480819743,
                3.749419903755188,
                0
            ]
        ],
        "bratwurst_wuyflp_1": [
            [
                -2.278099768161774,
                1.282219891548157,
                0
            ]
        ],
        "cooler_pnkiag_1": [
            [
                -1.8302997589111327,
                9.0181201171875,
                0
            ]
        ]
    },
    "ontop": {},
    "inside": {
        "bratwurst_wuyflp_1": {
            "cooler_pnkiag_1": [
                [
                    -0.09221237152814865,
                    9.420490264892578,
                    0.2110743224620819
                ],
                [
                    -0.07763978838920593,
                    -0.1045127883553505,
                    0.08290144801139832,
                    0.9880165457725525
                ]
            ]
        }
    }
}