{
    "nextto": {
        "reception_desk_kjmhgc_1": [
            [
                -2.298674554824829,
                2.925721416473389,
                0
            ]
        ],
        "pear_vjqkwh_1": [
            [
                -1.6693426609039306,
                4.069961223602294,
                0
            ]
        ],
        "pitcher_mbrlge_1": [
            [
                -1.6693426609039306,
                3.6694772911071776,
                0
            ]
        ],
        "cooler_pnkiag_1": [
            [
                -2.298674554824829,
                2.6396614646911623,
                0
            ]
        ],
        "breakfast_table_skczfi_0": [
            -1.3636984825134277,
            6.89030647277832,
            5.135554790496826
        ]
    },
    "ontop": {
        "pitcher_mbrlge_1": {
            "breakfast_table_skczfi_0": [
                [
                    -1.0589830875396729,
                    7.7712202072143555,
                    0.9355131983757019
                ],
                [
                    1.1967495083808899e-06,
                    3.111519617959857e-06,
                    -0.010340568609535694,
                    0.9999465346336365
                ]
            ]
        }
    },
    "inside": {
        "pear_vjqkwh_1": {
            "cooler_pnkiag_1": [
                [
                    -0.9915978908538818,
                    3.4610109329223633,
                    0.14496004581451416
                ],
                [
                    0.044061608612537384,
                    -0.2795141339302063,
                    -0.1251094937324524,
                    0.9509353041648865
                ]
            ]
        }
    }
}