{
    "nextto": {
        "countertop_zkhelh_1": [
            [
                1.9345283603668213,
                -12.879272918701172,
                0
            ]
        ],
        "lamb_zzwdks_1": [
            [
                1.3177282810211184,
                -12.647972888946533,
                0
            ]
        ],
        "pressure_cooker_otyngn_1": [
            [
                2.628428449630737,
                -12.879272918701172,
                0
            ]
        ],
        "board_fxugbm_1": [
            [
                -4.781496000289916,
                -8.372413587570191,
                0
            ]
        ],
        "window_ulnafj_4": [
            -2.6942710876464844,
            -4.932398796081543,
            6.248368740081787
        ]
    },
    "ontop": {
        "lamb_zzwdks_1": {
            "board_fxugbm_1": [
                [
                    -2.675743341445923,
                    -9.00283145904541,
                    0.06296397745609283
                ],
                [
                    0.11476866900920868,
                    0.03763275220990181,
                    -0.002101289574056864,
                    0.992676854133606
                ]
            ]
        }
    },
    "inside": {
        "lamb_zzwdks_1": {
            "pressure_cooker_otyngn_1": [
                [
                    4.415304660797119,
                    -12.82065486907959,
                    1.1295610666275024
                ],
                [
                    0.10826205462217331,
                    0.036198828369379044,
                    -0.027098609134554863,
                    0.9930934906005859
                ]
            ]
        }
    }
}