{
    "nextto": {
        "shelf_iwziew_1": [
            [
                -2.3215996551513673,
                9.0181201171875,
                0
            ]
        ],
        "soft_roll_jelruc_1": [
            [
                -2.3215996551513673,
                9.0181201171875,
                0
            ]
        ],
        "cooler_pnkiag_1": [
            [
                -1.7383997654914856,
                0.5883198881149294,
                0
            ]
        ],
        "washer_omeuop_0": [
            0.052773356437683105,
            -0.6807606220245361,
            2.1124675273895264
        ]
    },
    "ontop": {},
    "inside": {
        "soft_roll_jelruc_1": {
            "cooler_pnkiag_1": [
                [
                    -0.12247250229120255,
                    1.2656946182250977,
                    0.12375343590974808
                ],
                [
                    0.010358243249356747,
                    0.02241942659020424,
                    -0.02938002720475197,
                    0.9992631077766418
                ]
            ]
        }
    }
}