{
    "nextto": {
        "clothes_dryer_zlmnfg_0": [
            [
                -1.3528997635841369,
                -0.6452801179885863,
                0
            ]
        ],
        "sock_rhgweu_1": [
            [
                -1.3528997635841369,
                -0.6452801179885863,
                0
            ]
        ],
        "wardrobe_lrokhl_1": [
            [
                3.5887503814697266,
                3.3884695959091187,
                0
            ]
        ]
    },
    "ontop": {},
    "inside": {
        "sock_rhgweu_1": {
            "wardrobe_lrokhl_1": [
                [
                    4.8901495933532715,
                    3.5757572650909424,
                    0.4413071572780609
                ],
                [
                    -0.7405635118484497,
                    -0.1721496284008026,
                    -0.24042728543281555,
                    0.6034276485443115
                ]
            ]
        }
    }
}