{
    "nextto": {
        "reception_desk_kjmhgc_1": [
            [
                1.7803283405303956,
                -12.879272918701172,
                0
            ]
        ],
        "butternut_squash_swehmg_1": [
            [
                2.16582839012146,
                -11.49147274017334,
                0
            ]
        ],
        "cooler_pnkiag_1": [
            [
                0.39252816200256346,
                -12.03117280960083,
                0
            ]
        ],
        "sauna_heater_etqusf_1": [
            [
                6.694430098533631,
                3.64421528339386,
                0
            ]
        ]
    },
    "ontop": {},
    "inside": {
        "butternut_squash_swehmg_1": {
            "cooler_pnkiag_1": [
                [
                    0.7678974866867065,
                    -12.8629732131958,
                    0.23438136279582977
                ],
                [
                    0.05709538608789444,
                    -0.004035970661789179,
                    -0.03757309913635254,
                    0.9976532459259033
                ]
            ]
        }
    }
}