{
    "nextto": {
        "reception_desk_kjmhgc_1": [
            [
                2.242928400039673,
                -9.64107250213623,
                0
            ]
        ],
        "spinach_uxhqeq_1": [
            [
                2.4742284297943113,
                -9.64107250213623,
                0
            ]
        ],
        "oven_wuinhm_1": [
            [
                1.549028310775757,
                -11.2601727104187,
                0
            ]
        ],
        "shelf_iwziew_1": [
            [
                -7.305148959159851,
                -11.980775189399719,
                0
            ]
        ],
        "wicker_basket_unasxd_1": [
            [
                -7.305148959159851,
                -11.980775189399719,
                0
            ]
        ],
        "pedestal_table_oqclwq_1": [
            [
                -6.643532094955444,
                -6.510377492904662,
                0
            ]
        ]
    },
    "ontop": {
        "wicker_basket_unasxd_1": {
            "pedestal_table_oqclwq_1": [
                [
                    -6.345602989196777,
                    -4.73439359664917,
                    0.5608121752738953
                ],
                [
                    0.006147617939859629,
                    -0.0005494712968356907,
                    -0.1181022971868515,
                    0.9929822087287903
                ]
            ]
        }
    },
    "inside": {
        "spinach_uxhqeq_1": {
            "oven_wuinhm_1": [
                [
                    3.1164398193359375,
                    -11.52721118927002,
                    0.37664735317230225
                ],
                [
                    0.3634040355682373,
                    -0.43842875957489014,
                    -0.11717140674591064,
                    0.813626766204834
                ]
            ]
        }
    }
}