{
    "nextto": {
        "conference_table_hdomxc_1": [
            [
                -2.278099768161774,
                0.5883198881149294,
                0
            ]
        ],
        "soft_roll_jelruc_1": [
            [
                -2.278099768161774,
                0.5883198881149294,
                0
            ]
        ],
        "reception_desk_kjmhgc_1": [
            [
                -1.9696997666358946,
                3.1326199007034305,
                0
            ]
        ],
        "iron_vlvslm_1": [
            [
                -1.2757997632026672,
                3.28681990146637,
                0
            ]
        ],
        "hamper_dmizts_1": [
            [
                -1.5841997647285462,
                2.6700198984146124,
                0
            ]
        ]
    },
    "ontop": {},
    "inside": {
        "soft_roll_jelruc_1": {
            "hamper_dmizts_1": [
                [
                    -0.04804060235619545,
                    3.223411798477173,
                    0.04178210347890854
                ],
                [
                    0.014277622103691101,
                    0.023917486891150475,
                    -0.008470525965094566,
                    0.9995760917663574
                ]
            ]
        }
    }
}