{
    "nextto": {
        "reception_desk_kjmhgc_1": [
            [
                -2.298674554824829,
                2.6396614646911623,
                0
            ]
        ],
        "pork_ihekpm_1": [
            [
                -2.298674554824829,
                2.7540854454040526,
                0
            ]
        ],
        "stove_rgpphy_0": [
            -0.1787712723016739,
            6.191103458404541,
            1.402209758758545
        ],
        "breakfast_table_skczfi_0": [
            -1.2722045183181763,
            6.508018970489502,
            0.34183764457702637
        ]
    },
    "ontop": {
        "pork_ihekpm_1": {
            "breakfast_table_skczfi_0": [
                [
                    -1.1396502256393433,
                    7.828517436981201,
                    0.823265790939331
                ],
                [
                    0.01174575462937355,
                    0.0006267260760068893,
                    -0.01855327934026718,
                    0.9997586011886597
                ]
            ],
            "stove_rgpphy_0": [
                [
                    -1.1396502256393433,
                    7.828517436981201,
                    0.823265790939331
                ],
                [
                    0.01174575462937355,
                    0.0006267260760068893,
                    -0.01855327934026718,
                    0.9997586011886597
                ]
            ]
        }
    },
    "inside": {}
}