{
    "nextto": {
        "toy_car_dgnnin_1": [
            [
                -0.823170711994171,
                1.902684802412987,
                0
            ]
        ],
        "shelf_iwziew_1": [
            [
                -2.3167987751960752,
                1.902684802412987,
                0
            ]
        ],
        "radiator_lnvush_1": [
            [
                1.998203423023224,
                -1.0164474856853485,
                0
            ]
        ]
    },
    "ontop": {
        "toy_car_dgnnin_1": {
            "shelf_iwziew_1": [
                [
                    -2.157107353210449,
                    0.8873756527900696,
                    0.6803512573242188
                ],
                [
                    0.006805793382227421,
                    0.010061467066407204,
                    0.3804369568824768,
                    0.924727201461792
                ]
            ]
        }
    },
    "inside": {}
}