{
    "nextto": {
        "hutch_vsqsuy_1": [
            [
                -2.3215996551513673,
                9.0181201171875,
                0
            ]
        ],
        "spinach_uxhqeq_1": [
            [
                -2.3215996551513673,
                9.0181201171875,
                0
            ]
        ],
        "microwave_abzvij_1": [
            [
                -1.8880997467041016,
                9.22042007446289,
                0
            ]
        ]
    },
    "ontop": {},
    "inside": {
        "spinach_uxhqeq_1": {
            "microwave_abzvij_1": [
                [
                    -0.09482651948928833,
                    9.716054916381836,
                    0.3349018394947052
                ],
                [
                    -0.09758360683917999,
                    0.38899216055870056,
                    -0.3027741312980652,
                    0.8645752668380737
                ]
            ]
        }
    }
}