{
    "nextto": {
        "reception_desk_kjmhgc_1": [
            [
                1.0864282512664796,
                -12.416672859191895,
                0
            ]
        ],
        "prosciutto_udjqae_1": [
            [
                1.7032283306121827,
                -12.339572849273683,
                0
            ]
        ],
        "stove_kfhkqp_1": [
            [
                2.16582839012146,
                -9.718172512054444,
                0
            ]
        ],
        "breakfast_table_dnsjnv_0": [
            -5.866546154022217,
            -5.560934543609619,
            5.134035110473633
        ]
    },
    "ontop": {
        "prosciutto_udjqae_1": {
            "breakfast_table_dnsjnv_0": [
                [
                    -4.918545722961426,
                    -6.025254249572754,
                    0.5436514019966125
                ],
                [
                    -0.003521483391523361,
                    0.0076088448986411095,
                    -0.07948135584592819,
                    0.9968010187149048
                ]
            ],
            "stove_kfhkqp_1": [
                [
                    -4.918545722961426,
                    -6.025254249572754,
                    0.5436514019966125
                ],
                [
                    -0.003521483391523361,
                    0.0076088448986411095,
                    -0.07948135584592819,
                    0.9968010187149048
                ]
            ]
        }
    },
    "inside": {}
}