{
    "nextto": {
        "reception_desk_kjmhgc_1": [
            [
                1.7803283405303956,
                -12.879272918701172,
                0
            ]
        ],
        "liquid_carton_ykfkyq_1": [
            [
                2.16582839012146,
                -11.414372730255128,
                0
            ]
        ],
        "cooler_pnkiag_1": [
            [
                -7.305148959159851,
                -11.518375134468078,
                0
            ]
        ]
    },
    "ontop": {},
    "inside": {
        "liquid_carton_ykfkyq_1": {
            "cooler_pnkiag_1": [
                [
                    -6.619958400726318,
                    -12.457257270812988,
                    0.2322394996881485
                ],
                [
                    0.0060445526614785194,
                    0.005770565941929817,
                    -0.01302333828061819,
                    0.9998801946640015
                ]
            ]
        }
    }
}