{
    "nextto": {
        "desk_cnewsu_1": [
            [
                2.719750018119812,
                4.790469164848328,
                0
            ]
        ],
        "flower_xxvkkw_1": [
            [
                2.7961500215530397,
                5.401669192314149,
                0
            ]
        ],
        "cooler_pnkiag_1": [
            [
                -1.9169997406005859,
                9.0181201171875,
                0
            ]
        ]
    },
    "ontop": {},
    "inside": {
        "flower_xxvkkw_1": {
            "cooler_pnkiag_1": [
                [
                    0.16518202424049377,
                    9.307619094848633,
                    0.5714541673660278
                ],
                [
                    0.06045471131801605,
                    -0.15348000824451447,
                    -0.7591865658760071,
                    0.6296228766441345
                ]
            ]
        }
    }
}