{
    "nextto": {
        "reception_desk_kjmhgc_1": [
            [
                -1.6693426609039306,
                3.3834173393249514,
                0
            ]
        ],
        "lasagna_eovigz_1": [
            [
                -1.4977066898345945,
                4.584869136810302,
                0
            ]
        ],
        "microwave_abzvij_1": [
            [
                -2.298674554824829,
                2.6396614646911623,
                0
            ]
        ],
        "breakfast_table_skczfi_0": [
            -0.4089692533016205,
            8.793327331542969,
            4.6002936363220215
        ]
    },
    "ontop": {
        "lasagna_eovigz_1": {
            "breakfast_table_skczfi_0": [
                [
                    -1.1261173486709595,
                    7.6027445793151855,
                    0.8220658898353577
                ],
                [
                    -0.009802795015275478,
                    1.890631392598152e-05,
                    -0.00172426865901798,
                    0.9999505281448364
                ]
            ]
        }
    },
    "inside": {
        "lasagna_eovigz_1": {
            "microwave_abzvij_1": [
                [
                    -2.2761852741241455,
                    4.128933906555176,
                    0.9717812538146973
                ],
                [
                    -0.02848445437848568,
                    0.03534207493066788,
                    -0.006047413218766451,
                    0.9989508986473083
                ]
            ]
        }
    }
}