{
    "nextto": {
        "table_lamp_ehjsdz_1": [
            [
                -8.651312727928161,
                12.212335095405578,
                0
            ]
        ],
        "desk_cnewsu_1": [
            [
                -12.264332375526427,
                3.365344452857971,
                0
            ]
        ],
        "goblet_nawrfs_1": [
            [
                -12.264332375526427,
                3.493344464302063,
                0
            ]
        ],
        "conference_table_hdomxc_1": [
            [
                -0.31934041857719403,
                10.72987211227417,
                0
            ]
        ]
    },
    "ontop": {
        "goblet_nawrfs_1": {
            "conference_table_hdomxc_1": [
                [
                    2.477339744567871,
                    11.81667709350586,
                    0.9462584853172302
                ],
                [
                    -4.315166734158993e-06,
                    2.3103144485503435e-05,
                    -0.04019220918416977,
                    0.9991918802261353
                ]
            ]
        }
    },
    "inside": {}
}