{
    "nextto": {
        "breakfast_table_uhrsex_1": [
            [
                -14.567811164855957,
                11.066856055259702,
                0
            ]
        ],
        "chili_xhbpqh_1": [
            [
                -14.011811103820802,
                11.066856055259702,
                0
            ]
        ],
        "microwave_abzvij_1": [
            [
                -12.200332369804382,
                2.5973443841934203,
                0
            ]
        ],
        "electric_fan_qqphyr_1": [
            [
                -3.408609771728516,
                12.946582069396973,
                0
            ]
        ]
    },
    "ontop": {},
    "inside": {
        "chili_xhbpqh_1": {
            "microwave_abzvij_1": [
                [
                    -10.421549797058105,
                    2.9860503673553467,
                    0.8250941038131714
                ],
                [
                    0.7652783393859863,
                    0.04590236768126488,
                    0.03598259389400482,
                    0.6410515904426575
                ]
            ]
        }
    }
}