{
    "nextto": {
        "desk_cnewsu_1": [
            [
                -12.211309852600097,
                -10.753813209533691,
                0
            ]
        ],
        "folder_wauyns_1": [
            [
                -12.211309852600097,
                -10.691809196472168,
                0
            ]
        ],
        "pedestal_table_oqclwq_1": [
            [
                -5.899312911033631,
                15.222334895133972,
                0
            ]
        ]
    },
    "ontop": {
        "folder_wauyns_1": {
            "pedestal_table_oqclwq_1": [
                [
                    -5.27758264541626,
                    13.656570434570312,
                    0.4755130112171173
                ],
                [
                    -3.4627195418579504e-05,
                    -0.000507705844938755,
                    -0.06751185655593872,
                    0.9977183938026428
                ]
            ]
        }
    },
    "inside": {}
}