{
    "nextto": {
        "coffee_table_qlmqyy_1": [
            [
                9.34018858909607,
                -6.874447908401489,
                0
            ]
        ],
        "chili_xhbpqh_1": [
            [
                9.570188550949096,
                -6.874447908401489,
                0
            ]
        ],
        "cooler_pnkiag_1": [
            [
                4.515187692642212,
                10.505834264755249,
                0
            ]
        ],
        "recycling_bin_duugbb_1": [
            [
                14.279737505912781,
                -6.362628664970398,
                0
            ]
        ],
        "desk_mdhelw_3": [
            13.19384479522705,
            -5.711117744445801,
            1.2669490575790405
        ]
    },
    "ontop": {},
    "inside": {
        "chili_xhbpqh_1": {
            "cooler_pnkiag_1": [
                [
                    6.291072845458984,
                    10.583166122436523,
                    0.11032765358686447
                ],
                [
                    0.7642707228660583,
                    0.08042584359645844,
                    0.0411306768655777,
                    0.6385375261306763
                ]
            ]
        }
    }
}