{
    "nextto": {
        "reception_desk_kjmhgc_1": [
            [
                1.7354888629913339,
                -16.54515543937683,
                0
            ]
        ],
        "wine_bottle_vjdkci_1": [
            [
                2.1044888973236078,
                -15.19215531349182,
                0
            ]
        ],
        "cooler_pnkiag_1": [
            [
                -16.374811363220218,
                -13.119146599769593,
                0
            ]
        ],
        "coffee_maker_fwlabx_1": [
            [
                -5.46931293964386,
                12.212335095405578,
                0
            ]
        ]
    },
    "ontop": {},
    "inside": {
        "wine_bottle_vjdkci_1": {
            "cooler_pnkiag_1": [
                [
                    -14.53561782836914,
                    -12.051468849182129,
                    0.18305407464504242
                ],
                [
                    0.0003288367297500372,
                    -0.002846528310328722,
                    -0.014722511172294617,
                    0.9998875856399536
                ]
            ]
        }
    }
}