{
    "nextto": {
        "tray_uekqey_1": [
            [
                8.535188722610473,
                -4.574448289871215,
                0
            ]
        ],
        "bagel_zlxkry_1": [
            [
                8.995188646316528,
                -2.849448575973511,
                0
            ]
        ],
        "microwave_abzvij_1": [
            [
                9.455188570022582,
                1.0605507755279546,
                0
            ]
        ]
    },
    "ontop": {},
    "inside": {
        "bagel_zlxkry_1": {
            "microwave_abzvij_1": [
                [
                    9.067200660705566,
                    1.616073727607727,
                    0.10083820670843124
                ],
                [
                    -0.0018033995293080807,
                    -0.0004429137334227562,
                    -0.06540480256080627,
                    0.9978571534156799
                ]
            ]
        }
    }
}