{
    "nextto": {
        "desk_mdhelw_2": [
            [
                8.562687339782714,
                2.3903439140319827,
                0
            ]
        ],
        "folder_wauyns_1": [
            [
                8.562687339782714,
                2.3903439140319827,
                0
            ]
        ],
        "conference_table_hdomxc_1": [
            [
                -1.7072001445293423,
                11.701373920440673,
                0
            ]
        ]
    },
    "ontop": {
        "folder_wauyns_1": {
            "conference_table_hdomxc_1": [
                [
                    1.1278698444366455,
                    12.788702964782715,
                    0.8267231583595276
                ],
                [
                    -3.1129049602895975e-05,
                    -0.0004848373355343938,
                    -0.0539102740585804,
                    0.9985456466674805
                ]
            ]
        }
    },
    "inside": {}
}