{
    "nextto": {
        "conference_table_hdomxc_1": [
            [
                8.952340135574342,
                1.6081033897399903,
                0
            ]
        ],
        "broccoli_rabe_ushqbz_1": [
            [
                11.943656053543092,
                1.6081033897399903,
                0
            ]
        ],
        "cooler_pnkiag_1": [
            [
                -1.6461031436920162,
                1.9834191322326675,
                0
            ]
        ]
    },
    "ontop": {},
    "inside": {
        "broccoli_rabe_ushqbz_1": {
            "cooler_pnkiag_1": [
                [
                    0.018187226727604866,
                    2.388153314590454,
                    0.11374104022979736
                ],
                [
                    0.01568710245192051,
                    0.0027391696348786354,
                    -0.008983198553323746,
                    0.9998328685760498
                ]
            ]
        }
    }
}