{
    "nextto": {
        "reception_desk_kjmhgc_1": [
            [
                -1.6461031436920162,
                -6.983680248260498,
                0
            ]
        ],
        "coffee_maker_fwlabx_1": [
            [
                -1.397017049789429,
                -6.485508060455322,
                0
            ]
        ],
        "pedestal_table_oqclwq_1": [
            [
                -3.0129235363006592,
                -4.748442935943603,
                0
            ]
        ],
        "legal_document_uchhwn_1": [
            [
                -2.6390090465545653,
                -4.748442935943603,
                0
            ]
        ],
        "desk_nafjjg_9": [
            2.6863346099853516,
            5.193016052246094,
            5.143703460693359
        ]
    },
    "ontop": {
        "legal_document_uchhwn_1": {
            "desk_nafjjg_9": [
                [
                    3.8716371059417725,
                    4.9384846687316895,
                    0.8396013379096985
                ],
                [
                    0.00022879481548443437,
                    -0.00033109221840277314,
                    -0.006191831082105637,
                    0.9999808073043823
                ]
            ]
        }
    },
    "inside": {}
}