{
    "nextto": {
        "desk_cnewsu_1": [
            [
                -12.211309852600097,
                -10.753813209533691,
                0
            ]
        ],
        "folder_wauyns_1": [
            [
                -12.211309852600097,
                -10.505797157287597,
                0
            ]
        ],
        "conference_table_fpkmyw_0": [
            [
                -8.651312727928161,
                13.846334986686706,
                0
            ]
        ],
        "projector_spedyw_1": [
            [
                -8.651312727928161,
                13.846334986686706,
                0
            ]
        ]
    },
    "ontop": {
        "folder_wauyns_1": {
            "conference_table_fpkmyw_0": [
                [
                    -7.102782726287842,
                    12.908586502075195,
                    0.6893765330314636
                ],
                [
                    0.000313490629196167,
                    -0.0040545351803302765,
                    -0.10253272205591202,
                    0.9947213530540466
                ]
            ]
        }
    },
    "inside": {}
}