{
    "nextto": {
        "conference_table_hdomxc_1": [
            [
                -1.8951892375946042,
                -8.727282905578614,
                0
            ]
        ],
        "mug_fapsrj_1": [
            [
                0.5956717014312755,
                -3.9946471214294426,
                0
            ]
        ],
        "microwave_abzvij_1": [
            [
                -5.382394552230835,
                -0.009269618988037104,
                0
            ]
        ]
    },
    "ontop": {},
    "inside": {
        "mug_fapsrj_1": {
            "microwave_abzvij_1": [
                [
                    -3.5814754962921143,
                    -0.06950616836547852,
                    0.876417875289917
                ],
                [
                    0.0046872529201209545,
                    -0.0016567108687013388,
                    -0.011840571649372578,
                    0.9999175667762756
                ]
            ]
        }
    }
}