{
    "nextto": {
        "desk_nafjjg_9": [
            [
                2.2218793201446534,
                4.59941930770874,
                0
            ]
        ],
        "mango_phdamg_1": [
            [
                2.2218793201446534,
                4.59941930770874,
                0
            ]
        ],
        "cooler_pnkiag_1": [
            [
                0.3465856075286865,
                1.9834191322326675,
                0
            ]
        ]
    },
    "ontop": {},
    "inside": {
        "mango_phdamg_1": {
            "cooler_pnkiag_1": [
                [
                    1.4690849781036377,
                    2.782107353210449,
                    0.09980332851409912
                ],
                [
                    -0.267519474029541,
                    -0.20891761779785156,
                    -0.03397510200738907,
                    0.9400172829627991
                ]
            ]
        }
    }
}