{
    "nextto": {
        "shelf_iwziew_1": [
            [
                8.577588300704956,
                -10.864745397567749,
                0
            ]
        ],
        "legal_document_uchhwn_1": [
            [
                8.577588300704956,
                -10.864745397567749,
                0
            ]
        ],
        "desk_mdhelw_3": [
            12.424511909484863,
            -4.261422157287598,
            5.892992973327637
        ]
    },
    "ontop": {
        "legal_document_uchhwn_1": {
            "desk_mdhelw_3": [
                [
                    16.07175064086914,
                    -5.131833553314209,
                    0.8805872201919556
                ],
                [
                    0.00027287600096315145,
                    -0.00014134164666756988,
                    -0.0979263037443161,
                    0.995193600654602
                ]
            ]
        }
    },
    "inside": {}
}