{
    "nextto": {
        "conference_table_hdomxc_1": [
            [
                -8.122341585159303,
                -3.2473888397216792,
                0
            ]
        ],
        "avocado_arswzs_1": [
            [
                -5.880566740036011,
                -0.009269618988037104,
                0
            ]
        ],
        "cooler_pnkiag_1": [
            [
                -1.8951892375946042,
                -8.727282905578614,
                0
            ]
        ],
        "desk_nafjjg_9": [
            [
                2.595793809890747,
                4.225504817962647,
                0
            ]
        ],
        "laptop_sngiih_1": [
            [
                2.595793809890747,
                4.225504817962647,
                0
            ]
        ],
        "shelf_iwziew_1": [
            [
                -3.0129235363006592,
                -4.748442935943603,
                0
            ]
        ]
    },
    "ontop": {
        "laptop_sngiih_1": {
            "shelf_iwziew_1": [
                [
                    -1.1561185121536255,
                    -4.3729963302612305,
                    0.5154221653938293
                ],
                [
                    4.58363356301561e-05,
                    -0.0001769600494299084,
                    -0.012006087228655815,
                    0.9999278783798218
                ]
            ]
        }
    },
    "inside": {
        "avocado_arswzs_1": {
            "cooler_pnkiag_1": [
                [
                    -0.3105696141719818,
                    -9.278722763061523,
                    -697.1981811523438
                ],
                [
                    -0.0004999387310817838,
                    0.001612054300494492,
                    -0.005736032500863075,
                    0.9999821782112122
                ]
            ]
        }
    }
}