{
    "nextto": {
        "pedestal_table_oqclwq_1": [
            [
                2.1044888973236078,
                -16.053155393600463,
                0
            ]
        ],
        "plum_rhaemq_1": [
            [
                2.4734889316558832,
                -15.930155382156372,
                0
            ]
        ],
        "cooler_pnkiag_1": [
            [
                -15.262811241149905,
                11.20585607051849,
                0
            ]
        ]
    },
    "ontop": {},
    "inside": {
        "plum_rhaemq_1": {
            "cooler_pnkiag_1": [
                [
                    -13.457022666931152,
                    11.87759780883789,
                    0.11791685223579407
                ],
                [
                    -0.04157257825136185,
                    0.13545069098472595,
                    0.007404098752886057,
                    0.9898838400840759
                ]
            ]
        }
    }
}