{
    "nextto": {
        "microwave_abzvij_1": [
            [
                -5.382394552230835,
                -0.009269618988037104,
                0
            ]
        ],
        "biscuit_hlyeaq_1": [
            [
                0.3465856075286865,
                -2.00195837020874,
                0
            ]
        ]
    },
    "ontop": {},
    "inside": {
        "biscuit_hlyeaq_1": {
            "microwave_abzvij_1": [
                [
                    -3.6642813682556152,
                    -0.00662473076954484,
                    0.8455749750137329
                ],
                [
                    0.004333124030381441,
                    -0.002048459369689226,
                    0.0018450793577358127,
                    0.9999868869781494
                ]
            ]
        }
    }
}