{
    "nextto": {
        "countertop_zkhelh_1": [
            [
                12.100188131332397,
                1.0605507755279546,
                0
            ]
        ],
        "apple_agveuv_1": [
            [
                12.215188112258911,
                -4.229448347091674,
                0
            ]
        ],
        "microwave_abzvij_1": [
            [
                4.159187707901001,
                13.798834123611451,
                0
            ]
        ]
    },
    "ontop": {},
    "inside": {
        "apple_agveuv_1": {
            "microwave_abzvij_1": [
                [
                    5.798443794250488,
                    14.378100395202637,
                    0.8056154847145081
                ],
                [
                    -0.41525137424468994,
                    -0.39992427825927734,
                    -0.11107487231492996,
                    0.8094993233680725
                ]
            ]
        }
    }
}