{
    "nextto": {
        "desk_mdhelw_2": [
            [
                8.562687339782714,
                4.910343914031983,
                0
            ]
        ],
        "folder_wauyns_1": [
            [
                8.562687339782714,
                4.910343914031983,
                0
            ]
        ],
        "reception_desk_kjmhgc_1": [
            [
                6.9181875896453855,
                15.489834051132203,
                0
            ]
        ],
        "coffee_maker_fwlabx_1": [
            [
                7.363187570571899,
                11.48483422279358,
                0
            ]
        ],
        "pedestal_table_oqclwq_1": [
            [
                4.604187688827515,
                16.112834024429322,
                0
            ]
        ]
    },
    "ontop": {
        "folder_wauyns_1": {
            "pedestal_table_oqclwq_1": [
                [
                    6.561753273010254,
                    16.59712791442871,
                    0.4755133092403412
                ],
                [
                    -1.0207435479969718e-05,
                    -0.0005105969030410051,
                    -0.02181827649474144,
                    0.9997618198394775
                ]
            ]
        }
    },
    "inside": {}
}