{
    "nextto": {
        "reception_desk_kjmhgc_1": [
            [
                2.350488920211792,
                -16.54515543937683,
                0
            ]
        ],
        "mug_fapsrj_1": [
            [
                2.8424889659881587,
                -16.053155393600463,
                0
            ]
        ],
        "conference_table_hdomxc_1": [
            [
                -0.31934041857719403,
                10.868658084869384,
                0
            ]
        ],
        "air_conditioner_pekain_1": [
            [
                12.100188131332397,
                -6.759447927474976,
                0
            ]
        ]
    },
    "ontop": {
        "mug_fapsrj_1": {
            "conference_table_hdomxc_1": [
                [
                    2.2966206073760986,
                    11.991388320922852,
                    0.8575176000595093
                ],
                [
                    -4.826753865927458e-06,
                    2.0789962945855223e-05,
                    -0.016907287761569023,
                    0.9998570680618286
                ]
            ]
        }
    },
    "inside": {}
}