{
    "nextto": {
        "pedestal_table_oqclwq_1": [
            [
                1.3460912525653848,
                13.089233646392824,
                0
            ]
        ],
        "microphone_eyleyk_1": [
            [
                1.4848772251605993,
                13.366805591583253,
                0
            ]
        ],
        "desk_mdhelw_3": [
            13.23348617553711,
            -4.815554141998291,
            5.135393142700195
        ]
    },
    "ontop": {
        "microphone_eyleyk_1": {
            "desk_mdhelw_3": [
                [
                    15.906147956848145,
                    -4.66978645324707,
                    0.9572188854217529
                ],
                [
                    5.620229785563424e-06,
                    1.3947021216154099e-05,
                    -0.01337521430104971,
                    0.9999105930328369
                ]
            ]
        }
    },
    "inside": {}
}