{
    "nextto": {
        "reception_desk_kjmhgc_1": [
            [
                -1.6461031436920162,
                1.7343330383300786,
                0
            ]
        ],
        "coffee_cup_ckkwmj_1": [
            [
                -0.898844861984253,
                2.2325052261352547,
                0
            ]
        ],
        "espresso_machine_qhrtyw_1": [
            [
                -1.14793095588684,
                -1.2547000885009765,
                0
            ]
        ],
        "desk_nafjjg_9": [
            2.622405767440796,
            4.920537948608398,
            5.715029239654541
        ]
    },
    "ontop": {
        "coffee_cup_ckkwmj_1": {
            "desk_nafjjg_9": [
                [
                    4.736271858215332,
                    4.903560161590576,
                    0.7790014743804932
                ],
                [
                    0.0003100221510976553,
                    -0.00028319726698100567,
                    -0.01032996829599142,
                    0.9999465346336365
                ]
            ]
        }
    },
    "inside": {}
}