{
    "nextto": {
        "desk_cnewsu_1": [
            [
                -14.984811210632326,
                11.34485608577728,
                0
            ]
        ],
        "letter_igvnic_1": [
            [
                -14.706811180114748,
                11.900856146812437,
                0
            ]
        ],
        "envelope_urcigc_1": [
            [
                -14.150811119079592,
                12.039856162071224,
                0
            ]
        ],
        "pedestal_table_oqclwq_1": [
            [
                -5.899312911033631,
                15.222334895133972,
                0
            ]
        ],
        "recycling_bin_duugbb_1": [
            [
                -6.415312876701355,
                15.480334877967834,
                0
            ]
        ]
    },
    "ontop": {
        "letter_igvnic_1": {
            "pedestal_table_oqclwq_1": [
                [
                    -5.115279197692871,
                    13.671722412109375,
                    0.4758152663707733
                ],
                [
                    5.010076165490318e-06,
                    -3.4973618312506005e-07,
                    -0.09094839543104172,
                    0.9958556294441223
                ]
            ]
        }
    },
    "inside": {
        "envelope_urcigc_1": {
            "recycling_bin_duugbb_1": [
                [
                    -5.158686637878418,
                    14.568187713623047,
                    0.16078531742095947
                ],
                [
                    0.038848042488098145,
                    0.009006354957818985,
                    -0.0035790889523923397,
                    0.9991980791091919
                ]
            ]
        }
    }
}