{
    "nextto": {
        "mailbox_bktljr_1": [
            [
                2.8424889659881587,
                -12.240155038833619,
                0
            ]
        ],
        "mail_qpwlor_1": [
            [
                2.9654889774322517,
                -12.609155073165894,
                0
            ]
        ],
        "reception_desk_kjmhgc_1": [
            [
                -12.264332375526427,
                2.7253443956375123,
                0
            ]
        ]
    },
    "ontop": {
        "mail_qpwlor_1": {
            "reception_desk_kjmhgc_1": [
                [
                    -11.711012840270996,
                    4.447547912597656,
                    0.8800931572914124
                ],
                [
                    0.006057496182620525,
                    0.17354880273342133,
                    -0.0434284545481205,
                    0.9838485717773438
                ]
            ]
        }
    },
    "inside": {}
}