{
    "nextto": {
        "shelf_iwziew_1": [
            [
                8.577588300704956,
                -10.864745397567749,
                0
            ]
        ],
        "stapler_wheosp_1": [
            [
                8.577588300704956,
                -10.712483415603637,
                0
            ]
        ],
        "air_conditioner_pekain_1": [
            [
                0.7909473621845249,
                12.811661701202393,
                0
            ]
        ],
        "desk_mdhelw_3": [
            15.731145858764648,
            -6.501804828643799,
            1.9865463972091675
        ]
    },
    "ontop": {
        "stapler_wheosp_1": {
            "desk_mdhelw_3": [
                [
                    16.488950729370117,
                    -5.196037292480469,
                    0.8040691018104553
                ],
                [
                    -0.060039322823286057,
                    -0.01834588125348091,
                    -0.01736610196530819,
                    0.9978763461112976
                ]
            ]
        }
    },
    "inside": {}
}