{
    "nextto": {
        "shelf_iwziew_1": [
            [
                12.215188112258911,
                -6.184448022842407,
                0
            ]
        ],
        "loudspeaker_snbvop_1": [
            [
                12.215188112258911,
                -5.724448099136352,
                0
            ]
        ],
        "console_table_tzkfqa_1": [
            [
                7.363187570571899,
                15.222834062576295,
                0
            ]
        ],
        "facsimile_mcqqhy_1": [
            [
                7.8081875514984125,
                12.1078341960907,
                0
            ]
        ]
    },
    "ontop": {},
    "inside": {}
}