{
    "nextto": {
        "bucket_lsmlzi_1": [
            [
                -16.235811347961427,
                -4.362145638465882,
                0
            ]
        ],
        "mushroom_zlukhz_1": [
            [
                -16.235811347961427,
                -4.362145638465882,
                0
            ]
        ],
        "cooler_pnkiag_1": [
            [
                1.858488874435425,
                -16.176155405044558,
                0
            ]
        ]
    },
    "ontop": {},
    "inside": {
        "mushroom_zlukhz_1": {
            "cooler_pnkiag_1": [
                [
                    3.847266435623169,
                    -15.450970649719238,
                    0.11252111196517944
                ],
                [
                    0.014091059565544128,
                    0.009473827667534351,
                    -0.0031787496991455555,
                    0.9998507499694824
                ]
            ]
        }
    }
}