{
    "nextto": {
        "printer_kqzshp_1": [
            [
                8.577588300704956,
                -10.864745397567749,
                0
            ]
        ],
        "legal_document_uchhwn_1": [
            [
                8.932866258621218,
                -10.154189481735228,
                0
            ]
        ],
        "countertop_zkhelh_1": [
            [
                0.9297333347797403,
                11.0074440574646,
                0
            ]
        ],
        "projector_spedyw_1": [
            [
                0.23580347180366584,
                13.228019618988037,
                0
            ]
        ]
    },
    "ontop": {
        "legal_document_uchhwn_1": {
            "countertop_zkhelh_1": [
                [
                    2.58293080329895,
                    12.53954792022705,
                    0.19074498116970062
                ],
                [
                    0.0002847497526090592,
                    -0.0001205874650622718,
                    -0.021937817335128784,
                    0.9997592568397522
                ]
            ]
        }
    },
    "inside": {}
}