{
    "nextto": {
        "countertop_zkhelh_1": [
            [
                11.87018816947937,
                1.1755507564544672,
                0
            ]
        ],
        "lasagna_eovigz_1": [
            [
                12.215188112258911,
                -0.7794489192962647,
                0
            ]
        ],
        "toaster_oven_ctrngh_1": [
            [
                11.985188150405882,
                -2.849448575973511,
                0
            ]
        ],
        "conference_table_fpkmyw_0": [
            4.542088985443115,
            14.12557315826416,
            0.9877884387969971
        ]
    },
    "ontop": {
        "lasagna_eovigz_1": {
            "conference_table_fpkmyw_0": [
                [
                    5.675173759460449,
                    12.172432899475098,
                    0.69576096534729
                ],
                [
                    -0.009779172018170357,
                    -0.0035024769604206085,
                    -0.0065539064817130566,
                    0.9999246597290039
                ]
            ]
        }
    },
    "inside": {
        "lasagna_eovigz_1": {
            "toaster_oven_ctrngh_1": [
                [
                    13.76171875,
                    -3.4687840938568115,
                    0.10612919926643372
                ],
                [
                    0.012192096561193466,
                    0.2737584710121155,
                    0.05807062238454819,
                    0.9599664211273193
                ]
            ]
        }
    }
}