{
    "nextto": {
        "desk_nafjjg_9": [
            [
                2.2218793201446534,
                4.225504817962647,
                0
            ]
        ],
        "folder_wauyns_1": [
            [
                2.2218793201446534,
                4.225504817962647,
                0
            ]
        ],
        "recycling_bin_duugbb_1": [
            [
                -3.0129235363006592,
                -4.748442935943603,
                0
            ]
        ],
        "shredder_wkconu_1": [
            [
                5.213195238113404,
                -2.5049559974670412,
                0
            ]
        ]
    },
    "ontop": {},
    "inside": {
        "folder_wauyns_1": {
            "recycling_bin_duugbb_1": [
                [
                    -1.1508934497833252,
                    -4.427600860595703,
                    0.531514048576355
                ],
                [
                    0.7971486449241638,
                    -0.08586633950471878,
                    0.08529046177864075,
                    0.5915289521217346
                ]
            ]
        }
    }
}