{
    "nextto": {
        "breakfast_table_uhrsex_1": [
            [
                2.350488920211792,
                -16.42215542793274,
                0
            ]
        ],
        "chocolate_biscuit_xhmpht_1": [
            [
                2.8424889659881587,
                -15.561155347824098,
                0
            ]
        ],
        "recycling_bin_duugbb_1": [
            [
                1.3664888286590584,
                -16.053155393600463,
                0
            ]
        ],
        "desk_mdhelw_0": [
            [
                14.25144871711731,
                -14.56734269142151,
                0
            ]
        ],
        "cooler_pnkiag_1": [
            [
                14.25144871711731,
                -14.56734269142151,
                0
            ]
        ]
    },
    "ontop": {},
    "inside": {
        "chocolate_biscuit_xhmpht_1": {
            "cooler_pnkiag_1": [
                [
                    14.57203197479248,
                    -12.62917709350586,
                    0.10840810835361481
                ],
                [
                    0.023185472935438156,
                    -0.01859198696911335,
                    -0.017601177096366882,
                    0.9994032979011536
                ]
            ]
        }
    }
}