{
    "nextto": {
        "conference_table_hdomxc_1": [
            [
                -2.323511514663696,
                -16.791155462265014,
                0
            ]
        ],
        "coffee_cup_ckkwmj_1": [
            [
                0.5054887485504146,
                -17.0371554851532,
                0
            ]
        ],
        "desk_cnewsu_1": [
            [
                4.78218768119812,
                15.311834058761598,
                0
            ]
        ]
    },
    "ontop": {
        "coffee_cup_ckkwmj_1": {
            "desk_cnewsu_1": [
                [
                    6.520750045776367,
                    15.892775535583496,
                    0.7586795687675476
                ],
                [
                    -0.0002090749330818653,
                    -8.950475603342056e-05,
                    -0.02040329948067665,
                    0.9997917413711548
                ]
            ]
        }
    },
    "inside": {}
}