{
    "nextto": {
        "desk_cnewsu_1": [
            [
                11.525188226699829,
                -2.5044486331939697,
                0
            ]
        ],
        "mug_fapsrj_1": [
            [
                12.215188112258911,
                -2.3894486522674563,
                0
            ]
        ],
        "coffee_maker_fwlabx_1": [
            [
                2.7194889545440675,
                -11.994155015945434,
                0
            ]
        ]
    },
    "ontop": {},
    "inside": {
        "mug_fapsrj_1": {
            "coffee_maker_fwlabx_1": [
                [
                    4.310089588165283,
                    -11.526802062988281,
                    0.33994707465171814
                ],
                [
                    -0.29242587089538574,
                    -0.6464361548423767,
                    0.6589968204498291,
                    -0.24966098368167877
                ]
            ]
        }
    }
}