{
    "nextto": {
        "desk_cnewsu_1": [
            [
                -15.123811225891114,
                3.5608552312850934,
                0
            ]
        ],
        "ramen_ofnvor_1": [
            [
                -14.567811164855957,
                3.5608552312850934,
                0
            ]
        ],
        "microwave_abzvij_1": [
            [
                -18.459811592102053,
                -4.362145638465882,
                0
            ]
        ],
        "pedestal_table_oqclwq_1": [
            [
                -11.36833238363266,
                -1.3066555169224738,
                1.5707963267948966
            ]
        ]
    },
    "ontop": {
        "ramen_ofnvor_1": {
            "pedestal_table_oqclwq_1": [
                [
                    -9.241803169250488,
                    -0.8946172595024109,
                    0.4867812395095825
                ],
                [
                    0.0006786062149330974,
                    -0.0004664847510866821,
                    -0.011193509213626385,
                    0.9999369382858276
                ]
            ]
        }
    },
    "inside": {
        "ramen_ofnvor_1": {
            "microwave_abzvij_1": [
                [
                    -18.86111068725586,
                    -2.7343575954437256,
                    0.09036833047866821
                ],
                [
                    0.0007685416494496167,
                    -0.0003097490989603102,
                    -0.020218895748257637,
                    0.9997951984405518
                ]
            ]
        }
    }
}