{
    "nextto": {
        "desk_mdhelw_1": [
            [
                16.272227754592894,
                -10.186189184188843,
                0
            ]
        ],
        "envelope_urcigc_1": [
            [
                16.272227754592894,
                -10.186189184188843,
                0
            ]
        ],
        "mailbox_bktljr_1": [
            [
                2.5964889430999762,
                -16.053155393600463,
                0
            ]
        ],
        "electric_fan_qqphyr_1": [
            [
                2.7194889545440675,
                -12.36315505027771,
                0
            ]
        ]
    },
    "ontop": {},
    "inside": {
        "envelope_urcigc_1": {
            "mailbox_bktljr_1": [
                [
                    4.214437007904053,
                    -14.541634559631348,
                    0.06875430047512054
                ],
                [
                    0.011772611178457737,
                    -7.050022395560518e-05,
                    -0.00409427797421813,
                    0.9999222755432129
                ]
            ]
        }
    }
}