{
    "nextto": {
        "reception_desk_kjmhgc_1": [
            [
                -1.8951892375946042,
                -8.478196811676026,
                0
            ]
        ],
        "banana_znakxm_1": [
            [
                -1.14793095588684,
                -7.98002462387085,
                0
            ]
        ],
        "board_fxugbm_1": [
            [
                -1.14793095588684,
                -8.478196811676026,
                0
            ]
        ],
        "mug_fapsrj_1": [
            [
                -0.4006726741790768,
                -8.229110717773438,
                0
            ]
        ],
        "microwave_abzvij_1": [
            [
                -0.4006726741790768,
                -4.243733215332031,
                0
            ]
        ]
    },
    "ontop": {
        "mug_fapsrj_1": {
            "reception_desk_kjmhgc_1": [
                [
                    0.8044869899749756,
                    -7.371089458465576,
                    0.8463761806488037
                ],
                [
                    1.637614332139492e-06,
                    -2.3349093680735677e-06,
                    -0.03011823259294033,
                    0.9995464086532593
                ]
            ]
        }
    },
    "inside": {
        "banana_znakxm_1": {
            "microwave_abzvij_1": [
                [
                    1.1581475734710693,
                    -3.480167865753174,
                    0.43813639879226685
                ],
                [
                    0.040378253906965256,
                    -0.076871857047081,
                    -0.03919421136379242,
                    0.9954516291618347
                ]
            ]
        }
    }
}