{
    "nextto": {
        "countertop_zkhelh_1": [
            [
                -3.3897058010101317,
                -8.727282905578614,
                0
            ]
        ],
        "marshmallow_qtgehn_1": [
            [
                -3.3897058010101317,
                -7.98002462387085,
                0
            ]
        ],
        "microwave_abzvij_1": [
            [
                -1.6461031436920162,
                0.23981647491455185,
                0
            ]
        ],
        "desk_nafjjg_9": [
            [
                2.2218793201446534,
                4.59941930770874,
                0
            ]
        ],
        "laptop_sngiih_1": [
            [
                2.2218793201446534,
                4.59941930770874,
                0
            ]
        ],
        "arbor_qewqan_1": [
            [
                4.839280748367309,
                -2.5049559974670412,
                0
            ]
        ]
    },
    "ontop": {
        "laptop_sngiih_1": {
            "arbor_qewqan_1": [
                [
                    7.44085693359375,
                    -4.370166301727295,
                    -446.3619079589844
                ],
                [
                    -1.7462298274040222e-10,
                    2.190745362895541e-10,
                    0.08198855072259903,
                    0.9966332316398621
                ]
            ]
        }
    },
    "inside": {
        "marshmallow_qtgehn_1": {
            "microwave_abzvij_1": [
                [
                    -0.1786665916442871,
                    -0.7918835282325745,
                    0.45595845580101013
                ],
                [
                    -0.010207143612205982,
                    -0.015577010810375214,
                    -0.004631059244275093,
                    0.9998158812522888
                ]
            ]
        }
    }
}