{
    "nextto": {
        "plate_qtfzeq_1": [
            [
                0.09749951362609935,
                -2.251044464111328,
                0
            ]
        ],
        "club_sandwich_ablfyd_1": [
            [
                0.09749951362609935,
                -2.251044464111328,
                0
            ]
        ],
        "microwave_abzvij_1": [
            [
                0.09749951362609935,
                1.9834191322326675,
                0
            ]
        ],
        "reception_desk_kjmhgc_1": [
            [
                -4.13466700553894,
                3.8515903282165533,
                0
            ]
        ]
    },
    "ontop": {
        "club_sandwich_ablfyd_1": {
            "reception_desk_kjmhgc_1": [
                [
                    -1.9377139806747437,
                    3.3013625144958496,
                    0.8613128662109375
                ],
                [
                    0.0025862252805382013,
                    -0.0033909196499735117,
                    -0.04116274043917656,
                    0.9991433024406433
                ]
            ]
        }
    },
    "inside": {
        "club_sandwich_ablfyd_1": {
            "microwave_abzvij_1": [
                [
                    1.5734620094299316,
                    3.0246641635894775,
                    0.12586656212806702
                ],
                [
                    -0.002393498318269849,
                    0.0008760754717513919,
                    -0.1233024150133133,
                    0.992365837097168
                ]
            ]
        }
    }
}