{
    "nextto": {
        "desk_mdhelw_3": [
            [
                14.279737505912781,
                -6.362628664970398,
                0
            ]
        ],
        "information_bulletin_utvtam_1": [
            [
                14.279737505912781,
                -6.362628664970398,
                0
            ]
        ],
        "conference_table_hdomxc_1": [
            [
                -1.4296281993389128,
                11.423801975250244,
                0
            ]
        ],
        "room_light_htznln_1": [
            -2.0629727840423584,
            2.681424617767334,
            5.266932010650635
        ]
    },
    "ontop": {
        "information_bulletin_utvtam_1": {
            "conference_table_hdomxc_1": [
                [
                    2.12663197517395,
                    12.935589790344238,
                    1.568428635597229
                ],
                [
                    4.033761769051125e-08,
                    8.027173316804692e-05,
                    -0.03483027592301369,
                    0.9993932843208313
                ]
            ]
        }
    },
    "inside": {}
}