{
    "nextto": {
        "reception_desk_kjmhgc_1": [
            [
                2.1044888973236078,
                -16.42215542793274,
                0
            ]
        ],
        "liquid_carton_ykfkyq_1": [
            [
                2.350488920211792,
                -16.053155393600463,
                0
            ]
        ],
        "cooler_pnkiag_1": [
            [
                2.227488908767701,
                -12.609155073165894,
                0
            ]
        ]
    },
    "ontop": {},
    "inside": {
        "liquid_carton_ykfkyq_1": {
            "cooler_pnkiag_1": [
                [
                    4.0366363525390625,
                    -11.655129432678223,
                    0.23192988336086273
                ],
                [
                    0.010035650804638863,
                    0.003121038665995002,
                    -0.07542921602725983,
                    0.9970957636833191
                ]
            ]
        }
    }
}