{
    "nextto": {
        "reception_desk_kjmhgc_1": [
            [
                2.350488920211792,
                -16.54515543937683,
                0
            ]
        ],
        "folder_wauyns_1": [
            [
                2.5964889430999762,
                -15.80715537071228,
                0
            ]
        ],
        "air_conditioner_pekain_1": [
            [
                -12.264332418441773,
                -6.490656175613403,
                0
            ]
        ],
        "conference_table_fpkmyw_0": [
            -5.274974346160889,
            14.07813835144043,
            3.306586742401123
        ]
    },
    "ontop": {
        "folder_wauyns_1": {
            "conference_table_fpkmyw_0": [
                [
                    -7.524176597595215,
                    13.363290786743164,
                    0.6863707304000854
                ],
                [
                    0.00042018922977149487,
                    -0.004037449136376381,
                    -0.13759317994117737,
                    0.9904804825782776
                ]
            ]
        }
    },
    "inside": {}
}