{
    "nextto": {
        "pedestal_table_oqclwq_1": [
            [
                -11.36833238363266,
                -1.3066555169224738,
                1.5707963267948966
            ]
        ],
        "brisket_nnnnqw_1": [
            [
                -11.112332379817964,
                -1.3066555169224738,
                1.5707963267948966
            ]
        ],
        "cooler_pnkiag_1": [
            [
                -15.67981128692627,
                14.26385640621185,
                0
            ]
        ],
        "shelf_iwziew_1": [
            [
                -8.651312727928161,
                16.512334809303283,
                0
            ]
        ],
        "tray_uekqey_1": [
            [
                -8.393312745094299,
                16.082334837913514,
                0
            ]
        ],
        "countertop_zkhelh_1": [
            [
                -4.205347651243209,
                11.0074440574646,
                0
            ]
        ]
    },
    "ontop": {
        "tray_uekqey_1": {
            "countertop_zkhelh_1": [
                [
                    -3.6193840503692627,
                    14.67880916595459,
                    0.10291509330272675
                ],
                [
                    -3.688910510390997e-08,
                    2.948875135189155e-07,
                    -0.3105067014694214,
                    0.9505712389945984
                ]
            ]
        }
    },
    "inside": {
        "brisket_nnnnqw_1": {
            "cooler_pnkiag_1": [
                [
                    -13.906092643737793,
                    14.091401100158691,
                    0.10157718509435654
                ],
                [
                    -0.00033960514701902866,
                    0.00448794336989522,
                    -0.02890903502702713,
                    0.9995719790458679
                ]
            ]
        }
    }
}