{
    "nextto": {
        "desk_cnewsu_1": [
            [
                -12.264332439899444,
                -4.3146547913551325,
                0
            ]
        ],
        "legal_document_uchhwn_1": [
            [
                -12.264332439899444,
                -4.3146547913551325,
                0
            ]
        ],
        "electric_fan_qqphyr_1": [
            [
                -5.985312905311585,
                15.480334877967834,
                0
            ]
        ],
        "conference_table_fpkmyw_0": [
            -8.118343353271484,
            16.872478485107422,
            6.259625434875488
        ]
    },
    "ontop": {
        "legal_document_uchhwn_1": {
            "conference_table_fpkmyw_0": [
                [
                    -7.3120222091674805,
                    13.590977668762207,
                    0.7804502844810486
                ],
                [
                    0.0009711895254440606,
                    -0.0037236101925373077,
                    -0.04978451877832413,
                    0.9987525343894958
                ]
            ]
        }
    },
    "inside": {}
}