{
    "nextto": {
        "photocopier_hemqez_1": [
            [
                8.577588300704956,
                -10.864745397567749,
                0
            ]
        ],
        "letter_igvnic_1": [
            [
                8.729850282669068,
                -10.255697469711302,
                0
            ]
        ],
        "coffee_maker_fwlabx_1": [
            [
                8.535188722610473,
                -5.494448137283325,
                0
            ]
        ],
        "conference_table_fpkmyw_0": [
            4.7211408615112305,
            13.317010879516602,
            4.692836284637451
        ]
    },
    "ontop": {
        "letter_igvnic_1": {
            "conference_table_fpkmyw_0": [
                [
                    5.801262855529785,
                    12.611764907836914,
                    0.6870552897453308
                ],
                [
                    0.0005134069942869246,
                    -0.003530516056343913,
                    -0.14263193309307098,
                    0.9897692799568176
                ]
            ]
        }
    },
    "inside": {}
}