{
    "nextto": {
        "pedestal_table_gkkxaj_0": [
            [
                -4.88422236442566,
                -0.5074418067932133,
                0
            ]
        ],
        "kiwi_khupqq_1": [
            [
                -4.88422236442566,
                -0.5074418067932133,
                0
            ]
        ],
        "water_cooler_essxzr_1": [
            [
                -5.382394552230835,
                -2.00195837020874,
                0
            ]
        ],
        "wicker_basket_unasxd_1": [
            [
                -5.256410474777222,
                8.712478694915772,
                0
            ]
        ]
    },
    "ontop": {},
    "inside": {
        "kiwi_khupqq_1": {
            "wicker_basket_unasxd_1": [
                [
                    -6.874252796173096,
                    9.228713989257812,
                    0.8105962872505188
                ],
                [
                    0.07279994338750839,
                    0.06949383020401001,
                    -0.018400685861706734,
                    0.9947523474693298
                ]
            ]
        }
    }
}