{
    "nextto": {
        "conference_table_hdomxc_1": [
            [
                -4.1369640827178955,
                -7.481852436065674,
                0
            ]
        ],
        "blackberry_tvpfvb_1": [
            [
                1.592016077041626,
                -6.983680248260498,
                0
            ]
        ],
        "cooler_pnkiag_1": [
            [
                -1.6461031436920162,
                -8.727282905578614,
                0
            ]
        ],
        "desk_phone_kpxrpb_1": [
            [
                -5.256410474777222,
                8.712478694915772,
                0
            ]
        ]
    },
    "ontop": {},
    "inside": {
        "blackberry_tvpfvb_1": {
            "cooler_pnkiag_1": [
                [
                    0.2495855838060379,
                    -8.748573303222656,
                    -665.1624755859375
                ],
                [
                    2.4586915969848633e-07,
                    -1.4357268810272217e-05,
                    -0.0013781934976577759,
                    0.9999990463256836
                ]
            ]
        }
    }
}