{
    "nextto": {
        "pedestal_table_oqclwq_1": [
            [
                -5.899312911033631,
                15.222334895133972,
                0
            ]
        ],
        "mug_fapsrj_1": [
            [
                -5.46931293964386,
                12.212335095405578,
                0
            ]
        ],
        "coffee_maker_fwlabx_1": [
            [
                -16.374811363220218,
                -4.362145638465882,
                0
            ]
        ],
        "desk_cnewsu_1": [
            [
                -12.264332375526427,
                2.021344332695007,
                0
            ]
        ]
    },
    "ontop": {
        "mug_fapsrj_1": {
            "desk_cnewsu_1": [
                [
                    -11.205184936523438,
                    2.1269073486328125,
                    0.7589247822761536
                ],
                [
                    -0.00021233229199424386,
                    0.0005627826903946698,
                    -0.01737060584127903,
                    0.9998489618301392
                ]
            ]
        }
    },
    "inside": {
        "mug_fapsrj_1": {
            "coffee_maker_fwlabx_1": [
                [
                    -15.450361251831055,
                    -2.9534761905670166,
                    0.9732804298400879
                ],
                [
                    -0.003841681405901909,
                    0.0046831960789859295,
                    -0.02328646555542946,
                    0.9997105002403259
                ]
            ]
        }
    }
}