{
    "nextto": {
        "desk_mdhelw_3": [
            [
                16.86224754810333,
                -6.362628664970398,
                0
            ]
        ],
        "letter_igvnic_1": [
            [
                14.94381151676178,
                -5.846126656532287,
                0
            ]
        ],
        "monitor_kmltvq_1": [
            [
                16.86224754810333,
                -6.362628664970398,
                0
            ]
        ],
        "conference_table_hdomxc_1": [
            [
                -0.874484308958053,
                11.0074440574646,
                0
            ]
        ]
    },
    "ontop": {
        "letter_igvnic_1": {
            "conference_table_hdomxc_1": [
                [
                    1.6528246402740479,
                    15.24291706085205,
                    0.8270065784454346
                ],
                [
                    1.836246156017296e-06,
                    2.53574617090635e-05,
                    -0.017475388944149017,
                    0.9998472929000854
                ]
            ]
        }
    },
    "inside": {}
}