{
    "nextto": {
        "reception_desk_kjmhgc_1": [
            [
                2.350488920211792,
                -16.54515543937683,
                0
            ]
        ],
        "mug_fapsrj_1": [
            [
                2.350488920211792,
                -15.438155336380005,
                0
            ]
        ],
        "desk_mdhelw_3": [
            18.76959228515625,
            -5.143499851226807,
            0.7934129238128662
        ]
    },
    "ontop": {
        "mug_fapsrj_1": {
            "desk_mdhelw_3": [
                [
                    16.13974380493164,
                    -5.130727767944336,
                    0.8188430070877075
                ],
                [
                    2.664746716618538e-07,
                    -1.7838183339335956e-06,
                    -0.029756225645542145,
                    0.9995571970939636
                ]
            ]
        }
    },
    "inside": {}
}