{
    "nextto": {
        "desk_cnewsu_1": [
            [
                -8.256012425422668,
                6.421844077110291,
                0
            ]
        ],
        "legal_document_uchhwn_1": [
            [
                -8.256012425422668,
                6.421844077110291,
                0
            ]
        ],
        "desk_cnewsu_2": [
            [
                -12.211309852600097,
                -10.753813209533691,
                0
            ]
        ]
    },
    "ontop": {
        "legal_document_uchhwn_1": {
            "desk_cnewsu_2": [
                [
                    -11.069327354431152,
                    -9.313056945800781,
                    0.8206348419189453
                ],
                [
                    0.0002846047282218933,
                    -3.542615377227776e-05,
                    -0.0912153348326683,
                    0.9958312511444092
                ]
            ]
        }
    },
    "inside": {}
}