{
    "nextto": {
        "reception_desk_kjmhgc_1": [
            [
                -0.649758768081664,
                -7.730938529968261,
                0
            ]
        ],
        "cheesecake_epmobi_1": [
            [
                -0.1515865802764896,
                -6.485508060455322,
                0
            ]
        ],
        "cooler_pnkiag_1": [
            [
                0.3465856075286865,
                2.2325052261352547,
                0
            ]
        ],
        "blender_eyedvd_1": [
            [
                -4.88422236442566,
                -0.7565279006958004,
                0
            ]
        ]
    },
    "ontop": {},
    "inside": {
        "cheesecake_epmobi_1": {
            "cooler_pnkiag_1": [
                [
                    2.0557281970977783,
                    2.348466634750366,
                    0.1327252835035324
                ],
                [
                    -0.007699294947087765,
                    0.02860707975924015,
                    -0.031162353232502937,
                    0.999075174331665
                ]
            ]
        }
    }
}