{
    "nextto": {
        "coffee_maker_fwlabx_1": [
            [
                -1.6461031436920162,
                0.23981647491455185,
                0
            ]
        ],
        "carafe_ocjcgp_1": [
            [
                -1.6461031436920162,
                0.23981647491455185,
                0
            ]
        ],
        "desk_nafjjg_9": [
            5.273271083831787,
            4.877859592437744,
            5.7963786125183105
        ]
    },
    "ontop": {
        "carafe_ocjcgp_1": {
            "desk_nafjjg_9": [
                [
                    3.8286027908325195,
                    5.124673843383789,
                    0.853422999382019
                ],
                [
                    0.000363659841241315,
                    -0.00022168712166603655,
                    -0.007846778258681297,
                    0.9999691247940063
                ]
            ]
        }
    },
    "inside": {}
}