{
    "nextto": {
        "shelf_iwziew_1": [
            [
                -8.256012425422668,
                6.421844077110291,
                0
            ]
        ],
        "stapler_wheosp_1": [
            [
                -8.256012425422668,
                6.675044093132019,
                0
            ]
        ],
        "desk_cnewsu_1": [
            [
                -14.984811210632326,
                -8.393146080970766,
                0
            ]
        ],
        "laptop_sngiih_1": [
            [
                -16.235811347961427,
                -4.362145638465882,
                0
            ]
        ]
    },
    "ontop": {
        "stapler_wheosp_1": {
            "desk_cnewsu_1": [
                [
                    -13.63971996307373,
                    -7.126654148101807,
                    0.7431491017341614
                ],
                [
                    -0.0607474222779274,
                    -0.01789291761815548,
                    -0.022742856293916702,
                    0.9977335333824158
                ]
            ]
        }
    },
    "inside": {}
}