{
    "nextto": {
        "espresso_machine_qhrtyw_1": [
            [
                2.7194889545440675,
                -12.240155038833619,
                0
            ]
        ],
        "coffee_cup_ckkwmj_1": [
            [
                2.8424889659881587,
                -11.994155015945434,
                0
            ]
        ],
        "desk_cnewsu_1": [
            [
                -15.262811241149905,
                -8.671146111488344,
                0
            ]
        ],
        "shelf_iwziew_1": [
            [
                -8.256012425422668,
                6.421844077110291,
                0
            ]
        ],
        "letter_igvnic_1": [
            [
                -8.256012425422668,
                6.717244095802307,
                0
            ]
        ],
        "board_fxugbm_1": [
            [
                -11.368332560062408,
                -2.138655083179474,
                0
            ]
        ]
    },
    "ontop": {
        "coffee_cup_ckkwmj_1": {
            "desk_cnewsu_1": [
                [
                    -13.535972595214844,
                    -9.367401123046875,
                    0.7589223384857178
                ],
                [
                    0.0004405663348734379,
                    0.00018734607147052884,
                    -0.007899628952145576,
                    0.9999687075614929
                ]
            ]
        },
        "letter_igvnic_1": {
            "board_fxugbm_1": [
                [
                    -9.464067459106445,
                    -2.770413637161255,
                    0.01812761276960373
                ],
                [
                    5.038595645601163e-06,
                    -7.611916998939705e-07,
                    -0.1472352147102356,
                    0.9891014099121094
                ]
            ]
        }
    },
    "inside": {}
}