{
    "nextto": {
        "shelf_iwziew_1": [
            [
                -8.256012425422668,
                6.421844077110291,
                0
            ]
        ],
        "stapler_wheosp_1": [
            [
                -8.256012425422668,
                6.464044079780579,
                0
            ]
        ],
        "reception_desk_kjmhgc_1": [
            -0.6737464666366577,
            -1.5638760328292847,
            0.11379027366638184
        ]
    },
    "ontop": {
        "stapler_wheosp_1": {
            "reception_desk_kjmhgc_1": [
                [
                    0.1044105812907219,
                    0.4378055930137634,
                    0.8315741419792175
                ],
                [
                    -0.06037066504359245,
                    -0.017364466562867165,
                    -0.03341081365942955,
                    0.9974656105041504
                ]
            ]
        }
    },
    "inside": {}
}