{
    "nextto": {
        "desk_mdhelw_0": [
            [
                16.94181540489197,
                -13.959840536117554,
                0
            ]
        ],
        "teacup_zdvgol_1": [
            [
                16.94181540489197,
                -13.959840536117554,
                0
            ]
        ],
        "cooler_pnkiag_1": [
            [
                11.410188245773314,
                -6.874447908401489,
                0
            ]
        ]
    },
    "ontop": {},
    "inside": {
        "teacup_zdvgol_1": {
            "cooler_pnkiag_1": [
                [
                    12.973122596740723,
                    -8.016343116760254,
                    0.12963557243347168
                ],
                [
                    0.03168397396802902,
                    0.007034488953649998,
                    -0.00804128684103489,
                    0.9994409084320068
                ]
            ]
        }
    }
}