{
    "nextto": {
        "pedestal_table_gkkxaj_0": [
            [
                -4.635136270523072,
                -0.7565279006958004,
                0
            ]
        ],
        "brussels_sprouts_siodbb_1": [
            [
                -4.635136270523072,
                -0.7565279006958004,
                0
            ]
        ],
        "shelf_iwziew_1": [
            [
                -2.8915336132049556,
                -3.7455610275268554,
                0
            ]
        ],
        "pitcher_mbrlge_1": [
            [
                -2.8915336132049556,
                -3.7455610275268554,
                0
            ]
        ],
        "stove_kfhkqp_1": [
            [
                -0.649758768081664,
                -3.7455610275268554,
                0
            ]
        ],
        "laptop_sngiih_1": [
            [
                -5.256410474777222,
                8.712478694915772,
                0
            ]
        ],
        "desk_nafjjg_9": [
            3.846627712249756,
            5.273095607757568,
            2.2638561725616455
        ]
    },
    "ontop": {
        "pitcher_mbrlge_1": {
            "desk_nafjjg_9": [
                [
                    3.8504843711853027,
                    5.094093322753906,
                    0.8705037832260132
                ],
                [
                    0.00035449815914034843,
                    -0.00020112740457989275,
                    -0.021327704191207886,
                    0.9997724890708923
                ]
            ]
        },
        "brussels_sprouts_siodbb_1": {
            "stove_kfhkqp_1": [
                [
                    3.8504843711853027,
                    5.094093322753906,
                    0.8705037832260132
                ],
                [
                    0.00035449815914034843,
                    -0.00020112740457989275,
                    -0.021327704191207886,
                    0.9997724890708923
                ]
            ]
        }
    },
    "inside": {}
}