{
    "nextto": {
        "shelf_iwziew_1": [
            [
                -5.256410474777222,
                -6.244100894927978,
                0
            ]
        ],
        "teapot_mvrhya_1": [
            [
                -1.8911800670623782,
                -0.6353835487365725,
                0
            ]
        ],
        "coffee_table_qlmqyy_1": [
            [
                -5.256410474777222,
                -6.244100894927978,
                0
            ]
        ],
        "toaster_oven_ctrngh_1": [
            [
                -2.8915336132049556,
                -1.7528722763061526,
                0
            ]
        ]
    },
    "ontop": {
        "teapot_mvrhya_1": {
            "coffee_table_qlmqyy_1": [
                [
                    0.0030222998466342688,
                    -0.0206131674349308,
                    0.32923704385757446
                ],
                [
                    -0.02228575013577938,
                    0.018055180087685585,
                    -0.5649628639221191,
                    0.8246176838874817
                ]
            ]
        }
    },
    "inside": {}
}