{
    "nextto": {
        "conference_table_hdomxc_1": [
            [
                -19.154811668395997,
                -13.397146630287171,
                0
            ]
        ],
        "raspberry_spkers_1": [
            [
                -13.733811073303224,
                -10.478146309852601,
                1.5707963267948966
            ]
        ],
        "reception_desk_kjmhgc_1": [
            [
                -15.67981128692627,
                14.26385640621185,
                0
            ]
        ],
        "patty_ejbije_1": [
            [
                -14.984811210632326,
                14.541856436729429,
                0
            ]
        ],
        "toaster_oven_ctrngh_1": [
            [
                -17.20881145477295,
                12.87385625362396,
                0
            ]
        ],
        "cooler_pnkiag_1": [
            [
                2.227488908767701,
                -12.609155073165894,
                0
            ]
        ]
    },
    "ontop": {},
    "inside": {
        "patty_ejbije_1": {
            "cooler_pnkiag_1": [
                [
                    4.225134372711182,
                    -11.5726957321167,
                    0.1058981791138649
                ],
                [
                    0.0036210042890161276,
                    -0.007806997746229172,
                    -9.664006211096421e-05,
                    0.9999629259109497
                ]
            ]
        },
        "raspberry_spkers_1": {
            "toaster_oven_ctrngh_1": [
                [
                    -15.344047546386719,
                    13.088236808776855,
                    0.5090794563293457
                ],
                [
                    -0.6570078134536743,
                    0.0718846470117569,
                    0.0330178365111351,
                    0.7497220635414124
                ]
            ]
        }
    }
}