{
    "nextto": {
        "reception_desk_kjmhgc_1": [
            [
                -8.37142767906189,
                -8.727282905578614,
                0
            ]
        ],
        "broccoli_wsxavx_1": [
            [
                0.5956717014312755,
                -1.2547000885009765,
                0
            ]
        ],
        "cooler_pnkiag_1": [
            [
                -8.37142767906189,
                -8.727282905578614,
                0
            ]
        ]
    },
    "ontop": {},
    "inside": {
        "broccoli_wsxavx_1": {
            "cooler_pnkiag_1": [
                [
                    -0.10986529290676117,
                    2.28875470161438,
                    0.11430725455284119
                ],
                [
                    -0.3340398967266083,
                    -0.3066776692867279,
                    -0.04979346692562103,
                    0.8898800611495972
                ]
            ]
        }
    }
}