{
    "nextto": {
        "packing_box_cjhskr_1": [
            [
                -5.4906751465797425,
                3.1352339482307436,
                0
            ]
        ],
        "biscuit_dough_vbhtbo_1": [
            [
                -5.4906751465797425,
                3.1352339482307436,
                0
            ]
        ],
        "cooler_pnkiag_1": [
            [
                -5.15333512544632,
                3.067765944004059,
                0
            ]
        ],
        "coffee_maker_fwlabx_1": [
            [
                -1.418118553161621,
                6.804344429969787,
                0
            ]
        ]
    },
    "ontop": {},
    "inside": {
        "biscuit_dough_vbhtbo_1": {
            "cooler_pnkiag_1": [
                [
                    -3.3768322467803955,
                    2.880066394805908,
                    0.15044091641902924
                ],
                [
                    -0.018744919449090958,
                    0.03007161244750023,
                    -0.03489531949162483,
                    0.9987626075744629
                ]
            ]
        }
    }
}