{
    "nextto": {
        "backpack_gvbiwl_1": [
            [
                -5.06229567527771,
                -1.9707038164138793,
                0
            ]
        ],
        "chocolate_biscuit_xhmpht_1": [
            [
                -5.06229567527771,
                -2.043303818702698,
                0
            ]
        ],
        "reception_desk_kjmhgc_1": [
            [
                -2.04569571018219,
                3.3642959594726562,
                0
            ]
        ],
        "teacup_zdvgol_1": [
            [
                -2.04569571018219,
                3.3642959594726562,
                0
            ]
        ],
        "cooler_pnkiag_1": [
            [
                -2.04569571018219,
                3.3642959594726562,
                0
            ]
        ]
    },
    "ontop": {},
    "inside": {
        "chocolate_biscuit_xhmpht_1": {
            "backpack_gvbiwl_1": [
                [
                    -4.9127912521362305,
                    -2.6120645999908447,
                    0.03580080345273018
                ],
                [
                    0.01763276197016239,
                    0.025722118094563484,
                    -0.015748310834169388,
                    0.9993895888328552
                ]
            ]
        },
        "teacup_zdvgol_1": {
            "cooler_pnkiag_1": [
                [
                    -0.34223178029060364,
                    3.3910233974456787,
                    0.12541189789772034
                ],
                [
                    0.0001565408892929554,
                    -0.00011336337774991989,
                    -0.016612157225608826,
                    0.9998619556427002
                ]
            ]
        }
    }
}