{
    "nextto": {
        "carton_hhlmbi_1": [
            [
                -4.011195411682129,
                2.4681959772109985,
                0
            ]
        ],
        "kiwi_khupqq_1": [
            [
                -4.011195411682129,
                2.4681959772109985,
                0
            ]
        ],
        "cooler_pnkiag_1": [
            [
                -2.04569571018219,
                3.3642959594726562,
                0
            ]
        ]
    },
    "ontop": {},
    "inside": {
        "carton_hhlmbi_1": {
            "cooler_pnkiag_1": [
                [
                    -1.5147937536239624,
                    2.15606689453125,
                    0.13261114060878754
                ],
                [
                    0.005891889333724976,
                    -0.0027141966857016087,
                    -0.0568360760807991,
                    0.9983624219894409
                ]
            ]
        },
        "kiwi_khupqq_1": {
            "carton_hhlmbi_1": [
                [
                    -1.532953143119812,
                    2.1151468753814697,
                    0.14644984900951385
                ],
                [
                    -0.012406696565449238,
                    0.09896478801965714,
                    -0.06980887800455093,
                    0.9925616979598999
                ]
            ],
            "cooler_pnkiag_1": [
                [
                    -1.5071971416473389,
                    1.8046162128448486,
                    0.13622498512268066
                ],
                [
                    0.08547712117433548,
                    0.060092743486166,
                    -0.029738737270236015,
                    0.9940815567970276
                ]
            ]
        }
    }
}