{
    "nextto": {
        "shelf_iwziew_1": [
            [
                -0.729546383395791,
                1.611644766330719,
                0
            ]
        ],
        "olive_gtitsg_1": [
            [
                -0.729546383395791,
                1.910544764995575,
                0
            ]
        ],
        "mixing_bowl_deudkt_1": [
            [
                -1.1422963714599608,
                -3.467704634666443,
                0
            ]
        ],
        "oven_fexqbj_2": [
            -2.4945144653320312,
            -0.33431553840637207,
            4.612679481506348
        ]
    },
    "ontop": {},
    "inside": {
        "olive_gtitsg_1": {
            "mixing_bowl_deudkt_1": [
                [
                    -0.34396055340766907,
                    -2.025254249572754,
                    0.8184836506843567
                ],
                [
                    0.02862914279103279,
                    -0.6070663928985596,
                    0.21501919627189636,
                    0.7644720077514648
                ]
            ],
            "oven_fexqbj_2": [
                [
                    -2.3444526195526123,
                    -1.6032873392105103,
                    0.38506758213043213
                ],
                [
                    -0.08747803419828415,
                    -0.7213152647018433,
                    0.08950228989124298,
                    0.681205689907074
                ]
            ]
        }
    }
}