{
    "nextto": {
        "shelf_iwziew_1": [
            [
                -0.729546383395791,
                1.2700447678565978,
                0
            ]
        ],
        "chocolate_cookie_dough_csnixa_1": [
            [
                -0.729546383395791,
                1.2700447678565978,
                0
            ]
        ],
        "cooler_pnkiag_1": [
            [
                -4.75619704246521,
                3.5301945400238037,
                0
            ]
        ]
    },
    "ontop": {},
    "inside": {
        "chocolate_cookie_dough_csnixa_1": {
            "cooler_pnkiag_1": [
                [
                    -4.728531837463379,
                    2.754676103591919,
                    0.14212460815906525
                ],
                [
                    -0.008357728831470013,
                    0.0003238858189433813,
                    -0.08118831366300583,
                    0.9966636896133423
                ]
            ]
        }
    }
}