{
    "nextto": {
        "reception_desk_kjmhgc_1": [
            [
                -5.4906751465797425,
                2.393085901737213,
                0
            ]
        ],
        "dumpling_upqcop_1": [
            [
                -5.389473140239716,
                2.4268199038505553,
                0
            ]
        ],
        "microwave_abzvij_1": [
            [
                -5.4906751465797425,
                3.303903958797455,
                0
            ]
        ]
    },
    "ontop": {},
    "inside": {
        "dumpling_upqcop_1": {
            "microwave_abzvij_1": [
                [
                    -3.852440357208252,
                    3.5037505626678467,
                    0.08824829757213593
                ],
                [
                    -0.0031343630980700254,
                    0.00302660814486444,
                    -0.00477432319894433,
                    0.9999791383743286
                ]
            ]
        }
    }
}