{
    "nextto": {
        "coffee_table_fqluyq_0": [
            [
                -12.112244839668275,
                -0.44985386371612557,
                0
            ]
        ],
        "peppermint_qvszrs_1": [
            [
                -12.112244839668275,
                -0.44985386371612557,
                0
            ]
        ],
        "cooler_pnkiag_1": [
            [
                -3.4246959662437435,
                3.691496770381928,
                0
            ]
        ],
        "dustpan_espzwv_1": [
            [
                -3.7700959515571593,
                3.691496770381928,
                0
            ]
        ]
    },
    "ontop": {},
    "inside": {
        "peppermint_qvszrs_1": {
            "cooler_pnkiag_1": [
                [
                    -4.236477375030518,
                    3.3149847984313965,
                    0.10666820406913757
                ],
                [
                    0.05410357564687729,
                    -0.022594207897782326,
                    -0.0018626803066581488,
                    0.9982778429985046
                ]
            ]
        }
    }
}