{
    "nextto": {
        "shelf_iwziew_1": [
            [
                -4.586495916843414,
                3.471696779727936,
                0
            ]
        ],
        "wine_bottle_vjdkci_1": [
            [
                -4.586495916843414,
                2.718096811771393,
                0
            ]
        ],
        "cooler_pnkiag_1": [
            [
                -4.5236959195137025,
                2.718096811771393,
                0
            ]
        ],
        "space_heater_kxzqpr_1": [
            [
                -7.68759614944458,
                -0.1624038743972777,
                0
            ]
        ]
    },
    "ontop": {},
    "inside": {
        "wine_bottle_vjdkci_1": {
            "cooler_pnkiag_1": [
                [
                    -2.80815052986145,
                    3.086925506591797,
                    0.18303711712360382
                ],
                [
                    -0.002923138439655304,
                    -1.507968408986926e-05,
                    -0.014137711375951767,
                    0.9998959302902222
                ]
            ]
        }
    }
}