{
    "nextto": {
        "shelf_iwziew_1": [
            [
                -0.729546383395791,
                2.551044762134552,
                0
            ]
        ],
        "pizza_dough_jguwbv_1": [
            [
                -0.729546383395791,
                2.7645447611808778,
                0
            ]
        ],
        "coffee_table_gpkbiw_0": [
            [
                -10.624522819519044,
                -1.2298850287683307,
                0
            ]
        ],
        "wine_bottle_vjdkci_1": [
            [
                -10.624522819519044,
                -1.2298850287683307,
                0
            ]
        ],
        "cooler_pnkiag_1": [
            [
                -3.327296371459961,
                -0.6177046346664427,
                0
            ]
        ]
    },
    "ontop": {},
    "inside": {
        "pizza_dough_jguwbv_1": {
            "cooler_pnkiag_1": [
                [
                    -1.5145336389541626,
                    0.45052894949913025,
                    0.14301981031894684
                ],
                [
                    -0.009228738024830818,
                    -0.0025266369339078665,
                    -0.013004316948354244,
                    0.999869704246521
                ]
            ]
        },
        "wine_bottle_vjdkci_1": {
            "cooler_pnkiag_1": [
                [
                    -1.59211266040802,
                    0.1954965442419052,
                    0.18919780850410461
                ],
                [
                    -0.007081849034875631,
                    0.032058242708444595,
                    -0.0008348055998794734,
                    0.9994605779647827
                ]
            ]
        }
    }
}