{
    "nextto": {
        "breakfast_table_uhrsex_1": [
            [
                -8.965017952919007,
                8.517147860527038,
                0
            ]
        ],
        "teacup_zdvgol_1": [
            [
                -8.826385884284974,
                8.239883723258972,
                0
            ]
        ],
        "cooler_pnkiag_1": [
            [
                -5.4906751465797425,
                2.393085901737213,
                0
            ]
        ],
        "desk_cnewsu_1": [
            [
                -2.1388387489318847,
                6.94848846912384,
                0
            ]
        ],
        "laptop_sngiih_1": [
            [
                -2.1388387489318847,
                7.380920586585998,
                0
            ]
        ]
    },
    "ontop": {},
    "inside": {
        "teacup_zdvgol_1": {
            "cooler_pnkiag_1": [
                [
                    -4.00117301940918,
                    2.9525365829467773,
                    0.12622074782848358
                ],
                [
                    -0.003755698911845684,
                    0.0012138402089476585,
                    -0.008973482996225357,
                    0.9999518990516663
                ]
            ]
        }
    }
}