{
    "nextto": {
        "reception_desk_kjmhgc_1": [
            [
                -4.5622963714599605,
                -0.5227046346664429,
                0
            ]
        ],
        "garlic_bread_kjhxsq_1": [
            [
                -4.5622963714599605,
                -0.5227046346664429,
                0
            ]
        ],
        "stove_kfhkqp_1": [
            [
                -4.087296371459961,
                -0.5227046346664429,
                0
            ]
        ],
        "breakfast_table_uhrsex_1": [
            [
                -11.442954826354981,
                1.5323229943029582,
                0
            ]
        ]
    },
    "ontop": {
        "garlic_bread_kjhxsq_1": {
            "breakfast_table_uhrsex_1": [
                [
                    -9.91225814819336,
                    0.8692141771316528,
                    0.46698686480522156
                ],
                [
                    0.0008125712629407644,
                    0.01584680564701557,
                    -0.04438630864024162,
                    0.9988884925842285
                ]
            ],
            "stove_kfhkqp_1": [
                [
                    -9.91225814819336,
                    0.8692141771316528,
                    0.46698686480522156
                ],
                [
                    0.0008125712629407644,
                    0.01584680564701557,
                    -0.04438630864024162,
                    0.9988884925842285
                ]
            ]
        }
    },
    "inside": {}
}