{
    "nextto": {
        "toolbox_rrmzvc_1": [
            [
                -2.6398454308509827,
                1.7782463431358337,
                1.5707963267948966
            ]
        ],
        "carafe_ocjcgp_1": [
            [
                -2.6398454308509827,
                1.7782463431358337,
                1.5707963267948966
            ]
        ],
        "cooler_pnkiag_1": [
            [
                -4.586495916843414,
                3.660096771717072,
                0
            ]
        ]
    },
    "ontop": {},
    "inside": {
        "carafe_ocjcgp_1": {
            "cooler_pnkiag_1": [
                [
                    -3.998850107192993,
                    3.404003620147705,
                    0.21211591362953186
                ],
                [
                    0.015589467249810696,
                    -0.012516329064965248,
                    -0.012899660505354404,
                    0.9997169375419617
                ]
            ]
        }
    }
}