{
    "nextto": {
        "desk_cnewsu_1": [
            [
                -2.1388387489318847,
                6.732272410392762,
                0
            ]
        ],
        "lunch_box_adxzhe_1": [
            [
                -2.571270866394043,
                5.795336155891419,
                0
            ]
        ],
        "cooler_pnkiag_1": [
            [
                -5.4906751465797425,
                2.393085901737213,
                0
            ]
        ],
        "vacuum_bdmsbr_1": [
            [
                1.0567232561111448,
                3.3531178617477417,
                0
            ]
        ]
    },
    "ontop": {},
    "inside": {
        "lunch_box_adxzhe_1": {
            "cooler_pnkiag_1": [
                [
                    -4.219640254974365,
                    2.804914712905884,
                    0.13114124536514282
                ],
                [
                    -0.0033169095404446125,
                    0.0003912420361302793,
                    -0.10189967602491379,
                    0.9947890043258667
                ]
            ]
        }
    }
}