{
    "nextto": {
        "shelf_iwziew_1": [
            [
                -4.586495916843414,
                2.718096811771393,
                0
            ]
        ],
        "snack_rack_ytrmpz_1": [
            [
                -4.586495916843414,
                2.718096811771393,
                0
            ]
        ],
        "coffee_table_fqluyq_0": [
            -9.419759750366211,
            0.6778277158737183,
            5.435316562652588
        ]
    },
    "ontop": {
        "snack_rack_ytrmpz_1": {
            "coffee_table_fqluyq_0": [
                [
                    -10.862750053405762,
                    0.4857845902442932,
                    0.5638638138771057
                ],
                [
                    0.027867313474416733,
                    0.05856575444340706,
                    -0.42735555768013,
                    0.9017542600631714
                ]
            ]
        }
    },
    "inside": {}
}