{
    "nextto": {
        "reception_desk_kjmhgc_1": [
            [
                -5.4906751465797425,
                2.393085901737213,
                0
            ]
        ],
        "radish_vztgpr_1": [
            [
                -5.4906751465797425,
                2.393085901737213,
                0
            ]
        ],
        "cooler_pnkiag_1": [
            [
                -5.15333512544632,
                2.393085901737213,
                0
            ]
        ]
    },
    "ontop": {},
    "inside": {
        "radish_vztgpr_1": {
            "cooler_pnkiag_1": [
                [
                    -3.250673770904541,
                    2.939370632171631,
                    0.11268022656440735
                ],
                [
                    0.5467250943183899,
                    -0.10944440960884094,
                    -0.0442018061876297,
                    0.8289510607719421
                ]
            ]
        }
    }
}