{
    "nextto": {
        "shopping_basket_vsxhsv_1": [
            [
                -0.729546383395791,
                1.2700447678565978,
                0
            ]
        ],
        "spinach_uxhqeq_1": [
            [
                -0.729546383395791,
                1.2700447678565978,
                0
            ]
        ],
        "cooler_pnkiag_1": [
            -0.8478226661682129,
            0.48554521799087524,
            0.42511606216430664
        ]
    },
    "ontop": {},
    "inside": {
        "spinach_uxhqeq_1": {
            "cooler_pnkiag_1": [
                [
                    -0.35421693325042725,
                    0.14234793186187744,
                    0.1302727311849594
                ],
                [
                    0.6339155435562134,
                    -0.21255171298980713,
                    -0.3939310312271118,
                    0.6307068467140198
                ]
            ]
        }
    }
}