{
    "nextto": {
        "reception_desk_kjmhgc_1": [
            [
                -4.5622963714599605,
                -3.467704634666443,
                0
            ]
        ],
        "pomegranate_tldskr_1": [
            [
                -4.372296371459961,
                -3.467704634666443,
                0
            ]
        ],
        "cooler_pnkiag_1": [
            [
                -0.729546383395791,
                1.2700447678565978,
                0
            ]
        ]
    },
    "ontop": {},
    "inside": {
        "pomegranate_tldskr_1": {
            "cooler_pnkiag_1": [
                [
                    -0.5961769819259644,
                    2.836500406265259,
                    0.1304929554462433
                ],
                [
                    0.06613156944513321,
                    -0.09570814669132233,
                    -0.01512053981423378,
                    0.9930951595306396
                ]
            ]
        }
    }
}