{
    "nextto": {
        "shelf_iwziew_1": [
            [
                -0.729546383395791,
                2.5937447619438174,
                0
            ]
        ],
        "canteen_ttxunv_1": [
            [
                -0.729546383395791,
                3.2342447590827943,
                0
            ]
        ],
        "router_tokdic_1": [
            [
                -12.977514839172363,
                -0.4114530219323933,
                0
            ]
        ],
        "coffee_table_gpkbiw_0": [
            -9.475356101989746,
            1.1564931869506836,
            3.756620168685913
        ]
    },
    "ontop": {
        "canteen_ttxunv_1": {
            "coffee_table_gpkbiw_0": [
                [
                    -9.6973295211792,
                    -0.07948252558708191,
                    0.414251446723938
                ],
                [
                    8.212092507164925e-05,
                    1.9833649275824428e-05,
                    -0.013664674945175648,
                    0.999906599521637
                ]
            ]
        }
    },
    "inside": {}
}