{
    "nextto": {
        "shelf_iwziew_1": [
            [
                -0.729546383395791,
                2.465644762516022,
                0
            ]
        ],
        "cinnamon_roll_xjlptd_1": [
            [
                -0.5587463841587305,
                3.490444757938385,
                0
            ]
        ],
        "burner_pmntxh_0": [
            -2.421504497528076,
            -0.10619494318962097,
            5.148321151733398
        ],
        "countertop_tpuwys_5": [
            -3.1904730796813965,
            -2.094139814376831,
            4.610794544219971
        ]
    },
    "ontop": {
        "cinnamon_roll_xjlptd_1": {
            "countertop_tpuwys_5": [
                [
                    -2.8773839473724365,
                    -2.407334566116333,
                    0.9359599351882935
                ],
                [
                    -0.0672399178147316,
                    0.8103522062301636,
                    0.09532026946544647,
                    0.5742142200469971
                ]
            ],
            "burner_pmntxh_0": [
                [
                    -2.8773839473724365,
                    -2.407334566116333,
                    0.9359599351882935
                ],
                [
                    -0.0672399178147316,
                    0.8103522062301636,
                    0.09532026946544647,
                    0.5742142200469971
                ]
            ]
        }
    },
    "inside": {}
}