{
    "nextto": {
        "reception_desk_kjmhgc_1": [
            [
                -4.5622963714599605,
                -3.467704634666443,
                0
            ]
        ],
        "bell_pepper_ukkycp_1": [
            [
                -1.237296371459961,
                -3.467704634666443,
                0
            ]
        ],
        "blender_eyedvd_1": [
            [
                -3.517296371459961,
                -1.7577046346664427,
                0
            ]
        ],
        "pedestal_table_oqclwq_1": [
            [
                -11.033738822937012,
                1.5323229943029582,
                0
            ]
        ],
        "mixing_bowl_deudkt_1": [
            [
                -10.93143482208252,
                1.5323229943029582,
                0
            ]
        ]
    },
    "ontop": {},
    "inside": {
        "bell_pepper_ukkycp_1": {
            "mixing_bowl_deudkt_1": [
                [
                    -9.338610649108887,
                    1.1355255842208862,
                    0.516606330871582
                ],
                [
                    -0.0020093368366360664,
                    0.010816101916134357,
                    0.033248018473386765,
                    0.9993865489959717
                ]
            ]
        }
    }
}