{
    "nextto": {
        "countertop_tpuwys_5": [
            [
                -4.27729637145996,
                -3.372704634666443,
                0
            ]
        ],
        "casserole_ncbsee_1": [
            [
                -4.27729637145996,
                -3.372704634666443,
                0
            ]
        ],
        "breakfast_table_uhrsex_1": [
            [
                -11.442954826354981,
                1.5323229943029582,
                0
            ]
        ],
        "oven_fexqbj_2": [
            -3.4819674491882324,
            -2.1523494720458984,
            6.114964962005615
        ]
    },
    "ontop": {
        "casserole_ncbsee_1": {
            "breakfast_table_uhrsex_1": [
                [
                    -9.463027954101562,
                    0.9809225797653198,
                    0.49197325110435486
                ],
                [
                    0.0007521142833866179,
                    -5.779459388577379e-05,
                    -0.13323846459388733,
                    0.9910838007926941
                ]
            ]
        }
    },
    "inside": {
        "casserole_ncbsee_1": {
            "oven_fexqbj_2": [
                [
                    -2.4103615283966064,
                    -1.4838144779205322,
                    0.42566266655921936
                ],
                [
                    0.0006133588613010943,
                    -4.271368379704654e-05,
                    -0.15792550146579742,
                    0.987450897693634
                ]
            ]
        }
    }
}