{
    "nextto": {
        "reception_desk_kjmhgc_1": [
            [
                -4.5622963714599605,
                -3.467704634666443,
                0
            ]
        ],
        "chicken_leg_nhfiuh_1": [
            [
                -1.3322963714599607,
                -3.467704634666443,
                0
            ]
        ],
        "microwave_bfbeeb_0": [
            -2.802855968475342,
            0.6185672283172607,
            5.3331451416015625
        ]
    },
    "ontop": {},
    "inside": {
        "chicken_leg_nhfiuh_1": {
            "microwave_bfbeeb_0": [
                [
                    -3.78261137008667,
                    0.5968744158744812,
                    1.5173321962356567
                ],
                [
                    -0.01665288768708706,
                    0.013216848485171795,
                    -0.026912448927760124,
                    0.9994116425514221
                ]
            ]
        }
    }
}