{
    "nextto": {
        "desk_cnewsu_1": [
            [
                -2.1388387489318847,
                6.732272410392762,
                0
            ]
        ],
        "bagel_zlxkry_1": [
            [
                -2.1388387489318847,
                7.020560488700867,
                0
            ]
        ],
        "toaster_oven_ctrngh_1": [
            [
                1.4509412908554078,
                5.061396012306213,
                0
            ]
        ]
    },
    "ontop": {},
    "inside": {
        "bagel_zlxkry_1": {
            "toaster_oven_ctrngh_1": [
                [
                    1.4509412908554078,
                    5.061396012306213,
                    0
                ]
            ]
        }
    }
}