{
    "nextto": {
        "reception_desk_kjmhgc_1": [
            [
                -1.3085849523544313,
                3.3531178617477417,
                0
            ]
        ],
        "cheesecake_epmobi_1": [
            [
                -0.5201488828659058,
                3.3531178617477417,
                0
            ]
        ],
        "toaster_oven_ctrngh_1": [
            [
                -1.418118553161621,
                6.804344429969787,
                0
            ]
        ],
        "desk_cnewsu_1": [
            [
                -2.1388387489318847,
                7.380920586585998,
                0
            ]
        ]
    },
    "ontop": {
        "cheesecake_epmobi_1": {
            "desk_cnewsu_1": [
                [
                    -0.5799210071563721,
                    8.51989459991455,
                    0.7477890849113464
                ],
                [
                    0.0035735098645091057,
                    -0.0015237928600981832,
                    -0.014417432248592377,
                    0.99988853931427
                ]
            ]
        }
    },
    "inside": {
        "cheesecake_epmobi_1": {
            "toaster_oven_ctrngh_1": [
                [
                    0.4242582321166992,
                    7.380008220672607,
                    0.8168100714683533
                ],
                [
                    0.003377275075763464,
                    -0.0009198555490002036,
                    -0.003311456646770239,
                    0.9999884366989136
                ]
            ]
        }
    }
}