{
    "nextto": {
        "reception_desk_kjmhgc_1": [
            [
                -4.5622963714599605,
                -3.467704634666443,
                0
            ]
        ],
        "bread_slice_yedlgq_1": [
            [
                -4.467296371459961,
                -3.467704634666443,
                0
            ]
        ],
        "toaster_oven_ctrngh_1": [
            [
                -1.8072963714599608,
                0.23729536533355733,
                0
            ]
        ]
    },
    "ontop": {},
    "inside": {
        "bread_slice_yedlgq_1": {
            "toaster_oven_ctrngh_1": [
                [
                    -0.10680975019931793,
                    0.6679376363754272,
                    1.0246270895004272
                ],
                [
                    0.0028151078149676323,
                    0.05084722861647606,
                    -0.01620265655219555,
                    0.9985710382461548
                ]
            ]
        }
    }
}