{
    "nextto": {
        "coffee_table_fqluyq_0": [
            [
                -12.112244839668275,
                0.1636461114883423,
                0
            ]
        ],
        "chocolate_biscuit_xhmpht_1": [
            [
                -12.112244839668275,
                0.1636461114883423,
                0
            ]
        ],
        "lunch_box_adxzhe_1": [
            [
                -2.9128454327583313,
                1.8874463438987732,
                0
            ]
        ],
        "ceiling_fan_xtmacj_1": [
            -0.45169365406036377,
            1.8263297080993652,
            5.44606876373291
        ]
    },
    "ontop": {},
    "inside": {
        "chocolate_biscuit_xhmpht_1": {
            "lunch_box_adxzhe_1": [
                [
                    -1.3323777914047241,
                    2.2137668132781982,
                    0.008074707351624966
                ],
                [
                    0.013790519908070564,
                    -0.00179797422606498,
                    -0.008989889174699783,
                    0.9998628497123718
                ]
            ]
        }
    }
}