{
    "nextto": {
        "coffee_table_fqluyq_0": [
            [
                -12.112244839668275,
                -0.44985386371612557,
                0
            ]
        ],
        "toy_box_pmhcse_1": [
            [
                -12.112244839668275,
                -0.44985386371612557,
                0
            ]
        ],
        "shopping_basket_vsxhsv_1": [
            [
                -2.6944454312324524,
                1.7782463431358337,
                1.5707963267948966
            ]
        ],
        "window_ulnafj_3": [
            1.1380841732025146,
            3.6514620780944824,
            2.5270488262176514
        ]
    },
    "ontop": {},
    "inside": {
        "toy_box_pmhcse_1": {
            "shopping_basket_vsxhsv_1": [
                [
                    -1.099186897277832,
                    1.2146916389465332,
                    0.11308165639638901
                ],
                [
                    -0.2580476999282837,
                    -0.2818862795829773,
                    -0.6792123317718506,
                    0.626595675945282
                ]
            ]
        }
    }
}