{
    "nextto": {
        "pedestal_table_oqclwq_1": [
            [
                -7.68759614944458,
                -0.1624038743972777,
                0
            ]
        ],
        "desk_phone_kpxrpb_1": [
            [
                -7.68759614944458,
                -0.1624038743972777,
                0
            ]
        ],
        "desk_cnewsu_1": [
            [
                -7.469196186065673,
                -0.1624038743972777,
                0
            ]
        ],
        "calculator_kwmmty_1": [
            [
                -7.396396198272705,
                -0.5992038011550901,
                0
            ]
        ],
        "shelf_vgzdul_4": [
            0.8054925203323364,
            1.3743057250976562,
            2.1074697971343994
        ]
    },
    "ontop": {
        "desk_phone_kpxrpb_1": {
            "shelf_vgzdul_4": [
                [
                    0.8582989573478699,
                    -0.6953008770942688,
                    2.2201192378997803
                ],
                [
                    0.0021367294248193502,
                    -0.01325093675404787,
                    -0.15882664918899536,
                    0.9872152209281921
                ]
            ]
        }
    },
    "inside": {}
}