{
    "nextto": {
        "shelf_iwziew_1": [
            [
                -5.4906751465797425,
                2.393085901737213,
                0
            ]
        ],
        "cauliflower_genkom_1": [
            [
                -5.4906751465797425,
                2.393085901737213,
                0
            ]
        ],
        "cooler_pnkiag_1": [
            [
                -5.4906751465797425,
                2.393085901737213,
                0
            ]
        ]
    },
    "ontop": {},
    "inside": {
        "cauliflower_genkom_1": {
            "cooler_pnkiag_1": [
                [
                    -3.7744863033294678,
                    2.3883678913116455,
                    0.18948347866535187
                ],
                [
                    0.06761013716459274,
                    0.05855875834822655,
                    -0.03808636963367462,
                    0.9952633380889893
                ]
            ]
        }
    }
}