{
    "nextto": {
        "desk_cnewsu_1": [
            [
                -3.784845690727234,
                -1.376153881549835,
                0
            ]
        ],
        "goblet_nawrfs_1": [
            [
                -3.784845690727234,
                -1.376153881549835,
                0
            ]
        ],
        "coffee_table_qlmqyy_1": [
            [
                -6.343545460700989,
                1.3620467042922975,
                0
            ]
        ]
    },
    "ontop": {
        "goblet_nawrfs_1": {
            "coffee_table_qlmqyy_1": [
                [
                    -4.820167541503906,
                    1.4376511573791504,
                    0.5233827233314514
                ],
                [
                    -0.0005223847692832351,
                    0.00043946938239969313,
                    -0.026850247755646706,
                    0.9996392130851746
                ]
            ]
        }
    },
    "inside": {}
}