{
    "nextto": {
        "shelf_iwziew_1": [
            [
                -4.303895928859711,
                2.718096811771393,
                0
            ]
        ],
        "vidalia_onion_ldeuli_1": [
            [
                -4.303895928859711,
                2.718096811771393,
                0
            ]
        ],
        "microwave_abzvij_1": [
            [
                -7.68759614944458,
                -0.1624038743972777,
                0
            ]
        ]
    },
    "ontop": {},
    "inside": {
        "vidalia_onion_ldeuli_1": {
            "microwave_abzvij_1": [
                [
                    -7.166234970092773,
                    -0.48173287510871887,
                    0.08118908107280731
                ],
                [
                    0.04680328071117401,
                    -0.25890037417411804,
                    -0.024777397513389587,
                    0.964451253414154
                ]
            ]
        }
    }
}