{
    "nextto": {
        "console_table_tzkfqa_1": [
            [
                -5.4906751465797425,
                2.393085901737213,
                0
            ]
        ],
        "auricularia_coecnm_1": [
            [
                -5.4906751465797425,
                2.393085901737213,
                0
            ]
        ],
        "cooler_pnkiag_1": [
            [
                -5.018399116992951,
                2.5280219101905823,
                0
            ]
        ],
        "dehumidifier_ppadfd_1": [
            [
                1.8451593255996703,
                7.820922255516052,
                0
            ]
        ]
    },
    "ontop": {},
    "inside": {
        "auricularia_coecnm_1": {
            "cooler_pnkiag_1": [
                [
                    -3.2806735038757324,
                    3.095355272293091,
                    0.11087366938591003
                ],
                [
                    0.006747689098119736,
                    -0.01311338972300291,
                    -0.005783699452877045,
                    0.9998746514320374
                ]
            ]
        }
    }
}