{
    "nextto": {
        "reception_desk_kjmhgc_1": [
            [
                -4.5622963714599605,
                -3.467704634666443,
                0
            ]
        ],
        "hamburger_fyswch_1": [
            [
                -3.9922963714599606,
                -3.467704634666443,
                0
            ]
        ],
        "microwave_bfbeeb_0": [
            -2.792963743209839,
            1.202322244644165,
            5.023103713989258
        ],
        "breakfast_table_uhrsex_0": [
            -2.1220145225524902,
            -2.2315595149993896,
            6.282819747924805
        ]
    },
    "ontop": {
        "hamburger_fyswch_1": {
            "breakfast_table_uhrsex_0": [
                [
                    -0.7321372628211975,
                    -1.997227430343628,
                    0.8351934552192688
                ],
                [
                    -0.00076859857654199,
                    -0.00018215086311101913,
                    -0.01253410056233406,
                    0.9999210834503174
                ]
            ]
        }
    },
    "inside": {
        "hamburger_fyswch_1": {
            "microwave_bfbeeb_0": [
                [
                    -3.5359513759613037,
                    0.4742227792739868,
                    1.5338836908340454
                ],
                [
                    -0.0005833216710016131,
                    0.00024466472677886486,
                    -0.009787855669856071,
                    0.9999518394470215
                ]
            ]
        }
    }
}