{
    "nextto": {
        "hutch_vsqsuy_1": [
            [
                -4.586495916843414,
                2.718096811771393,
                0
            ]
        ],
        "broccoli_wsxavx_1": [
            [
                -4.586495916843414,
                2.718096811771393,
                0
            ]
        ],
        "coffee_table_fqluyq_0": [
            [
                -12.112244839668275,
                -0.44985386371612557,
                0
            ]
        ],
        "plate_qtfzeq_1": [
            [
                -12.112244839668275,
                -0.44985386371612557,
                0
            ]
        ],
        "rice_cooker_qatgeb_1": [
            [
                -12.112244839668275,
                -0.44985386371612557,
                0
            ]
        ]
    },
    "ontop": {
        "broccoli_wsxavx_1": {
            "plate_qtfzeq_1": [
                [
                    -11.149527549743652,
                    0.5568753480911255,
                    0.4218153655529022
                ],
                [
                    -0.6757777333259583,
                    -0.6659291386604309,
                    0.142141193151474,
                    -0.28223851323127747
                ]
            ]
        }
    },
    "inside": {}
}