{
    "nextto": {
        "radiator_lnvush_1": [
            [
                -2.7530443239212032,
                -2.657455825805664,
                0
            ]
        ],
        "shelf_iwziew_1": [
            [
                -0.729546383395791,
                2.4229447627067566,
                0
            ]
        ],
        "liquid_carton_ykfkyq_1": [
            [
                -0.729546383395791,
                2.465644762516022,
                0
            ]
        ],
        "cooler_pnkiag_1": [
            [
                -3.327296371459961,
                -0.4277046346664427,
                0
            ]
        ]
    },
    "ontop": {},
    "inside": {
        "liquid_carton_ykfkyq_1": {
            "cooler_pnkiag_1": [
                [
                    -1.5457522869110107,
                    0.11731009185314178,
                    0.23743849992752075
                ],
                [
                    0.008082501590251923,
                    0.03149325028061867,
                    -0.11319047957658768,
                    0.9930412173271179
                ]
            ]
        }
    }
}