{
    "nextto": {
        "shelf_iwziew_1": [
            [
                -0.729546383395791,
                2.4229447627067566,
                0
            ]
        ],
        "salad_nffvob_1": [
            [
                -0.729546383395791,
                2.5937447619438174,
                0
            ]
        ],
        "reception_desk_kjmhgc_1": [
            [
                -4.5622963714599605,
                -0.5227046346664429,
                0
            ]
        ],
        "microwave_bfbeeb_0": [
            -3.403623342514038,
            1.1484030485153198,
            3.1942098140716553
        ]
    },
    "ontop": {
        "salad_nffvob_1": {
            "reception_desk_kjmhgc_1": [
                [
                    -3.0553178787231445,
                    -0.6045432686805725,
                    0.8335031867027283
                ],
                [
                    -0.00534155685454607,
                    -0.004551314748823643,
                    -0.04959007725119591,
                    0.9987449049949646
                ]
            ]
        }
    },
    "inside": {
        "salad_nffvob_1": {
            "microwave_bfbeeb_0": [
                [
                    -3.6909244060516357,
                    0.6886388063430786,
                    1.5240765810012817
                ],
                [
                    -0.005225831177085638,
                    -0.004683252424001694,
                    -0.02465668134391308,
                    0.9996713399887085
                ]
            ]
        }
    }
}