{
    "nextto": {
        "toaster_oven_ctrngh_1": [
            [
                -1.3460465335845946,
                7.3088485670089725,
                0
            ]
        ],
        "reception_desk_kjmhgc_1": [
            0.20193681120872498,
            -1.7522468566894531,
            0.5249969959259033
        ],
        "bread_slice_yedlgq_1": [
            0.20193681120872498,
            -1.7522468566894531,
            0.5249969959259033
        ]
    },
    "ontop": {},
    "inside": {
        "bread_slice_yedlgq_1": {
            "toaster_oven_ctrngh_1": [
                [
                    0.44862911105155945,
                    7.6329264640808105,
                    0.8023147583007812
                ],
                [
                    -0.009374762885272503,
                    0.027964046224951744,
                    -0.03690183907747269,
                    0.9988836050033569
                ]
            ]
        }
    }
}