{
    "nextto": {
        "reception_desk_kjmhgc_1": [
            [
                -0.729546383395791,
                3.3196447587013247,
                0
            ]
        ],
        "waffle_gjwper_1": [
            [
                -0.729546383395791,
                3.2342447590827943,
                0
            ]
        ],
        "microwave_bfbeeb_0": [
            -3.280200481414795,
            0.9917341470718384,
            2.5724904537200928
        ]
    },
    "ontop": {},
    "inside": {
        "waffle_gjwper_1": {
            "microwave_bfbeeb_0": [
                [
                    -3.3679542541503906,
                    0.6320695281028748,
                    1.5248854160308838
                ],
                [
                    -0.0003231466398574412,
                    9.250960283679888e-05,
                    -0.049537595361471176,
                    0.9987722039222717
                ]
            ]
        }
    }
}