{
    "nextto": {
        "reception_desk_kjmhgc_1": [
            [
                -2.8280959916114803,
                3.660096771717072,
                0
            ]
        ],
        "buttermilk_pancake_ogghhf_1": [
            [
                -3.3618959689140318,
                3.691496770381928,
                0
            ]
        ],
        "electric_cauldron_qmdgct_1": [
            [
                -3.3618959689140318,
                3.691496770381928,
                0
            ]
        ],
        "breakfast_table_uhrsex_1": [
            [
                -8.431244988441469,
                1.390646061897278,
                0
            ]
        ]
    },
    "ontop": {
        "buttermilk_pancake_ogghhf_1": {
            "breakfast_table_uhrsex_1": [
                [
                    -6.706840991973877,
                    0.7645809650421143,
                    0.4564782381057739
                ],
                [
                    0.004387846682220697,
                    -0.012208913452923298,
                    0.927571177482605,
                    0.37342143058776855
                ]
            ]
        }
    },
    "inside": {
        "buttermilk_pancake_ogghhf_1": {
            "electric_cauldron_qmdgct_1": [
                [
                    -6.706840991973877,
                    0.7645809650421143,
                    0.4564782381057739
                ],
                [
                    0.004387846682220697,
                    -0.012208913452923298,
                    0.927571177482605,
                    0.37342143058776855
                ]
            ]
        }
    }
}