{
    "nextto": {
        "reception_desk_kjmhgc_1": [
            [
                -4.5622963714599605,
                -3.467704634666443,
                0
            ]
        ],
        "trout_kqpeke_1": [
            [
                -3.6122963714599607,
                -3.467704634666443,
                0
            ]
        ],
        "cooler_pnkiag_1": [
            0.06260436028242111,
            0.30868619680404663,
            1.7458597421646118
        ]
    },
    "ontop": {},
    "inside": {
        "trout_kqpeke_1": {
            "cooler_pnkiag_1": [
                [
                    0.18909312784671783,
                    0.06718304753303528,
                    0.16478995978832245
                ],
                [
                    0.02996773272752762,
                    0.07957375794649124,
                    -0.07997610419988632,
                    0.9931635856628418
                ]
            ]
        }
    }
}