{
    "nextto": {
        "desk_cnewsu_1": [
            [
                -7.68759614944458,
                -0.1624038743972777,
                0
            ]
        ],
        "laptop_sngiih_1": [
            [
                -7.68759614944458,
                -0.1624038743972777,
                0
            ]
        ],
        "shelf_vgzdul_3": [
            [
                -7.68759614944458,
                -0.1624038743972777,
                0
            ]
        ],
        "folder_wauyns_1": [
            [
                -7.68759614944458,
                -0.1624038743972777,
                0
            ]
        ],
        "table_lamp_ehjsdz_1": [
            [
                -7.68759614944458,
                -0.1624038743972777,
                0
            ]
        ]
    },
    "ontop": {
        "laptop_sngiih_1": {
            "folder_wauyns_1": [
                [
                    -6.739107131958008,
                    0.797611653804779,
                    2.0113229751586914
                ],
                [
                    -0.002724815160036087,
                    0.006155242677778006,
                    0.016177991405129433,
                    0.9998464584350586
                ]
            ]
        }
    },
    "inside": {}
}