{
    "nextto": {
        "lunch_box_adxzhe_1": [
            [
                -5.4906751465797425,
                2.393085901737213,
                0
            ]
        ],
        "banana_bread_outrja_1": [
            [
                -5.4906751465797425,
                2.393085901737213,
                0
            ]
        ],
        "microwave_abzvij_1": [
            [
                -5.4906751465797425,
                3.3713719630241394,
                0
            ]
        ],
        "desk_cnewsu_1": [
            [
                -2.571270866394043,
                6.011552214622498,
                0
            ]
        ]
    },
    "ontop": {
        "banana_bread_outrja_1": {
            "desk_cnewsu_1": [
                [
                    -0.8827192783355713,
                    7.870258331298828,
                    0.7715632319450378
                ],
                [
                    0.005914511624723673,
                    0.004444478545337915,
                    -0.03331759572029114,
                    0.9994173645973206
                ]
            ]
        }
    },
    "inside": {
        "banana_bread_outrja_1": {
            "microwave_abzvij_1": [
                [
                    -5.481654644012451,
                    2.679610252380371,
                    0.12477982044219971
                ],
                [
                    0.00567780714482069,
                    0.003591763786971569,
                    -0.04669085144996643,
                    0.99888676404953
                ]
            ]
        }
    }
}