{
    "nextto": {
        "shelf_iwziew_1": [
            [
                -0.729546383395791,
                2.5937447619438174,
                0
            ]
        ],
        "basil_dkuhvb_1": [
            [
                -0.729546383395791,
                3.063444759845734,
                0
            ]
        ],
        "cooler_pnkiag_1": [
            [
                -4.75619704246521,
                2.328994951248169,
                0
            ]
        ]
    },
    "ontop": {},
    "inside": {
        "basil_dkuhvb_1": {
            "cooler_pnkiag_1": [
                [
                    -4.652166366577148,
                    3.037266492843628,
                    0.1190062090754509
                ],
                [
                    -0.011211351491510868,
                    0.04645593464374542,
                    -0.051984477788209915,
                    0.9975037574768066
                ]
            ]
        }
    }
}