{
    "nextto": {
        "reception_desk_kjmhgc_1": [
            [
                -5.4906751465797425,
                2.393085901737213,
                0
            ]
        ],
        "watermelon_fxhiqs_1": [
            [
                -5.4906751465797425,
                2.393085901737213,
                0
            ]
        ],
        "cooler_pnkiag_1": [
            [
                1.5823473024368286,
                7.952328267097473,
                0
            ]
        ],
        "vacuum_bdmsbr_1": [
            [
                2.633595395088196,
                7.820922255516052,
                0
            ]
        ],
        "window_agoayg_0": [
            -17.133386611938477,
            9.444754600524902,
            0.23672151565551758
        ]
    },
    "ontop": {},
    "inside": {
        "watermelon_fxhiqs_1": {
            "cooler_pnkiag_1": [
                [
                    3.323395013809204,
                    8.991634368896484,
                    0.16460154950618744
                ],
                [
                    -0.1284898966550827,
                    -0.06423503160476685,
                    -0.04538377374410629,
                    0.9885872006416321
                ]
            ]
        }
    }
}