{
    "nextto": {
        "shelf_iwziew_1": [
            [
                -4.75619704246521,
                2.328994951248169,
                0
            ]
        ],
        "carton_hhlmbi_1": [
            [
                -4.75619704246521,
                2.328994951248169,
                0
            ]
        ],
        "coffee_table_gpkbiw_0": [
            -9.575549125671387,
            -0.01360735297203064,
            0.449298620223999
        ]
    },
    "ontop": {
        "carton_hhlmbi_1": {
            "coffee_table_gpkbiw_0": [
                [
                    -9.42518138885498,
                    -0.3288988769054413,
                    0.3946201801300049
                ],
                [
                    6.776995724067092e-05,
                    0.0001260738354176283,
                    -0.03143298253417015,
                    0.9995060563087463
                ]
            ]
        }
    },
    "inside": {}
}