{
    "nextto": {
        "shelf_iwziew_1": [
            [
                -5.4906751465797425,
                3.168967950344086,
                0
            ]
        ],
        "patty_ejbije_1": [
            [
                -5.4906751465797425,
                3.0340319418907167,
                0
            ]
        ],
        "toaster_oven_ctrngh_1": [
            [
                1.4509412908554078,
                5.1928020238876345,
                0
            ]
        ],
        "radiator_lnvush_1": [
            [
                1.7137533140182495,
                7.820922255516052,
                0
            ]
        ]
    },
    "ontop": {
        "patty_ejbije_1": {
            "radiator_lnvush_1": [
                [
                    3.4229421615600586,
                    8.871912002563477,
                    0.7146381139755249
                ],
                [
                    0.027929751202464104,
                    0.058600641787052155,
                    0.507167398929596,
                    0.8593993186950684
                ]
            ]
        }
    },
    "inside": {
        "patty_ejbije_1": {
            "toaster_oven_ctrngh_1": [
                [
                    3.2572391033172607,
                    5.803197860717773,
                    0.5130699872970581
                ],
                [
                    0.027892183512449265,
                    0.027243928983807564,
                    -0.016948305070400238,
                    0.9990959167480469
                ]
            ]
        }
    }
}