{
    "nextto": {
        "bagel_dough_iuembm_1": [
            [
                -1.3322963714599607,
                0.04729536533355695,
                0
            ]
        ],
        "reception_desk_kjmhgc_1": [
            -0.33954858779907227,
            -0.1648801565170288,
            0.7839903831481934
        ],
        "oven_fexqbj_2": [
            -2.2838833332061768,
            -0.6264411211013794,
            0.6780424118041992
        ]
    },
    "ontop": {},
    "inside": {}
}