{
    "nextto": {
        "reception_desk_kjmhgc_1": [
            [
                -4.5622963714599605,
                -3.467704634666443,
                0
            ]
        ],
        "green_bean_dyjvwv_1": [
            [
                -3.9922963714599606,
                -3.467704634666443,
                0
            ]
        ],
        "stove_kfhkqp_1": [
            [
                -4.5622963714599605,
                -0.5227046346664429,
                0
            ]
        ],
        "saucepan_fsinsu_1": [
            [
                -4.5622963714599605,
                -0.5227046346664429,
                0
            ]
        ]
    },
    "ontop": {
        "saucepan_fsinsu_1": {
            "reception_desk_kjmhgc_1": [
                [
                    -2.4225800037384033,
                    -2.9467742443084717,
                    0.9732387065887451
                ],
                [
                    -0.014602767303586006,
                    0.013263612054288387,
                    0.9362971782684326,
                    0.35065433382987976
                ]
            ]
        },
        "green_bean_dyjvwv_1": {
            "stove_kfhkqp_1": [
                [
                    -2.417813777923584,
                    -2.947768211364746,
                    0.9529738426208496
                ],
                [
                    -0.16616913676261902,
                    -0.7540232539176941,
                    -0.5561670660972595,
                    -0.3074328303337097
                ]
            ]
        }
    },
    "inside": {
        "green_bean_dyjvwv_1": {
            "saucepan_fsinsu_1": [
                [
                    -2.417813777923584,
                    -2.947768211364746,
                    0.9529738426208496
                ],
                [
                    -0.16616913676261902,
                    -0.7540232539176941,
                    -0.5561670660972595,
                    -0.3074328303337097
                ]
            ]
        }
    }
}