{
    "nextto": {
        "desk_cnewsu_1": [
            [
                -6.886796283721924,
                -0.6720037889480587,
                0
            ]
        ],
        "table_lamp_ehjsdz_1": [
            [
                -6.886796283721924,
                -0.08960388660430865,
                0
            ]
        ],
        "console_table_tzkfqa_1": [
            [
                -8.676644978523255,
                -2.6584537744522097,
                0
            ]
        ],
        "sofa_mnfbbh_0": [
            -12.246735572814941,
            2.783430814743042,
            5.824509143829346
        ]
    },
    "ontop": {
        "table_lamp_ehjsdz_1": {
            "console_table_tzkfqa_1": [
                [
                    -6.747645854949951,
                    -2.3591201305389404,
                    1.2878438234329224
                ],
                [
                    -0.001433295663446188,
                    0.0039001721888780594,
                    -0.022313399240374565,
                    0.9997422695159912
                ]
            ]
        }
    },
    "inside": {}
}