{
    "nextto": {
        "pizza_dough_jguwbv_1": [
            [
                -1.7122963714599606,
                0.04729536533355695,
                0
            ]
        ],
        "cooler_pnkiag_1": [
            [
                -0.729546383395791,
                2.3802447628974917,
                0
            ]
        ],
        "reception_desk_kjmhgc_1": [
            0.45793217420578003,
            -0.4462133049964905,
            5.312991619110107
        ]
    },
    "ontop": {},
    "inside": {
        "pizza_dough_jguwbv_1": {
            "cooler_pnkiag_1": [
                [
                    0.7282006144523621,
                    3.827472686767578,
                    0.15033400058746338
                ],
                [
                    -0.04056474566459656,
                    -0.01025470718741417,
                    -0.09584055095911026,
                    0.994516909122467
                ]
            ]
        }
    }
}