{
    "nextto": {
        "plate_qtfzeq_1": [
            [
                -4.586495916843414,
                2.718096811771393,
                0
            ]
        ],
        "sugar_cookie_feirtr_1": [
            [
                -4.586495916843414,
                2.718096811771393,
                0
            ]
        ],
        "shelf_iwziew_1": [
            [
                -4.38414571762085,
                0.9516454744338994,
                0
            ]
        ],
        "coffee_table_fqluyq_0": [
            -11.248381614685059,
            -0.15924780070781708,
            1.8909175395965576
        ],
        "window_ulnafj_1": [
            7.974796772003174,
            -2.8615493774414062,
            6.214386463165283
        ]
    },
    "ontop": {
        "sugar_cookie_feirtr_1": {
            "coffee_table_fqluyq_0": [
                [
                    -10.665220260620117,
                    0.5008450150489807,
                    0.412249356508255
                ],
                [
                    0.0016053724102675915,
                    -0.0023287166841328144,
                    -0.010994013398885727,
                    0.9999355673789978
                ]
            ]
        }
    },
    "inside": {}
}