{
    "nextto": {
        "reception_desk_kjmhgc_1": [
            [
                -4.5622963714599605,
                -0.5227046346664429,
                0
            ]
        ],
        "butternut_squash_swehmg_1": [
            [
                -4.5622963714599605,
                -0.5227046346664429,
                0
            ]
        ],
        "stove_kfhkqp_1": [
            [
                -4.5622963714599605,
                -3.372704634666443,
                0
            ]
        ],
        "pressure_cooker_otyngn_1": [
            [
                -4.5622963714599605,
                -0.5227046346664429,
                0
            ]
        ],
        "shelf_iwziew_1": [
            [
                -0.729546383395791,
                1.2700447678565978,
                0
            ]
        ],
        "platter_ekjpdj_1": [
            [
                -0.729546383395791,
                1.2700447678565978,
                0
            ]
        ],
        "conference_table_hdomxc_1": [
            [
                -13.386730842590332,
                -2.6621410407312216,
                0
            ]
        ]
    },
    "ontop": {
        "platter_ekjpdj_1": {
            "conference_table_hdomxc_1": [
                [
                    -44.05929946899414,
                    -2.8538715839385986,
                    -325.44537353515625
                ],
                [
                    2.9103830456733704e-11,
                    1.986197872838602e-10,
                    0.9206274747848511,
                    -0.39044222235679626
                ]
            ]
        },
        "butternut_squash_swehmg_1": {
            "stove_kfhkqp_1": [
                [
                    -44.05929946899414,
                    -2.8538715839385986,
                    -325.44537353515625
                ],
                [
                    2.9103830456733704e-11,
                    1.986197872838602e-10,
                    0.9206274747848511,
                    -0.39044222235679626
                ]
            ]
        }
    },
    "inside": {
        "butternut_squash_swehmg_1": {
            "pressure_cooker_otyngn_1": [
                [
                    -44.05929946899414,
                    -2.8538715839385986,
                    -325.44537353515625
                ],
                [
                    2.9103830456733704e-11,
                    1.986197872838602e-10,
                    0.9206274747848511,
                    -0.39044222235679626
                ]
            ]
        }
    }
}