{
    "nextto": {
        "pedestal_table_oqclwq_1": [
            [
                -5.490453352928162,
                5.118450598716736,
                0
            ]
        ],
        "chocolate_biscuit_xhmpht_1": [
            [
                -5.490453352928162,
                5.118450598716736,
                0
            ]
        ],
        "reception_desk_kjmhgc_1": [
            [
                -3.5341030240058897,
                3.438839967250824,
                0
            ]
        ],
        "plate_qtfzeq_1": [
            [
                -5.4906751465797425,
                2.393085901737213,
                0
            ]
        ],
        "toaster_oven_ctrngh_1": [
            [
                -3.5003690218925474,
                2.393085901737213,
                0
            ]
        ]
    },
    "ontop": {
        "plate_qtfzeq_1": {
            "reception_desk_kjmhgc_1": [
                [
                    -4.7034687995910645,
                    2.7907731533050537,
                    0.8194200396537781
                ],
                [
                    -5.947709723841399e-06,
                    6.852642400190234e-07,
                    -0.11076677590608597,
                    0.9938464164733887
                ]
            ]
        },
        "chocolate_biscuit_xhmpht_1": {
            "plate_qtfzeq_1": [
                [
                    -4.719327926635742,
                    2.7065560817718506,
                    0.8302196264266968
                ],
                [
                    -0.06789818406105042,
                    0.00560467503964901,
                    -0.002889113500714302,
                    0.9976723790168762
                ]
            ]
        }
    },
    "inside": {
        "chocolate_biscuit_xhmpht_1": {
            "toaster_oven_ctrngh_1": [
                [
                    -3.6725475788116455,
                    3.4300694465637207,
                    0.10057802498340607
                ],
                [
                    0.013010630384087563,
                    -0.023636283352971077,
                    -0.012723762542009354,
                    0.9995550513267517
                ]
            ]
        }
    }
}