{
    "nextto": {
        "console_table_tzkfqa_1": [
            [
                -10.026344923973083,
                -1.922253804206848,
                0
            ]
        ],
        "mug_fapsrj_1": [
            [
                -9.780944933891297,
                -1.676853814125061,
                0
            ]
        ],
        "microwave_abzvij_1": [
            [
                -3.2404454350471497,
                1.6690463423728943,
                0
            ]
        ],
        "coffee_table_fqluyq_0": [
            -10.67509937286377,
            -0.11147870868444443,
            0.5855507850646973
        ]
    },
    "ontop": {
        "mug_fapsrj_1": {
            "coffee_table_fqluyq_0": [
                [
                    -10.906637191772461,
                    0.5170868039131165,
                    0.4407384991645813
                ],
                [
                    -0.00038754026172682643,
                    -0.00032964014098979533,
                    -0.020119721069931984,
                    0.9997974634170532
                ]
            ]
        }
    },
    "inside": {
        "mug_fapsrj_1": {
            "microwave_abzvij_1": [
                [
                    -1.449366807937622,
                    1.8895854949951172,
                    0.11094694584608078
                ],
                [
                    6.601744098588824e-05,
                    2.2916297893971205e-05,
                    -0.02543742209672928,
                    0.999676525592804
                ]
            ]
        }
    }
}