{
    "nextto": {
        "reception_desk_kjmhgc_1": [
            [
                -4.5622963714599605,
                -0.5227046346664429,
                0
            ]
        ],
        "bagel_zlxkry_1": [
            [
                -4.467296371459961,
                -0.5227046346664429,
                0
            ]
        ],
        "oven_fexqbj_2": [
            -2.6506078243255615,
            -0.7470187544822693,
            0.9435825347900391
        ]
    },
    "ontop": {},
    "inside": {
        "bagel_zlxkry_1": {
            "oven_fexqbj_2": [
                [
                    -2.345918655395508,
                    -1.2172203063964844,
                    0.39846566319465637
                ],
                [
                    -0.001727098599076271,
                    -0.0003902316093444824,
                    -0.04842912405729294,
                    0.9988250136375427
                ]
            ]
        }
    }
}