{
    "nextto": {
        "reception_desk_kjmhgc_1": [
            [
                5.994203548431397,
                14.705977687835693,
                0
            ]
        ],
        "green_bean_dyjvwv_1": [
            [
                6.4987474632263185,
                15.462793560028077,
                0
            ]
        ],
        "gaming_table_ipdvzo_1": [
            [
                2.083988208770752,
                12.183258113861084,
                1.5707963267948966
            ]
        ],
        "mixing_bowl_deudkt_1": [
            [
                2.9669400596618654,
                12.183258113861084,
                1.5707963267948966
            ]
        ],
        "stove_ykretu_0": [
            4.715220928192139,
            16.9600887298584,
            2.103989839553833
        ]
    },
    "ontop": {
        "green_bean_dyjvwv_1": {
            "stove_ykretu_0": [
                [
                    4.72741174697876,
                    12.565756797790527,
                    0.1308303028345108
                ],
                [
                    0.026464825496077538,
                    0.04134328290820122,
                    0.9408800601959229,
                    0.3351640999317169
                ]
            ]
        }
    },
    "inside": {
        "green_bean_dyjvwv_1": {
            "mixing_bowl_deudkt_1": [
                [
                    4.72741174697876,
                    12.565756797790527,
                    0.1308303028345108
                ],
                [
                    0.026464825496077538,
                    0.04134328290820122,
                    0.9408800601959229,
                    0.3351640999317169
                ]
            ]
        }
    }
}