{
    "nextto": {
        "countertop_zkhelh_1": [
            [
                -3.7920551872253423,
                -10.082396602630617,
                0
            ]
        ],
        "lamb_zzwdks_1": [
            [
                -3.504627132415772,
                -13.53153326034546,
                0
            ]
        ],
        "oven_cgtaer_0": [
            -6.4574971199035645,
            -14.57254695892334,
            3.9795687198638916
        ]
    },
    "ontop": {},
    "inside": {
        "lamb_zzwdks_1": {
            "oven_cgtaer_0": [
                [
                    -6.8423895835876465,
                    -14.017011642456055,
                    1.103156566619873
                ],
                [
                    0.1180727481842041,
                    0.032549899071455,
                    -0.04275267571210861,
                    0.991550087928772
                ]
            ]
        }
    }
}