{
    "nextto": {
        "reception_desk_kjmhgc_1": [
            [
                -4.366911296844482,
                -13.53153326034546,
                0
            ]
        ],
        "arugula_lbkpoh_1": [
            [
                -3.648341159820557,
                -13.53153326034546,
                0
            ]
        ],
        "breakfast_table_uhrsex_1": [
            [
                -4.798053379058838,
                -10.513538684844972,
                0
            ]
        ],
        "bowl_cypjlv_1": [
            [
                -3.073485050201416,
                -10.369824657440187,
                0
            ]
        ],
        "stove_xspxzg_0": [
            -4.196672439575195,
            -13.44985294342041,
            0.42934346199035645
        ]
    },
    "ontop": {
        "arugula_lbkpoh_1": {
            "stove_xspxzg_0": [
                [
                    -1.9575377702713013,
                    -11.622631072998047,
                    0.4861499071121216
                ],
                [
                    0.018911004066467285,
                    -0.033042896538972855,
                    0.7261725664138794,
                    0.6864575147628784
                ]
            ]
        }
    },
    "inside": {
        "arugula_lbkpoh_1": {
            "bowl_cypjlv_1": [
                [
                    -1.9575377702713013,
                    -11.622631072998047,
                    0.4861499071121216
                ],
                [
                    0.018911004066467285,
                    -0.033042896538972855,
                    0.7261725664138794,
                    0.6864575147628784
                ]
            ]
        }
    }
}