{
    "nextto": {
        "saucepan_fsinsu_1": [
            [
                -0.6369784951210022,
                -2.8405961203575134,
                0
            ]
        ],
        "reception_desk_kjmhgc_1": [
            0.5487378239631653,
            0.8819261789321899,
            5.426029205322266
        ],
        "pea_pod_qntgxe_1": [
            0.5487378239631653,
            0.8819261789321899,
            5.426029205322266
        ],
        "microwave_abzvij_0": [
            2.1430325508117676,
            -3.5422487258911133,
            2.652413845062256
        ]
    },
    "ontop": {},
    "inside": {
        "pea_pod_qntgxe_1": {
            "saucepan_fsinsu_1": [
                [
                    0.7860912680625916,
                    -1.9005780220031738,
                    1.0949790477752686
                ],
                [
                    -0.007449460681527853,
                    -0.07374263554811478,
                    -0.02203112281858921,
                    0.9970060586929321
                ]
            ],
            "microwave_abzvij_0": [
                [
                    1.4598671197891235,
                    -3.5385806560516357,
                    1.3905839920043945
                ],
                [
                    -0.021311122924089432,
                    -0.08907479792833328,
                    -0.014457953162491322,
                    0.9956918954849243
                ]
            ]
        }
    }
}