{
    "nextto": {
        "cooler_pnkiag_1": [
            [
                0.5868395543098448,
                -2.959030125141144,
                0
            ]
        ],
        "rib_nzbnqp_1": [
            [
                0.507883551120758,
                -2.959030125141144,
                0
            ]
        ],
        "oven_wuinhm_0": [
            1.3216887712478638,
            -3.655784845352173,
            1.7736133337020874
        ],
        "breakfast_table_skczfi_1": [
            -0.9439330101013184,
            2.275291919708252,
            0.7688782215118408
        ]
    },
    "ontop": {
        "rib_nzbnqp_1": {
            "breakfast_table_skczfi_1": [
                [
                    -0.8616523742675781,
                    3.3658876419067383,
                    0.7774936556816101
                ],
                [
                    0.018672063946723938,
                    -0.001989232376217842,
                    -0.01019330509006977,
                    0.9997718334197998
                ]
            ]
        }
    },
    "inside": {
        "rib_nzbnqp_1": {
            "oven_wuinhm_0": [
                [
                    1.1214048862457275,
                    -2.472907543182373,
                    0.35514596104621887
                ],
                [
                    0.016319505870342255,
                    -0.021122004836797714,
                    -0.03619960695505142,
                    0.9989880323410034
                ]
            ]
        }
    }
}