{
    "nextto": {
        "board_fxugbm_1": [
            [
                -1.3154278993606567,
                -0.06159458875656136,
                0
            ]
        ],
        "shelf_iwziew_1": [
            [
                -0.6369784951210022,
                -2.8405961203575134,
                0
            ]
        ],
        "water_glass_lvqgvn_1": [
            [
                -0.6369784951210022,
                -2.8405961203575134,
                0
            ]
        ],
        "table_lamp_xbfgjc_0": [
            -0.5329009890556335,
            3.503657102584839,
            5.8814311027526855
        ]
    },
    "ontop": {
        "water_glass_lvqgvn_1": {
            "board_fxugbm_1": [
                [
                    0.4593830108642578,
                    -0.6599563956260681,
                    0.08602038770914078
                ],
                [
                    -4.0418701246380806e-05,
                    -0.0003489535010885447,
                    -0.004693301394581795,
                    0.9999889135360718
                ]
            ]
        }
    },
    "inside": {}
}