{
    "nextto": {
        "coffee_table_fqluyq_0": [
            [
                -1.5566159677505493,
                2.269890072345733,
                0
            ]
        ],
        "lettuce_orsjxq_1": [
            [
                -1.5566159677505493,
                2.269890072345733,
                0
            ]
        ],
        "bucket_lsmlzi_1": [
            [
                -1.9585960817337038,
                2.269890072345733,
                0
            ]
        ],
        "fairy_light_waitum_1": [
            -4.1434478759765625,
            2.233236789703369,
            4.745386600494385
        ]
    },
    "ontop": {},
    "inside": {
        "lettuce_orsjxq_1": {
            "bucket_lsmlzi_1": [
                [
                    -1.6351820230484009,
                    2.826671600341797,
                    0.12127182632684708
                ],
                [
                    0.01107461005449295,
                    0.015738820657134056,
                    -0.8363068103790283,
                    0.547923743724823
                ]
            ]
        }
    }
}