{
    "nextto": {
        "mailbox_bktljr_1": [
            [
                -2.003903970718384,
                -3.6585650968551637,
                0
            ]
        ],
        "letter_igvnic_1": [
            [
                -2.003903970718384,
                -3.6585650968551637,
                0
            ]
        ],
        "coffee_table_fqluyq_0": [
            -1.0844439268112183,
            0.3387213349342346,
            6.251477241516113
        ]
    },
    "ontop": {
        "letter_igvnic_1": {
            "coffee_table_fqluyq_0": [
                [
                    0.12327723950147629,
                    1.1153419017791748,
                    0.39969536662101746
                ],
                [
                    -0.0004515042237471789,
                    0.0002810718724504113,
                    -0.20064610242843628,
                    0.9796635508537292
                ]
            ]
        }
    },
    "inside": {}
}