{
    "nextto": {
        "parsley_okmcfy_1": [
            [
                -0.04480847120285039,
                -2.761640117168427,
                0
            ]
        ],
        "reception_desk_kjmhgc_1": [
            -0.89958256483078,
            0.8836909532546997,
            5.16414737701416
        ],
        "mixing_bowl_deudkt_1": [
            -0.89958256483078,
            0.8836909532546997,
            5.16414737701416
        ],
        "breakfast_table_skczfi_1": [
            -0.6852428913116455,
            3.6768975257873535,
            1.2543139457702637
        ]
    },
    "ontop": {
        "mixing_bowl_deudkt_1": {
            "breakfast_table_skczfi_1": [
                [
                    -0.2271472066640854,
                    3.2777295112609863,
                    0.8106703758239746
                ],
                [
                    2.48197466135025e-07,
                    1.4045799616724253e-06,
                    -0.03808875381946564,
                    0.9992744326591492
                ]
            ]
        }
    },
    "inside": {
        "parsley_okmcfy_1": {
            "mixing_bowl_deudkt_1": [
                [
                    -0.21908949315547943,
                    3.2734615802764893,
                    0.7814006805419922
                ],
                [
                    -0.017333149909973145,
                    0.17445163428783417,
                    -0.015160195529460907,
                    0.9843964576721191
                ]
            ]
        }
    }
}