{
    "nextto": {
        "backpack_gvbiwl_1": [
            [
                1.9904525756835938,
                -1.6238553869724275,
                0
            ]
        ],
        "bird_feeder_hvlkjx_1": [
            [
                2.029256572723389,
                -1.5462473928928375,
                0
            ]
        ]
    },
    "ontop": {},
    "inside": {
        "bird_feeder_hvlkjx_1": {
            "backpack_gvbiwl_1": [
                [
                    2.82500958442688,
                    -1.2644604444503784,
                    0.05107581615447998
                ],
                [
                    0.042907170951366425,
                    0.03175392374396324,
                    -0.021293720230460167,
                    0.998347282409668
                ]
            ]
        }
    }
}