{
    "nextto": {
        "alarm_clock_cvknrh_1": [
            [
                3.1157684898376465,
                -1.1194034254550933,
                0
            ]
        ],
        "desk_phone_kpxrpb_1": [
            [
                2.7277285194396974,
                -1.1194034254550933,
                0
            ]
        ],
        "shelf_owvfik_0": [
            0.3529031574726105,
            2.8230576515197754,
            1.702591061592102
        ],
        "loudspeaker_bmpdyv_0": [
            -1.6220742464065552,
            -0.3770962655544281,
            4.5745320320129395
        ],
        "coffee_table_fqluyq_0": [
            0.04682942107319832,
            2.085413694381714,
            4.694533824920654
        ]
    },
    "ontop": {
        "desk_phone_kpxrpb_1": {
            "coffee_table_fqluyq_0": [
                [
                    0.2320161908864975,
                    0.7478625774383545,
                    0.4297392666339874
                ],
                [
                    -0.00027566286735236645,
                    0.003160283202305436,
                    -0.2696765959262848,
                    0.9629457592964172
                ]
            ]
        }
    },
    "inside": {}
}