{
    "nextto": {
        "pedestal_table_oqclwq_1": [
            [
                -0.6369784951210022,
                -2.8405961203575134,
                0
            ]
        ],
        "club_sandwich_ablfyd_1": [
            [
                -0.6369784951210022,
                -2.8405961203575134,
                0
            ]
        ],
        "cooler_pnkiag_1": [
            0.2254849076271057,
            -1.060957670211792,
            1.4317258596420288
        ]
    },
    "ontop": {},
    "inside": {
        "club_sandwich_ablfyd_1": {
            "cooler_pnkiag_1": [
                [
                    0.2772628664970398,
                    -0.05075390264391899,
                    0.13557825982570648
                ],
                [
                    -0.0047750454396009445,
                    0.0007302494486793876,
                    -0.12495819479227066,
                    0.9921503067016602
                ]
            ]
        }
    }
}