{
    "nextto": {
        "bench_nokayw_1": [
            [
                -2.003903970718384,
                -3.6585650968551637,
                0
            ]
        ],
        "backpack_gvbiwl_1": [
            [
                -2.003903970718384,
                -3.6585650968551637,
                0
            ]
        ],
        "pedestal_table_oqclwq_1": [
            [
                -0.6369784951210022,
                -2.8405961203575134,
                0
            ]
        ],
        "mango_phdamg_1": [
            [
                -0.6369784951210022,
                -2.8405961203575134,
                0
            ]
        ],
        "cooler_pnkiag_1": [
            -0.7934865951538086,
            0.04738238453865051,
            3.880622386932373
        ]
    },
    "ontop": {
        "backpack_gvbiwl_1": {
            "pedestal_table_oqclwq_1": [
                [
                    0.2021910846233368,
                    -2.6454408168792725,
                    0.677941083908081
                ],
                [
                    -0.1837550550699234,
                    -0.508400022983551,
                    -0.2855149209499359,
                    0.7913562655448914
                ]
            ]
        }
    },
    "inside": {
        "mango_phdamg_1": {
            "cooler_pnkiag_1": [
                [
                    0.07414262741804123,
                    -0.02483195997774601,
                    0.13321435451507568
                ],
                [
                    -0.2985469400882721,
                    -0.19960026443004608,
                    -0.03638127073645592,
                    0.9325802326202393
                ]
            ]
        }
    }
}