{
    "nextto": {
        "countertop_tpuwys_0": [
            [
                -0.6369784951210022,
                -2.8405961203575134,
                0
            ]
        ],
        "lasagna_eovigz_1": [
            [
                -0.6369784951210022,
                -2.8405961203575134,
                0
            ]
        ],
        "oven_wuinhm_0": [
            2.004286050796509,
            -2.575270652770996,
            4.493255615234375
        ],
        "room_light_htznln_1": [
            -0.9725034236907959,
            2.585408926010132,
            6.012692928314209
        ]
    },
    "ontop": {},
    "inside": {
        "lasagna_eovigz_1": {
            "oven_wuinhm_0": [
                [
                    1.0727038383483887,
                    -2.8469326496124268,
                    0.7651304006576538
                ],
                [
                    -0.01189112663269043,
                    -0.019770625978708267,
                    -0.007795416284352541,
                    0.9997035264968872
                ]
            ]
        }
    }
}