{
    "nextto": {
        "backpack_gvbiwl_1": [
            [
                1.9904525756835938,
                -1.1970114195346833,
                0
            ]
        ],
        "desk_cnewsu_1": [
            [
                1.9904525756835938,
                -1.6238553869724275,
                0
            ]
        ],
        "test_tube_apybok_1": [
            [
                1.9904525756835938,
                -1.6238553869724275,
                0
            ]
        ]
    },
    "ontop": {},
    "inside": {
        "test_tube_apybok_1": {
            "backpack_gvbiwl_1": [
                [
                    2.652945041656494,
                    -1.608123540878296,
                    0.06165836378931999
                ],
                [
                    0.022697145119309425,
                    0.48380333185195923,
                    0.1207655668258667,
                    0.8665071725845337
                ]
            ]
        }
    }
}