{
    "nextto": {
        "reception_desk_kjmhgc_1": [
            0.47650936245918274,
            0.556175708770752,
            4.958758354187012
        ],
        "shiitake_iwrtus_1": [
            0.47650936245918274,
            0.556175708770752,
            4.958758354187012
        ],
        "oven_wuinhm_0": [
            -1.3405418395996094,
            1.8003445863723755,
            4.433924198150635
        ]
    },
    "ontop": {},
    "inside": {
        "shiitake_iwrtus_1": {
            "oven_wuinhm_0": [
                [
                    -1.6841965913772583,
                    2.16361141204834,
                    0.6773870587348938
                ],
                [
                    0.050859592854976654,
                    0.07346578687429428,
                    -0.0030593685805797577,
                    0.995995283126831
                ]
            ]
        }
    }
}