{
    "nextto": {
        "reception_desk_kjmhgc_1": [
            0.3142543435096741,
            -1.9086322784423828,
            4.936100006103516
        ],
        "dumpling_upqcop_1": [
            0.3142543435096741,
            -1.9086322784423828,
            4.936100006103516
        ],
        "microwave_abzvij_0": [
            -2.557522773742676,
            2.2746243476867676,
            0.34399962425231934
        ],
        "breakfast_table_skczfi_1": [
            -1.618162989616394,
            -3.583404541015625,
            5.585458278656006
        ]
    },
    "ontop": {
        "dumpling_upqcop_1": {
            "breakfast_table_skczfi_1": [
                [
                    0.40597277879714966,
                    -3.6876606941223145,
                    0.7696676850318909
                ],
                [
                    -0.001882733777165413,
                    0.002947079949080944,
                    -0.004769768565893173,
                    0.9999825358390808
                ]
            ]
        }
    },
    "inside": {
        "dumpling_upqcop_1": {
            "microwave_abzvij_0": [
                [
                    -1.663243293762207,
                    3.1968026161193848,
                    1.3931678533554077
                ],
                [
                    -0.028205618262290955,
                    0.01850220561027527,
                    -0.0178717989474535,
                    0.9992711544036865
                ]
            ]
        }
    }
}