{
    "nextto": {
        "mailbox_bktljr_1": [
            [
                0.7494279980659485,
                2.882260000705719,
                0
            ]
        ],
        "cooler_pnkiag_1": [
            [
                -0.954667444229126,
                2.231806182861328,
                0
            ]
        ],
        "liquid_carton_ykfkyq_1": [
            -0.1427052617073059,
            0.08417531102895737,
            0.36504173278808594
        ]
    },
    "ontop": {},
    "inside": {
        "liquid_carton_ykfkyq_1": {
            "cooler_pnkiag_1": [
                [
                    0.1168552115559578,
                    2.441803216934204,
                    0.23234900832176208
                ],
                [
                    0.013931512832641602,
                    0.004778742324560881,
                    -0.011129278689622879,
                    0.9998295307159424
                ]
            ]
        }
    }
}