{
    "nextto": {
        "breakfast_table_skczfi_1": [
            [
                -1.2356210047006606,
                -3.271000995635986,
                0
            ]
        ],
        "cinnamon_roll_xjlptd_1": [
            [
                -1.2356210047006606,
                -3.271000995635986,
                0
            ]
        ],
        "cooler_pnkiag_1": [
            [
                -0.954667444229126,
                2.231806182861328,
                0
            ]
        ]
    },
    "ontop": {},
    "inside": {
        "cinnamon_roll_xjlptd_1": {
            "cooler_pnkiag_1": [
                [
                    0.35701510310173035,
                    2.417304754257202,
                    0.1229327991604805
                ],
                [
                    -0.09639408439397812,
                    0.32999977469444275,
                    0.019681677222251892,
                    0.9388402104377747
                ]
            ]
        }
    }
}