{
    "nextto": {
        "coffee_table_fqluyq_0": [
            [
                -1.1552250009775162,
                -0.055160846710205075,
                0
            ]
        ],
        "space_heater_kxzqpr_1": [
            [
                -1.1552250009775162,
                -0.055160846710205075,
                0
            ]
        ],
        "bathtub_gulceo_1": [
            -0.2265203893184662,
            -0.42855358123779297,
            4.988467216491699
        ]
    },
    "ontop": {
        "space_heater_kxzqpr_1": {
            "floors_avvnuv_0": [
                [
                    -2.797780990600586,
                    2.229846477508545,
                    0.16597838699817657
                ],
                [
                    -0.0013539476785808802,
                    -0.0019415183924138546,
                    -0.03542756661772728,
                    0.9993693828582764
                ]
            ]
        }
    },
    "inside": {}
}