{
    "nextto": {
        "console_table_tzkfqa_1": [
            [
                0.13111105859279645,
                1.0703832054138187,
                0
            ]
        ],
        "coffee_cup_ckkwmj_1": [
            [
                -1.717997027039528,
                0.5076111793518069,
                0
            ]
        ],
        "coffee_maker_fwlabx_1": [
            [
                -0.283541498184204,
                2.231806182861328,
                0
            ]
        ]
    },
    "ontop": {},
    "inside": {
        "coffee_cup_ckkwmj_1": {
            "coffee_maker_fwlabx_1": [
                [
                    -0.7036213278770447,
                    2.576298475265503,
                    0.3028973937034607
                ],
                [
                    -0.12271811068058014,
                    0.02943527325987816,
                    0.0063696615397930145,
                    0.991984486579895
                ]
            ]
        }
    }
}