{
    "nextto": {
        "electric_kettle_hkdsla_1": [
            [
                -0.954667444229126,
                2.231806182861328,
                0
            ]
        ],
        "reception_desk_kjmhgc_1": [
            -1.2816739082336426,
            -0.6724522709846497,
            5.530461311340332
        ],
        "tea_bag_kmvcrb_1": [
            -1.2816739082336426,
            -0.6724522709846497,
            5.530461311340332
        ]
    },
    "ontop": {},
    "inside": {
        "tea_bag_kmvcrb_1": {
            "electric_kettle_hkdsla_1": [
                [
                    -0.4913192689418793,
                    1.568408489227295,
                    1.159576416015625
                ],
                [
                    0.006999041419476271,
                    0.018209094181656837,
                    -0.0014190644724294543,
                    0.9998086094856262
                ]
            ]
        }
    }
}