{
    "nextto": {
        "breakfast_table_skczfi_1": [
            [
                -1.2356210047006606,
                -3.271000995635986,
                0
            ]
        ],
        "mixing_bowl_deudkt_1": [
            [
                -1.2356210047006606,
                -3.271000995635986,
                0
            ]
        ],
        "reception_desk_kjmhgc_1": [
            -1.3460476398468018,
            -1.154604196548462,
            5.638166904449463
        ],
        "broccoli_wsxavx_1": [
            -1.3460476398468018,
            -1.154604196548462,
            5.638166904449463
        ],
        "stove_kfhkqp_1": [
            1.455857276916504,
            -4.0993266105651855,
            3.5300092697143555
        ]
    },
    "ontop": {
        "broccoli_wsxavx_1": {
            "stove_kfhkqp_1": [
                [
                    -0.29167404770851135,
                    -3.6836459636688232,
                    0.7754105925559998
                ],
                [
                    -0.04891781136393547,
                    -0.5642406344413757,
                    -0.2921421527862549,
                    0.7706441283226013
                ]
            ]
        }
    },
    "inside": {
        "broccoli_wsxavx_1": {
            "mixing_bowl_deudkt_1": [
                [
                    -0.29167404770851135,
                    -3.6836459636688232,
                    0.7754105925559998
                ],
                [
                    -0.04891781136393547,
                    -0.5642406344413757,
                    -0.2921421527862549,
                    0.7706441283226013
                ]
            ]
        }
    }
}