{
    "nextto": {
        "bed_zrumze_0": [
            [
                -3.728949105739593,
                0.6279153805971144,
                1.5707963267948966
            ]
        ],
        "toy_box_pmhcse_1": [
            [
                -3.728949105739593,
                0.6279153805971144,
                1.5707963267948966
            ]
        ],
        "radiator_lnvush_1": [
            [
                -1.1552250009775162,
                -0.055160846710205075,
                0
            ]
        ],
        "coffee_table_fqluyq_0": [
            -0.41691142320632935,
            -2.5680854320526123,
            1.981776237487793
        ]
    },
    "ontop": {
        "toy_box_pmhcse_1": {
            "coffee_table_fqluyq_0": [
                [
                    -0.4892929196357727,
                    -1.2059167623519897,
                    0.4504339396953583
                ],
                [
                    0.0008214795961976051,
                    -0.0007477545295841992,
                    -0.1800675392150879,
                    0.9836536049842834
                ]
            ]
        }
    },
    "inside": {}
}