{
    "nextto": {
        "cheesecake_epmobi_1": [
            [
                -0.08615151405334473,
                2.192328186035156,
                1.5707963267948966
            ]
        ],
        "tray_uekqey_1": [
            [
                -0.323019495010376,
                2.231806182861328,
                0
            ]
        ],
        "cooler_pnkiag_1": [
            [
                -0.954667444229126,
                2.4686741638183594,
                0
            ]
        ],
        "reception_desk_kjmhgc_1": [
            2.4229769706726074,
            -0.49476608633995056,
            3.9164862632751465
        ],
        "coffee_table_fqluyq_0": [
            0.8159769773483276,
            -2.3740992546081543,
            5.643565654754639
        ]
    },
    "ontop": {
        "tray_uekqey_1": {
            "coffee_table_fqluyq_0": [
                [
                    -0.2986942231655121,
                    -2.2972564697265625,
                    0.4098670184612274
                ],
                [
                    0.006524919997900724,
                    0.005954352673143148,
                    -0.6304172277450562,
                    0.7762063145637512
                ]
            ]
        }
    },
    "inside": {
        "cheesecake_epmobi_1": {
            "cooler_pnkiag_1": [
                [
                    -0.42241525650024414,
                    2.2482848167419434,
                    0.11844125390052795
                ],
                [
                    0.00316784530878067,
                    -0.0009794612415134907,
                    -0.025542212650179863,
                    0.999668300151825
                ]
            ]
        }
    }
}