{
    "nextto": {
        "urinal_pfzmpd_1": [
            [
                -2.6812406253814696,
                2.4528351092338565,
                0
            ]
        ],
        "mop_bucket_xjzyfc_1": [
            0.7818900346755981,
            -3.4302284717559814,
            0.7972910404205322
        ],
        "water_cooler_essxzr_1": [
            -0.1409524530172348,
            -2.4737260341644287,
            5.352376937866211
        ]
    },
    "ontop": {},
    "inside": {}
}