{
    "nextto": {
        "coffee_table_fqluyq_0": [
            [
                -1.3160170084238052,
                0.10563116073608456,
                0
            ]
        ],
        "security_camera_tiscsa_1": [
            [
                -1.3160170084238052,
                0.10563116073608456,
                0
            ]
        ],
        "loudspeaker_bmpdyv_0": [
            0.94014972448349,
            -1.9217331409454346,
            4.851383209228516
        ]
    },
    "ontop": {
        "security_camera_tiscsa_1": {
            "coffee_table_fqluyq_0": [
                [
                    -0.3964436650276184,
                    -1.1092987060546875,
                    0.44848597049713135
                ],
                [
                    -0.05684318020939827,
                    -0.024948908016085625,
                    -0.060468826442956924,
                    0.9962378740310669
                ]
            ]
        }
    },
    "inside": {}
}