{
    "nextto": {
        "reception_desk_kjmhgc_1": [
            [
                -8.09691138267517,
                7.922380323410033,
                0
            ]
        ],
        "dumpling_upqcop_1": [
            [
                -8.09691138267517,
                8.690881624221802,
                0
            ]
        ],
        "oven_fexqbj_1": [
            -3.618354320526123,
            7.512531757354736,
            4.7845072746276855
        ],
        "breakfast_table_zypvuv_0": [
            -1.0781433582305908,
            8.077580451965332,
            1.656890630722046
        ]
    },
    "ontop": {
        "dumpling_upqcop_1": {
            "breakfast_table_zypvuv_0": [
                [
                    -2.115083932876587,
                    6.929224014282227,
                    0.7744220495223999
                ],
                [
                    -0.0019557399209588766,
                    0.0029461069498211145,
                    -0.0010416331933811307,
                    0.9999932050704956
                ]
            ]
        }
    },
    "inside": {
        "dumpling_upqcop_1": {
            "oven_fexqbj_1": [
                [
                    -4.231368064880371,
                    6.781612873077393,
                    0.8959291577339172
                ],
                [
                    -0.001845726976171136,
                    -0.009788662195205688,
                    -0.003294403897598386,
                    0.9999449253082275
                ]
            ]
        }
    }
}