{
    "nextto": {
        "reception_desk_kjmhgc_1": [
            [
                3.809265365600586,
                9.378750801086426,
                0
            ]
        ],
        "apple_pie_rpdhbr_1": [
            [
                4.945665512084961,
                9.378750801086426,
                0
            ]
        ],
        "stove_igwqpj_0": [
            6.1146240234375,
            10.499590873718262,
            5.355395317077637
        ],
        "breakfast_table_zypvuv_0": [
            2.876039505004883,
            6.129528045654297,
            3.8298535346984863
        ]
    },
    "ontop": {
        "apple_pie_rpdhbr_1": {
            "breakfast_table_zypvuv_0": [
                [
                    4.674455165863037,
                    6.799710750579834,
                    0.7561103105545044
                ],
                [
                    0.004376659169793129,
                    0.006372665520757437,
                    -0.06528431922197342,
                    0.997836709022522
                ]
            ],
            "stove_igwqpj_0": [
                [
                    4.674455165863037,
                    6.799710750579834,
                    0.7561103105545044
                ],
                [
                    0.004376659169793129,
                    0.006372665520757437,
                    -0.06528431922197342,
                    0.997836709022522
                ]
            ]
        }
    },
    "inside": {}
}