{
    "nextto": {
        "shelf_iwziew_1": [
            [
                -3.3016903257369994,
                4.325263967514038,
                0
            ]
        ],
        "dried_apricot_fasedf_1": [
            [
                -3.5741623640060425,
                4.325263967514038,
                0
            ]
        ],
        "cooler_pnkiag_1": [
            [
                -5.791407480239869,
                5.726662321090698,
                0
            ]
        ]
    },
    "ontop": {},
    "inside": {
        "dried_apricot_fasedf_1": {
            "cooler_pnkiag_1": [
                [
                    -4.123310089111328,
                    5.8583903312683105,
                    0.13545933365821838
                ],
                [
                    0.013395620509982109,
                    -0.0034160041250288486,
                    -0.08863400667905807,
                    0.9959682822227478
                ]
            ]
        }
    }
}