{
    "nextto": {
        "cooler_pnkiag_1": [
            [
                3.33576530456543,
                11.367451057434083,
                0
            ]
        ],
        "tenderloin_gbyqap_1": [
            [
                3.33576530456543,
                11.367451057434083,
                0
            ]
        ],
        "coffee_maker_fwlabx_1": [
            [
                5.977463006973267,
                8.095351552963258,
                0
            ]
        ],
        "oven_fexqbj_1": [
            3.7656209468841553,
            9.326311111450195,
            0.3916590213775635
        ]
    },
    "ontop": {},
    "inside": {
        "tenderloin_gbyqap_1": {
            "oven_fexqbj_1": [
                [
                    4.042150497436523,
                    8.664589881896973,
                    0.8811259865760803
                ],
                [
                    -0.01666755974292755,
                    0.013759985566139221,
                    -0.01578301191329956,
                    0.9996417164802551
                ]
            ],
            "coffee_maker_fwlabx_1": [
                [
                    5.332656383514404,
                    6.659849166870117,
                    1.043355941772461
                ],
                [
                    0.45049989223480225,
                    0.4722406268119812,
                    0.53378826379776,
                    0.5376882553100586
                ]
            ]
        }
    }
}