{
    "nextto": {
        "reception_desk_kjmhgc_1": [
            [
                3.7145653533935548,
                11.367451057434083,
                0
            ]
        ],
        "mango_phdamg_1": [
            [
                4.188065414428712,
                11.367451057434083,
                0
            ]
        ],
        "shelf_owvfik_0": [
            [
                2.7675652313232426,
                9.946950874328614,
                0
            ]
        ],
        "tupperware_mkstwr_1": [
            [
                2.7675652313232426,
                9.946950874328614,
                0
            ]
        ],
        "stove_igwqpj_0": [
            6.203580379486084,
            11.333977699279785,
            0.22860026359558105
        ]
    },
    "ontop": {
        "mango_phdamg_1": {
            "stove_igwqpj_0": [
                [
                    4.441504001617432,
                    10.388093948364258,
                    0.9659338593482971
                ],
                [
                    -0.25442981719970703,
                    -0.13724173605442047,
                    -0.13752485811710358,
                    0.9473738074302673
                ]
            ]
        }
    },
    "inside": {
        "mango_phdamg_1": {
            "tupperware_mkstwr_1": [
                [
                    4.441504001617432,
                    10.388093948364258,
                    0.9659338593482971
                ],
                [
                    -0.25442981719970703,
                    -0.13724173605442047,
                    -0.13752485811710358,
                    0.9473738074302673
                ]
            ]
        }
    }
}