{
    "nextto": {
        "reception_desk_kjmhgc_1": [
            [
                -6.120765180587769,
                6.056020021438599,
                0
            ]
        ],
        "apple_agveuv_1": [
            [
                -6.010979280471802,
                6.056020021438599,
                0
            ]
        ],
        "cooler_pnkiag_1": [
            [
                8.923282413482667,
                -2.237221736907959,
                1.5707963267948966
            ]
        ]
    },
    "ontop": {},
    "inside": {
        "apple_agveuv_1": {
            "cooler_pnkiag_1": [
                [
                    9.886558532714844,
                    -0.8504900336265564,
                    0.165621817111969
                ],
                [
                    -0.42431962490081787,
                    -0.3823336958885193,
                    -0.07146228104829788,
                    0.8177206516265869
                ]
            ]
        }
    }
}