{
    "nextto": {
        "reception_desk_kjmhgc_1": [
            [
                4.377465438842774,
                11.367451057434083,
                0
            ]
        ],
        "chili_xhbpqh_1": [
            [
                4.756265487670898,
                11.367451057434083,
                0
            ]
        ],
        "toaster_kjwqav_1": [
            [
                1.6311650848388672,
                11.651551094055176,
                0
            ]
        ],
        "breakfast_table_zypvuv_0": [
            2.2893428802490234,
            5.968616962432861,
            0.9888038635253906
        ]
    },
    "ontop": {
        "chili_xhbpqh_1": {
            "breakfast_table_zypvuv_0": [
                [
                    5.186558723449707,
                    6.790349006652832,
                    0.7404144406318665
                ],
                [
                    0.7661744356155396,
                    0.026930416002869606,
                    0.019859518855810165,
                    0.6417607665061951
                ]
            ]
        }
    },
    "inside": {
        "chili_xhbpqh_1": {
            "toaster_kjwqav_1": [
                [
                    1.9743415117263794,
                    11.1882963180542,
                    0.8125496506690979
                ],
                [
                    -0.3847179710865021,
                    0.09058387577533722,
                    0.008731713518500328,
                    0.9185370802879333
                ]
            ]
        }
    }
}