{
    "nextto": {
        "countertop_tpuwys_7": [
            [
                -7.767553682327271,
                7.3734508228302005,
                0
            ]
        ],
        "beefsteak_tomato_eevvzv_1": [
            [
                -7.767553682327271,
                7.3734508228302005,
                0
            ]
        ],
        "oven_fexqbj_1": [
            -4.303129196166992,
            7.787885665893555,
            3.6548478603363037
        ],
        "breakfast_table_zypvuv_0": [
            -0.9459147453308105,
            7.2536845207214355,
            2.227360486984253
        ]
    },
    "ontop": {
        "beefsteak_tomato_eevvzv_1": {
            "breakfast_table_zypvuv_0": [
                [
                    -2.4065892696380615,
                    7.6907548904418945,
                    0.7783783674240112
                ],
                [
                    -0.2065095752477646,
                    0.03939700871706009,
                    -0.030881088227033615,
                    0.9771632552146912
                ]
            ]
        }
    },
    "inside": {
        "beefsteak_tomato_eevvzv_1": {
            "oven_fexqbj_1": [
                [
                    -4.452059745788574,
                    6.640816688537598,
                    1.1042954921722412
                ],
                [
                    -0.2074267864227295,
                    0.033844053745269775,
                    -0.004758549388498068,
                    0.977653443813324
                ]
            ]
        }
    }
}