{
    "nextto": {
        "reception_desk_kjmhgc_1": [
            [
                -8.09691138267517,
                8.032166223526001,
                0
            ]
        ],
        "butter_cookie_kukrla_1": [
            [
                -7.767553682327271,
                9.130025224685669,
                0
            ]
        ],
        "breakfast_table_zypvuv_0": [
            [
                -2.4249361848831175,
                9.139131121635437,
                0
            ]
        ],
        "plate_qtfzeq_1": [
            [
                -2.4249361848831175,
                9.139131121635437,
                0
            ]
        ],
        "oven_fexqbj_1": [
            -4.920109748840332,
            7.611190319061279,
            0.17973756790161133
        ]
    },
    "ontop": {
        "butter_cookie_kukrla_1": {
            "plate_qtfzeq_1": [
                [
                    -1.525961995124817,
                    7.634958744049072,
                    0.5353527665138245
                ],
                [
                    -0.049697987735271454,
                    -0.02011829987168312,
                    -0.004640675149857998,
                    0.9985508918762207
                ]
            ]
        }
    },
    "inside": {
        "butter_cookie_kukrla_1": {
            "oven_fexqbj_1": [
                [
                    -4.458044528961182,
                    6.981272220611572,
                    1.0923717021942139
                ],
                [
                    0.00047350424574688077,
                    0.0005502108833752573,
                    -0.0036169858649373055,
                    0.9999931454658508
                ]
            ]
        }
    }
}