{
    "nextto": {
        "reception_desk_kjmhgc_1": [
            [
                -8.09691138267517,
                8.032166223526001,
                0
            ]
        ],
        "burrito_mqjwjq_1": [
            [
                -7.6577677822113035,
                9.239811124801635,
                0
            ]
        ],
        "oven_fexqbj_1": [
            -5.1692986488342285,
            7.021790027618408,
            4.867884635925293
        ],
        "breakfast_table_zypvuv_0": [
            -2.6315503120422363,
            5.317807197570801,
            0.536313533782959
        ]
    },
    "ontop": {
        "burrito_mqjwjq_1": {
            "breakfast_table_zypvuv_0": [
                [
                    -2.119893789291382,
                    6.565783977508545,
                    0.7796092629432678
                ],
                [
                    -0.038022495806217194,
                    0.0008691368857398629,
                    -0.0061602904461324215,
                    0.9992574453353882
                ]
            ]
        }
    },
    "inside": {
        "burrito_mqjwjq_1": {
            "oven_fexqbj_1": [
                [
                    -4.3422746658325195,
                    6.911285400390625,
                    0.8991113305091858
                ],
                [
                    -0.02340845577418804,
                    -0.007394664920866489,
                    -0.005904238671064377,
                    0.9996811151504517
                ]
            ]
        }
    }
}