{
    "nextto": {
        "breakfast_table_zypvuv_0": [
            [
                -2.603136200904846,
                9.139131121635437,
                0
            ]
        ],
        "pear_vjqkwh_1": [
            [
                -2.603136200904846,
                9.139131121635437,
                0
            ]
        ],
        "countertop_tpuwys_7": [
            [
                -8.09691138267517,
                6.934307222366333,
                0
            ]
        ],
        "mixing_bowl_deudkt_1": [
            [
                -8.09691138267517,
                6.934307222366333,
                0
            ]
        ],
        "cooler_pnkiag_1": [
            [
                -5.681621580123902,
                5.726662321090698,
                0
            ]
        ]
    },
    "ontop": {
        "mixing_bowl_deudkt_1": {
            "breakfast_table_zypvuv_0": [
                [
                    -2.1827385425567627,
                    7.669405937194824,
                    0.8153347969055176
                ],
                [
                    -6.199418567121029e-05,
                    -3.161345375701785e-06,
                    -0.10980865359306335,
                    0.9939528107643127
                ]
            ]
        }
    },
    "inside": {
        "pear_vjqkwh_1": {
            "cooler_pnkiag_1": [
                [
                    -3.8102712631225586,
                    5.891244411468506,
                    0.3776838481426239
                ],
                [
                    0.11718825995922089,
                    -0.2919793725013733,
                    -0.1397591233253479,
                    0.9388728737831116
                ]
            ]
        }
    }
}