{
    "nextto": {
        "reception_desk_kjmhgc_1": [
            [
                2.1993651580810547,
                12.125051155090333,
                0
            ]
        ],
        "muffin_upcxno_1": [
            [
                2.7675652313232426,
                11.651551094055176,
                0
            ]
        ],
        "platter_ekjpdj_1": [
            [
                5.977463006973267,
                8.095351552963258,
                0
            ]
        ],
        "oven_fexqbj_1": [
            4.461648464202881,
            8.000215530395508,
            5.478384017944336
        ]
    },
    "ontop": {
        "muffin_upcxno_1": {
            "platter_ekjpdj_1": [
                [
                    5.448812961578369,
                    6.635468006134033,
                    0.7733920812606812
                ],
                [
                    -0.0014914167113602161,
                    -0.0011887808796018362,
                    0.9815803170204163,
                    0.19104036688804626
                ]
            ]
        }
    },
    "inside": {
        "muffin_upcxno_1": {
            "oven_fexqbj_1": [
                [
                    4.212962627410889,
                    8.651998519897461,
                    1.0820211172103882
                ],
                [
                    -6.130989640951157e-05,
                    -0.0001936682965606451,
                    -0.02150224708020687,
                    0.9997687935829163
                ]
            ]
        }
    }
}