{
    "nextto": {
        "countertop_tpuwys_7": [
            [
                3.33576530456543,
                11.367451057434083,
                0
            ]
        ],
        "orange_nlygru_1": [
            [
                3.33576530456543,
                11.367451057434083,
                0
            ]
        ],
        "oven_fexqbj_1": [
            4.05135440826416,
            9.188995361328125,
            2.185961961746216
        ]
    },
    "ontop": {},
    "inside": {
        "orange_nlygru_1": {
            "oven_fexqbj_1": [
                [
                    4.048155307769775,
                    8.54162311553955,
                    1.1050467491149902
                ],
                [
                    0.1900240033864975,
                    0.387435644865036,
                    0.007753405719995499,
                    0.902066707611084
                ]
            ]
        }
    }
}