{
    "nextto": {
        "coffee_table_qlmqyy_1": [
            [
                -7.176866044998169,
                -1.402210805416107,
                0
            ]
        ],
        "desk_phone_kpxrpb_1": [
            [
                -7.176866044998169,
                -1.402210805416107,
                0
            ]
        ],
        "desk_cnewsu_1": [
            [
                10.815859689712523,
                0.15084942340850824,
                0
            ]
        ]
    },
    "ontop": {
        "desk_phone_kpxrpb_1": {
            "desk_cnewsu_1": [
                [
                    12.562784194946289,
                    0.6116346716880798,
                    0.7346607446670532
                ],
                [
                    -0.0002900640247389674,
                    0.0005621900199912488,
                    -0.2001364380121231,
                    0.979767918586731
                ]
            ]
        }
    },
    "inside": {}
}