{
    "nextto": {
        "shelf_iwziew_1": [
            [
                -4.414284482002258,
                4.325263967514038,
                0
            ]
        ],
        "vase_kjeudr_1": [
            [
                -4.414284482002258,
                4.325263967514038,
                0
            ]
        ],
        "spotlight_xwotqa_1": [
            -0.05383867025375366,
            0.9492650628089905,
            5.368706703186035
        ],
        "coffee_table_gpkbiw_0": [
            -1.7213164567947388,
            1.4375691413879395,
            5.373383522033691
        ]
    },
    "ontop": {
        "vase_kjeudr_1": {
            "coffee_table_gpkbiw_0": [
                [
                    -1.9617884159088135,
                    0.21817021071910858,
                    0.46670252084732056
                ],
                [
                    0.00014070526231080294,
                    -0.0003599068149924278,
                    -0.02378913015127182,
                    0.9997169375419617
                ]
            ]
        }
    },
    "inside": {}
}