{
    "nextto": {
        "coffee_table_gpkbiw_0": [
            [
                -4.303584704399109,
                5.830198950767517,
                0
            ]
        ],
        "router_tokdic_1": [
            [
                -4.303584704399109,
                5.830198950767517,
                0
            ]
        ],
        "desk_cnewsu_1": [
            [
                -4.417449214458466,
                -4.937749850749969,
                0
            ]
        ],
        "desktop_computer_tbtham_1": [
            [
                -4.0979492211341855,
                -4.937749850749969,
                0
            ]
        ]
    },
    "ontop": {
        "router_tokdic_1": {
            "desk_cnewsu_1": [
                [
                    -3.046902894973755,
                    -6.286755084991455,
                    0.7492288947105408
                ],
                [
                    -4.8459041863679886e-05,
                    -0.0023029816802591085,
                    -0.029643837362527847,
                    0.9995578527450562
                ]
            ]
        }
    },
    "inside": {}
}