{
    "nextto": {
        "reception_desk_kjmhgc_1": [
            [
                4.5668654632568355,
                11.367451057434083,
                0
            ]
        ],
        "fillet_fqhuey_1": [
            [
                4.756265487670898,
                11.367451057434083,
                0
            ]
        ],
        "pedestal_table_oqclwq_1": [
            [
                1.6311650848388672,
                11.651551094055176,
                0
            ]
        ],
        "cinnamon_roll_xjlptd_1": [
            [
                1.6311650848388672,
                11.651551094055176,
                1.5707963267948966
            ]
        ],
        "cooler_pnkiag_1": [
            [
                -4.3857990026474,
                -4.050800156593323,
                0
            ]
        ],
        "stove_igwqpj_0": [
            6.473672866821289,
            10.780085563659668,
            3.7449216842651367
        ]
    },
    "ontop": {
        "fillet_fqhuey_1": {
            "stove_igwqpj_0": [
                [
                    -3.5346624851226807,
                    -4.331840515136719,
                    0.12388657033443451
                ],
                [
                    -0.081582210958004,
                    0.28715959191322327,
                    0.013785322196781635,
                    0.9543027877807617
                ]
            ]
        }
    },
    "inside": {
        "cinnamon_roll_xjlptd_1": {
            "cooler_pnkiag_1": [
                [
                    -3.6595568656921387,
                    -4.721609115600586,
                    0.11874215304851532
                ],
                [
                    -0.21822446584701538,
                    0.7118335366249084,
                    0.18257947266101837,
                    0.6421338319778442
                ]
            ]
        }
    }
}