{
    "nextto": {
        "reception_desk_kjmhgc_1": [
            [
                3.7145653533935548,
                11.367451057434083,
                0
            ]
        ],
        "casserole_ncbsee_1": [
            [
                4.377465438842774,
                11.367451057434083,
                0
            ]
        ],
        "pressure_cooker_otyngn_1": [
            [
                4.282765426635742,
                11.462151069641113,
                0
            ]
        ],
        "breakfast_table_zypvuv_0": [
            6.23724889755249,
            7.170571804046631,
            0.003651142120361328
        ]
    },
    "ontop": {
        "casserole_ncbsee_1": {
            "breakfast_table_zypvuv_0": [
                [
                    4.453594207763672,
                    6.927412509918213,
                    0.7884761095046997
                ],
                [
                    0.00029346582596190274,
                    -0.00021079499856568873,
                    -0.010604624636471272,
                    0.9999436736106873
                ]
            ]
        }
    },
    "inside": {
        "casserole_ncbsee_1": {
            "pressure_cooker_otyngn_1": [
                [
                    4.453594207763672,
                    6.927412509918213,
                    0.7884761095046997
                ],
                [
                    0.00029346582596190274,
                    -0.00021079499856568873,
                    -0.010604624636471272,
                    0.9999436736106873
                ]
            ]
        }
    }
}