{
    "nextto": {
        "reception_desk_kjmhgc_1": [
            [
                -8.09691138267517,
                8.032166223526001,
                0
            ]
        ],
        "strawberry_ntxofi_1": [
            [
                -7.108838281631471,
                8.690881624221802,
                0
            ]
        ],
        "stove_igwqpj_0": [
            -6.175703525543213,
            9.850300788879395,
            4.217191219329834
        ],
        "breakfast_table_zypvuv_0": [
            -0.9796531200408936,
            8.524234771728516,
            4.333408355712891
        ]
    },
    "ontop": {
        "strawberry_ntxofi_1": {
            "breakfast_table_zypvuv_0": [
                [
                    -2.7472736835479736,
                    7.715379238128662,
                    0.7837068438529968
                ],
                [
                    -0.2541482448577881,
                    -0.8023486733436584,
                    -0.030708614736795425,
                    0.5391680598258972
                ]
            ],
            "stove_igwqpj_0": [
                [
                    -2.7472736835479736,
                    7.715379238128662,
                    0.7837068438529968
                ],
                [
                    -0.2541482448577881,
                    -0.8023486733436584,
                    -0.030708614736795425,
                    0.5391680598258972
                ]
            ]
        }
    },
    "inside": {}
}