{
    "nextto": {
        "countertop_tpuwys_7": [
            [
                -7.987125482559204,
                7.483236722946167,
                0
            ]
        ],
        "bagel_dough_iuembm_1": [
            [
                -7.987125482559204,
                7.483236722946167,
                0
            ]
        ],
        "pressure_cooker_otyngn_1": [
            [
                -8.09691138267517,
                7.2636649227142325,
                0
            ]
        ],
        "breakfast_table_zypvuv_0": [
            -2.0794129371643066,
            5.581000328063965,
            3.686595916748047
        ]
    },
    "ontop": {
        "bagel_dough_iuembm_1": {
            "breakfast_table_zypvuv_0": [
                [
                    -2.4793524742126465,
                    7.400728225708008,
                    0.81061190366745
                ],
                [
                    -0.00840955600142479,
                    0.0016715647652745247,
                    -0.08865275233983994,
                    0.9960257411003113
                ]
            ]
        }
    },
    "inside": {
        "bagel_dough_iuembm_1": {
            "pressure_cooker_otyngn_1": [
                [
                    -8.738435745239258,
                    8.840657234191895,
                    1.0695527791976929
                ],
                [
                    -0.005897869821637869,
                    0.00619314331561327,
                    -0.6176880598068237,
                    0.7863768339157104
                ]
            ]
        }
    }
}