{
    "nextto": {
        "toy_box_pmhcse_1": [
            [
                -3.997294845581054,
                0.1922965240478519,
                0
            ]
        ],
        "coffee_table_qlmqyy_2": [
            [
                -2.6172948455810543,
                -0.4977034759521485,
                0
            ]
        ],
        "wicker_basket_unasxd_1": [
            [
                -2.3872948455810543,
                -0.38270347595214826,
                0
            ]
        ],
        "shelf_iwziew_1": [
            [
                -1.1222948455810546,
                -4.522703475952148,
                0
            ]
        ],
        "treadmill_ackppx_1": [
            -2.7150399684906006,
            8.177262306213379,
            5.186624526977539
        ],
        "window_ulnafj_3": [
            -4.93549919128418,
            24.946474075317383,
            5.163611888885498
        ]
    },
    "ontop": {},
    "inside": {
        "toy_box_pmhcse_1": {
            "wicker_basket_unasxd_1": [
                [
                    -0.7418264150619507,
                    -0.005196789279580116,
                    0.590864896774292
                ],
                [
                    0.3013536036014557,
                    0.12738963961601257,
                    0.8660673499107361,
                    -0.37800151109695435
                ]
            ]
        }
    }
}