{
    "nextto": {
        "reception_desk_kjmhgc_1": [
            [
                -8.09691138267517,
                8.032166223526001,
                0
            ]
        ],
        "zucchini_udvfaz_1": [
            [
                -7.6577677822113035,
                9.020239324569701,
                0
            ]
        ],
        "oven_fexqbj_1": [
            -4.816357135772705,
            5.6964874267578125,
            0.7115318775177002
        ],
        "breakfast_table_zypvuv_0": [
            -1.4929416179656982,
            6.661263465881348,
            0.4427680969238281
        ]
    },
    "ontop": {
        "zucchini_udvfaz_1": {
            "breakfast_table_zypvuv_0": [
                [
                    -2.4032230377197266,
                    7.151988983154297,
                    0.7969039082527161
                ],
                [
                    0.5563247203826904,
                    -0.4537007510662079,
                    0.32398897409439087,
                    0.6161894798278809
                ]
            ]
        }
    },
    "inside": {
        "zucchini_udvfaz_1": {
            "oven_fexqbj_1": [
                [
                    -4.190986156463623,
                    7.155740737915039,
                    1.0968313217163086
                ],
                [
                    -0.061155471950769424,
                    0.04994966834783554,
                    0.23038098216056824,
                    0.9698915481567383
                ]
            ]
        }
    }
}