{
    "nextto": {
        "backpack_gvbiwl_1": [
            [
                -4.3857990026474,
                -4.8908000707626345,
                0
            ]
        ],
        "erlenmeyer_flask_iwwpsf_1": [
            [
                -4.3857990026474,
                -4.8908000707626345,
                0
            ]
        ],
        "coffee_table_gpkbiw_0": [
            -2.7774434089660645,
            5.7065348625183105,
            5.851519584655762
        ]
    },
    "ontop": {
        "erlenmeyer_flask_iwwpsf_1": {
            "coffee_table_gpkbiw_0": [
                [
                    -2.025386333465576,
                    6.432587146759033,
                    0.4705471098423004
                ],
                [
                    0.0014646414201706648,
                    -0.0061945924535393715,
                    -0.027920477092266083,
                    0.9995898008346558
                ]
            ]
        }
    },
    "inside": {}
}