{
    "nextto": {
        "breakfast_table_zypvuv_0": [
            [
                -2.4249361848831175,
                9.139131121635437,
                0
            ]
        ],
        "plate_qtfzeq_1": [
            [
                -2.4249361848831175,
                9.139131121635437,
                0
            ]
        ],
        "dishwasher_dngvvi_0": [
            -8.604761123657227,
            8.310091972351074,
            5.790975093841553
        ]
    },
    "ontop": {},
    "inside": {
        "plate_qtfzeq_1": {
            "dishwasher_dngvvi_0": [
                [
                    -8.631162643432617,
                    8.795169830322266,
                    0.23507489264011383
                ],
                [
                    0.012613879516720772,
                    0.000527532771229744,
                    -0.0664793998003006,
                    0.9977079629898071
                ]
            ]
        }
    }
}