{
    "nextto": {
        "reception_desk_kjmhgc_1": [
            [
                -6.120765180587769,
                6.056020021438599,
                0
            ]
        ],
        "lasagna_eovigz_1": [
            [
                -4.3641907787323,
                4.738589220046997,
                0
            ]
        ],
        "oven_fexqbj_1": [
            -3.3904409408569336,
            6.580442905426025,
            2.081594467163086
        ]
    },
    "ontop": {},
    "inside": {
        "lasagna_eovigz_1": {
            "oven_fexqbj_1": [
                [
                    -4.453347682952881,
                    7.073893070220947,
                    1.1019998788833618
                ],
                [
                    -0.009800276719033718,
                    4.492420703172684e-05,
                    -0.004455456044524908,
                    0.9999420046806335
                ]
            ]
        }
    }
}