{
    "nextto": {
        "desk_cnewsu_1": [
            [
                -2.6678948783874508,
                8.184495906829834,
                0
            ]
        ],
        "laptop_sngiih_1": [
            [
                -1.7984948921203612,
                8.184495906829834,
                0
            ]
        ],
        "desktop_computer_tbtham_1": [
            [
                -2.5712948799133297,
                8.184495906829834,
                0
            ]
        ],
        "alarm_clock_cvknrh_1": [
            [
                -3.730494861602783,
                12.531495838165284,
                0
            ]
        ],
        "table_lamp_xbfgjc_5": [
            -4.845961093902588,
            10.073375701904297,
            5.4685282707214355
        ],
        "window_ulnafj_5": [
            -5.624840259552002,
            -16.90041160583496,
            5.879782676696777
        ]
    },
    "ontop": {},
    "inside": {}
}