{
    "nextto": {
        "reception_desk_kjmhgc_1": [
            [
                4.5668654632568355,
                11.367451057434083,
                0
            ]
        ],
        "bread_slice_yedlgq_1": [
            [
                5.0403655242919925,
                11.367451057434083,
                0
            ]
        ],
        "breakfast_table_zypvuv_0": [
            [
                4.73006329536438,
                8.451751470565796,
                0
            ]
        ],
        "plate_qtfzeq_1": [
            [
                4.73006329536438,
                8.451751470565796,
                0
            ]
        ],
        "oven_fexqbj_1": [
            3.4543039798736572,
            9.764537811279297,
            5.410769939422607
        ]
    },
    "ontop": {
        "bread_slice_yedlgq_1": {
            "plate_qtfzeq_1": [
                [
                    5.378008842468262,
                    6.9524970054626465,
                    0.7531120777130127
                ],
                [
                    -0.019903238862752914,
                    0.03204100951552391,
                    0.5399678945541382,
                    0.8408400416374207
                ]
            ]
        }
    },
    "inside": {
        "bread_slice_yedlgq_1": {
            "oven_fexqbj_1": [
                [
                    4.145492076873779,
                    8.621545791625977,
                    0.8677021265029907
                ],
                [
                    -0.008986867032945156,
                    0.037752266973257065,
                    -0.030572330579161644,
                    0.9987789988517761
                ]
            ]
        }
    }
}