{
    "nextto": {
        "broccoli_wsxavx_1": [
            [
                0.40240475416183474,
                6.502797019481659,
                0
            ]
        ],
        "saucer_mgbeah_1": [
            [
                1.7001051402091985,
                6.848896827697755,
                0
            ]
        ],
        "electric_cauldron_qmdgct_1": [
            0.7149189710617065,
            -0.05524557828903198,
            0.5280725955963135
        ]
    },
    "ontop": {
        "broccoli_wsxavx_1": {
            "saucer_mgbeah_1": [
                [
                    3.1696712970733643,
                    7.509953498840332,
                    0.046371717005968094
                ],
                [
                    -0.21106183528900146,
                    0.9540520906448364,
                    -0.13999640941619873,
                    -0.16012006998062134
                ]
            ]
        }
    },
    "inside": {
        "broccoli_wsxavx_1": {
            "electric_cauldron_qmdgct_1": [
                [
                    0.3307185769081116,
                    0.21812115609645844,
                    0.28515860438346863
                ],
                [
                    -0.4500501751899719,
                    -0.763465404510498,
                    0.16942407190799713,
                    -0.4311273694038391
                ]
            ]
        }
    }
}