{
    "nextto": {
        "reception_desk_kjmhgc_1": [
            [
                -8.09691138267517,
                8.032166223526001,
                0
            ]
        ],
        "bread_slice_yedlgq_1": [
            [
                -7.438195981979371,
                9.45938292503357,
                0
            ]
        ],
        "oven_fexqbj_1": [
            -5.067093372344971,
            6.403276443481445,
            5.664483547210693
        ],
        "breakfast_table_zypvuv_0": [
            -2.3390426635742188,
            9.387080192565918,
            3.4200727939605713
        ]
    },
    "ontop": {
        "bread_slice_yedlgq_1": {
            "breakfast_table_zypvuv_0": [
                [
                    -2.294203758239746,
                    8.009954452514648,
                    0.7732610106468201
                ],
                [
                    0.0017829453572630882,
                    0.03788113594055176,
                    -0.0364760123193264,
                    0.9986146688461304
                ]
            ]
        }
    },
    "inside": {
        "bread_slice_yedlgq_1": {
            "oven_fexqbj_1": [
                [
                    -4.414709568023682,
                    6.981318950653076,
                    0.8921164274215698
                ],
                [
                    0.0005899854004383087,
                    0.0376882441341877,
                    -0.0029094370547682047,
                    0.9992851614952087
                ]
            ]
        }
    }
}