{
    "nextto": {
        "reception_desk_kjmhgc_1": [
            [
                -6.120765180587769,
                6.056020021438599,
                0
            ]
        ],
        "chicken_leg_nhfiuh_1": [
            [
                -5.462049779891968,
                6.495163621902465,
                0
            ]
        ],
        "oven_fexqbj_1": [
            -4.043149948120117,
            6.829726219177246,
            6.1638898849487305
        ]
    },
    "ontop": {},
    "inside": {
        "chicken_leg_nhfiuh_1": {
            "oven_fexqbj_1": [
                [
                    -4.290546417236328,
                    6.713046073913574,
                    0.898796558380127
                ],
                [
                    -0.033539701253175735,
                    2.2853026166558266e-05,
                    -0.030113378539681435,
                    0.9989835619926453
                ]
            ]
        }
    }
}