{
    "nextto": {
        "carton_hhlmbi_1": [
            [
                -4.414284482002258,
                4.325263967514038,
                0
            ]
        ],
        "coffee_table_gpkbiw_0": [
            -1.798240065574646,
            1.4564836025238037,
            4.707842826843262
        ]
    },
    "ontop": {
        "carton_hhlmbi_1": {
            "coffee_table_gpkbiw_0": [
                [
                    -1.8563952445983887,
                    -0.031441718339920044,
                    0.4509179890155792
                ],
                [
                    0.002361796097829938,
                    8.446036372333765e-05,
                    -0.06564135104417801,
                    0.9978405237197876
                ]
            ]
        }
    },
    "inside": {}
}