{
    "nextto": {
        "reception_desk_kjmhgc_1": [
            [
                4.5668654632568355,
                11.367451057434083,
                0
            ]
        ],
        "green_bean_dyjvwv_1": [
            [
                4.756265487670898,
                11.367451057434083,
                0
            ]
        ],
        "breakfast_table_zypvuv_0": [
            [
                5.977463006973267,
                8.095351552963258,
                0
            ]
        ],
        "plate_qtfzeq_1": [
            [
                5.977463006973267,
                8.095351552963258,
                0
            ]
        ],
        "stove_igwqpj_0": [
            5.988306045532227,
            11.613954544067383,
            6.22347354888916
        ]
    },
    "ontop": {
        "green_bean_dyjvwv_1": {
            "plate_qtfzeq_1": [
                [
                    5.333045959472656,
                    6.693097114562988,
                    0.7469556927680969
                ],
                [
                    0.009890549816191196,
                    -0.7619957327842712,
                    0.29291945695877075,
                    0.5774624347686768
                ]
            ],
            "stove_igwqpj_0": [
                [
                    5.333045959472656,
                    6.693097114562988,
                    0.7469556927680969
                ],
                [
                    0.009890549816191196,
                    -0.7619957327842712,
                    0.29291945695877075,
                    0.5774624347686768
                ]
            ]
        }
    },
    "inside": {}
}