{
    "nextto": {
        "hutch_vsqsuy_1": [
            [
                4.106363439559936,
                8.451751470565796,
                0
            ]
        ],
        "fruitcake_kxckts_1": [
            [
                3.8390635013580323,
                8.451751470565796,
                0
            ]
        ],
        "cooler_pnkiag_1": [
            [
                1.6311650848388672,
                8.526450691223145,
                0
            ]
        ]
    },
    "ontop": {},
    "inside": {
        "fruitcake_kxckts_1": {
            "cooler_pnkiag_1": [
                [
                    3.1610443592071533,
                    8.600242614746094,
                    0.151603102684021
                ],
                [
                    -0.009896144270896912,
                    0.03180232644081116,
                    -0.09550745785236359,
                    0.9948713779449463
                ]
            ]
        }
    }
}