{
    "nextto": {
        "reception_desk_kjmhgc_1": [
            [
                3.1463652801513673,
                11.367451057434083,
                0
            ]
        ],
        "sugar_cookie_dough_qewbbb_1": [
            [
                3.7145653533935548,
                11.367451057434083,
                0
            ]
        ],
        "oven_fexqbj_1": [
            4.495477676391602,
            9.068032264709473,
            6.254249572753906
        ],
        "breakfast_table_zypvuv_0": [
            4.727805137634277,
            5.488629341125488,
            6.189941883087158
        ]
    },
    "ontop": {
        "sugar_cookie_dough_qewbbb_1": {
            "breakfast_table_zypvuv_0": [
                [
                    4.54555082321167,
                    6.363815784454346,
                    0.7858672142028809
                ],
                [
                    -0.007268765475600958,
                    0.002250522607937455,
                    -0.1112838089466095,
                    0.9937596321105957
                ]
            ]
        }
    },
    "inside": {
        "sugar_cookie_dough_qewbbb_1": {
            "oven_fexqbj_1": [
                [
                    4.22260046005249,
                    8.717418670654297,
                    1.111735463142395
                ],
                [
                    -0.007344613783061504,
                    0.0018155514262616634,
                    -0.05647336319088936,
                    0.998375415802002
                ]
            ]
        }
    }
}