{
    "nextto": {
        "countertop_tpuwys_7": [
            [
                3.33576530456543,
                10.231050910949707,
                0
            ]
        ],
        "chicken_leg_nhfiuh_1": [
            [
                3.33576530456543,
                10.231050910949707,
                0
            ]
        ],
        "platter_ekjpdj_1": [
            [
                3.3935636043548585,
                8.095351552963258,
                0
            ]
        ],
        "oven_fexqbj_1": [
            3.5860841274261475,
            9.2979736328125,
            0.9442472457885742
        ]
    },
    "ontop": {
        "chicken_leg_nhfiuh_1": {
            "platter_ekjpdj_1": [
                [
                    4.647184371948242,
                    7.0208539962768555,
                    0.7685391902923584
                ],
                [
                    0.037745896726846695,
                    0.036855168640613556,
                    0.9063001871109009,
                    0.41932910680770874
                ]
            ]
        }
    },
    "inside": {
        "chicken_leg_nhfiuh_1": {
            "oven_fexqbj_1": [
                [
                    4.142096042633057,
                    8.645768165588379,
                    1.0776194334030151
                ],
                [
                    -0.016727879643440247,
                    0.013123676180839539,
                    -0.021357864141464233,
                    0.9995457530021667
                ]
            ]
        }
    }
}