{
    "nextto": {
        "countertop_tpuwys_7": [
            [
                3.2410652923583987,
                10.231050910949707,
                0
            ]
        ],
        "raspberry_spkers_1": [
            [
                3.2410652923583987,
                10.231050910949707,
                0
            ]
        ],
        "pedestal_table_oqclwq_1": [
            [
                -0.5901846075057976,
                9.808400325775146,
                0
            ]
        ],
        "coffee_cup_ckkwmj_1": [
            [
                -0.28538461208343435,
                12.043600292205811,
                1.5707963267948966
            ]
        ],
        "cooler_pnkiag_1": [
            [
                -4.3857990026474,
                -4.252400135993957,
                0
            ]
        ]
    },
    "ontop": {
        "coffee_cup_ckkwmj_1": {
            "countertop_tpuwys_7": [
                [
                    4.611698150634766,
                    10.911389350891113,
                    0.9539371132850647
                ],
                [
                    -0.0001817310694605112,
                    -7.351685781031847e-05,
                    -0.018308117985725403,
                    0.9998323917388916
                ]
            ]
        }
    },
    "inside": {
        "raspberry_spkers_1": {
            "cooler_pnkiag_1": [
                [
                    -3.4456865787506104,
                    -4.817823886871338,
                    0.10062824189662933
                ],
                [
                    -0.13815349340438843,
                    0.09998070448637009,
                    0.021000629290938377,
                    0.9851276874542236
                ]
            ]
        }
    }
}