{"nextto": {"stove_kfhkqp_1": [[-0.954667444229126, 2.231806182861328, 0]], "pressure_cooker_otyngn_1": [[-0.6783214664459228, 2.231806182861328, 0]], "salmon_glrmfn_1": [[-0.6783214664459228, 2.231806182861328, 0]], "breakfast_table_skczfi_1": [1.3912708759307861, -4.191943645477295, 0.9680092334747314]}, "ontop": {"salmon_glrmfn_1": {"breakfast_table_skczfi_1": [[0.07853026688098907, -3.9270081520080566, 0.7676918506622314], [1.384178176522255e-06, -1.5574314602417871e-06, -0.021515605971217155, 0.9997685551643372]]}}, "inside": {}}