{"nextto": {"sink_zexzrc_0": [[2.4507611989974976, -0.5564639568328857, 0]], "soap_dispenser_edinmg_1": [[2.4507611989974976, -0.5564639568328857, 0]], "booth_xzrpar_1": [[0.5324859905242919, -2.0066512560844423, 0]]}, "ontop": {"soap_dispenser_edinmg_1": {"booth_xzrpar_1": [[0.30504095554351807, -1.3843610286712646, 0.8366074562072754], [0.6471588611602783, 0.23979681730270386, 0.6793391108512878, 0.24936160445213318]]}}, "inside": {}}