{"nextto": {"carton_hhlmbi_1": [[56.74895952224731, 1.8104831314086913, 0]], "cooler_pnkiag_1": [[-25.39661674976349, 1.367679628133774, 0]], "sugar_cookie_feirtr_1": [[56.74895952224731, 1.8104831314086913, 0]], "sink_wavlkt_0": [57.597225189208984, 2.202784538269043, 2.8928797245025635]}, "ontop": {}, "inside": {"sugar_cookie_feirtr_1": {"cooler_pnkiag_1": [[-24.325794219970703, 1.365086317062378, 0.09944599866867065], [0.001754341647028923, -0.002204213058575988, -0.01623012125492096, 0.9998643398284912]]}}}