{
    "nextto": {
        "hutch_vsqsuy_1": [
            [
                -3.3721170425415035,
                -1.0036991357803344,
                0
            ]
        ],
        "space_heater_kxzqpr_1": [
            [
                -2.4687570571899413,
                0.020108847618103082,
                0
            ]
        ],
        "sofa_xhxdqf_0": [
            -4.089145660400391,
            -5.556109428405762,
            1.265040636062622
        ]
    },
    "ontop": {},
    "inside": {}
}