{
    "nextto": {
        "countertop_jveutp_0": [
            [
                -6.898994269371033,
                -4.706679387092591,
                0
            ]
        ],
        "spice_cookie_fwnyyy_1": [
            [
                -6.898994269371033,
                -4.706679387092591,
                0
            ]
        ],
        "oven_wuinhm_0": [
            -7.076718330383301,
            -1.686314582824707,
            5.9818902015686035
        ],
        "breakfast_table_dnsjnv_0": [
            -10.690796852111816,
            -0.04917140305042267,
            5.977931022644043
        ]
    },
    "ontop": {
        "spice_cookie_fwnyyy_1": {
            "breakfast_table_dnsjnv_0": [
                [
                    -9.048707962036133,
                    -0.794928789138794,
                    0.7487659454345703
                ],
                [
                    0.025155343115329742,
                    0.06651201844215393,
                    -0.008339272812008858,
                    0.9974335432052612
                ]
            ]
        }
    },
    "inside": {}
}