{"soccer_ball_ikagkc_1": [-1.7248000311851501, -4.606662788391113, 0], "sofa_lugrhk_1": [-6.943444042205811, 2.0476722526550293, 0], "pillow_vbgcmf_1": [-6.214744052886963, 3.192772235870361, 0], "armchair_bslhmj_0": [-10.22561264038086, 3.9192874431610107, 0.35248708724975586], "armchair_vzhxuf_0": [-6.646308422088623, 5.778387069702148, 2.977856397628784], "bottom_cabinet_qacthv_0": [0.8596676588058472, -6.713459014892578, 0.38955020904541016], "breakfast_table_dnsjnv_0": [-9.84653377532959, -2.5002617835998535, 5.338222026824951], "breakfast_table_skczfi_0": [-3.368262767791748, -3.6820685863494873, 6.269711494445801], "breakfast_table_skczfi_1": [-8.184523582458496, 5.994060516357422, 1.3164045810699463], "breakfast_table_skczfi_2": [-6.697335243225098, 4.065734386444092, 0.7067296504974365], "breakfast_table_uhrsex_0": [-3.3162970542907715, -6.1265482902526855, 3.8329219818115234], "cedar_chest_fwstpx_0": [-5.842403888702393, -6.714593887329102, 6.085291385650635], "coffee_table_qlmqyy_0": [-1.1898243427276611, -5.302427291870117, 1.552499771118164], "floor_lamp_jcbvfi_0": [0.8096554279327393, -5.847039699554443, 4.244063377380371], "floor_lamp_vdxlda_0": [-2.490236282348633, -2.0106163024902344, 0.6314871311187744], "floor_lamp_vdxlda_1": [-10.272976875305176, 1.0013083219528198, 3.722546339035034], "floor_lamp_vdxlda_2": [-8.081897735595703, 0.6927623748779297, 4.928654193878174], "floor_lamp_vdxlda_3": [-7.147903919219971, 5.330402851104736, 5.80765962600708], "piano_bnxcvw_0": [-6.422079086303711, 0.6166480183601379, 0.6177818775177002], "shelf_owvfik_0": null, "shelf_owvfik_1": [-0.5037736296653748, -1.0979459285736084, 5.740116596221924], "ottoman_miftfy_0": [-7.732475280761719, 3.753786563873291, 0.23873186111450195], "straight_chair_amgwaw_0": [-8.129002571105957, 1.7036011219024658, 5.933475017547607], "straight_chair_dmcixv_0": [-10.181431770324707, -1.1969373226165771, 0.25927019119262695], "straight_chair_dmcixv_1": [-9.606792449951172, -0.1957906186580658, 4.253727912902832], "straight_chair_dmcixv_2": [-9.621103286743164, -0.25853878259658813, 1.9536324739456177], "straight_chair_dmcixv_3": [-8.61830997467041, 0.1277160495519638, 4.661485195159912], "straight_chair_dmcixv_4": [-8.082723617553711, -1.5492653846740723, 5.413569450378418], "straight_chair_dmcixv_5": [-8.665740013122559, -0.339178204536438, 5.249233722686768], "straight_chair_vkgbbl_0": [-3.336244583129883, -5.586935997009277, 2.7873547077178955], "straight_chair_vkgbbl_1": [-3.0540008544921875, -4.366789817810059, 5.301723957061768], "straight_chair_vkgbbl_2": [-4.477931022644043, -5.686263561248779, 0.12839722633361816], "straight_chair_vkgbbl_3": [-3.3916704654693604, -5.4387125968933105, 5.274676322937012], "swivel_chair_qtqitn_0": [1.586967945098877, 0.9114052653312683, 5.518065452575684], "bottom_cabinet_immwzb_0": [-0.5099223256111145, -0.47545304894447327, 4.237715721130371], "bottom_cabinet_immwzb_1": [0.8680878281593323, -2.439211845397949, 1.59247887134552], "bottom_cabinet_nddvba_0": [1.6571494340896606, -0.20597952604293823, 2.572993755340576], "bottom_cabinet_rvpunw_0": [-6.028860092163086, -1.0837435722351074, 5.815352439880371], "bottom_cabinet_slgzfc_0": [-0.8031835556030273, 4.904707431793213, 5.5925374031066895], "bottom_cabinet_no_top_pluwfl_0": [-4.629940032958984, -1.5405243635177612, 1.9755995273590088], "bottom_cabinet_no_top_qohxjq_0": [-4.621451377868652, -1.946417212486267, 3.549546241760254], "bottom_cabinet_no_top_qohxjq_1": [-5.762503147125244, -4.227115154266357, 6.160801887512207], "bottom_cabinet_no_top_qudfwe_0": [-4.6014790534973145, -4.185099124908447, 2.879871129989624], "bottom_cabinet_no_top_spojpj_0": [-7.65025520324707, -2.6046314239501953, 4.49676513671875], "bottom_cabinet_no_top_spojpj_1": [-7.375465393066406, -3.6324198246002197, 3.160339117050171], "bottom_cabinet_no_top_spojpj_2": [-6.7820844650268555, -7.073827266693115, 1.6397019624710083], "bottom_cabinet_no_top_ufhpbn_0": [-6.709904670715332, -4.355814456939697, 5.873249053955078], "burner_pmntxh_0": [-6.614490509033203, -4.611001014709473, 1.6287479400634766], "countertop_tpuwys_0": [-4.222667694091797, -1.859889030456543, 4.9464430809021], "countertop_tpuwys_1": [-7.625402927398682, -3.639793872833252, 4.480652332305908], "countertop_tpuwys_2": [-8.528348922729492, -4.347115516662598, 5.821993350982666], "countertop_tpuwys_3": [-5.320390224456787, -5.109277248382568, 5.274669170379639], "countertop_tpuwys_4": [-6.405890941619873, -5.631277561187744, 0.4861490726470947], "countertop_tpuwys_6": [-8.002521514892578, -4.1197662353515625, 0.1684112548828125], "countertop_tpuwys_7": [-10.57229232788086, 1.2793807983398438, 6.030820846557617], "desk_rzyfxk_0": [2.5452208518981934, 1.1208891868591309, 1.9833248853683472], "desk_rzyfxk_1": [0.648155689239502, 0.010659612715244293, 0.5573618412017822], "dishwasher_znfvmj_0": [-6.793642044067383, -5.62626838684082, 6.147674560546875], "clothes_dryer_zlmnfg_0": [-0.12889954447746277, 2.256964683532715, 5.9099440574646], "electric_switch_wseglt_0": [-4.357098579406738, -1.7659374475479126, 1.3540260791778564], "electric_switch_wseglt_1": [-1.8224769830703735, 2.561596155166626, 3.248682737350464], "electric_switch_wseglt_10": [-2.7195515632629395, -1.5339869260787964, 1.413096308708191], "electric_switch_wseglt_11": [-4.010629653930664, -1.3735147714614868, 5.77779483795166], "electric_switch_wseglt_12": [-0.2167404443025589, 3.4273109436035156, 1.4526900053024292], "electric_switch_wseglt_2": [-1.563981294631958, 3.0039689540863037, 4.937998294830322], "electric_switch_wseglt_3": [-1.5876935720443726, 1.3417770862579346, 0.4207627773284912], "electric_switch_wseglt_4": [-8.140861511230469, 1.6556634902954102, 4.655547618865967], "electric_switch_wseglt_5": [-2.4984536170959473, -1.156175136566162, 4.1968841552734375], "electric_switch_wseglt_6": [-4.236314296722412, -1.5056401491165161, 6.028332710266113], "electric_switch_wseglt_7": [-8.730289459228516, 0.4790244400501251, 0.6787893772125244], "electric_switch_wseglt_8": [-4.328779220581055, 1.04237699508667, 5.682606220245361], "electric_switch_wseglt_9": [-1.9979627132415771, 2.5537729263305664, 5.632114887237549], "fridge_dszchb_0": [-5.710948467254639, -1.6941523551940918, 3.170109510421753], "microwave_bfbeeb_0": [-6.271454811096191, -2.5159809589385986, 1.0287559032440186], "mirror_pevdqu_0": [-4.820670127868652, 3.8470981121063232, 0.6260683536529541], "oven_wuinhm_0": [-7.078691005706787, -1.7167556285858154, 5.543386936187744], "picture_fanvpf_0": [-7.697593688964844, 0.9377626776695251, 2.8612723350524902], "picture_hhxttu_0": [-1.3018707036972046, -1.0315897464752197, 4.9531450271606445], "picture_jpfyrq_0": [-0.7281007766723633, -1.3746353387832642, 6.214290618896484], "picture_lucjyq_0": [-1.5775146484375, 1.970797061920166, 5.400857448577881], "picture_qjkajj_0": [-11.304181098937988, -1.575302004814148, 0.28116369247436523], "picture_qtvjzk_0": [-1.7824615240097046, 3.6850860118865967, 0.6738903522491455], "picture_wfdvzv_0": [-4.340798377990723, 2.579334259033203, 0.09605741500854492], "rail_fence_qmsnld_0": [-2.534975290298462, -7.347746849060059, 2.6166818141937256], "shelf_njwsoa_0": [-1.8368606567382812, -2.722935199737549, 1.4141607284545898], "shelf_owvfik_2": null, "shelf_vgzdul_0": [1.7985703945159912, -2.5284996032714844, 1.4358404874801636], "sink_czyfhq_0": [-7.348720550537109, -4.145810127258301, 5.202476978302002], "sink_ksecxq_0": [-1.1459846496582031, 4.697757720947266, 6.01661491394043], "sink_zexzrc_0": [-3.9880778789520264, 3.520186185836792, 2.1045119762420654], "sofa_xhxdqf_0": [-4.074745178222656, -5.65932559967041, 1.3241502046585083], "toilet_kfmkbm_0": [-2.385573387145996, 3.095477819442749, 0.3572077751159668], "top_cabinet_dmwxyl_0": [-5.822315216064453, -1.4592599868774414, 3.4243054389953613], "top_cabinet_dmwxyl_1": [-5.315273284912109, -1.8145360946655273, 0.22710514068603516],