{
    "nextto": {
        "reception_desk_kjmhgc_1": [
            [
                -3.2232498836517336,
                14.791724271774292,
                0
            ]
        ],
        "mango_phdamg_1": [
            [
                -2.583650007247925,
                14.685124292373658,
                0
            ]
        ],
        "rice_cooker_qatgeb_1": [
            [
                -3.1166499042510987,
                13.19272458076477,
                0
            ]
        ],
        "breakfast_table_dnsjnv_0": [
            -4.78098201751709,
            14.537236213684082,
            2.7191450595855713
        ]
    },
    "ontop": {
        "mango_phdamg_1": {
            "breakfast_table_dnsjnv_0": [
                [
                    -4.9693756103515625,
                    15.875086784362793,
                    0.7822428941726685
                ],
                [
                    -0.2758241295814514,
                    -0.2101254165172577,
                    -0.043859001249074936,
                    0.936933696269989
                ]
            ]
        }
    },
    "inside": {}
}