{
    "nextto": {
        "reception_desk_kjmhgc_1": [
            [
                -5.619794402122498,
                -3.0010795640945434,
                0
            ]
        ],
        "virginia_ham_jqfkdb_1": [
            [
                -4.553794512748719,
                -2.8944795751571655,
                0
            ]
        ],
        "toaster_kjwqav_1": [
            [
                -7.751794180870056,
                -2.8944795751571655,
                0
            ]
        ],
        "breakfast_table_dnsjnv_0": [
            -9.861532211303711,
            -3.6077470779418945,
            0.7161805629730225
        ]
    },
    "ontop": {
        "virginia_ham_jqfkdb_1": {
            "breakfast_table_dnsjnv_0": [
                [
                    -8.92599868774414,
                    -0.9560925364494324,
                    0.8027722835540771
                ],
                [
                    -0.02009529620409012,
                    -0.019220929592847824,
                    -0.08773894608020782,
                    0.9957553148269653
                ]
            ]
        }
    },
    "inside": {}
}