{
    "nextto": {
        "shelf_iwziew_1": [
            [
                1.6922076833248139,
                17.90049009680748,
                0
            ]
        ],
        "packing_box_cjhskr_1": [
            [
                1.6502036845684052,
                17.837484098672867,
                0
            ]
        ],
        "coffee_table_qlmqyy_0": [
            2.797320604324341,
            12.19091796875,
            0.8583076000213623
        ]
    },
    "ontop": {
        "packing_box_cjhskr_1": {
            "coffee_table_qlmqyy_0": [
                [
                    2.9996461868286133,
                    13.348958969116211,
                    0.5140970349311829
                ],
                [
                    0.00020119208784308285,
                    -0.00023136638628784567,
                    -0.15306039154529572,
                    0.988216757774353
                ]
            ]
        }
    },
    "inside": {}
}