{
    "nextto": {
        "breakfast_table_dnsjnv_0": [
            [
                -10.352643876075744,
                -2.050629096031189,
                0
            ]
        ],
        "tea_bag_kmvcrb_1": [
            [
                -10.352643876075744,
                -2.050629096031189,
                0
            ]
        ],
        "shelf_iwziew_1": [
            [
                -2.345342894792557,
                0.08827631950378417,
                0
            ]
        ],
        "cooler_pnkiag_1": [
            -0.38427895307540894,
            -0.6028188467025757,
            1.7889193296432495
        ]
    },
    "ontop": {
        "tea_bag_kmvcrb_1": {
            "shelf_iwziew_1": [
                [
                    -2.4180991649627686,
                    -1.1372965574264526,
                    0.5628938674926758
                ],
                [
                    0.009390613064169884,
                    0.04085172712802887,
                    0.042605556547641754,
                    0.9982123374938965
                ]
            ]
        }
    },
    "inside": {}
}