{
    "nextto": {
        "toy_box_pmhcse_1": [
            [
                -0.22703202962875368,
                -4.606662788391113,
                0
            ]
        ],
        "conference_table_hdomxc_1": [
            [
                -4.02864408493042,
                1.3189722633361816,
                0
            ]
        ],
        "urinal_pfzmpd_1": [
            [
                -6.04619435787201,
                -5.026479353904724,
                0
            ]
        ],
        "dishwasher_znfvmj_0": [
            -5.868836402893066,
            -6.22855281829834,
            5.628702163696289
        ]
    },
    "ontop": {
        "toy_box_pmhcse_1": {
            "conference_table_hdomxc_1": [
                [
                    2.4322829246520996,
                    9.298307418823242,
                    -609.0943603515625
                ],
                [
                    0.0,
                    7.921130418253597e-11,
                    0.9493630528450012,
                    0.3141811490058899
                ]
            ]
        }
    },
    "inside": {}
}