{"picture_frame_lxpxcf_1": [-5.146296072006225, -2.236503825187683, 0], "notebook_aanuhi_1": [-2.062495962381363, -1.1097038447856904, 0], "coffee_table_qlmqyy_1": [-1.9812959539890287, -2.537703585624695, 0], "armchair_vzhxuf_0": [-2.6979644298553467, 8.929070472717285, 5.228511810302734], "armchair_vzhxuf_1": [-0.33254474401474, 9.191752433776855, 4.8963847160339355], "armchair_vzhxuf_2": [-2.106318473815918, 7.533312797546387, 1.3037818670272827], "armchair_vzhxuf_3": [-1.2960481643676758, 8.761462211608887, 0.4071176052093506], "bottom_cabinet_jhymlr_0": [-2.9112467765808105, -6.054228782653809, 0.27524876594543457], "bottom_cabinet_jhymlr_1": [-1.0452262163162231, 3.462847948074341, 1.2422387599945068], "bottom_cabinet_jrhgeu_0": [-0.008208081126213074, 6.212392330169678, 1.0480802059173584], "bottom_cabinet_nddvba_0": [-7.261319637298584, -4.033266544342041, 4.154616355895996], "bottom_cabinet_nddvba_1": [-7.0940141677856445, -5.1090617179870605, 4.635668754577637], "bottom_cabinet_slgzfc_0": [-2.8115336894989014, -4.034566879272461, 5.6863932609558105], "breakfast_table_skczfi_0": [-3.166595220565796, 8.073304176330566, 0.25893640518188477], "breakfast_table_skczfi_1": [1.06230890750885, 0.35517969727516174, 0.28096532821655273], "breakfast_table_uhrsex_0": [-0.49137812852859497, 10.254347801208496, 6.03981876373291], "floor_lamp_vdxlda_0": [-7.521054744720459, -2.5397562980651855, 6.087832450866699], "floor_lamp_vdxlda_1": [-7.009483814239502, -6.292969226837158, 5.475841522216797], "floor_lamp_vdxlda_2": [-2.5925912857055664, -5.6638336181640625, 5.9189839363098145], "floor_lamp_vdxlda_3": [-2.691483736038208, -3.647703170776367, 1.7814760208129883], "shelf_owvfik_0": [-3.0039079189300537, 10.122589111328125, 4.475515842437744], "shelf_owvfik_1": [-2.0807690620422363, 9.273580551147461, 0.43290019035339355], "shelf_owvfik_2": [0.4245877265930176, 9.845954895019531, 6.116848945617676], "shelf_owvfik_3": [1.7162991762161255, 8.739145278930664, 0.36550045013427734], "shelf_owvfik_4": [-1.2332534790039062, 5.829969882965088, 1.2724295854568481], "shelf_owvfik_5": [-0.19955703616142273, 2.9934914112091064, 4.788942337036133], "shelf_owvfik_6": null, "shelf_owvfik_7": [0.43958163261413574, -1.721032738685608, 0.561072587966919], "table_lamp_xbfgjc_0": [-2.8870675563812256, 10.21686840057373, 5.491121292114258], "bed_zrumze_0": [-8.552412033081055, -5.596539497375488, 1.4135581254959106], "bed_zrumze_1": [-0.30511587858200073, 3.6717748641967773, 3.8432912826538086], "bed_zrumze_2": [-1.795899748802185, 0.9089089632034302, 5.522659778594971], "bottom_cabinet_bamfsz_0": [-8.990903854370117, -2.4578661918640137, 4.476181507110596], "bottom_cabinet_jhymlr_2": [0.6768561601638794, -2.383638620376587, 1.0120906829833984], "bottom_cabinet_kubcdk_0": [-9.037596702575684, 0.40512505173683167, 6.0653510093688965], "bottom_cabinet_kubcdk_1": null, "bottom_cabinet_kubcdk_2": [-2.5416436195373535, -4.291563510894775, 1.4743409156799316], "bottom_cabinet_rvpunw_0": [2.0216121673583984, -4.251130104064941, 4.69529390335083], "bottom_cabinet_rvpunw_1": [0.6460673809051514, -2.755401849746704, 1.2054314613342285], "bottom_cabinet_no_top_pluwfl_0": [-10.229939460754395, -3.69620418548584, 2.658450126647949], "bottom_cabinet_no_top_pluwfl_1": [-11.50994873046875, -2.359609603881836, 0.3331291675567627], "countertop_tpuwys_0": [-11.790079116821289, -2.9281554222106934, 0.2514324188232422], "countertop_tpuwys_1": [-10.040794372558594, -2.9166972637176514, 1.7534573078155518], "countertop_tpuwys_2": null, "electric_switch_wseglt_0": [-4.702659606933594, -1.83382248878479, 2.094257116317749], "electric_switch_wseglt_1": [1.845666766166687, 7.991448879241943, 4.711711406707764], "electric_switch_wseglt_10": [-5.6386332511901855, -1.2670001983642578, 4.83208703994751], "electric_switch_wseglt_11": [-7.509023666381836, -1.4139503240585327, 3.896487236022949], "electric_switch_wseglt_12": [-8.180145263671875, -1.6893692016601562, 1.710290551185608], "electric_switch_wseglt_13": [-3.3162307739257812, 2.305525302886963, 0.9985544681549072], "electric_switch_wseglt_14": [-2.1575355529785156, 3.145467519760132, 1.0794341564178467], "electric_switch_wseglt_15": [-1.5348153114318848, 1.3331129550933838, 1.7796746492385864], "electric_switch_wseglt_2": [1.376326084136963, 5.904223918914795, 6.240787029266357], "electric_switch_wseglt_3": [-1.567798137664795, 5.9737982749938965, 2.354485273361206], "electric_switch_wseglt_4": [1.3004541397094727, 6.085243225097656, 1.0416672229766846], "electric_switch_wseglt_5": [-1.4896278381347656, 2.465334415435791, 4.7063679695129395], "electric_switch_wseglt_6": [-2.023574113845825, 0.8574358224868774, 5.877154350280762], "electric_switch_wseglt_7": [-1.6830363273620605, 0.9160244464874268, 4.408400058746338], "electric_switch_wseglt_8": [-2.4100849628448486, -3.094310760498047, 1.3641445636749268], "electric_switch_wseglt_9": [-4.670020580291748, -1.9715137481689453, 4.781813144683838], "mirror_pevdqu_0": [-9.777109146118164, -3.3035056591033936, 6.105714797973633], "mirror_pevdqu_1": [-6.917802810668945, -1.9171087741851807, 1.0316007137298584], "mirror_pevdqu_2": [-2.368215799331665, -5.731570243835449, 1.7588247060775757], "mirror_pevdqu_3": [-3.6130530834198, 2.7084121704101562, 4.713123798370361], "picture_cltbty_0": [-0.012903541326522827, -1.248071312904358, 5.937767028808594], "picture_fhkzlm_0": [-2.5802900791168213, 7.297528266906738, 4.254039287567139], "picture_gwricv_0": [-2.5112807750701904, -3.881256103515625, 5.786851406097412], "picture_szpupz_0": [-2.236860513687134, -4.986670017242432, 4.326905727386475], "picture_weqggl_0": [-7.281501293182373, -4.6753644943237305, 2.160221815109253], "picture_yrgaal_0": [-7.127793788909912, -4.416143417358398, 3.73480224609375], "picture_ytxhyl_0": [-2.2811245918273926, -1.3150311708450317, 5.884779453277588], "shelf_njwsoa_0": [1.5194675922393799, -4.631028175354004, 2.052583932876587], "shelf_njwsoa_1": [2.213731050491333, -2.4832499027252197, 3.932501792907715], "shelf_owvfik_8": null, "shelf_vgzdul_0": [-10.09794807434082, 0.2267744243144989, 1.7426400184631348], "shower_stall_invgma_0": [-10.607819557189941, -2.3344826698303223, 5.6709065437316895], "shower_stall_invgma_1": [-3.2859604358673096, 6.57250452041626, 0.6586472988128662], "sink_ksecxq_0": [-8.88321304321289, -3.448164224624634, 3.846482753753662], "sink_ksecxq_1": [-8.789568901062012, -3.4083616733551025, 5.944700241088867], "sink_zexzrc_0": [-3.682150363922119, 3.530015707015991, 4.2554707527160645], "sofa_qnnwfx_0": [-3.0789272785186768, -2.970897674560547, 5.194316864013672], "toilet_kfmkbm_0": [-11.158100128173828, 0.5390644669532776, 5.462810516357422], "toilet_kfmkbm_1": [-1.0618534088134766, 4.724445819854736, 1.2776843309402466], "top_cabinet_dmwxyl_0": [-11.436678886413574, 0.00981152057647705, 1.1419172286987305], "top_cabinet_dmwxyl_1": null, "top_cabinet_fqhdne_0": null, "towel_rack_kqrmrh_0": [-9.168597221374512, 0.05791771411895752, 5.5044379234313965], "towel_rack_kqrmrh_1": [-1.7790632247924805, 4.268104076385498, 4.945342540740967], "towel_rack_kqrmrh_2": [-2.2144992351531982, 5.617552757263184, 0.9419281482696533], "Light_test": null, "robot0": null}