{
    "nextto": {
        "desk_rzyfxk_1": [
            [
                3.6146805047988892,
                17.39731006622314,
                0
            ]
        ],
        "textbook_nloqia_1": [
            [
                3.6146805047988892,
                17.90172595977783,
                0
            ]
        ],
        "console_table_tzkfqa_1": [
            [
                2.7112676811218264,
                15.105934362411498,
                0
            ]
        ],
        "loudspeaker_snbvop_1": [
            [
                1.6540196800231934,
                14.577310361862182,
                0
            ]
        ]
    },
    "ontop": {
        "textbook_nloqia_1": {
            "console_table_tzkfqa_1": [
                [
                    4.692503452301025,
                    15.763384819030762,
                    0.8239641189575195
                ],
                [
                    2.16546468436718e-05,
                    8.219782466767356e-05,
                    -0.22092305123806,
                    0.9752913117408752
                ]
            ]
        }
    },
    "inside": {}
}