{
    "nextto": {
        "reception_desk_kjmhgc_1": [
            [
                -1.8374501514434816,
                14.685124292373658,
                0
            ]
        ],
        "bread_slice_yedlgq_1": [
            [
                -0.34505043983459494,
                14.045524415969847,
                0
            ]
        ],
        "toaster_kjwqav_1": [
            [
                -3.1166499042510987,
                13.19272458076477,
                0
            ]
        ],
        "breakfast_table_dnsjnv_0": [
            -5.550495624542236,
            18.505300521850586,
            0.5663554668426514
        ]
    },
    "ontop": {
        "bread_slice_yedlgq_1": {
            "breakfast_table_dnsjnv_0": [
                [
                    -5.474082946777344,
                    16.352249145507812,
                    0.7537808418273926
                ],
                [
                    0.002558440901339054,
                    0.03760570287704468,
                    -0.055115848779678345,
                    0.9977684020996094
                ]
            ]
        }
    },
    "inside": {}
}