{
    "nextto": {
        "shelf_iwziew_1": [
            [
                -4.582943972349167,
                -0.590329555273056,
                0
            ]
        ],
        "tupperware_mkstwr_1": [
            [
                -6.028643757104874,
                -1.1591294705867767,
                0
            ]
        ],
        "radiator_lnvush_1": [
            [
                -2.341528031826019,
                -3.1088947868347163,
                0
            ]
        ],
        "coffee_table_qlmqyy_0": [
            -0.044586922973394394,
            -5.030913829803467,
            1.7221765518188477
        ]
    },
    "ontop": {
        "tupperware_mkstwr_1": {
            "coffee_table_qlmqyy_0": [
                [
                    -1.2306523323059082,
                    -4.140157222747803,
                    0.46797627210617065
                ],
                [
                    0.00028506398666650057,
                    -0.00022391346283257008,
                    -0.08963944017887115,
                    0.9959741830825806
                ]
            ]
        }
    },
    "inside": {}
}