{
    "nextto": {
        "shelf_iwziew_1": [
            [
                4.058151960372925,
                21.69813009262085,
                0
            ]
        ],
        "liquid_carton_ykfkyq_1": [
            [
                4.058151960372925,
                21.69813009262085,
                0
            ]
        ],
        "clothes_dryer_zlmnfg_0": [
            4.058838844299316,
            19.499359130859375,
            1.0183970928192139
        ]
    },
    "ontop": {},
    "inside": {
        "liquid_carton_ykfkyq_1": {
            "clothes_dryer_zlmnfg_0": [
                [
                    5.256836414337158,
                    19.652311325073242,
                    0.1910734325647354
                ],
                [
                    0.0035437624901533127,
                    -0.008085031062364578,
                    -0.047652874141931534,
                    0.9988248944282532
                ]
            ]
        }
    }
}