{
    "nextto": {
        "reception_desk_kjmhgc_1": [
            [
                -3.2232498836517336,
                14.791724271774292,
                0
            ]
        ],
        "pitcher_mbrlge_1": [
            [
                -2.47705002784729,
                15.004924230575561,
                0
            ]
        ],
        "coffee_maker_fwlabx_1": [
            [
                -3.1166499042510987,
                13.19272458076477,
                0
            ]
        ],
        "breakfast_table_dnsjnv_0": [
            -6.512711524963379,
            15.504871368408203,
            0.7238929271697998
        ]
    },
    "ontop": {
        "pitcher_mbrlge_1": {
            "breakfast_table_dnsjnv_0": [
                [
                    -5.201467990875244,
                    17.335268020629883,
                    0.8700057864189148
                ],
                [
                    1.5087425708770752e-07,
                    -2.541346475481987e-06,
                    -0.09839105606079102,
                    0.9951478242874146
                ]
            ]
        }
    },
    "inside": {}
}