{
    "nextto": {
        "reception_desk_kjmhgc_1": [
            [
                -0.7714503574371342,
                14.685124292373658,
                0
            ]
        ],
        "biscuit_dough_vbhtbo_1": [
            [
                -0.5582503986358643,
                15.21812418937683,
                0
            ]
        ],
        "stove_kfhkqp_1": [
            [
                -2.583650007247925,
                12.659724683761596,
                0
            ]
        ],
        "breakfast_table_dnsjnv_0": [
            -6.748157024383545,
            15.797914505004883,
            0.014661312103271484
        ]
    },
    "ontop": {
        "biscuit_dough_vbhtbo_1": {
            "breakfast_table_dnsjnv_0": [
                [
                    -5.1048197746276855,
                    16.98813819885254,
                    0.791050910949707
                ],
                [
                    -0.008336059749126434,
                    0.0017391585279256105,
                    -0.0966353565454483,
                    0.9952833652496338
                ]
            ]
        }
    },
    "inside": {}
}