{
    "nextto": {
        "carton_hhlmbi_1": [
            [
                -5.431096181869507,
                -1.773703646659851,
                0
            ]
        ],
        "tank_bsdexp_1": [
            -2.2984025478363037,
            3.0540194511413574,
            2.5724027156829834
        ]
    },
    "ontop": {},
    "inside": {
        "carton_hhlmbi_1": {
            "tank_bsdexp_1": [
                [
                    -1.8363679647445679,
                    3.3035221099853516,
                    0.04075569659471512
                ],
                [
                    0.0028180426452308893,
                    0.0027649442199617624,
                    0.1509074568748474,
                    0.9885400533676147
                ]
            ]
        }
    }
}