{
    "nextto": {
        "desk_rzyfxk_1": [
            [
                -0.6961254167556763,
                0.3416273510456085,
                0
            ]
        ],
        "printer_kqzshp_1": [
            [
                -0.506969428062439,
                -0.604152592420578,
                0
            ]
        ],
        "cabinet_base_dcmhhh_1": [
            [
                -1.165765742957592,
                3.330451774597168,
                0
            ]
        ],
        "vacuum_bdmsbr_1": [
            [
                -1.165765742957592,
                2.4737073898315427,
                0
            ]
        ]
    },
    "ontop": {
        "printer_kqzshp_1": {
            "cabinet_base_dcmhhh_1": [
                [
                    0.5142319798469543,
                    3.928783655166626,
                    1.0595513582229614
                ],
                [
                    -0.0026878267526626587,
                    -0.0002633458061609417,
                    -0.707036018371582,
                    0.7071724534034729
                ]
            ]
        }
    },
    "inside": {}
}