{"toy_car_dgnnin_1": [0.8215521931648262, 8.21254587173462, 0], "paperback_book_dbmzmo_1": [0.6052541425824162, -0.23865409731864937, 0], "shelf_owvfik_5": [-0.8423198461532593, 2.1655640602111816, 6.194847583770752], "armchair_vzhxuf_0": [-2.5546319484710693, 8.92177677154541, 4.910898685455322], "armchair_vzhxuf_1": [-0.2833654582500458, 8.681318283081055, 1.5753593444824219], "armchair_vzhxuf_2": [-1.4614897966384888, 8.06119441986084, 2.413382053375244], "armchair_vzhxuf_3": [-1.313565731048584, 9.42474365234375, 5.706762790679932], "bottom_cabinet_jhymlr_0": [-2.7382922172546387, -5.650730133056641, 5.051153659820557], "bottom_cabinet_jhymlr_1": [-1.794158935546875, 3.7617404460906982, 0.9953467845916748], "bottom_cabinet_jrhgeu_0": [-0.6965154409408569, 5.862967014312744, 1.0904991626739502], "bottom_cabinet_nddvba_0": null, "bottom_cabinet_nddvba_1": [-7.206439018249512, -5.0054545402526855, 4.551502704620361], "bottom_cabinet_slgzfc_0": [-2.079179286956787, -3.9550137519836426, 1.8771109580993652], "breakfast_table_skczfi_0": [-3.2497920989990234, 8.791038513183594, 5.374767780303955], "breakfast_table_skczfi_1": [0.4623561501502991, -0.040902405977249146, 0.1597425937652588], "breakfast_table_uhrsex_0": [0.7307378053665161, 9.703938484191895, 0.04033398628234863], "floor_lamp_vdxlda_0": [-7.004633903503418, -3.1114187240600586, 1.5125732421875], "floor_lamp_vdxlda_1": [-7.269214630126953, -6.10197639465332, 5.33384370803833], "floor_lamp_vdxlda_2": [-3.1984341144561768, -5.625156879425049, 5.738619804382324], "floor_lamp_vdxlda_3": [-2.2518463134765625, -3.4921207427978516, 3.0721240043640137], "shelf_owvfik_0": [-1.865607500076294, 10.129454612731934, 3.7961666584014893], "shelf_owvfik_1": [-2.84591007232666, 9.636130332946777, 6.145105838775635], "shelf_owvfik_2": [0.7545480728149414, 8.957938194274902, 0.785266637802124], "shelf_owvfik_3": [1.7128558158874512, 9.484124183654785, 0.35851454734802246], "shelf_owvfik_4": [-0.18754279613494873, 5.663153171539307, 5.038609504699707], "shelf_owvfik_6": [-0.023485124111175537, -0.9521962404251099, 5.750183582305908], "shelf_owvfik_7": [0.6983593106269836, -1.3127740621566772, 1.4088737964630127], "table_lamp_xbfgjc_0": [-2.433776378631592, 9.754828453063965, 2.1556015014648438], "bed_zrumze_0": [-3.6991162300109863, -4.949718475341797, 3.218233823776245], "bed_zrumze_1": [0.8599749803543091, 0.7140660285949707, 2.9720568656921387], "bed_zrumze_2": [2.7050204277038574, 0.7612917423248291, 5.171271324157715], "bottom_cabinet_bamfsz_0": [-8.181013107299805, -3.697213888168335, 2.6090190410614014], "bottom_cabinet_jhymlr_2": [0.8250561952590942, -5.611064434051514, 0.4441237449645996], "bottom_cabinet_kubcdk_0": [-9.082364082336426, 0.736703634262085, 2.9107584953308105], "bottom_cabinet_kubcdk_1": [-2.425217390060425, -5.966758728027344, 5.8042073249816895], "bottom_cabinet_kubcdk_2": [-3.190406084060669, -2.2311081886291504, 0.0656125545501709], "bottom_cabinet_rvpunw_0": [0.930856466293335, -4.0618696212768555, 5.818691253662109], "bottom_cabinet_rvpunw_1": [2.201842784881592, -2.3713431358337402, 3.7258400917053223], "bottom_cabinet_no_top_pluwfl_0": [-10.975333213806152, -3.259162187576294, 1.6059621572494507], "bottom_cabinet_no_top_pluwfl_1": [-10.091182708740234, -3.0798234939575195, 1.963361382484436], "countertop_tpuwys_0": [-11.354937553405762, -1.526441216468811, 4.716664791107178], "countertop_tpuwys_1": [-9.044925689697266, -3.5582971572875977, 1.3498574495315552], "countertop_tpuwys_2": null, "electric_switch_wseglt_0": [-5.274499416351318, -1.2908682823181152, 5.820219993591309], "electric_switch_wseglt_1": [1.590449571609497, 7.8354949951171875, 0.3925330638885498], "electric_switch_wseglt_10": [-5.923142433166504, -1.2536157369613647, 5.526867389678955], "electric_switch_wseglt_11": [-7.274148941040039, -1.7751590013504028, 2.177642822265625], "electric_switch_wseglt_12": [-8.08824348449707, -1.5104718208312988, 2.494438648223877], "electric_switch_wseglt_13": [-3.156230926513672, 2.711456537246704, 0.6761271953582764], "electric_switch_wseglt_14": [-1.9717860221862793, 3.331511974334717, 1.4354360103607178], "electric_switch_wseglt_15": [-2.19358491897583, 1.4457850456237793, 0.4365074634552002], "electric_switch_wseglt_2": [2.0559961795806885, 5.995250225067139, 4.0491485595703125], "electric_switch_wseglt_3": [-1.7312620878219604, 6.005056858062744, 1.1940467357635498], "electric_switch_wseglt_4": [1.4486275911331177, 6.0120768547058105, 1.1456694602966309], "electric_switch_wseglt_5": [-1.7241535186767578, 2.330393075942993, 5.303134441375732], "electric_switch_wseglt_6": [-1.9869716167449951, 1.0090724229812622, 5.6012749671936035], "electric_switch_wseglt_7": [-1.884824514389038, 0.8621318340301514, 5.443161964416504], "electric_switch_wseglt_8": [-2.164104700088501, -2.062110662460327, 4.4340901374816895], "electric_switch_wseglt_9": [-4.876147270202637, -2.6441142559051514, 0.7165083885192871], "mirror_pevdqu_0": [-9.025382995605469, -3.3348500728607178, 6.1600165367126465], "mirror_pevdqu_1": [-6.035824775695801, -1.0263922214508057, 4.558990001678467], "mirror_pevdqu_2": [-2.0900869369506836, -3.6746909618377686, 4.016455173492432], "mirror_pevdqu_3": null, "picture_cltbty_0": [0.4933043122291565, -1.6076152324676514, 0.3130519390106201], "picture_fhkzlm_0": [-2.931544542312622, 8.048110008239746, 5.989092826843262], "picture_gwricv_0": [-2.3620007038116455, -3.3552212715148926, 4.819555282592773], "picture_szpupz_0": [-2.2013707160949707, -5.617857456207275, 3.725076675415039], "picture_weqggl_0": [-7.359502792358398, -5.463252067565918, 1.3869074583053589], "picture_yrgaal_0": [-7.169300556182861, -4.384827136993408, 2.900040626525879], "picture_ytxhyl_0": [-0.8234093189239502, -1.156782627105713, 5.397402286529541], "shelf_njwsoa_0": [1.1044445037841797, -5.004212856292725, 3.8415231704711914], "shelf_njwsoa_1": null, "shelf_owvfik_8": null, "shelf_vgzdul_0": [-7.574163436889648, 0.501761794090271, 1.5415642261505127], "shower_stall_invgma_0": [-9.97847843170166, -1.0060598850250244, 0.06358671188354492], "shower_stall_invgma_1": [-4.736262321472168, 5.161445617675781, 0.29047393798828125], "sink_ksecxq_0": [-9.496603012084961, -3.2801167964935303, 2.493666410446167], "sink_ksecxq_1": [-8.234329223632812, -2.6055259704589844, 0.08448648452758789], "sink_zexzrc_0": [-3.0685338973999023, 2.3846871852874756, 4.247154235839844], "sofa_qnnwfx_0": [-1.4052667617797852, -2.3915257453918457, 1.4421089887619019], "toilet_kfmkbm_0": [-10.709942817687988, 0.9510468244552612, 5.984796047210693], "toilet_kfmkbm_1": [-1.603373408317566, 5.665223121643066, 0.885979413986206], "top_cabinet_dmwxyl_0": [-11.488578796386719, 0.28919392824172974, 5.99574613571167], "top_cabinet_dmwxyl_1": [-0.9958592057228088, 5.722862243652344, 1.8685373067855835], "top_cabinet_fqhdne_0": null, "towel_rack_kqrmrh_0": [-8.665911674499512, -0.11402881145477295, 4.651915073394775], "towel_rack_kqrmrh_1": [-1.8129609823226929, 4.973411560058594, 5.132458686828613], "towel_rack_kqrmrh_2": [-2.250988721847534, 6.200218200683594, 5.732957363128662], "Light_test": null, "robot0": null}