{
    "nextto": {
        "space_heater_kxzqpr_1": [
            [
                -7.0559458065032965,
                -2.483455085754395,
                0
            ]
        ],
        "table_lamp_ehjsdz_1": [
            [
                -6.449345884323121,
                -6.426354579925538,
                0
            ]
        ],
        "backpack_gvbiwl_1": [
            [
                2.09305384516716,
                5.169740890264511,
                0
            ]
        ],
        "measuring_cup_ahtzhp_1": [
            [
                2.09305384516716,
                5.169740890264511,
                0
            ]
        ]
    },
    "ontop": {
        "measuring_cup_ahtzhp_1": {
            "table_lamp_ehjsdz_1": [
                [
                    -7.049810886383057,
                    -6.124716281890869,
                    1.4010225534439087
                ],
                [
                    0.08776003867387772,
                    0.05602816119790077,
                    0.8898610472679138,
                    -0.44419190287590027
                ]
            ]
        }
    },
    "inside": {}
}