{
    "nextto": {
        "desk_rzyfxk_1": [
            [
                -0.0025534582138060646,
                -0.03668462634086625,
                0
            ]
        ],
        "legal_document_uchhwn_1": [
            [
                -0.0025534582138060646,
                -0.03668462634086625,
                0
            ]
        ],
        "printer_kqzshp_1": [
            [
                -1.8941133451461791,
                0.15247136235237121,
                0
            ]
        ],
        "shelf_iwziew_1": [
            [
                -7.568044033050538,
                2.672272243499756,
                0
            ]
        ]
    },
    "ontop": {
        "legal_document_uchhwn_1": {
            "shelf_iwziew_1": [
                [
                    -6.011810302734375,
                    3.346378803253174,
                    0.6023446917533875
                ],
                [
                    0.0002601294545456767,
                    -0.00013607318396680057,
                    -0.08195342868566513,
                    0.996636152267456
                ]
            ]
        }
    },
    "inside": {}
}