{
    "nextto": {
        "shelf_iwziew_1": [
            [
                -2.0933189022541048,
                -1.1508416438102722,
                0
            ]
        ],
        "marshmallow_qtgehn_1": [
            [
                -2.345342894792557,
                -1.1508416438102722,
                0
            ]
        ],
        "cooler_pnkiag_1": [
            [
                -4.98019446849823,
                -2.8944795751571655,
                0
            ]
        ]
    },
    "ontop": {},
    "inside": {
        "marshmallow_qtgehn_1": {
            "cooler_pnkiag_1": [
                [
                    -3.123871088027954,
                    -2.407467842102051,
                    0.12935622036457062
                ],
                [
                    -0.009985226206481457,
                    -0.018336612731218338,
                    -0.00930747576057911,
                    0.9997386336326599
                ]
            ]
        }
    }
}