{"shelf_iwziew_1": [-2.0330991744995117, 16.527073860168457, 0], "vase_kjeudr_1": [-1.9856991195678713, 16.76407413482666, 0], "coffee_table_qlmqyy_0": [2.863220691680908, 12.586368560791016, 6.095424175262451], "desk_rzyfxk_1": [4.946847915649414, 17.28109359741211, 2.743675947189331], "textbook_nloqia_1": [4.497408318519593, 17.208154106140135, 0], "sofa_lugrhk_1": [-2.947899608612061, 19.7338743019104, 0], "booth_xzrpar_1": [-0.45165041923522986, 14.685124292373658, 0], "bowl_cypjlv_1": [0.5077493953704827, 14.685124292373658, 1.5707963267948966], "breakfast_table_dnsjnv_0": [-5.978733539581299, 14.56751823425293, 0.16192936897277832], "countertop_jveutp_0": [-3.4463298320770264, 10.912322044372559, 2.424837589263916], "armchair_bslhmj_0": [-6.9336748123168945, 22.506729125976562, 5.020961761474609], "armchair_vzhxuf_0": [-2.7567152976989746, 22.54851531982422, 0.029872655868530273], "bottom_cabinet_qacthv_0": [5.66670560836792, 12.083592414855957, 0.8503890037536621], "breakfast_table_skczfi_0": [1.2143537998199463, 13.742589950561523, 2.025362491607666], "breakfast_table_skczfi_1": [-4.726880073547363, 23.220230102539062, 5.198375701904297], "breakfast_table_skczfi_2": [-1.980830192565918, 22.033817291259766, 1.4045848846435547], "breakfast_table_uhrsex_0": [-0.45844972133636475, 12.312623023986816, 3.5970919132232666], "cedar_chest_fwstpx_0": [-1.0278533697128296, 11.297820091247559, 1.4805843830108643], "floor_lamp_jcbvfi_0": [4.448755741119385, 12.41607666015625, 5.419687747955322], "floor_lamp_vdxlda_0": [2.6501476764678955, 15.391349792480469, 2.0328736305236816], "floor_lamp_vdxlda_1": [-6.354352951049805, 17.296842575073242, 2.134117841720581], "floor_lamp_vdxlda_2": [-3.7364091873168945, 18.049211502075195, 4.9516921043396], "floor_lamp_vdxlda_3": [-2.249770402908325, 22.685609817504883, 5.292290210723877], "piano_bnxcvw_0": [-2.836134672164917, 18.577436447143555, 6.010076999664307], "shelf_owvfik_0": [-1.108333945274353, 10.922835350036621, 2.086106777191162], "shelf_owvfik_1": [1.3429116010665894, 15.937434196472168, 0.7717406749725342], "ottoman_miftfy_0": [-2.7994344234466553, 21.752365112304688, 1.2718430757522583], "straight_chair_amgwaw_0": [-2.8532919883728027, 19.034225463867188, 4.294683933258057], "straight_chair_dmcixv_0": [-5.351235389709473, 15.674562454223633, 2.9634037017822266], "straight_chair_dmcixv_1": [-6.696834564208984, 16.863187789916992, 6.031484127044678], "straight_chair_dmcixv_2": [-5.2858967781066895, 17.263351440429688, 4.850607395172119], "straight_chair_dmcixv_3": [-4.707573413848877, 17.697349548339844, 6.116535663604736], "straight_chair_dmcixv_4": [-4.87833833694458, 17.082517623901367, 5.299991607666016], "straight_chair_dmcixv_5": [-4.631415843963623, 16.927152633666992, 5.9759039878845215], "straight_chair_vkgbbl_0": [-0.02105945348739624, 12.259834289550781, 6.156858444213867], "straight_chair_vkgbbl_1": [1.4277572631835938, 12.792854309082031, 4.246160984039307], "straight_chair_vkgbbl_2": [-0.1400858759880066, 11.892064094543457, 4.893874645233154], "straight_chair_vkgbbl_3": [-0.11882126331329346, 11.757991790771484, 5.726451396942139], "swivel_chair_qtqitn_0": [4.782420635223389, 18.457977294921875, 2.2706313133239746], "bottom_cabinet_immwzb_0": [3.199557304382324, 16.726247787475586, 5.164475917816162], "bottom_cabinet_immwzb_1": [4.989119529724121, 16.00230598449707, 2.9509453773498535], "bottom_cabinet_nddvba_0": null, "bottom_cabinet_rvpunw_0": [-2.6477768421173096, 15.83269214630127, 3.346952438354492], "bottom_cabinet_slgzfc_0": [3.9604759216308594, 22.26154327392578, 4.648412704467773], "bottom_cabinet_no_top_pluwfl_0": [-1.5685902833938599, 15.17625904083252, 0.9425027370452881], "bottom_cabinet_no_top_qohxjq_0": [-0.17609289288520813, 15.700159072875977, 0.08652019500732422], "bottom_cabinet_no_top_qohxjq_1": [-0.7951375842094421, 13.47744083404541, 4.869986534118652], "bottom_cabinet_no_top_qudfwe_0": [-1.576059341430664, 14.025858879089355, 2.15783429145813], "bottom_cabinet_no_top_spojpj_0": [-3.2974891662597656, 14.278055191040039, 5.39540433883667], "bottom_cabinet_no_top_spojpj_1": [-4.404605865478516, 14.162196159362793, 6.014166355133057], "bottom_cabinet_no_top_spojpj_2": [-1.910151720046997, 12.050605773925781, 3.110062599182129], "bottom_cabinet_no_top_ufhpbn_0": [-2.8509528636932373, 13.790756225585938, 0.6494131088256836], "burner_pmntxh_0": [-1.9917103052139282, 12.575162887573242, 1.2667325735092163], "bush_cwsigt_0": [-5.6714606285095215, 8.731401443481445, 0.13315677642822266], "bush_cwsigt_1": [-4.846627712249756, 7.938131809234619, 4.7014617919921875], "bush_cwsigt_10": [1.0104204416275024, 29.517183303833008, 4.564378261566162], "bush_cwsigt_11": [-5.684658050537109, 25.644254684448242, 6.075846195220947], "bush_cwsigt_12": [-6.991953372955322, 23.932754516601562, 5.400600433349609], "bush_cwsigt_13": [-3.237321138381958, 23.85346031188965, 4.364872932434082], "bush_cwsigt_14": [-0.1851445436477661, 22.526159286499023, 1.9699130058288574], "bush_cwsigt_15": [3.651676893234253, 22.195127487182617, 2.2494606971740723], "bush_cwsigt_16": [4.090115070343018, 21.903085708618164, 3.6674885749816895], "bush_cwsigt_2": [-2.3891940116882324, 9.523279190063477, 3.484048366546631], "bush_cwsigt_3": [2.1800377368927, 8.27515697479248, 0.11084461212158203], "bush_cwsigt_4": [5.256516456604004, 8.358468055725098, 1.6066374778747559], "bush_cwsigt_5": [6.244036674499512, 9.35689640045166, 1.2664510011672974], "bush_cwsigt_6": [6.870899200439453, 10.661201477050781, 5.258496284484863], "bush_cwsigt_7": null, "bush_cwsigt_8": [-8.357730865478516, 11.120471954345703, 6.026153564453125], "bush_cwsigt_9": [-2.358414888381958, 29.266176223754883, 5.197521209716797], "bush_frqici_0": [-6.880002975463867, 30.53007698059082, 0.5831770896911621], "bush_knspbi_0": [2.9132933616638184, 8.147909164428711, 0.9207000732421875], "bush_knspbi_1": [4.641501426696777, 9.543859481811523, 6.010620594024658], "bush_knspbi_10": [-4.26413106918335, 1.5872918367385864, 5.076659202575684], "bush_knspbi_11": null, "bush_knspbi_12": [-9.757369995117188, 3.179574728012085, 5.90261697769165], "bush_knspbi_13": [-4.657435417175293, 2.7992734909057617, 1.9000307321548462], "bush_knspbi_2": [5.752664089202881, 8.956417083740234, 0.14186549186706543], "bush_knspbi_3": [-3.3951499462127686, 7.923229217529297, 1.750936508178711], "bush_knspbi_4": [-7.082368850708008, 11.46589469909668, 4.810636043548584], "bush_knspbi_5": [-9.414421081542969, 6.992517948150635, 4.983560562133789], "bush_knspbi_6": [-7.293923377990723, 6.607530117034912, 2.587751626968384], "bush_knspbi_7": [-5.895750522613525, 7.108432769775391, 5.395111083984375], "bush_knspbi_8": [-4.936946868896484, 6.36222505569458, 5.110684394836426], "bush_knspbi_9": [-3.559208631515503, 3.9477999210357666, 2.4305267333984375], "bush_kyghri_0": [-2.6780669689178467, 3.292642116546631, 1.881924033164978], "bush_kyghri_1": [-2.1231391429901123, 2.2156753540039062, 2.6836020946502686], "bush_kyghri_2": [-3.3287460803985596, 30.182418823242188, 4.044787406921387], "bush_kyghri_3": [0.49397599697113037, 29.2814884185791, 4.6986284255981445], "bush_kyghri_4": [-4.502219200134277, 24.000947952270508, 0.5025262832641602], "bush_kyghri_5": [-5.426641941070557, 24.668167114257812, 5.40177583694458], "bush_kyghri_6": [2.3634018898010254, 22.34952735900879, 4.996896266937256], "bush_kyghri_7": [1.2648541927337646, 23.656557083129883, 6.214847087860107], "bush_lfyqkj_0": [-5.580941200256348, 5.316423416137695, 5.654843330383301], "bush_lfyqkj_1": [-5.280398368835449, 2.952180862426758, 1.6879721879959106], "bush_lfyqkj_2": [-5.818081378936768, 1.1216936111450195, 5.675586700439453], "bush_lfyqkj_3": [-7.920924663543701, 2.3308541774749756, 5.642756462097168], "bush_lfyqkj_4": [-6.645510196685791, 1.4824588298797607, 1.8414413928985596], "bush_lfyqkj_5": null, "bush_lfyqkj_6": [-4.355187892913818, 5.950567722320557, 0.8005211353302002],