{
    "nextto": {
        "reception_desk_kjmhgc_1": [
            [
                -5.726394391059876,
                -5.026479353904724,
                0
            ]
        ],
        "mango_phdamg_1": [
            [
                -4.660394501686096,
                -4.813279376029969,
                0
            ]
        ],
        "shelf_iwziew_1": [
            [
                -6.028643757104874,
                -1.1591294705867767,
                0
            ]
        ],
        "tupperware_mkstwr_1": [
            [
                -6.028643757104874,
                -1.1591294705867767,
                0
            ]
        ],
        "cooler_pnkiag_1": [
            [
                -4.867343930006027,
                -0.5666295588016509,
                0
            ]
        ],
        "oven_wuinhm_0": [
            -5.943899154663086,
            -2.1409120559692383,
            0.19614458084106445
        ]
    },
    "ontop": {},
    "inside": {
        "tupperware_mkstwr_1": {
            "cooler_pnkiag_1": [
                [
                    -5.547841548919678,
                    -0.7227134108543396,
                    0.16119809448719025
                ],
                [
                    0.00039042270509526134,
                    -0.00328597379848361,
                    -0.1334146112203598,
                    0.9910547733306885
                ]
            ]
        }
    }
}