{
    "nextto": {
        "reception_desk_kjmhgc_1": [
            [
                -6.259394335746765,
                -6.412279210090637,
                0
            ]
        ],
        "soft_roll_jelruc_1": [
            [
                -6.04619435787201,
                -6.412279210090637,
                0
            ]
        ],
        "microwave_bfbeeb_0": [
            -6.621483325958252,
            -1.3481202125549316,
            0.20779871940612793
        ],
        "breakfast_table_dnsjnv_0": [
            -8.249469757080078,
            -0.19322235882282257,
            0.8333010673522949
        ]
    },
    "ontop": {
        "soft_roll_jelruc_1": {
            "breakfast_table_dnsjnv_0": [
                [
                    -8.847125053405762,
                    -1.701600432395935,
                    0.7721946239471436
                ],
                [
                    0.011964013800024986,
                    0.020135624334216118,
                    -0.02542700618505478,
                    0.9994022846221924
                ]
            ]
        }
    },
    "inside": {}
}