{
    "nextto": {
        "countertop_jveutp_0": [
            [
                -7.112194247245789,
                -4.4934794092178345,
                0
            ]
        ],
        "green_onion_ljynzg_1": [
            [
                -7.112194247245789,
                -4.4934794092178345,
                0
            ]
        ],
        "microwave_bfbeeb_0": [
            -7.102478981018066,
            -1.4882045984268188,
            0.25299859046936035
        ]
    },
    "ontop": {},
    "inside": {
        "green_onion_ljynzg_1": {
            "microwave_bfbeeb_0": [
                [
                    -5.981503009796143,
                    -1.805720567703247,
                    1.404021143913269
                ],
                [
                    0.062279194593429565,
                    -0.06208113580942154,
                    -0.13379088044166565,
                    0.9871004819869995
                ]
            ]
        }
    }
}