{
    "nextto": {
        "reception_desk_kjmhgc_1": [
            [
                -1.8374501514434816,
                14.685124292373658,
                0
            ]
        ],
        "kabob_vderrf_1": [
            [
                -0.8780503368377687,
                14.791724271774292,
                0
            ]
        ],
        "oven_wuinhm_0": [
            -1.0798410177230835,
            16.156789779663086,
            4.451527118682861
        ],
        "breakfast_table_dnsjnv_0": [
            -6.356666088104248,
            16.4261417388916,
            0.6559057235717773
        ]
    },
    "ontop": {
        "kabob_vderrf_1": {
            "breakfast_table_dnsjnv_0": [
                [
                    -4.990969181060791,
                    16.80858039855957,
                    0.7628138661384583
                ],
                [
                    -0.018188491463661194,
                    0.001104228664189577,
                    -0.17096030712127686,
                    0.9851093888282776
                ]
            ]
        }
    },
    "inside": {}
}