{
    "nextto": {
        "shelf_iwziew_1": [
            [
                1.6502036845684052,
                17.879488097429277,
                0
            ]
        ],
        "test_tube_apybok_1": [
            [
                1.6502036845684052,
                17.79548009991646,
                0
            ]
        ],
        "reception_desk_kjmhgc_1": [
            [
                -2.157250089645386,
                14.685124292373658,
                0
            ]
        ],
        "mixing_bowl_deudkt_1": [
            [
                -0.9846503162384036,
                14.685124292373658,
                0
            ]
        ],
        "desk_rzyfxk_1": [
            4.225116729736328,
            18.02022933959961,
            0.49836134910583496
        ]
    },
    "ontop": {
        "mixing_bowl_deudkt_1": {
            "desk_rzyfxk_1": [
                [
                    5.3189921379089355,
                    18.29529571533203,
                    0.830290675163269
                ],
                [
                    -1.578591763973236e-07,
                    1.0216754162684083e-06,
                    -0.0999148041009903,
                    0.9949959516525269
                ]
            ]
        }
    },
    "inside": {
        "test_tube_apybok_1": {
            "mixing_bowl_deudkt_1": [
                [
                    0.5663266181945801,
                    14.941842079162598,
                    0.8569875955581665
                ],
                [
                    -0.023450547829270363,
                    -0.4814821183681488,
                    0.7771532535552979,
                    0.4045466184616089
                ]
            ]
        }
    }
}