{
    "nextto": {
        "reception_desk_kjmhgc_1": [
            [
                -6.259394335746765,
                -6.412279210090637,
                0
            ]
        ],
        "lasagna_eovigz_1": [
            [
                -5.939594368934632,
                -5.026479353904724,
                0
            ]
        ],
        "oven_wuinhm_0": [
            -5.966169834136963,
            -2.8357462882995605,
            1.8541854619979858
        ]
    },
    "ontop": {},
    "inside": {
        "lasagna_eovigz_1": {
            "oven_wuinhm_0": [
                [
                    -5.673826694488525,
                    -1.5797797441482544,
                    0.43176132440567017
                ],
                [
                    -0.002899403916671872,
                    -0.0015922035090625286,
                    -0.0068763610906898975,
                    0.9999709725379944
                ]
            ]
        }
    }
}