{
    "nextto": {
        "breakfast_table_dnsjnv_0": [
            [
                -6.729599523544311,
                16.455071783065794,
                0
            ]
        ],
        "sugar_cookie_feirtr_1": [
            [
                -6.729599523544311,
                16.455071783065794,
                0
            ]
        ],
        "cooler_pnkiag_1": [
            [
                -3.7562497806549073,
                14.791724271774292,
                0
            ]
        ]
    },
    "ontop": {},
    "inside": {
        "sugar_cookie_feirtr_1": {
            "cooler_pnkiag_1": [
                [
                    -1.9776324033737183,
                    15.18537425994873,
                    0.10026023536920547
                ],
                [
                    0.005592213477939367,
                    -0.0019090947462245822,
                    0.022242864593863487,
                    0.9997351169586182
                ]
            ]
        }
    }
}