{
    "nextto": {
        "mop_bucket_xjzyfc_1": [
            [
                -1.0850980758666993,
                17.119574546813965,
                0
            ]
        ],
        "coffee_table_qlmqyy_1": [
            [
                -2.5314996147155764,
                21.295374279022216,
                0
            ]
        ],
        "table_lamp_ehjsdz_1": [
            [
                -2.4273996162414555,
                20.67077428817749,
                0
            ]
        ],
        "sofa_lugrhk_1": [
            [
                -3.6765995979309083,
                19.525674304962156,
                0
            ]
        ]
    },
    "ontop": {},
    "inside": {}
}