{"bath_towel_thmepr_1": [-2.3392958641052246, 3.1914968490600586, 0], "bar_soap_lyigsj_1": [-8.565744080543517, -0.46085409998893734, 0], "sink_ksecxq_1": [-8.447370529174805, -3.754885673522949, 1.6524441242218018], "armchair_vzhxuf_0": [-2.4553351402282715, 9.630816459655762, 5.458871364593506], "armchair_vzhxuf_1": [0.3246263861656189, 8.571823120117188, 1.448704481124878], "armchair_vzhxuf_2": [-1.561311960220337, 8.009577751159668, 1.4951403141021729], "armchair_vzhxuf_3": [-0.23395732045173645, 8.90396499633789, 0.3680245876312256], "bottom_cabinet_jhymlr_0": [-2.9154181480407715, -3.631596326828003, 0.33084964752197266], "bottom_cabinet_jhymlr_1": [-1.9917638301849365, 4.092043876647949, 5.981071949005127], "bottom_cabinet_jrhgeu_0": [-1.4439144134521484, 6.0000505447387695, 6.143030166625977], "bottom_cabinet_nddvba_0": [-7.234972953796387, -4.32528829574585, 0.6580078601837158], "bottom_cabinet_nddvba_1": [-7.035851001739502, -5.384686470031738, 5.697230815887451], "bottom_cabinet_slgzfc_0": [-2.5021719932556152, -3.6326377391815186, 5.567871570587158], "breakfast_table_skczfi_0": [-1.6342599391937256, 8.93236255645752, 5.627472877502441], "breakfast_table_skczfi_1": [1.1672711372375488, -0.02098146826028824, 2.482077121734619], "breakfast_table_uhrsex_0": [-0.6231111288070679, 10.438163757324219, 5.858791351318359], "floor_lamp_vdxlda_0": [-8.05235767364502, -3.0582633018493652, 0.07652759552001953], "floor_lamp_vdxlda_1": [-7.227423667907715, -7.147029399871826, 1.5521680116653442], "floor_lamp_vdxlda_2": [-2.6880836486816406, -6.051177024841309, 0.2350780963897705], "floor_lamp_vdxlda_3": [-2.994582176208496, -2.967930316925049, 5.638008117675781], "shelf_owvfik_0": [-3.66766619682312, 9.968360900878906, 5.971016883850098], "shelf_owvfik_1": null, "shelf_owvfik_2": [1.6482689380645752, 9.918550491333008, 6.093882083892822], "shelf_owvfik_3": [1.821919560432434, 9.902130126953125, 5.787676811218262], "shelf_owvfik_4": [-1.2858966588974, 5.8205461502075195, 5.5254058837890625], "shelf_owvfik_5": [-0.4105932414531708, 1.7725316286087036, 1.8872230052947998], "shelf_owvfik_6": [-1.140540361404419, -0.731245756149292, 5.260408401489258], "shelf_owvfik_7": [0.8469283580780029, -1.5373923778533936, 0.675635814666748], "table_lamp_xbfgjc_0": [-2.4871668815612793, 9.063854217529297, 2.0759377479553223], "bed_zrumze_0": [-8.601489067077637, -5.220085620880127, 5.310341835021973], "bed_zrumze_1": [0.34794339537620544, 1.1991252899169922, 4.943554878234863], "bed_zrumze_2": [1.7944014072418213, 2.2136917114257812, 3.3417162895202637], "bottom_cabinet_bamfsz_0": [-8.686861038208008, -2.7980690002441406, 1.9744651317596436], "bottom_cabinet_jhymlr_2": [0.7322629690170288, -1.8496801853179932, 5.655888080596924], "bottom_cabinet_kubcdk_0": [-9.571059226989746, 0.12630969285964966, 5.036954402923584], "bottom_cabinet_kubcdk_1": [-2.412445545196533, -7.406610488891602, 1.7235263586044312], "bottom_cabinet_kubcdk_2": [-2.536614418029785, -3.3803460597991943, 4.428703784942627], "bottom_cabinet_rvpunw_0": [1.8772326707839966, -4.491585731506348, 5.165462017059326], "bottom_cabinet_rvpunw_1": [1.4350746870040894, -3.2574782371520996, 5.567858695983887], "bottom_cabinet_no_top_pluwfl_0": [-9.449117660522461, -2.850961446762085, 5.886520862579346], "bottom_cabinet_no_top_pluwfl_1": [-11.112667083740234, -1.2321043014526367, 5.933740615844727], "countertop_tpuwys_0": [-10.312507629394531, -4.173623561859131, 3.0228803157806396], "countertop_tpuwys_1": [-10.692187309265137, -2.881387233734131, 3.5392274856567383], "countertop_tpuwys_2": null, "electric_switch_wseglt_0": [-4.625100612640381, -2.0505363941192627, 1.866284728050232], "electric_switch_wseglt_1": [1.910375952720642, 8.1309175491333, 4.43697452545166], "electric_switch_wseglt_10": [-6.042508602142334, -1.1507623195648193, 5.6660542488098145], "electric_switch_wseglt_11": [-8.103667259216309, -1.7891511917114258, 0.5171878337860107], "electric_switch_wseglt_12": [-8.275656700134277, -1.4237557649612427, 0.9920556545257568], "electric_switch_wseglt_13": [-3.0932352542877197, 2.953636646270752, 5.921342372894287], "electric_switch_wseglt_14": [-2.179553270339966, 3.321106433868408, 0.5134992599487305], "electric_switch_wseglt_15": [-1.7435863018035889, 1.8376857042312622, 5.818943500518799], "electric_switch_wseglt_2": [2.01007342338562, 5.970527172088623, 4.012275695800781], "electric_switch_wseglt_3": [-2.1928164958953857, 6.416234493255615, 5.700753211975098], "electric_switch_wseglt_4": [1.590757131576538, 5.882872104644775, 2.1663362979888916], "electric_switch_wseglt_5": [-1.384596824645996, 1.538443922996521, 1.3562394380569458], "electric_switch_wseglt_6": [-1.6391373872756958, 0.6818722486495972, 0.5118153095245361], "electric_switch_wseglt_7": [-1.6226378679275513, 0.40291768312454224, 1.6425702571868896], "electric_switch_wseglt_8": [-2.5819220542907715, -2.2253849506378174, 5.426605701446533], "electric_switch_wseglt_9": [-4.912292957305908, -2.481215000152588, 5.991374492645264], "mirror_pevdqu_0": [-10.222400665283203, -3.3428263664245605, 3.226010322570801], "mirror_pevdqu_1": [-7.424849987030029, -1.836647868156433, 0.6956925392150879], "mirror_pevdqu_2": [-2.402479410171509, -4.35697603225708, 1.7856042385101318], "mirror_pevdqu_3": [-3.6643154621124268, 4.150933742523193, 0.4681074619293213], "picture_cltbty_0": [-0.8940922617912292, -1.2423027753829956, 6.001299858093262], "picture_fhkzlm_0": [-2.8473544120788574, 8.300373077392578, 5.089303016662598], "picture_gwricv_0": [-2.155390977859497, -2.9571518898010254, 4.241110801696777], "picture_szpupz_0": [-2.3418173789978027, -5.181619167327881, 5.180996417999268], "picture_weqggl_0": [-7.924648761749268, -5.099747657775879, 5.81178617477417], "picture_yrgaal_0": [-7.260987281799316, -5.158131122589111, 1.7656917572021484], "picture_ytxhyl_0": [-0.3262016177177429, -1.5715049505233765, 2.8633084297180176], "shelf_njwsoa_0": [0.9450014233589172, -5.237116813659668, 4.171625137329102], "shelf_njwsoa_1": [0.6103922724723816, -3.2446470260620117, 1.1474491357803345], "shelf_owvfik_8": null, "shelf_vgzdul_0": [-8.740670204162598, 1.2299641370773315, 5.688562393188477], "shower_stall_invgma_0": [-10.69897747039795, 1.439992904663086, 5.504245758056641], "shower_stall_invgma_1": [-2.8056325912475586, 5.160302639007568, 5.927526473999023], "sink_ksecxq_0": [-9.86725902557373, -4.143197059631348, 0.8056952953338623], "sink_zexzrc_0": [-3.302083730697632, 5.310901641845703, 4.855434894561768], "sofa_qnnwfx_0": [-0.9841996431350708, -2.291133403778076, 2.241380453109741], "toilet_kfmkbm_0": [-11.10965633392334, 0.0864710658788681, 0.19101881980895996], "toilet_kfmkbm_1": [-2.2248926162719727, 5.593169689178467, 5.879624366760254], "top_cabinet_dmwxyl_0": null, "top_cabinet_dmwxyl_1": null, "top_cabinet_fqhdne_0": null, "towel_rack_kqrmrh_0": [-9.775772094726562, -0.7615587711334229, 5.841696739196777], "towel_rack_kqrmrh_1": [-1.4243277311325073, 4.181068420410156, 4.006458759307861], "towel_rack_kqrmrh_2": [-1.5842798948287964, 6.1108012199401855, 4.923603057861328], "Light_test": null, "robot0": null}