{"stand_dbskvf_1": [0.10847403109073639, -7.3701982498168945, 2.958314895629883], "projector_spedyw_1": [-0.75565603017807, -2.7564787864685054, 0], "desk_rzyfxk_1": [1.7027565240859985, -1.3282339572906494, 2.347378969192505], "headset_oytuam_1": [0.7540704965591429, -0.09973662257194518, 0], "shelf_iwziew_1": [0.34340611696243284, 3.988521325588226, 1.5707963267948966], "armchair_bslhmj_0": [-9.551856994628906, 4.070372104644775, 3.4473679065704346], "armchair_vzhxuf_0": [-7.622258186340332, 4.747544288635254, 2.0516960620880127], "bottom_cabinet_qacthv_0": [1.517674207687378, -5.657914161682129, 0.12862181663513184], "breakfast_table_dnsjnv_0": [-9.452337265014648, -3.088594436645508, 0.09315752983093262], "breakfast_table_skczfi_0": [-2.1204161643981934, -4.247802257537842, 5.213733673095703], "breakfast_table_skczfi_1": [-9.184435844421387, 6.29334020614624, 0.6242778301239014], "breakfast_table_skczfi_2": [-7.267560958862305, 4.7200727462768555, 6.049548625946045], "breakfast_table_uhrsex_0": [-3.9526174068450928, -6.434922695159912, 2.1401731967926025], "cedar_chest_fwstpx_0": [-5.510692596435547, -6.622452735900879, 5.697018146514893], "coffee_table_qlmqyy_0": [-1.3554222583770752, -5.391205310821533, 1.2627863883972168], "floor_lamp_jcbvfi_0": [-0.17207148671150208, -6.047202110290527, 5.959530353546143], "floor_lamp_vdxlda_0": [-2.3353586196899414, -1.8353462219238281, 0.7109150886535645], "floor_lamp_vdxlda_1": [-10.83715534210205, 0.10495290160179138, 0.2570009231567383], "floor_lamp_vdxlda_2": [-7.804267406463623, 0.13187333941459656, 2.8172101974487305], "floor_lamp_vdxlda_3": [-5.978862762451172, 5.852549076080322, 4.667633056640625], "piano_bnxcvw_0": [-6.1266679763793945, 1.923905849456787, 4.251823902130127], "shelf_owvfik_0": [-5.645569801330566, -5.563630104064941, 1.1224563121795654], "shelf_owvfik_1": [-0.9343718886375427, -2.243824005126953, 1.8645881414413452], "ottoman_miftfy_0": [-6.5291290283203125, 5.077507495880127, 4.535092353820801], "straight_chair_amgwaw_0": [-6.545654296875, 1.640741229057312, 2.4375805854797363], "straight_chair_dmcixv_0": null, "straight_chair_dmcixv_1": [-9.90432071685791, -0.5356162190437317, 6.188546657562256], "straight_chair_dmcixv_2": [-9.246413230895996, -0.1602051854133606, 4.689266681671143], "straight_chair_dmcixv_3": [-9.198050498962402, -0.7182825803756714, 5.890032768249512], "straight_chair_dmcixv_4": [-9.448885917663574, -1.2417325973510742, 5.729508876800537], "straight_chair_dmcixv_5": [-8.659796714782715, -1.0438411235809326, 4.63092041015625], "straight_chair_vkgbbl_0": [-4.071656703948975, -5.643341541290283, 0.5805716514587402], "straight_chair_vkgbbl_1": [-2.7394471168518066, -5.2777557373046875, 3.775639057159424], "straight_chair_vkgbbl_2": [-3.0860183238983154, -6.388522624969482, 2.247305154800415], "straight_chair_vkgbbl_3": [-3.5225820541381836, -5.635534763336182, 4.368181228637695], "swivel_chair_qtqitn_0": [-0.0993368923664093, 0.24736982583999634, 5.952144622802734], "bottom_cabinet_immwzb_0": null, "bottom_cabinet_immwzb_1": [1.5648002624511719, -0.8400114178657532, 3.3843111991882324], "bottom_cabinet_nddvba_0": [1.2240443229675293, -0.11040240526199341, 6.07720947265625], "bottom_cabinet_rvpunw_0": [-6.386044979095459, -2.46242618560791, 0.20668959617614746], "bottom_cabinet_slgzfc_0": [-0.7335253953933716, 2.8861851692199707, 6.143278121948242], "bottom_cabinet_no_top_pluwfl_0": [-4.986719131469727, -2.298968553543091, 3.7164056301116943], "bottom_cabinet_no_top_qohxjq_0": [-4.072782039642334, -0.8060600757598877, 4.2604570388793945], "bottom_cabinet_no_top_qohxjq_1": [-4.884265899658203, -4.426668167114258, 4.919943332672119], "bottom_cabinet_no_top_qudfwe_0": [-5.560227394104004, -4.642518520355225, 0.79205322265625], "bottom_cabinet_no_top_spojpj_0": [-7.696630954742432, -3.5250003337860107, 6.042019844055176], "bottom_cabinet_no_top_spojpj_1": [-7.945761203765869, -3.2962446212768555, 4.416565418243408], "bottom_cabinet_no_top_spojpj_2": [-6.919175148010254, -5.315720558166504, 0.7390046119689941], "bottom_cabinet_no_top_ufhpbn_0": [-6.16485595703125, -2.9604709148406982, 4.197815895080566], "burner_pmntxh_0": [-6.299733638763428, -4.970226287841797, 0.9315502643585205], "countertop_tpuwys_0": [-4.326051235198975, -2.1088292598724365, 4.758515357971191], "countertop_tpuwys_1": [-9.217022895812988, -5.234263896942139, 0.5051109790802002], "countertop_tpuwys_2": [-7.60823917388916, -4.7371392250061035, 6.142155647277832], "countertop_tpuwys_3": [-5.100041389465332, -5.655273914337158, 5.1584978103637695], "countertop_tpuwys_4": [-6.168798923492432, -5.7420220375061035, 1.459031105041504], "countertop_tpuwys_6": [-5.776096820831299, -4.8177900314331055, 0.20469141006469727], "countertop_tpuwys_7": [-10.193204879760742, 5.485522270202637, 4.14216423034668], "desk_rzyfxk_0": [0.7791974544525146, 1.8606568574905396, 2.8772757053375244], "dishwasher_znfvmj_0": [-6.929503917694092, -5.812718391418457, 0.8302974700927734], "clothes_dryer_zlmnfg_0": [1.0897077322006226, 2.6061649322509766, 0.42090368270874023], "electric_switch_wseglt_0": [-4.311827659606934, -1.5238533020019531, 0.9541614055633545], "electric_switch_wseglt_1": [-2.063913583755493, 1.9985425472259521, 1.7807382345199585], "electric_switch_wseglt_10": [-2.7737417221069336, -0.7899258136749268, 4.976757049560547], "electric_switch_wseglt_11": [-3.7601444721221924, -0.8104040026664734, 4.361344337463379], "electric_switch_wseglt_12": [-0.6670536994934082, 4.0998663902282715, 5.788400173187256], "electric_switch_wseglt_2": [-1.384863257408142, 2.479215383529663, 2.185488224029541], "electric_switch_wseglt_3": [-1.1720564365386963, 1.7184470891952515, 5.990218639373779], "electric_switch_wseglt_4": [-7.901994705200195, 0.9836045503616333, 3.088383197784424], "electric_switch_wseglt_5": [-2.694507598876953, -1.661312460899353, 1.1736844778060913], "electric_switch_wseglt_6": [-4.611169815063477, -1.531394124031067, 0.11075401306152344], "electric_switch_wseglt_7": [-8.543035507202148, 1.4708061218261719, 5.2741475105285645], "electric_switch_wseglt_8": [-4.024082183837891, 0.6544787287712097, 1.7994730472564697], "electric_switch_wseglt_9": [-2.1073853969573975, 2.4189040660858154, 5.8524169921875], "fridge_dszchb_0": [-6.3413238525390625, -1.6896264553070068, 0.15559601783752441], "microwave_bfbeeb_0": [-6.199027061462402, -1.0917327404022217, 6.072920799255371], "mirror_pevdqu_0": [-4.800764560699463, 4.25885009765625, 0.054262638092041016], "oven_wuinhm_0": [-7.0499773025512695, -1.1092636585235596, 5.150489330291748], "picture_fanvpf_0": [-8.5341157913208, 1.2664109468460083, 4.340203285217285], "picture_hhxttu_0": [-0.544388473033905, -1.2609105110168457, 5.981449604034424], "picture_jpfyrq_0": [-0.4756772518157959, -1.4911020994186401, 0.349933385848999], "picture_lucjyq_0": [-0.49475181102752686, 1.9336841106414795, 5.561425685882568], "picture_qjkajj_0": [-11.300450325012207, -0.4759514331817627, 5.368109226226807], "picture_qtvjzk_0": [-1.753989338874817, 2.7394654750823975, 1.4015802145004272], "picture_wfdvzv_0": [-4.063650131225586, 2.939418315887451, 0.24137210845947266], "rail_fence_qmsnld_0": [-2.5302302837371826, -2.283890962600708, 2.569368362426758], "shelf_njwsoa_0": [-1.5141170024871826, 0.12123754620552063, 2.315084218978882], "shelf_owvfik_2": null, "shelf_vgzdul_0": [1.7490670680999756, -1.6938519477844238, 5.001514434814453], "sink_czyfhq_0": [-8.0480375289917, -4.366787910461426, 0.1396653652191162], "sink_ksecxq_0": [-1.7842516899108887, 4.199305534362793, 2.84304141998291], "sink_zexzrc_0": null, "sofa_xhxdqf_0": [-4.575418472290039, -5.184656620025635, 5.862523555755615], "toilet_kfmkbm_0": [-2.281917095184326, 3.572450876235962, 2.8332464694976807], "top_cabinet_dmwxyl_0": [-5.009548664093018, -2.330132246017456, 1.4738914966583252], "top_cabinet_dmwxyl_1": null, "top_cabinet_dmwxyl_2": [-5.054211616516113, -5.751444339752197, 4.730895519256592], "top_cabinet_dmwxyl_3": null,