{
    "nextto": {
        "shelf_vgzdul_0": [
            [
                3.768515682220459,
                14.929726362228394,
                0
            ]
        ],
        "table_lamp_ehjsdz_1": [
            [
                3.768515682220459,
                14.929726362228394,
                0
            ]
        ],
        "desk_rzyfxk_1": [
            5.174702167510986,
            16.79595184326172,
            4.735304355621338
        ]
    },
    "ontop": {
        "table_lamp_ehjsdz_1": {
            "desk_rzyfxk_1": [
                [
                    5.343186855316162,
                    18.159549713134766,
                    1.2624056339263916
                ],
                [
                    7.365114288404584e-05,
                    5.18538654432632e-05,
                    -0.29360508918762207,
                    0.955926775932312
                ]
            ]
        }
    },
    "inside": {}
}