{"sink_czyfhq_0": [-2.7393031120300293, 12.419729232788086, 5.686988353729248], "water_glass_lvqgvn_1": [-3.4958739280700684, 12.317741394042969, 5.861291408538818], "breakfast_table_dnsjnv_0": [-6.343509674072266, 15.595488548278809, 1.0457704067230225], "bowl_cypjlv_1": [-5.53759970664978, 15.188571977615355, 0], "coffee_table_qlmqyy_1": [-1.5945996284484867, 22.960974254608153, 0], "countertop_jveutp_0": [-2.538059949874878, 12.300760269165039, 1.62962806224823], "armchair_bslhmj_0": [-6.919844150543213, 23.190893173217773, 5.08384895324707], "armchair_vzhxuf_0": [-3.8694565296173096, 22.796173095703125, 4.809351921081543], "bottom_cabinet_qacthv_0": null, "breakfast_table_skczfi_0": [0.9661573171615601, 13.827006340026855, 5.398324966430664], "breakfast_table_skczfi_1": [-4.842740058898926, 24.042339324951172, 2.662677526473999], "breakfast_table_skczfi_2": [-2.920527458190918, 21.838787078857422, 1.4484152793884277], "breakfast_table_uhrsex_0": [0.6536154747009277, 11.643227577209473, 5.412508487701416], "cedar_chest_fwstpx_0": null, "coffee_table_qlmqyy_0": [2.71284818649292, 13.8882474899292, 0.29601478576660156], "floor_lamp_jcbvfi_0": [4.152128219604492, 11.785652160644531, 6.24760627746582], "floor_lamp_vdxlda_0": [1.9531288146972656, 15.825766563415527, 5.090604782104492], "floor_lamp_vdxlda_1": [-7.230525493621826, 17.95684242248535, 0.44405364990234375], "floor_lamp_vdxlda_2": [-3.712998628616333, 19.005016326904297, 4.937013149261475], "floor_lamp_vdxlda_3": [-2.2251789569854736, 22.90869140625, 1.400344729423523], "piano_bnxcvw_0": [-1.7570316791534424, 18.68233871459961, 0.6798291206359863], "shelf_owvfik_0": [-0.9608949422836304, 12.022918701171875, 4.727327823638916], "shelf_owvfik_1": [1.1285295486450195, 15.93198299407959, 6.267558574676514], "ottoman_miftfy_0": [-2.4549899101257324, 21.92474365234375, 2.6166844367980957], "straight_chair_amgwaw_0": [-3.7232022285461426, 19.33591651916504, 5.183868408203125], "straight_chair_dmcixv_0": [-5.677340507507324, 15.984017372131348, 4.016822338104248], "straight_chair_dmcixv_1": [-5.628911972045898, 16.49742889404297, 3.9864954948425293], "straight_chair_dmcixv_2": [-5.738800048828125, 17.43049430847168, 1.2881971597671509], "straight_chair_dmcixv_3": [-5.248353004455566, 17.7623348236084, 5.31248664855957], "straight_chair_dmcixv_4": [-4.2989301681518555, 16.80159568786621, 5.21802282333374], "straight_chair_dmcixv_5": [-4.344212055206299, 16.441570281982422, 4.308310031890869], "straight_chair_vkgbbl_0": [0.8882606625556946, 12.171616554260254, 1.7809165716171265], "straight_chair_vkgbbl_1": [1.1506294012069702, 12.727916717529297, 0.7174813747406006], "straight_chair_vkgbbl_2": [-0.019196584820747375, 11.333172798156738, 1.936922311782837], "straight_chair_vkgbbl_3": [0.462776243686676, 11.950754165649414, 4.534253120422363], "swivel_chair_qtqitn_0": [5.079531192779541, 18.78382682800293, 4.940071105957031], "bottom_cabinet_immwzb_0": [3.5324573516845703, 16.086105346679688, 2.4179720878601074], "bottom_cabinet_immwzb_1": [5.713138103485107, 15.489948272705078, 5.3949737548828125], "bottom_cabinet_nddvba_0": [5.733986854553223, 17.795055389404297, 3.859323501586914], "bottom_cabinet_rvpunw_0": [-3.0814170837402344, 15.559996604919434, 0.843400239944458], "bottom_cabinet_slgzfc_0": [3.2738780975341797, 20.60548210144043, 1.268877387046814], "bottom_cabinet_no_top_pluwfl_0": [-1.979507327079773, 15.885534286499023, 2.017019271850586], "bottom_cabinet_no_top_qohxjq_0": [0.1598758101463318, 15.950667381286621, 5.575133800506592], "bottom_cabinet_no_top_qohxjq_1": [-1.547049880027771, 13.96065902709961, 0.6742467880249023], "bottom_cabinet_no_top_qudfwe_0": [-2.0194079875946045, 13.385464668273926, 5.688526153564453], "bottom_cabinet_no_top_spojpj_0": [-3.6250226497650146, 12.940351486206055, 1.4241787195205688], "bottom_cabinet_no_top_spojpj_1": [-3.276425361633301, 13.057699203491211, 1.230075478553772], "bottom_cabinet_no_top_spojpj_2": null, "bottom_cabinet_no_top_ufhpbn_0": [-3.0311007499694824, 14.284136772155762, 0.06263041496276855], "burner_pmntxh_0": [-1.7084535360336304, 12.641425132751465, 1.169810175895691], "bush_cwsigt_0": [-5.232359886169434, 8.98198413848877, 0.7205755710601807], "bush_cwsigt_1": [-4.9518208503723145, 8.256070137023926, 5.980928897857666], "bush_cwsigt_10": [-1.0627763271331787, 29.17363929748535, 1.2984634637832642], "bush_cwsigt_11": null, "bush_cwsigt_12": [-7.213684558868408, 23.375917434692383, 0.7887930870056152], "bush_cwsigt_13": [-2.5806753635406494, 22.489334106445312, 1.3690452575683594], "bush_cwsigt_14": [1.2325670719146729, 22.555892944335938, 0.6731045246124268], "bush_cwsigt_15": [1.3615500926971436, 22.093416213989258, 1.4302330017089844], "bush_cwsigt_16": [4.361210823059082, 21.865968704223633, 1.4768067598342896], "bush_cwsigt_2": [-1.2748059034347534, 9.192718505859375, 3.936357259750366], "bush_cwsigt_3": [2.0488717555999756, 8.976061820983887, 0.12226557731628418], "bush_cwsigt_4": [3.6581931114196777, 10.118185997009277, 5.2001237869262695], "bush_cwsigt_5": null, "bush_cwsigt_6": [5.13444709777832, 10.308594703674316, 5.0156755447387695], "bush_cwsigt_7": [-8.284737586975098, 12.29782485961914, 5.346337795257568], "bush_cwsigt_8": [-9.094788551330566, 11.682271003723145, 0.4173741340637207], "bush_cwsigt_9": [-2.898435354232788, 29.799072265625, 1.2256312370300293], "bush_frqici_0": [-9.253114700317383, 22.38002586364746, 0.8964061737060547], "bush_knspbi_0": [2.7530150413513184, 9.674662590026855, 4.379670143127441], "bush_knspbi_1": null, "bush_knspbi_10": [-4.045313835144043, 1.80617356300354, 4.341253757476807], "bush_knspbi_11": [-5.907622337341309, 1.9050803184509277, 5.805360794067383], "bush_knspbi_12": [-8.61215591430664, 2.589540958404541, 0.30299830436706543], "bush_knspbi_13": [-4.6939802169799805, 2.9313371181488037, 1.4730024337768555], "bush_knspbi_2": [6.19179105758667, 9.694060325622559, 4.787891387939453], "bush_knspbi_3": [-3.097905158996582, 9.816024780273438, 4.35670280456543], "bush_knspbi_4": [-8.41951847076416, 10.916299819946289, 6.031134605407715], "bush_knspbi_5": [-9.428760528564453, 6.29493522644043, 0.15316176414489746], "bush_knspbi_6": [-8.454940795898438, 7.169029235839844, 4.771303176879883], "bush_knspbi_7": [-6.52807092666626, 6.4751996994018555, 6.068159103393555], "bush_knspbi_8": [-4.988720417022705, 5.485568523406982, 2.846832513809204], "bush_knspbi_9": [-4.519864559173584, 4.526088714599609, 0.5231759548187256], "bush_kyghri_0": [-2.7779226303100586, 2.116394281387329, 5.553324222564697], "bush_kyghri_1": [-4.1341681480407715, 2.8189876079559326, 5.1031317710876465], "bush_kyghri_2": [-2.43070912361145, 30.304244995117188, 2.1312408447265625], "bush_kyghri_3": [1.019147515296936, 29.424104690551758, 0.3926818370819092], "bush_kyghri_4": [-4.171083927154541, 23.787939071655273, 1.5643941164016724], "bush_kyghri_5": [-4.850216388702393, 23.331567764282227, 0.7187168598175049], "bush_kyghri_6": [1.0355103015899658, 23.465303421020508, 6.021925449371338], "bush_kyghri_7": [1.3593850135803223, 23.253644943237305, 6.018406391143799], "bush_lfyqkj_0": [-3.470062494277954, 4.660404682159424, 2.04896879196167], "bush_lfyqkj_1": [-4.787829875946045, 2.7666025161743164, 5.145603656768799], "bush_lfyqkj_2": [-5.961726188659668, 0.9960124492645264, 3.579033374786377], "bush_lfyqkj_3": [-6.0628790855407715, 2.083919048309326, 6.092421054840088], "bush_lfyqkj_4": null, "bush_lfyqkj_5": [-8.56362533569336, 1.06134831905365, 1.260650634765625], "bush_lfyqkj_6": [-4.681006908416748, 5.195414066314697, 3.483865976333618], "bush_lfyqkj_7": [-6.5666823387146, 6.36713171005249, 5.12644624710083], "bush_lfyqkj_8": [-7.609188556671143, 6.049904823303223, 6.018510818481445], "bush_lfyqkj_9": [-8.346694946289062, 5.922230243682861, 3.0382497310638428], "countertop_tpuwys_0": [-2.864511728286743, 15.719833374023438, 0.13869833946228027],