{
    "nextto": {
        "pedestal_table_oqclwq_1": [
            [
                -2.524695873260498,
                4.365696907043457,
                0
            ]
        ],
        "lemon_hoghjl_1": [
            [
                -2.0302958488464355,
                3.8094968795776367,
                0
            ]
        ],
        "cooler_pnkiag_1": [
            [
                2.0930543684959413,
                7.9954453206062315,
                0
            ]
        ]
    },
    "ontop": {},
    "inside": {
        "lemon_hoghjl_1": {
            "cooler_pnkiag_1": [
                [
                    1.9382028579711914,
                    6.803050518035889,
                    0.13247691094875336
                ],
                [
                    -0.03208177536725998,
                    -0.02458798885345459,
                    -0.022780369967222214,
                    0.9989230036735535
                ]
            ]
        }
    }
}