{
    "nextto": {
        "shelf_iwziew_1": [
            [
                2.0930543684959413,
                6.417646124362945,
                0
            ]
        ],
        "water_bottle_ackxiy_1": [
            [
                2.0930543684959413,
                6.417646124362945,
                0
            ]
        ],
        "pedestal_table_oqclwq_1": [
            [
                -2.3746464610099793,
                6.462246608734131,
                0
            ]
        ],
        "cooler_pnkiag_1": [
            -6.4472784996032715,
            -2.1758780479431152,
            5.9523162841796875
        ]
    },
    "ontop": {
        "water_bottle_ackxiy_1": {
            "pedestal_table_oqclwq_1": [
                [
                    -0.925347626209259,
                    7.068894863128662,
                    0.5860538482666016
                ],
                [
                    0.004882690031081438,
                    0.004483535885810852,
                    -0.010786325670778751,
                    0.9999198317527771
                ]
            ]
        }
    },
    "inside": {}
}