{
    "nextto": {
        "reception_desk_kjmhgc_1": [
            [
                -6.259394335746765,
                -6.412279210090637,
                0
            ]
        ],
        "parsley_okmcfy_1": [
            [
                -5.619794402122498,
                -5.026479353904724,
                0
            ]
        ],
        "microwave_bfbeeb_0": [
            -6.069562911987305,
            -2.618833541870117,
            1.610946536064148
        ],
        "breakfast_table_dnsjnv_0": [
            -8.486169815063477,
            1.1045793294906616,
            3.5065250396728516
        ]
    },
    "ontop": {
        "parsley_okmcfy_1": {
            "breakfast_table_dnsjnv_0": [
                [
                    -9.097221374511719,
                    -0.4310469627380371,
                    0.7628793120384216
                ],
                [
                    -0.00972813367843628,
                    0.17454156279563904,
                    -0.012129023671150208,
                    0.9845271110534668
                ]
            ]
        }
    },
    "inside": {}
}