{
    "nextto": {
        "shelf_vgzdul_0": [
            [
                3.856619682312012,
                15.105934362411498,
                0
            ]
        ],
        "projector_spedyw_1": [
            [
                3.856619682312012,
                15.105934362411498,
                0
            ]
        ],
        "coffee_table_qlmqyy_1": [
            [
                -2.4273996162414555,
                19.7338743019104,
                0
            ]
        ],
        "paperback_book_dbmzmo_1": [
            [
                -2.115099620819092,
                19.525674304962156,
                0
            ]
        ],
        "desk_rzyfxk_1": [
            3.9686903953552246,
            17.816001892089844,
            5.788651943206787
        ]
    },
    "ontop": {
        "paperback_book_dbmzmo_1": {
            "desk_rzyfxk_1": [
                [
                    5.415277481079102,
                    18.099750518798828,
                    0.7945550084114075
                ],
                [
                    -0.07273935526609421,
                    0.058085888624191284,
                    -0.20791295170783997,
                    0.973707914352417
                ]
            ]
        }
    },
    "inside": {}
}