{
    "nextto": {
        "toy_car_dgnnin_1": [
            [
                -2.3746464610099793,
                6.462246608734131,
                0
            ]
        ],
        "coffee_table_qlmqyy_1": [
            [
                -1.2342959368228912,
                -2.537703585624695,
                0
            ]
        ],
        "pizza_box_hvaucj_1": [
            [
                -1.068295933008194,
                -2.537703585624695,
                0
            ]
        ],
        "electric_fan_qqphyr_1": [
            [
                -0.9852959311008453,
                -4.363703627586364,
                0
            ]
        ],
        "desk_cnewsu_1": [
            [
                -1.155945846736431,
                -1.1192540919780731,
                0
            ]
        ],
        "shelf_owvfik_3": [
            2.87668514251709,
            8.559869766235352,
            1.9070179462432861
        ]
    },
    "ontop": {
        "toy_car_dgnnin_1": {
            "shelf_owvfik_3": [
                [
                    2.499950647354126,
                    8.901534080505371,
                    0.7799882888793945
                ],
                [
                    0.008428256958723068,
                    0.004578812513500452,
                    0.9980962872505188,
                    -0.060925066471099854
                ]
            ]
        },
        "pizza_box_hvaucj_1": {
            "desk_cnewsu_1": [
                [
                    0.5943679213523865,
                    -0.3293343186378479,
                    0.8351279497146606
                ],
                [
                    -0.00022396119311451912,
                    0.0005571004003286362,
                    -0.039997849613428116,
                    0.9991996884346008
                ]
            ]
        }
    },
    "inside": {}
}