{
    "nextto": {
        "shelf_iwziew_1": [
            [
                -6.028643757104874,
                -1.1591294705867767,
                0
            ]
        ],
        "saucepan_fsinsu_1": [
            [
                -6.028643757104874,
                -1.1591294705867767,
                0
            ]
        ],
        "cooler_pnkiag_1": [
            [
                -4.98019446849823,
                -2.787879586219787,
                0
            ]
        ],
        "reception_desk_kjmhgc_1": [
            [
                -1.647684459388256,
                2.6343469619750977,
                0
            ]
        ]
    },
    "ontop": {
        "saucepan_fsinsu_1": {
            "reception_desk_kjmhgc_1": [
                [
                    0.3120255470275879,
                    3.102091073989868,
                    0.8393573760986328
                ],
                [
                    -0.002736477879807353,
                    0.0005311103886924684,
                    -0.10150756686925888,
                    0.9948309063911438
                ]
            ]
        }
    },
    "inside": {}
}