{
    "nextto": {
        "reception_desk_kjmhgc_1": [
            [
                -3.2232498836517336,
                14.791724271774292,
                0
            ]
        ],
        "zucchini_udvfaz_1": [
            [
                -2.7968499660491943,
                14.685124292373658,
                0
            ]
        ],
        "toaster_oven_ctrngh_1": [
            [
                -2.157250089645386,
                15.111524209976196,
                0
            ]
        ],
        "breakfast_table_dnsjnv_0": [
            -6.644458770751953,
            16.899145126342773,
            0.36955857276916504
        ]
    },
    "ontop": {
        "zucchini_udvfaz_1": {
            "breakfast_table_dnsjnv_0": [
                [
                    -5.242089748382568,
                    17.57277488708496,
                    0.7796895503997803
                ],
                [
                    0.6767813563346863,
                    -0.3614334464073181,
                    -0.31919002532958984,
                    0.5562828779220581
                ]
            ]
        }
    },
    "inside": {}
}