{
    "nextto": {
        "reception_desk_kjmhgc_1": [
            [
                -6.259394335746765,
                -6.412279210090637,
                0
            ]
        ],
        "chicken_wing_maxyok_1": [
            [
                -6.259394335746765,
                -6.412279210090637,
                0
            ]
        ],
        "microwave_bfbeeb_0": [
            -6.829052925109863,
            -1.650503158569336,
            5.124149799346924
        ]
    },
    "ontop": {},
    "inside": {
        "chicken_wing_maxyok_1": {
            "microwave_bfbeeb_0": [
                [
                    -5.850143909454346,
                    -1.7626276016235352,
                    1.4149341583251953
                ],
                [
                    0.003662422299385071,
                    0.022630048915743828,
                    -0.030746256932616234,
                    0.9992642998695374
                ]
            ]
        }
    }
}