{"projector_spedyw_1": [0.010704091787337972, -4.778703637123107, 0], "water_bottle_ackxiy_1": [2.0930543684959413, 6.417646124362945, 0], "table_lamp_ehjsdz_1": [-6.5504458713531495, -6.123054618835449, 0], "armchair_vzhxuf_0": [-1.6544591188430786, 9.123025894165039, 3.770277976989746], "armchair_vzhxuf_1": [0.2756805419921875, 9.524032592773438, 4.08988094329834], "armchair_vzhxuf_2": [-2.3229026794433594, 7.783268451690674, 5.455250263214111], "armchair_vzhxuf_3": [-0.5560992956161499, 9.609786987304688, 5.555004119873047], "bottom_cabinet_jhymlr_0": [-2.719184160232544, -3.3557353019714355, 5.836637496948242], "bottom_cabinet_jhymlr_1": [-1.3031278848648071, 4.2292327880859375, 5.664477348327637], "bottom_cabinet_jrhgeu_0": [0.3954150676727295, 6.314009666442871, 3.4424049854278564], "bottom_cabinet_nddvba_0": [-7.201266765594482, -2.5324342250823975, 4.304821491241455], "bottom_cabinet_nddvba_1": [-7.598804473876953, -6.244846820831299, 5.449453353881836], "bottom_cabinet_slgzfc_0": [-3.7683746814727783, -3.3543782234191895, 5.471776485443115], "breakfast_table_skczfi_0": [-2.7022573947906494, 8.874961853027344, 0.8042807579040527], "breakfast_table_skczfi_1": [1.8216462135314941, 0.14245261251926422, 5.355854034423828], "breakfast_table_uhrsex_0": [-2.054184913635254, 9.805607795715332, 5.879693508148193], "floor_lamp_vdxlda_0": [-7.029151439666748, -3.3616960048675537, 2.8850648403167725], "floor_lamp_vdxlda_1": [-6.9952287673950195, -7.063530921936035, 2.355093479156494], "floor_lamp_vdxlda_2": [-3.0913851261138916, -5.855130195617676, 0.46248912811279297], "floor_lamp_vdxlda_3": [-3.2340917587280273, -3.3549904823303223, 5.870213031768799], "shelf_owvfik_0": [-2.0999515056610107, 9.944242477416992, 5.9492411613464355], "shelf_owvfik_1": [-2.0918211936950684, 9.916884422302246, 3.691547393798828], "shelf_owvfik_2": [2.0672316551208496, 9.830506324768066, 5.038362503051758], "shelf_owvfik_3": [2.062232494354248, 8.523143768310547, 5.362788200378418], "shelf_owvfik_4": [0.31879669427871704, 6.236972332000732, 0.1216592788696289], "shelf_owvfik_5": [-0.9548238515853882, 1.6230905055999756, 0.42510485649108887], "shelf_owvfik_6": [0.5738279819488525, -0.8643542528152466, 4.056310176849365], "shelf_owvfik_7": [0.40747469663619995, -1.5242246389389038, 3.7361578941345215], "table_lamp_xbfgjc_0": [-2.386483907699585, 9.813436508178711, 4.971054553985596], "bed_zrumze_0": null, "bed_zrumze_1": [2.6995046138763428, 2.4886345863342285, 4.112521648406982], "bed_zrumze_2": [0.382693350315094, -0.10928689688444138, 3.0771191120147705], "bottom_cabinet_bamfsz_0": [-7.99653959274292, -2.689526319503784, 4.928027629852295], "bottom_cabinet_jhymlr_2": [1.0250587463378906, -5.765195369720459, 2.263612747192383], "bottom_cabinet_kubcdk_0": [-9.01452350616455, 0.4477044641971588, 2.080512762069702], "bottom_cabinet_kubcdk_1": [-3.282404661178589, -5.939813137054443, 4.643204212188721], "bottom_cabinet_kubcdk_2": [-2.3713817596435547, -2.191237688064575, 5.123672962188721], "bottom_cabinet_rvpunw_0": [2.3310470581054688, -5.146790504455566, 3.2072925567626953], "bottom_cabinet_rvpunw_1": [1.7127102613449097, -2.999802350997925, 4.533432483673096], "bottom_cabinet_no_top_pluwfl_0": [-10.333088874816895, -2.715205669403076, 1.9103251695632935], "bottom_cabinet_no_top_pluwfl_1": [-11.02798843383789, -1.1579339504241943, 5.681695461273193], "countertop_tpuwys_0": [-10.482505798339844, -1.621500015258789, 1.955142855644226], "countertop_tpuwys_1": [-9.854671478271484, -2.366297483444214, 5.056118488311768], "countertop_tpuwys_2": null, "electric_switch_wseglt_0": [-4.791164875030518, -1.2843513488769531, 4.66020393371582], "electric_switch_wseglt_1": [2.140603542327881, 7.6226806640625, 2.436492681503296], "electric_switch_wseglt_10": [-5.875118732452393, -1.548334002494812, 0.2418820858001709], "electric_switch_wseglt_11": [-7.589623928070068, -1.0370497703552246, 4.96720027923584], "electric_switch_wseglt_12": [-8.146724700927734, -1.4592738151550293, 2.0586130619049072], "electric_switch_wseglt_13": [-2.6860594749450684, 2.7151412963867188, 2.4058444499969482], "electric_switch_wseglt_14": [-1.7466249465942383, 3.6892271041870117, 3.562161922454834], "electric_switch_wseglt_15": [-1.2491414546966553, 1.8945722579956055, 3.618692636489868], "electric_switch_wseglt_2": [1.7478662729263306, 5.64558744430542, 0.6465990543365479], "electric_switch_wseglt_3": [-1.486835241317749, 6.316465377807617, 3.801363945007324], "electric_switch_wseglt_4": [1.3057316541671753, 6.480754375457764, 5.21420431137085], "electric_switch_wseglt_5": [-1.5496119260787964, 1.6121063232421875, 0.5564830303192139], "electric_switch_wseglt_6": [-1.2304625511169434, 0.4485100209712982, 2.4323952198028564], "electric_switch_wseglt_7": [-2.216620445251465, 0.061560243368148804, 0.855471134185791], "electric_switch_wseglt_8": [-2.2911601066589355, -1.9345414638519287, 4.748929977416992], "electric_switch_wseglt_9": [-4.849010944366455, -2.613485336303711, 0.3886525630950928], "mirror_pevdqu_0": [-8.367477416992188, -3.425929307937622, 0.9016046524047852], "mirror_pevdqu_1": [-6.30465841293335, -1.518933653831482, 2.9183554649353027], "mirror_pevdqu_2": [-2.429021120071411, -4.829253673553467, 1.4026854038238525], "mirror_pevdqu_3": [-4.066070556640625, 4.068650722503662, 0.7171409130096436], "picture_cltbty_0": [0.2622368335723877, -1.6145124435424805, 2.033064603805542], "picture_fhkzlm_0": [-2.787055253982544, 5.837799072265625, 1.3528692722320557], "picture_gwricv_0": [-2.538344621658325, -3.2257943153381348, 5.075925350189209], "picture_szpupz_0": [-2.726996660232544, -5.563923358917236, 0.9229309558868408], "picture_weqggl_0": [-7.203878879547119, -5.337189197540283, 2.6215789318084717], "picture_yrgaal_0": [-7.546464920043945, -4.048253536224365, 5.246785640716553], "picture_ytxhyl_0": [-1.9387925863265991, -1.209369421005249, 5.225411891937256], "shelf_njwsoa_0": null, "shelf_njwsoa_1": [1.263689637184143, -3.8373353481292725, 0.9239358901977539], "shelf_owvfik_8": null, "shelf_vgzdul_0": null, "shower_stall_invgma_0": [-10.180652618408203, -1.717575192451477, 0.22575855255126953], "shower_stall_invgma_1": [-3.5677850246429443, 3.8241629600524902, 2.26855206489563], "sink_ksecxq_0": [-8.562000274658203, -3.153593063354492, 5.041738986968994], "sink_ksecxq_1": [-7.122949123382568, -2.726900339126587, 4.4926605224609375], "sink_zexzrc_0": [-2.6228222846984863, 2.4203784465789795, 1.9222079515457153], "sofa_qnnwfx_0": [-3.134754180908203, -3.219001531600952, 0.5858335494995117], "toilet_kfmkbm_0": [-10.945494651794434, 0.23716753721237183, 3.9183154106140137], "toilet_kfmkbm_1": [-0.6295062303543091, 5.591883659362793, 0.25460338592529297], "top_cabinet_dmwxyl_0": [-11.054998397827148, 0.9074884653091431, 3.9778568744659424], "top_cabinet_dmwxyl_1": [-0.7823764681816101, 4.64484167098999, 2.339021921157837], "top_cabinet_fqhdne_0": null, "towel_rack_kqrmrh_0": [-8.758321762084961, -0.13975627720355988, 3.3129425048828125], "towel_rack_kqrmrh_1": [-1.3638052940368652, 3.636054515838623, 2.4320244789123535], "towel_rack_kqrmrh_2": [-1.405767560005188, 5.910342693328857, 1.7189472913742065], "Light_test": null, "robot0": null}