{"doll_fhdgrp_1": [-0.3887959092855453, 3.258996043205261, 0], "notebook_aanuhi_1": [-8.565744080543517, -0.11975410342216487, 0], "desk_cnewsu_1": [-2.3746464610099793, 6.462246608734131, 0], "armchair_vzhxuf_0": null, "armchair_vzhxuf_1": [-0.1477382481098175, 8.445507049560547, 1.8456343412399292], "armchair_vzhxuf_2": [-2.416626214981079, 7.681929588317871, 6.27170991897583], "armchair_vzhxuf_3": [-0.6372818946838379, 8.861959457397461, 2.6310298442840576], "bottom_cabinet_jhymlr_0": [-2.190347909927368, -4.386547565460205, 1.4282443523406982], "bottom_cabinet_jhymlr_1": [-1.5835005044937134, 4.913949012756348, 5.824016094207764], "bottom_cabinet_jrhgeu_0": [-0.4587485194206238, 5.524952411651611, 1.3866935968399048], "bottom_cabinet_nddvba_0": [-6.797644138336182, -3.539226531982422, 0.13108539581298828], "bottom_cabinet_nddvba_1": [-7.461893558502197, -6.141629695892334, 3.2830801010131836], "bottom_cabinet_slgzfc_0": [-3.3493077754974365, -3.3593573570251465, 4.696858882904053], "breakfast_table_skczfi_0": [-2.8958077430725098, 7.92997932434082, 6.097001552581787], "breakfast_table_skczfi_1": [1.454481840133667, 0.32296374440193176, 2.2778773307800293], "breakfast_table_uhrsex_0": [0.8376504182815552, 8.71595287322998, 0.8326389789581299], "floor_lamp_vdxlda_0": [-6.970530033111572, -3.575500011444092, 1.7895017862319946], "floor_lamp_vdxlda_1": [-7.202729225158691, -6.325306415557861, 0.410402774810791], "floor_lamp_vdxlda_2": [-2.573002338409424, -6.5461835861206055, 1.6430275440216064], "floor_lamp_vdxlda_3": [-2.592339277267456, -2.8941400051116943, 4.674490451812744], "shelf_owvfik_0": [-2.663322687149048, 9.382255554199219, 6.166536808013916], "shelf_owvfik_1": [-1.0734039545059204, 9.832942962646484, 6.070952892303467], "shelf_owvfik_2": [1.4319379329681396, 10.005108833312988, 3.112793445587158], "shelf_owvfik_3": [1.8362374305725098, 9.83862018585205, 5.934959411621094], "shelf_owvfik_4": null, "shelf_owvfik_5": [0.5107721090316772, 1.8227018117904663, 3.3742072582244873], "shelf_owvfik_6": [-0.6885389685630798, -0.5892163515090942, 5.471364498138428], "shelf_owvfik_7": [0.7478939890861511, -1.791869878768921, 1.688158631324768], "table_lamp_xbfgjc_0": [-2.6871731281280518, 9.769510269165039, 1.1933438777923584], "bed_zrumze_0": [-4.720288276672363, -5.623490333557129, 0.2720985412597656], "bed_zrumze_1": [2.313154458999634, 4.042403697967529, 4.867468357086182], "bed_zrumze_2": [2.9394497871398926, 0.47266241908073425, 1.7923393249511719], "bottom_cabinet_bamfsz_0": [-8.316932678222656, -3.049736976623535, 0.00781702995300293], "bottom_cabinet_jhymlr_2": [0.5754129886627197, -4.318010330200195, 1.7928026914596558], "bottom_cabinet_kubcdk_0": [-8.956425666809082, 1.115278959274292, 4.159127712249756], "bottom_cabinet_kubcdk_1": [-2.908475637435913, -6.0565619468688965, 0.8442530632019043], "bottom_cabinet_kubcdk_2": null, "bottom_cabinet_rvpunw_0": [1.0654568672180176, -5.808475494384766, 6.105712413787842], "bottom_cabinet_rvpunw_1": [2.022308349609375, -2.69923734664917, 4.644815444946289], "bottom_cabinet_no_top_pluwfl_0": [-9.796113967895508, -4.126493453979492, 1.7294851541519165], "bottom_cabinet_no_top_pluwfl_1": [-11.476682662963867, -1.2340362071990967, 6.02960205078125], "countertop_tpuwys_0": [-10.98305892944336, -0.39047014713287354, 4.753015041351318], "countertop_tpuwys_1": [-11.185526847839355, -3.5294997692108154, 1.3268990516662598], "countertop_tpuwys_2": null, "electric_switch_wseglt_0": [-4.854231357574463, -1.818171501159668, 1.4870933294296265], "electric_switch_wseglt_1": [1.3596324920654297, 7.787406921386719, 0.14260506629943848], "electric_switch_wseglt_10": [-5.891488552093506, -1.192671298980713, 5.345577239990234], "electric_switch_wseglt_11": [-7.559257507324219, -1.6286227703094482, 2.074021100997925], "electric_switch_wseglt_12": [-8.245158195495605, -1.143648386001587, 4.921737194061279], "electric_switch_wseglt_13": [-2.9868886470794678, 2.66705322265625, 1.5149333477020264], "electric_switch_wseglt_14": [-2.5670418739318848, 3.5153160095214844, 6.23187255859375], "electric_switch_wseglt_15": [-1.649102807044983, 1.0420637130737305, 1.5820671319961548], "electric_switch_wseglt_2": [1.6374216079711914, 5.343316555023193, 1.047229528427124], "electric_switch_wseglt_3": [-2.0047647953033447, 6.648857116699219, 5.32956075668335], "electric_switch_wseglt_4": [1.816447138786316, 6.489105224609375, 3.8109161853790283], "electric_switch_wseglt_5": [-1.4014153480529785, 1.5695602893829346, 1.2343621253967285], "electric_switch_wseglt_6": [-1.7578985691070557, 0.5700991153717041, 0.6987547874450684], "electric_switch_wseglt_7": [-1.9583790302276611, 0.4198055863380432, 0.44358086585998535], "electric_switch_wseglt_8": [-2.215919256210327, -2.788722276687622, 1.9352246522903442], "electric_switch_wseglt_9": [-4.534538745880127, -2.2636561393737793, 4.065515995025635], "mirror_pevdqu_0": [-6.567807674407959, -3.6071858406066895, 1.5977331399917603], "mirror_pevdqu_1": [-6.540285110473633, -1.4773192405700684, 6.05818510055542], "mirror_pevdqu_2": [-2.648833990097046, -4.793948173522949, 1.135737657546997], "mirror_pevdqu_3": null, "picture_cltbty_0": [1.0106217861175537, -1.2122808694839478, 5.034720420837402], "picture_fhkzlm_0": [-2.9913864135742188, 8.288773536682129, 5.424504280090332], "picture_gwricv_0": [-2.211108922958374, -4.3716607093811035, 4.065463066101074], "picture_szpupz_0": [-2.2296929359436035, -6.690738677978516, 1.6771008968353271], "picture_weqggl_0": [-7.952446937561035, -4.887993335723877, 6.164271831512451], "picture_yrgaal_0": [-7.138662338256836, -3.9927384853363037, 2.6711387634277344], "picture_ytxhyl_0": [-0.6901253461837769, -1.3713140487670898, 3.9522435665130615], "shelf_njwsoa_0": [1.1273317337036133, -5.314233303070068, 3.05566668510437], "shelf_njwsoa_1": null, "shelf_owvfik_8": null, "shelf_vgzdul_0": [-10.116445541381836, 0.13623714447021484, 1.6562902927398682], "shower_stall_invgma_0": null, "shower_stall_invgma_1": [-2.419029474258423, 6.204641819000244, 4.632359027862549], "sink_ksecxq_0": [-10.230018615722656, -2.6347129344940186, 5.364968776702881], "sink_ksecxq_1": [-7.370364189147949, -3.294297695159912, 4.2752251625061035], "sink_zexzrc_0": [-2.557093620300293, 4.621026992797852, 3.9903156757354736], "sofa_qnnwfx_0": [-0.8637610673904419, -3.2120347023010254, 5.032125473022461], "toilet_kfmkbm_0": [-10.212646484375, 0.45870915055274963, 1.5216419696807861], "toilet_kfmkbm_1": [-2.1857516765594482, 5.706775188446045, 5.883886337280273], "top_cabinet_dmwxyl_0": [-10.793766975402832, 0.5618920922279358, 1.5927079916000366], "top_cabinet_dmwxyl_1": [-1.0073273181915283, 5.570709228515625, 4.581123352050781], "top_cabinet_fqhdne_0": null, "towel_rack_kqrmrh_0": [-8.3839693069458, -0.14496830105781555, 3.9240357875823975], "towel_rack_kqrmrh_1": [-1.9958583116531372, 4.011399745941162, 0.6854395866394043], "towel_rack_kqrmrh_2": [-0.7378962635993958, 5.834661960601807, 1.4466862678527832], "Light_test": null, "robot0": null}