{
    "nextto": {
        "shelf_iwziew_1": [
            [
                -5.128043891191482,
                -0.5666295588016509,
                0
            ]
        ],
        "wicker_basket_unasxd_1": [
            [
                -5.128043891191482,
                -0.5666295588016509,
                0
            ]
        ],
        "breakfast_table_dnsjnv_0": [
            -9.54610824584961,
            1.527906894683838,
            5.723706245422363
        ],
        "microwave_bfbeeb_0": [
            -6.453657627105713,
            -3.015408992767334,
            1.0081818103790283
        ]
    },
    "ontop": {
        "wicker_basket_unasxd_1": {
            "breakfast_table_dnsjnv_0": [
                [
                    -8.989912033081055,
                    -1.0924619436264038,
                    0.8318701386451721
                ],
                [
                    0.006170345935970545,
                    -0.00012313011393416673,
                    -0.04905178025364876,
                    0.9987770915031433
                ]
            ]
        }
    },
    "inside": {}
}