{
    "nextto": {
        "reception_desk_kjmhgc_1": [
            [
                -1.8374501514434816,
                14.685124292373658,
                0
            ]
        ],
        "teapot_mvrhya_1": [
            [
                -1.8374501514434816,
                14.685124292373658,
                0
            ]
        ],
        "coffee_maker_fwlabx_1": [
            [
                -2.157250089645386,
                15.111524209976196,
                0
            ]
        ],
        "pedestal_table_oqclwq_1": [
            [
                -6.80409951210022,
                15.486571931838988,
                0
            ]
        ]
    },
    "ontop": {
        "teapot_mvrhya_1": {
            "pedestal_table_oqclwq_1": [
                [
                    -6.357510566711426,
                    17.193063735961914,
                    0.5158569812774658
                ],
                [
                    0.001967612886801362,
                    0.007533215451985598,
                    -0.002446856815367937,
                    0.9999667406082153
                ]
            ]
        }
    },
    "inside": {}
}