{
    "nextto": {
        "coffee_table_qlmqyy_1": [
            [
                -6.631144046783448,
                3.7132722282409665,
                0
            ]
        ],
        "cherry_lkltpa_1": [
            [
                -6.214744052886963,
                3.08867223739624,
                0
            ]
        ],
        "cooler_pnkiag_1": [
            [
                -4.98019446849823,
                -3.0010795640945434,
                0
            ]
        ],
        "coffee_maker_fwlabx_1": [
            [
                -1.540591411292553,
                2.7414400100708005,
                0
            ]
        ]
    },
    "ontop": {},
    "inside": {
        "cherry_lkltpa_1": {
            "cooler_pnkiag_1": [
                [
                    -3.290781021118164,
                    -3.594881772994995,
                    0.099939726293087
                ],
                [
                    -0.14736762642860413,
                    0.04571779817342758,
                    -0.0027529289945960045,
                    0.9880208373069763
                ]
            ]
        }
    }
}