{
    "nextto": {
        "reception_desk_kjmhgc_1": [
            [
                -7.218794236183167,
                -2.8944795751571655,
                0
            ]
        ],
        "broccoli_wsxavx_1": [
            [
                -6.898994269371033,
                -2.6812795972824097,
                0
            ]
        ],
        "electric_cauldron_qmdgct_1": [
            [
                -4.766994490623474,
                -4.600079398155213,
                0
            ]
        ],
        "breakfast_table_dnsjnv_0": [
            -8.601532936096191,
            -2.9565436840057373,
            3.4189724922180176
        ]
    },
    "ontop": {
        "broccoli_wsxavx_1": {
            "breakfast_table_dnsjnv_0": [
                [
                    -9.131084442138672,
                    -1.431032419204712,
                    0.7528146505355835
                ],
                [
                    -0.6862339973449707,
                    -0.6999080777168274,
                    -0.05462287366390228,
                    0.19033589959144592
                ]
            ]
        }
    },
    "inside": {}
}