{
    "nextto": {
        "reception_desk_kjmhgc_1": [
            [
                -4.98019446849823,
                -3.0010795640945434,
                0
            ]
        ],
        "bacon_ioogif_1": [
            [
                -4.553794512748719,
                -3.0010795640945434,
                0
            ]
        ],
        "stove_kfhkqp_1": [
            [
                -7.751794180870056,
                -2.3614796304702756,
                0
            ]
        ],
        "pedestal_table_oqclwq_1": [
            [
                -10.799643750190734,
                -2.8701288652420045,
                0
            ]
        ],
        "plate_qtfzeq_1": [
            [
                -10.501643834114075,
                -2.7956288862228393,
                0
            ]
        ]
    },
    "ontop": {
        "bacon_ioogif_1": {
            "plate_qtfzeq_1": [
                [
                    -8.8710298538208,
                    -2.5272414684295654,
                    0.48172178864479065
                ],
                [
                    -0.023520484566688538,
                    -0.052641913294792175,
                    -0.07864133268594742,
                    0.9952340722084045
                ]
            ]
        }
    },
    "inside": {}
}