{
    "nextto": {
        "reception_desk_kjmhgc_1": [
            [
                -5.619794402122498,
                -3.0010795640945434,
                0
            ]
        ],
        "zucchini_udvfaz_1": [
            [
                -5.2999944353103645,
                -3.0010795640945434,
                0
            ]
        ],
        "sugar_cookie_dough_qewbbb_1": [
            [
                -5.086794457435608,
                -2.468079619407654,
                0
            ]
        ],
        "burner_pmntxh_0": [
            -7.7102370262146,
            -3.2881600856781006,
            5.123959541320801
        ],
        "breakfast_table_dnsjnv_0": [
            -8.765633583068848,
            -3.2764151096343994,
            1.506155014038086
        ]
    },
    "ontop": {
        "zucchini_udvfaz_1": {
            "breakfast_table_dnsjnv_0": [
                [
                    -9.001776695251465,
                    -0.7665748596191406,
                    0.7771902680397034
                ],
                [
                    0.5689420700073242,
                    -0.4336974024772644,
                    0.31719568371772766,
                    0.6225740313529968
                ]
            ]
        }
    },
    "inside": {}
}