{
    "nextto": {
        "desk_rzyfxk_1": [
            [
                3.803836464881897,
                17.39731006622314,
                0
            ]
        ],
        "laptop_sngiih_1": [
            [
                3.803836464881897,
                17.39731006622314,
                0
            ]
        ],
        "coffee_table_qlmqyy_0": [
            3.138913869857788,
            12.715306282043457,
            5.3849334716796875
        ]
    },
    "ontop": {
        "laptop_sngiih_1": {
            "coffee_table_qlmqyy_0": [
                [
                    2.930975914001465,
                    13.48411750793457,
                    0.41042694449424744
                ],
                [
                    -0.00033268576953560114,
                    -0.0005924265133216977,
                    -0.03409917280077934,
                    0.9994182586669922
                ]
            ]
        }
    },
    "inside": {}
}