{
    "nextto": {
        "printer_kqzshp_1": [
            [
                -1.8941133451461791,
                0.15247136235237121,
                0
            ]
        ],
        "shelf_iwziew_1": [
            [
                -6.028643757104874,
                -1.1591294705867767,
                0
            ]
        ],
        "letter_igvnic_1": [
            [
                -6.028643757104874,
                -1.1591294705867767,
                0
            ]
        ],
        "desk_rzyfxk_1": [
            1.273336410522461,
            -1.1446655988693237,
            4.012847423553467
        ]
    },
    "ontop": {
        "letter_igvnic_1": {
            "desk_rzyfxk_1": [
                [
                    1.3990235328674316,
                    0.8586921691894531,
                    0.781438410282135
                ],
                [
                    1.2552240150398575e-05,
                    8.579075370107603e-07,
                    -0.07220643758773804,
                    0.9973897337913513
                ]
            ]
        }
    },
    "inside": {}
}