{
    "nextto": {
        "reception_desk_kjmhgc_1": [
            [
                -1.8374501514434816,
                14.685124292373658,
                0
            ]
        ],
        "parsley_okmcfy_1": [
            [
                -0.34505043983459494,
                14.045524415969847,
                0
            ]
        ],
        "tea_bag_kmvcrb_1": [
            [
                -0.8780503368377687,
                15.111524209976196,
                0
            ]
        ],
        "cooler_pnkiag_1": [
            [
                -0.9846503162384036,
                14.685124292373658,
                0
            ]
        ],
        "breakfast_table_dnsjnv_0": [
            -4.385884761810303,
            16.813505172729492,
            5.770631790161133
        ]
    },
    "ontop": {
        "tea_bag_kmvcrb_1": {
            "breakfast_table_dnsjnv_0": [
                [
                    -4.847720623016357,
                    16.798967361450195,
                    0.7685230374336243
                ],
                [
                    -0.00033675189479254186,
                    0.020837856456637383,
                    -0.002188890241086483,
                    0.9997803568840027
                ]
            ]
        }
    },
    "inside": {
        "parsley_okmcfy_1": {
            "cooler_pnkiag_1": [
                [
                    0.6270948648452759,
                    13.87430477142334,
                    0.11450684815645218
                ],
                [
                    -0.017215803265571594,
                    0.17709192633628845,
                    -0.008686937391757965,
                    0.9840055108070374
                ]
            ]
        }
    }
}