{
    "nextto": {
        "reception_desk_kjmhgc_1": [
            [
                -0.9846503162384036,
                14.685124292373658,
                0
            ]
        ],
        "casserole_ncbsee_1": [
            [
                -0.6648503780364993,
                14.791724271774292,
                0
            ]
        ],
        "breakfast_table_dnsjnv_0": [
            -5.107683181762695,
            18.568422317504883,
            0.3417975902557373
        ]
    },
    "ontop": {
        "casserole_ncbsee_1": {
            "breakfast_table_dnsjnv_0": [
                [
                    -5.085424423217773,
                    16.63736343383789,
                    0.7945789694786072
                ],
                [
                    0.0006997417658567429,
                    -0.00013455410953611135,
                    -0.17139382660388947,
                    0.9852023720741272
                ]
            ]
        }
    },
    "inside": {}
}