{
    "nextto": {
        "reception_desk_kjmhgc_1": [
            [
                -2.157250089645386,
                14.685124292373658,
                0
            ]
        ],
        "lasagna_eovigz_1": [
            [
                -1.5176502132415772,
                15.111524209976196,
                0
            ]
        ],
        "microwave_bfbeeb_0": [
            -1.4726903438568115,
            15.303385734558105,
            1.0797593593597412
        ],
        "breakfast_table_dnsjnv_0": [
            -5.976191997528076,
            17.41242790222168,
            3.947779417037964
        ]
    },
    "ontop": {
        "lasagna_eovigz_1": {
            "breakfast_table_dnsjnv_0": [
                [
                    -5.212216854095459,
                    17.012489318847656,
                    0.7565581202507019
                ],
                [
                    -0.009802528657019138,
                    5.0564296543598175e-05,
                    -0.005137069616466761,
                    0.9999387860298157
                ]
            ]
        }
    },
    "inside": {}
}