{
    "nextto": {
        "conference_table_hdomxc_1": [
            [
                -2.341528031826019,
                -1.7873347854614252,
                0
            ]
        ],
        "brownie_vqgqja_1": [
            [
                -0.8437600302696228,
                -2.932686786651611,
                0
            ]
        ],
        "cooler_pnkiag_1": [
            [
                -4.873594479560852,
                -3.0010795640945434,
                0
            ]
        ]
    },
    "ontop": {},
    "inside": {
        "brownie_vqgqja_1": {
            "cooler_pnkiag_1": [
                [
                    -3.2206315994262695,
                    -2.4250125885009766,
                    0.1181524246931076
                ],
                [
                    0.012000255286693573,
                    0.012298633344471455,
                    -0.0059781912714242935,
                    0.999834418296814
                ]
            ]
        }
    }
}