{"sandal_chgcrm_1": [-2.45274561882019, -0.6567533826828001, 0], "sandal_chgcrm_2": [-2.45274561882019, -1.1673533964157106, 0], "magazine_ymfwaz_1": [-2.062495962381363, -1.1729038512706758, 0], "eames_chair_mmqvnh_1": [-4.427346143722534, -5.112054748535156, 0], "armchair_vzhxuf_0": [-1.955745816230774, 8.9534273147583, 5.597525119781494], "armchair_vzhxuf_1": [-0.5134413242340088, 9.09770393371582, 0.2894423007965088], "armchair_vzhxuf_2": [-1.7985879182815552, 8.500767707824707, 5.687394142150879], "armchair_vzhxuf_3": [-0.4397205114364624, 8.84555435180664, 0.5017893314361572], "bottom_cabinet_jhymlr_0": [-3.166588306427002, -4.952584266662598, 1.5417450666427612], "bottom_cabinet_jhymlr_1": [-1.4306488037109375, 4.872781753540039, 4.685821056365967], "bottom_cabinet_jrhgeu_0": [0.39431414008140564, 6.331118106842041, 3.2609806060791016], "bottom_cabinet_nddvba_0": [-6.8855133056640625, -2.5757620334625244, 4.184210777282715], "bottom_cabinet_nddvba_1": [-6.9825439453125, -5.951227188110352, 6.181805610656738], "bottom_cabinet_slgzfc_0": [-2.3991289138793945, -4.063973903656006, 1.8747358322143555], "breakfast_table_skczfi_0": [-1.7984360456466675, 8.840757369995117, 1.699788212776184], "breakfast_table_skczfi_1": [1.6275405883789062, 0.413764089345932, 3.1071317195892334], "breakfast_table_uhrsex_0": [0.3776281476020813, 10.010282516479492, 1.8474376201629639], "floor_lamp_vdxlda_0": [-7.06611967086792, -2.9180216789245605, 0.2690739631652832], "floor_lamp_vdxlda_1": [-7.050027370452881, -6.681095123291016, 1.6575928926467896], "floor_lamp_vdxlda_2": [-2.286900758743286, -5.8723907470703125, 3.6055338382720947], "floor_lamp_vdxlda_3": [-2.991314649581909, -3.309199810028076, 6.122992038726807], "shelf_owvfik_0": [-3.0965161323547363, 9.636746406555176, 1.5791670083999634], "shelf_owvfik_1": [-1.7733581066131592, 9.201826095581055, 1.5110535621643066], "shelf_owvfik_2": [0.49718737602233887, 9.304044723510742, 1.1600407361984253], "shelf_owvfik_3": [2.530735969543457, 9.895852088928223, 3.8545517921447754], "shelf_owvfik_4": [-0.9882922768592834, 5.852849006652832, 3.5473146438598633], "shelf_owvfik_5": [-0.20555132627487183, 2.1923539638519287, 5.891072750091553], "shelf_owvfik_6": [-0.9023680686950684, -1.4353737831115723, 5.98138952255249], "shelf_owvfik_7": [-0.34393686056137085, -1.1717349290847778, 5.893569469451904], "table_lamp_xbfgjc_0": [-2.921661138534546, 10.38746452331543, 5.281069755554199], "bed_zrumze_0": [-3.898879289627075, -3.9194564819335938, 4.45553731918335], "bed_zrumze_1": [0.8348616361618042, 1.0252256393432617, 5.739602088928223], "bed_zrumze_2": [1.4126672744750977, -0.05326501280069351, 6.118590354919434], "bottom_cabinet_bamfsz_0": [-7.697605609893799, -2.933091402053833, 2.644392728805542], "bottom_cabinet_jhymlr_2": [0.9599747657775879, -2.388589859008789, 2.0316576957702637], "bottom_cabinet_kubcdk_0": [-9.741623878479004, 0.15058410167694092, 5.497057914733887], "bottom_cabinet_kubcdk_1": [-3.5934135913848877, -6.546098709106445, 0.3186795711517334], "bottom_cabinet_kubcdk_2": [-2.769517183303833, -2.25559139251709, 0.3765382766723633], "bottom_cabinet_rvpunw_0": [1.3679485321044922, -6.0334954261779785, 1.7220702171325684], "bottom_cabinet_rvpunw_1": [0.828923225402832, -3.4915690422058105, 0.24007296562194824], "bottom_cabinet_no_top_pluwfl_0": [-10.043425559997559, -2.4083075523376465, 5.5477728843688965], "bottom_cabinet_no_top_pluwfl_1": [-10.758430480957031, -1.4761179685592651, 0.5047852993011475], "countertop_tpuwys_0": [-11.228466033935547, -3.400064706802368, 2.343946933746338], "countertop_tpuwys_1": [-10.473644256591797, -3.622668504714966, 6.2142014503479], "countertop_tpuwys_2": null, "electric_switch_wseglt_0": [-4.993832111358643, -1.5423481464385986, 5.953799247741699], "electric_switch_wseglt_1": [1.985339641571045, 7.978754043579102, 3.4225914478302], "electric_switch_wseglt_10": [-5.436003684997559, -1.7050970792770386, 2.129523754119873], "electric_switch_wseglt_11": [-7.621531009674072, -1.4029043912887573, 4.762630462646484], "electric_switch_wseglt_12": [-8.01756763458252, -1.3963321447372437, 2.989185333251953], "electric_switch_wseglt_13": [-2.870887279510498, 2.2711191177368164, 1.5886400938034058], "electric_switch_wseglt_14": [-2.133890390396118, 3.3162219524383545, 1.0178062915802002], "electric_switch_wseglt_15": [-1.6000770330429077, 1.1909654140472412, 1.6487616300582886], "electric_switch_wseglt_2": [1.6762512922286987, 6.195889472961426, 5.226842403411865], "electric_switch_wseglt_3": [-1.6284699440002441, 5.766864776611328, 1.8694732189178467], "electric_switch_wseglt_4": [1.5243070125579834, 6.208950996398926, 3.330118417739868], "electric_switch_wseglt_5": [-1.5319346189498901, 1.4424753189086914, 1.4504789113998413], "electric_switch_wseglt_6": [-1.952773094177246, 0.28586629033088684, 0.6702866554260254], "electric_switch_wseglt_7": [-1.8257123231887817, 0.9209518432617188, 4.817514896392822], "electric_switch_wseglt_8": [-2.838036060333252, -2.3315041065216064, 6.2009429931640625], "electric_switch_wseglt_9": [-4.5874924659729, -2.376690626144409, 4.247253894805908], "mirror_pevdqu_0": null, "mirror_pevdqu_1": [-6.044896602630615, -1.8495856523513794, 2.206596851348877], "mirror_pevdqu_2": [-2.6096019744873047, -4.813845157623291, 0.526320219039917], "mirror_pevdqu_3": [-3.5786447525024414, 4.356060981750488, 4.103637218475342], "picture_cltbty_0": [-0.7113370895385742, -1.5049495697021484, 2.283529281616211], "picture_fhkzlm_0": [-2.9355952739715576, 7.0282697677612305, 0.4894230365753174], "picture_gwricv_0": [-2.4429128170013428, -4.035285949707031, 0.5821442604064941], "picture_szpupz_0": [-2.2816715240478516, -5.83836030960083, 4.644375801086426], "picture_weqggl_0": [-7.065578460693359, -5.429074764251709, 4.085625171661377], "picture_yrgaal_0": [-7.677032470703125, -4.234130382537842, 0.8106930255889893], "picture_ytxhyl_0": [-0.9903239011764526, -1.6909370422363281, 0.9503018856048584], "shelf_njwsoa_0": [2.0237388610839844, -4.753565311431885, 4.725592613220215], "shelf_njwsoa_1": [1.200934886932373, -2.1223106384277344, 1.6019456386566162], "shelf_owvfik_8": [-7.93025016784668, -1.3230262994766235, 6.174371242523193], "shelf_vgzdul_0": [-8.812362670898438, 1.1791574954986572, 6.051252365112305], "shower_stall_invgma_0": [-10.590012550354004, -2.850876569747925, 1.5703656673431396], "shower_stall_invgma_1": [-2.9105730056762695, 5.990656852722168, 5.487179756164551], "sink_ksecxq_0": [-9.118870735168457, -3.922818422317505, 1.8523601293563843], "sink_ksecxq_1": [-7.708487033843994, -3.481062650680542, 4.186290740966797], "sink_zexzrc_0": [-2.8724818229675293, 3.7997188568115234, 5.100829124450684], "sofa_qnnwfx_0": [-1.5220927000045776, -1.3940268754959106, 4.976536273956299], "toilet_kfmkbm_0": [-11.300780296325684, 0.3475978672504425, 5.968948841094971], "toilet_kfmkbm_1": [-0.9014822840690613, 5.156707763671875, 0.40827417373657227], "top_cabinet_dmwxyl_0": [-11.009322166442871, -0.642454981803894, 1.2213045358657837], "top_cabinet_dmwxyl_1": null, "top_cabinet_fqhdne_0": null, "towel_rack_kqrmrh_0": [-8.91999340057373, -1.534362554550171, 1.8188661336898804], "towel_rack_kqrmrh_1": [-1.617621660232544, 4.957916259765625, 4.836765289306641], "towel_rack_kqrmrh_2": [-1.1270159482955933, 5.752892017364502, 0.5820438861846924], "Light_test": null, "robot0": null}