{
    "nextto": {
        "desk_rzyfxk_1": [
            [
                3.7407844781875608,
                18.0278299331665,
                0
            ]
        ],
        "folder_wauyns_1": [
            [
                3.7407844781875608,
                18.0278299331665,
                0
            ]
        ],
        "space_heater_kxzqpr_1": [
            [
                3.1733165979385376,
                17.082050132751462,
                0
            ]
        ],
        "shelf_iwziew_1": [
            [
                0.2018603515625,
                17.826759490966797,
                0
            ]
        ]
    },
    "ontop": {
        "folder_wauyns_1": {
            "shelf_iwziew_1": [
                [
                    0.7618898749351501,
                    17.309614181518555,
                    0.509779155254364
                ],
                [
                    -1.6508620319655165e-05,
                    -0.0005099417176097631,
                    -0.032892078161239624,
                    0.9994587898254395
                ]
            ]
        }
    },
    "inside": {}
}