{"coffee_table_qlmqyy_0": [3.3467204570770264, 13.9332914352417, 0.9361546039581299], "projector_spedyw_1": [2.0064356803894046, 13.079542360305785, 0], "straight_chair_gxzrim_1": [3.1733165979385376, 17.39731006622314, 0], "shelf_njwsoa_0": [1.4966583251953125, 15.16372013092041, 0.8102953433990479], "sofa_lugrhk_1": [-2.947899608612061, 19.7338743019104, 0], "countertop_jveutp_0": [-3.4601171016693115, 12.700096130371094, 1.6513546705245972], "armchair_bslhmj_0": [-6.755146026611328, 22.098346710205078, 1.873137354850769], "armchair_vzhxuf_0": [-3.705099582672119, 23.417400360107422, 0.3505246639251709], "bottom_cabinet_qacthv_0": [5.674667835235596, 12.350163459777832, 0.5953149795532227], "breakfast_table_dnsjnv_0": [-3.964555025100708, 15.554914474487305, 1.7898908853530884], "breakfast_table_skczfi_0": [2.8213841915130615, 13.90799331665039, 3.6731324195861816], "breakfast_table_skczfi_1": [-2.5814387798309326, 23.494949340820312, 4.5821027755737305], "breakfast_table_skczfi_2": [-2.2129509449005127, 21.896953582763672, 1.148518681526184], "breakfast_table_uhrsex_0": [1.7640756368637085, 11.719770431518555, 0.7847080230712891], "cedar_chest_fwstpx_0": [-1.8319758176803589, 11.294395446777344, 4.797714710235596], "floor_lamp_jcbvfi_0": [4.178110122680664, 12.72531509399414, 5.128098487854004], "floor_lamp_vdxlda_0": [2.4734270572662354, 15.586872100830078, 1.5912950038909912], "floor_lamp_vdxlda_1": [-6.7870683670043945, 18.283048629760742, 3.4236090183258057], "floor_lamp_vdxlda_2": [-3.563504457473755, 17.689422607421875, 1.874300241470337], "floor_lamp_vdxlda_3": [-1.9174011945724487, 22.233684539794922, 1.1726441383361816], "piano_bnxcvw_0": [-2.322556972503662, 19.131799697875977, 2.4242923259735107], "shelf_owvfik_0": [-1.020251989364624, 11.932958602905273, 5.00359582901001], "shelf_owvfik_1": [4.875425815582275, 16.02948570251465, 4.465019226074219], "ottoman_miftfy_0": [-3.2401957511901855, 23.438465118408203, 4.779404163360596], "straight_chair_amgwaw_0": [-3.200901746749878, 18.779199600219727, 0.4335498809814453], "straight_chair_dmcixv_0": [-5.79146146774292, 16.50107192993164, 0.29303932189941406], "straight_chair_dmcixv_1": [-6.132840633392334, 16.10174560546875, 0.3429226875305176], "straight_chair_dmcixv_2": [-6.21415901184082, 17.012880325317383, 1.5334621667861938], "straight_chair_dmcixv_3": [-4.596358299255371, 18.105140686035156, 4.875394344329834], "straight_chair_dmcixv_4": [-4.324978828430176, 15.180848121643066, 1.995337963104248], "straight_chair_dmcixv_5": [-4.775999546051025, 16.718338012695312, 2.6699581146240234], "straight_chair_vkgbbl_0": [-0.542377233505249, 12.335308074951172, 0.4762287139892578], "straight_chair_vkgbbl_1": [0.46820932626724243, 12.75365161895752, 4.359951972961426], "straight_chair_vkgbbl_2": [-0.12986552715301514, 10.87137508392334, 0.46196818351745605], "straight_chair_vkgbbl_3": [-0.16807550191879272, 12.077445983886719, 5.871917724609375], "swivel_chair_qtqitn_0": [4.801980972290039, 17.632081985473633, 1.8317203521728516], "bottom_cabinet_immwzb_0": [3.206564426422119, 16.24553871154785, 1.3643077611923218], "bottom_cabinet_immwzb_1": [5.664273738861084, 15.796252250671387, 5.1521897315979], "bottom_cabinet_nddvba_0": [5.05769157409668, 17.4215145111084, 0.28946733474731445], "bottom_cabinet_rvpunw_0": [-2.3685507774353027, 14.909793853759766, 1.0430233478546143], "bottom_cabinet_slgzfc_0": [2.9668736457824707, 21.86475944519043, 0.539501428604126], "bottom_cabinet_no_top_pluwfl_0": [-0.8292994499206543, 16.610719680786133, 4.202847003936768], "bottom_cabinet_no_top_qohxjq_0": [-0.03765764832496643, 15.733735084533691, 5.957093238830566], "bottom_cabinet_no_top_qohxjq_1": [-1.6920998096466064, 14.139507293701172, 4.921595096588135], "bottom_cabinet_no_top_qudfwe_0": [-1.5327625274658203, 14.173130989074707, 1.0855352878570557], "bottom_cabinet_no_top_spojpj_0": [-3.136028528213501, 13.52071762084961, 1.6115981340408325], "bottom_cabinet_no_top_spojpj_1": [-4.443608283996582, 13.135262489318848, 5.0773024559021], "bottom_cabinet_no_top_spojpj_2": [-2.7151386737823486, 11.958719253540039, 5.982264041900635], "bottom_cabinet_no_top_ufhpbn_0": [-2.1735658645629883, 14.15633773803711, 5.187076568603516], "burner_pmntxh_0": [-2.106490135192871, 12.880125999450684, 0.7893791198730469], "bush_cwsigt_0": [-3.1932387351989746, 8.955578804016113, 0.38725972175598145], "bush_cwsigt_1": [-3.97540283203125, 8.528375625610352, 1.047034502029419], "bush_cwsigt_10": [-1.2841339111328125, 29.46625518798828, 5.846172332763672], "bush_cwsigt_11": [-5.877830982208252, 25.51310157775879, 0.02231907844543457], "bush_cwsigt_12": [-6.060032367706299, 25.51242446899414, 4.571797847747803], "bush_cwsigt_13": [-2.9698562622070312, 24.44236946105957, 0.5260944366455078], "bush_cwsigt_14": [-0.5868555903434753, 22.97098731994629, 5.197103500366211], "bush_cwsigt_15": [1.8398334980010986, 21.336557388305664, 0.934467077255249], "bush_cwsigt_16": [4.527683258056641, 22.172571182250977, 2.678952217102051], "bush_cwsigt_2": [-3.6961538791656494, 8.851755142211914, 0.1690232753753662], "bush_cwsigt_3": [2.86195969581604, 8.311023712158203, 5.258895397186279], "bush_cwsigt_4": null, "bush_cwsigt_5": [5.599380016326904, 7.840170860290527, 0.2854616641998291], "bush_cwsigt_6": [5.038742542266846, 10.156904220581055, 5.622375011444092], "bush_cwsigt_7": [-9.578444480895996, 11.376408576965332, 5.22878360748291], "bush_cwsigt_8": [-8.211935997009277, 11.505916595458984, 2.1165082454681396], "bush_cwsigt_9": [-2.4263086318969727, 28.49057388305664, 0.868638277053833], "bush_frqici_0": [-3.526158332824707, 27.660749435424805, 0.7015330791473389], "bush_knspbi_0": [2.442019462585449, 8.476361274719238, 1.9847873449325562], "bush_knspbi_1": [5.108331203460693, 9.375833511352539, 0.4900357723236084], "bush_knspbi_10": [-3.597181797027588, 0.7565858364105225, 0.6400527954101562], "bush_knspbi_11": [-4.9419846534729, 2.4510600566864014, 1.9227516651153564], "bush_knspbi_12": [-9.057327270507812, 2.648590326309204, 5.739038944244385], "bush_knspbi_13": [-5.002055644989014, 2.9520113468170166, 0.4525613784790039], "bush_knspbi_2": [5.640018463134766, 9.65945816040039, 3.7376763820648193], "bush_knspbi_3": [-2.752753496170044, 9.781739234924316, 3.9416589736938477], "bush_knspbi_4": [-7.2279534339904785, 11.17446231842041, 5.2886762619018555], "bush_knspbi_5": [-8.74787425994873, 7.0899338722229, 4.678670883178711], "bush_knspbi_6": null, "bush_knspbi_7": [-5.334458827972412, 6.225207805633545, 0.25647807121276855], "bush_knspbi_8": [-4.594354152679443, 5.621776103973389, 5.717948913574219], "bush_knspbi_9": [-4.377798557281494, 3.4751930236816406, 6.085565090179443], "bush_kyghri_0": [-2.896300792694092, 3.7862274646759033, 4.732939720153809], "bush_kyghri_1": [-3.938025712966919, 2.1043481826782227, 1.7423722743988037], "bush_kyghri_2": [-2.553191661834717, 30.516189575195312, 0.3951244354248047], "bush_kyghri_3": [-1.024652361869812, 29.39383316040039, 0.6205098628997803], "bush_kyghri_4": [-4.016997814178467, 24.372705459594727, 4.239988327026367], "bush_kyghri_5": [-3.243030071258545, 23.896860122680664, 1.9960075616836548], "bush_kyghri_6": [0.2722579836845398, 22.402992248535156, 0.6716518402099609], "bush_kyghri_7": [1.4017491340637207, 23.352874755859375, 0.9909422397613525], "bush_lfyqkj_0": [-4.919404983520508, 3.472332715988159, 1.0836670398712158], "bush_lfyqkj_1": [-4.213836193084717, 2.5934152603149414, 4.916652202606201], "bush_lfyqkj_2": [-5.351494789123535, 0.6560612916946411, 2.258018732070923], "bush_lfyqkj_3": [-5.93863582611084, 1.58782160282135, 4.920320510864258], "bush_lfyqkj_4": null, "bush_lfyqkj_5": [-9.167780876159668, 2.6903703212738037, 0.43718910217285156], "bush_lfyqkj_6": [-5.137296676635742, 6.853977680206299, 3.493597984313965], "bush_lfyqkj_7": [-7.160848617553711, 7.767588138580322, 5.9239115715026855], "bush_lfyqkj_8": [-7.686425685882568, 7.637078285217285, 6.1206135749816895],