{
    "nextto": {
        "shelf_iwziew_1": [
            [
                -6.028643757104874,
                -1.1591294705867767,
                0
            ]
        ],
        "shoulder_bag_nkzulg_1": [
            [
                -6.028643757104874,
                -1.1591294705867767,
                0
            ]
        ],
        "drying_rack_rygebd_1": [
            [
                -1.647684459388256,
                2.6343469619750977,
                0
            ]
        ],
        "watering_can_pewtns_1": [
            [
                -1.647684459388256,
                2.6343469619750977,
                0
            ]
        ],
        "coffee_table_qlmqyy_0": [
            -1.1480698585510254,
            -5.229681491851807,
            0.5226047039031982
        ]
    },
    "ontop": {
        "shoulder_bag_nkzulg_1": {
            "coffee_table_qlmqyy_0": [
                [
                    -1.2850136756896973,
                    -4.352405548095703,
                    0.43760499358177185
                ],
                [
                    -0.0001017965842038393,
                    -0.0019163824617862701,
                    -0.03976893797516823,
                    0.9992071390151978
                ]
            ]
        }
    },
    "inside": {}
}