{
    "nextto": {
        "reception_desk_kjmhgc_1": [
            [
                -7.218794236183167,
                -2.8944795751571655,
                0
            ]
        ],
        "sugar_cookie_feirtr_1": [
            [
                -4.340594534873962,
                -3.853879475593567,
                0
            ]
        ],
        "coffee_maker_fwlabx_1": [
            [
                -4.340594534873962,
                -3.320879530906677,
                0
            ]
        ],
        "pedestal_table_oqclwq_1": [
            [
                -10.799643750190734,
                -2.8701288652420045,
                0
            ]
        ],
        "mixing_bowl_deudkt_1": [
            [
                -10.799643750190734,
                -2.3486290121078492,
                0
            ]
        ]
    },
    "ontop": {},
    "inside": {
        "sugar_cookie_feirtr_1": {
            "mixing_bowl_deudkt_1": [
                [
                    -10.544489860534668,
                    -0.7876864671707153,
                    0.4842717945575714
                ],
                [
                    0.04702145606279373,
                    0.026753859594464302,
                    -0.13887646794319153,
                    0.9888308644294739
                ]
            ]
        }
    }
}