{"shelf_iwziew_1": [-5.033243905305862, -1.1591294705867767, 0], "banana_bread_outrja_1": [-5.293943866491317, -1.1591294705867767, 0], "booth_xzrpar_1": [-5.513194413185119, -4.600079398155213, 0], "coffee_cup_ckkwmj_1": [-5.193394446372986, -5.23967933177948, 0], "breakfast_table_dnsjnv_0": [-8.295802116394043, -0.3332320749759674, 0.8883798122406006], "armchair_bslhmj_0": [-9.114225387573242, 4.170385837554932, 1.4441938400268555], "armchair_vzhxuf_0": [-6.9925031661987305, 5.62950325012207, 2.629838705062866], "bottom_cabinet_qacthv_0": [1.4981352090835571, -4.17939567565918, 5.207338333129883], "breakfast_table_skczfi_0": [-2.680875778198242, -4.202567100524902, 5.980589866638184], "breakfast_table_skczfi_1": [-8.489307403564453, 5.970056533813477, 1.0142953395843506], "breakfast_table_skczfi_2": [-6.416505813598633, 3.9209365844726562, 0.9597251415252686], "breakfast_table_uhrsex_0": [-4.883347511291504, -5.543617248535156, 5.568531513214111], "cedar_chest_fwstpx_0": [-5.195745468139648, -7.027010440826416, 1.796829342842102], "coffee_table_qlmqyy_0": [-1.6436091661453247, -4.0299391746521, 3.4750185012817383], "floor_lamp_jcbvfi_0": [0.6115844249725342, -6.239873886108398, 1.043091058731079], "floor_lamp_vdxlda_0": [-1.655422329902649, -1.6245572566986084, 4.305746555328369], "floor_lamp_vdxlda_1": [-10.126895904541016, 0.07228772342205048, 2.128087282180786], "floor_lamp_vdxlda_2": [-8.211613655090332, 0.29712945222854614, 1.5840075016021729], "floor_lamp_vdxlda_3": [-6.325031757354736, 4.625451564788818, 0.7299182415008545], "piano_bnxcvw_0": [-7.3685173988342285, 1.2432031631469727, 5.142849922180176], "shelf_owvfik_0": [-5.976428985595703, -5.698934555053711, 5.318014621734619], "shelf_owvfik_1": [0.603708028793335, -1.7776474952697754, 5.835992336273193], "ottoman_miftfy_0": [-7.664340496063232, 3.26566219329834, 1.1645851135253906], "straight_chair_amgwaw_0": [-7.061014652252197, 1.0017582178115845, 0.8402664661407471], "straight_chair_dmcixv_0": [-10.254960060119629, -1.7486149072647095, 5.722927570343018], "straight_chair_dmcixv_1": [-9.707058906555176, -0.36060282588005066, 4.122281551361084], "straight_chair_dmcixv_2": [-9.39947509765625, -0.391971230506897, 0.4221832752227783], "straight_chair_dmcixv_3": [-8.842585563659668, 0.1387137770652771, 4.601278305053711], "straight_chair_dmcixv_4": [-8.985377311706543, -0.9084500074386597, 5.958202838897705], "straight_chair_dmcixv_5": [-8.934916496276855, -0.6725142598152161, 4.71583890914917], "straight_chair_vkgbbl_0": [-3.0965805053710938, -5.321853160858154, 1.8449407815933228], "straight_chair_vkgbbl_1": [-2.622678756713867, -5.230708122253418, 1.9956300258636475], "straight_chair_vkgbbl_2": [-3.9302005767822266, -4.960721969604492, 4.986275672912598], "straight_chair_vkgbbl_3": [-2.739950180053711, -6.487919807434082, 3.2717907428741455], "swivel_chair_qtqitn_0": [0.6893157362937927, 0.9210660457611084, 2.5047049522399902], "bottom_cabinet_immwzb_0": [0.6409790515899658, -0.9883184432983398, 5.974946975708008], "bottom_cabinet_immwzb_1": [1.7121727466583252, -3.0913665294647217, 1.0079147815704346], "bottom_cabinet_nddvba_0": [1.1898672580718994, -0.17018845677375793, 2.907191038131714], "bottom_cabinet_rvpunw_0": [-6.7563066482543945, -1.7623157501220703, 4.576935768127441], "bottom_cabinet_slgzfc_0": [-1.1487691402435303, 4.173899173736572, 5.949532985687256], "bottom_cabinet_no_top_pluwfl_0": [-5.522594928741455, -0.6017653942108154, 4.745087623596191], "bottom_cabinet_no_top_qohxjq_0": [-4.2329277992248535, -0.9455375671386719, 4.1780595779418945], "bottom_cabinet_no_top_qohxjq_1": [-5.326809883117676, -3.9727182388305664, 5.247170925140381], "bottom_cabinet_no_top_qudfwe_0": null, "bottom_cabinet_no_top_spojpj_0": [-7.220099449157715, -2.823798656463623, 3.3683369159698486], "bottom_cabinet_no_top_spojpj_1": [-8.235271453857422, -3.9345998764038086, 0.7043461799621582], "bottom_cabinet_no_top_spojpj_2": [-6.250761032104492, -5.5246758460998535, 5.0649824142456055], "bottom_cabinet_no_top_ufhpbn_0": [-6.512716770172119, -4.588804721832275, 0.6908602714538574], "burner_pmntxh_0": [-5.098687171936035, -3.139406204223633, 3.851961374282837], "countertop_tpuwys_0": [-6.489269733428955, -2.003068208694458, 1.1665130853652954], "countertop_tpuwys_1": [-8.018640518188477, -3.679994583129883, 4.355327129364014], "countertop_tpuwys_2": [-7.149112701416016, -2.6865596771240234, 4.717175006866455], "countertop_tpuwys_3": [-5.732640743255615, -5.150403022766113, 2.7321228981018066], "countertop_tpuwys_4": [-6.29201078414917, -5.526834964752197, 2.1051180362701416], "countertop_tpuwys_6": [-3.5973305702209473, -3.3990638256073, 4.375916481018066], "countertop_tpuwys_7": [-10.240312576293945, 4.252838611602783, 5.423869609832764], "desk_rzyfxk_0": [-0.5513879060745239, 0.9547093510627747, 1.6251773834228516], "desk_rzyfxk_1": [0.8339729309082031, -0.7934468984603882, 5.266567230224609], "dishwasher_znfvmj_0": [-6.381626605987549, -5.63710355758667, 2.9544291496276855], "clothes_dryer_zlmnfg_0": [1.9695472717285156, 2.180713415145874, 0.4451260566711426], "electric_switch_wseglt_0": [-4.566871166229248, -1.0904884338378906, 5.414252758026123], "electric_switch_wseglt_1": [-2.389728307723999, 2.043297290802002, 0.9865329265594482], "electric_switch_wseglt_10": [-3.294118881225586, -1.3213613033294678, 0.10715317726135254], "electric_switch_wseglt_11": [-3.580376386642456, -1.6745436191558838, 2.373991012573242], "electric_switch_wseglt_12": [-0.4166352450847626, 4.198626518249512, 5.108036518096924], "electric_switch_wseglt_2": [-1.4016233682632446, 2.584324836730957, 2.1720662117004395], "electric_switch_wseglt_3": [-0.8398229479789734, 1.5618809461593628, 2.8720285892486572], "electric_switch_wseglt_4": [-7.9861040115356445, 1.011461853981018, 3.40329647064209], "electric_switch_wseglt_5": [-3.1150269508361816, -1.1439247131347656, 5.7009758949279785], "electric_switch_wseglt_6": [-4.495124816894531, -1.1295764446258545, 5.54278564453125], "electric_switch_wseglt_7": [-8.212884902954102, 1.07541823387146, 4.431521415710449], "electric_switch_wseglt_8": [-4.050013542175293, 1.5330147743225098, 4.442729949951172], "electric_switch_wseglt_9": [-2.1050949096679688, 2.3717451095581055, 5.994039535522461], "fridge_dszchb_0": [-8.085424423217773, -1.9073970317840576, 0.400557279586792], "microwave_bfbeeb_0": [-5.932229995727539, -2.679856300354004, 1.769986867904663], "mirror_pevdqu_0": [-3.241680860519409, 4.16460657119751, 0.5323629379272461], "oven_wuinhm_0": [-5.996079444885254, -0.983496367931366, 4.804168224334717], "picture_fanvpf_0": [-8.178174018859863, 1.159001350402832, 4.211809158325195], "picture_hhxttu_0": [-2.158653736114502, -2.027961254119873, 1.1654033660888672], "picture_jpfyrq_0": [-0.49727073311805725, -1.171829104423523, 5.753547668457031], "picture_lucjyq_0": [-1.2779650688171387, 1.4800242185592651, 0.183701753616333], "picture_qjkajj_0": [-10.956354141235352, -0.9504848718643188, 2.391263723373413], "picture_qtvjzk_0": [-1.9166152477264404, 3.428265333175659, 5.7151970863342285], "picture_wfdvzv_0": [-4.07711124420166, 3.7307441234588623, 6.0336408615112305], "rail_fence_qmsnld_0": [-2.298959255218506, -3.2083945274353027, 4.092681884765625], "shelf_njwsoa_0": [-1.8716468811035156, 0.07888942956924438, 5.376399993896484], "shelf_owvfik_2": null, "shelf_vgzdul_0": [1.6012252569198608, -3.076949119567871, 4.425773620605469], "sink_czyfhq_0": [-6.9465651512146, -6.457643985748291, 2.7426419258117676], "sink_ksecxq_0": [-1.155081033706665, 4.673598289489746, 5.632279396057129], "sink_zexzrc_0": [-1.8467124700546265, 4.022067070007324, 5.426184177398682], "sofa_xhxdqf_0": [1.417448878288269, -5.1612982749938965, 5.089279651641846], "toilet_kfmkbm_0": [-1.6693212985992432, 3.8274831771850586, 1.0221929550170898], "top_cabinet_dmwxyl_0": [-5.142174243927002, -1.693527102470398, 4.275668144226074], "top_cabinet_dmwxyl_1": [-4.395122051239014, -1.0767822265625, 5.431848049163818],