{
    "nextto": {
        "reception_desk_kjmhgc_1": [
            [
                -1.8374501514434816,
                14.685124292373658,
                0
            ]
        ],
        "venison_dhhbvg_1": [
            [
                -0.34505043983459494,
                14.365324354171753,
                0
            ]
        ],
        "cooler_pnkiag_1": [
            [
                -0.9846503162384036,
                14.685124292373658,
                0
            ]
        ],
        "space_heater_kxzqpr_1": [
            [
                1.6540196800231934,
                14.577310361862182,
                0
            ]
        ]
    },
    "ontop": {},
    "inside": {
        "venison_dhhbvg_1": {
            "cooler_pnkiag_1": [
                [
                    0.8179379105567932,
                    13.888288497924805,
                    0.10206625610589981
                ],
                [
                    0.004020499996840954,
                    -0.002352811163291335,
                    -0.004730897024273872,
                    0.9999780058860779
                ]
            ]
        }
    }
}