{"desk_rzyfxk_1": [5.4406328201293945, 19.026002883911133, 5.49147367477417], "laptop_sngiih_1": [4.497408318519593, 17.271206092834472, 0], "booth_xzrpar_1": [-0.34505043983459494, 14.578524312973022, 0], "pencil_holder_qwqsgi_1": [-0.23845046043396043, 14.791724271774292, 0], "coffee_table_qlmqyy_0": [2.8443825244903564, 12.664122581481934, 6.026351451873779], "countertop_jveutp_0": [-3.16550350189209, 11.342897415161133, 4.436390399932861], "armchair_bslhmj_0": [-6.170230388641357, 23.2451114654541, 2.0678200721740723], "armchair_vzhxuf_0": [-2.312608242034912, 22.598464965820312, 0.7318117618560791], "bottom_cabinet_qacthv_0": null, "breakfast_table_dnsjnv_0": [-5.070971965789795, 19.11362648010254, 4.463265419006348], "breakfast_table_skczfi_0": null, "breakfast_table_skczfi_1": [-6.186245441436768, 22.807138442993164, 0.8379123210906982], "breakfast_table_skczfi_2": [-2.2673227787017822, 22.582805633544922, 5.91957426071167], "breakfast_table_uhrsex_0": [-0.11656619608402252, 12.705212593078613, 0.712611198425293], "cedar_chest_fwstpx_0": [-1.137980341911316, 10.956319808959961, 0.16520476341247559], "floor_lamp_jcbvfi_0": [4.861356735229492, 12.529203414916992, 3.6500070095062256], "floor_lamp_vdxlda_0": [2.3596086502075195, 15.692999839782715, 3.6351571083068848], "floor_lamp_vdxlda_1": [-7.433320045471191, 17.903732299804688, 0.16118669509887695], "floor_lamp_vdxlda_2": [-3.691026210784912, 17.756805419921875, 0.8067567348480225], "floor_lamp_vdxlda_3": [-1.4195853471755981, 23.18411636352539, 3.907627820968628], "piano_bnxcvw_0": [-3.2853798866271973, 18.02566146850586, 1.862365484237671], "shelf_owvfik_0": [-1.4040629863739014, 12.68842887878418, 4.804858207702637], "shelf_owvfik_1": [3.1112711429595947, 16.12306785583496, 0.684950590133667], "ottoman_miftfy_0": [-4.594790458679199, 21.80816650390625, 0.6018743515014648], "straight_chair_amgwaw_0": [-1.9539053440093994, 18.94275665283203, 2.127115249633789], "straight_chair_dmcixv_0": [-6.371189594268799, 16.320981979370117, 5.528573989868164], "straight_chair_dmcixv_1": [-5.6432785987854, 16.389841079711914, 0.9011213779449463], "straight_chair_dmcixv_2": [-6.532638072967529, 17.476428985595703, 0.29006385803222656], "straight_chair_dmcixv_3": [-4.040154933929443, 17.03073501586914, 1.1165850162506104], "straight_chair_dmcixv_4": [-3.965522289276123, 16.465007781982422, 4.453530788421631], "straight_chair_dmcixv_5": [-4.783724784851074, 16.41333770751953, 2.1875417232513428], "straight_chair_vkgbbl_0": [0.589253306388855, 12.348430633544922, 4.434707164764404], "straight_chair_vkgbbl_1": [0.5833047032356262, 12.95804500579834, 4.0801191329956055], "straight_chair_vkgbbl_2": [0.18422454595565796, 11.29571533203125, 5.841810703277588], "straight_chair_vkgbbl_3": [-0.2616626024246216, 11.348112106323242, 0.3426353931427002], "swivel_chair_qtqitn_0": [4.459490776062012, 18.860248565673828, 5.971792221069336], "bottom_cabinet_immwzb_0": [3.2222230434417725, 16.914457321166992, 4.812246799468994], "bottom_cabinet_immwzb_1": [4.988184928894043, 17.189342498779297, 5.337831497192383], "bottom_cabinet_nddvba_0": [5.556643962860107, 17.514371871948242, 3.0312182903289795], "bottom_cabinet_rvpunw_0": [-1.6108763217926025, 14.941065788269043, 1.711137294769287], "bottom_cabinet_slgzfc_0": [3.543635606765747, 22.003093719482422, 2.00331711769104], "bottom_cabinet_no_top_pluwfl_0": [-0.2038803994655609, 15.734524726867676, 0.9167873859405518], "bottom_cabinet_no_top_qohxjq_0": [-0.26154905557632446, 15.492232322692871, 0.6431994438171387], "bottom_cabinet_no_top_qohxjq_1": [-1.436744213104248, 13.863815307617188, 0.8580706119537354], "bottom_cabinet_no_top_qudfwe_0": [-1.304398536682129, 14.022879600524902, 5.419819355010986], "bottom_cabinet_no_top_spojpj_0": [-3.878770589828491, 13.420402526855469, 4.976934909820557], "bottom_cabinet_no_top_spojpj_1": [-3.236138343811035, 13.534920692443848, 5.057629585266113], "bottom_cabinet_no_top_spojpj_2": [-3.2679824829101562, 11.806755065917969, 6.137691974639893], "bottom_cabinet_no_top_ufhpbn_0": [-1.9449670314788818, 12.988402366638184, 2.743903636932373], "burner_pmntxh_0": [-2.682474374771118, 14.237772941589355, 0.06361007690429688], "bush_cwsigt_0": [-2.904245138168335, 8.769560813903809, 1.8696799278259277], "bush_cwsigt_1": [-5.449962139129639, 8.61815071105957, 5.932186126708984], "bush_cwsigt_10": [0.049288004636764526, 29.97237205505371, 6.070863723754883], "bush_cwsigt_11": [-3.9961390495300293, 24.942197799682617, 4.251948356628418], "bush_cwsigt_12": [-4.8850932121276855, 23.56902503967285, 1.9200507402420044], "bush_cwsigt_13": [-3.8348171710968018, 23.361928939819336, 6.103708744049072], "bush_cwsigt_14": [0.26846572756767273, 21.970792770385742, 4.501711845397949], "bush_cwsigt_15": [2.535531997680664, 21.607280731201172, 1.4949769973754883], "bush_cwsigt_16": [3.4447426795959473, 21.527851104736328, 0.7058405876159668], "bush_cwsigt_2": [-2.7504427433013916, 7.632595062255859, 1.4912397861480713], "bush_cwsigt_3": [3.2459981441497803, 7.312931060791016, 1.8808223009109497], "bush_cwsigt_4": [5.43081521987915, 8.415450096130371, 2.192415952682495], "bush_cwsigt_5": [6.602024555206299, 9.309187889099121, 5.0991082191467285], "bush_cwsigt_6": [6.569254398345947, 9.53938102722168, 4.206923484802246], "bush_cwsigt_7": [-8.790761947631836, 12.051671981811523, 5.705263614654541], "bush_cwsigt_8": [-7.7228569984436035, 12.456670761108398, 2.8376030921936035], "bush_cwsigt_9": [-3.9227991104125977, 28.72197151184082, 5.247143745422363], "bush_frqici_0": [-5.063571453094482, 23.19845199584961, 3.9921510219573975], "bush_knspbi_0": [3.0791571140289307, 9.141168594360352, 5.775058746337891], "bush_knspbi_1": [4.412954807281494, 8.172711372375488, 0.25278449058532715], "bush_knspbi_10": [-3.095470666885376, 1.8107280731201172, 4.8477091789245605], "bush_knspbi_11": [-5.573943138122559, 2.70967173576355, 0.20941567420959473], "bush_knspbi_12": [-9.126466751098633, 1.3793057203292847, 0.9081895351409912], "bush_knspbi_13": [-5.4233293533325195, 1.9407060146331787, 0.25764918327331543], "bush_knspbi_2": [6.159750938415527, 9.268775939941406, 4.25613260269165], "bush_knspbi_3": [-4.185668468475342, 8.5263090133667, 0.3473937511444092], "bush_knspbi_4": [-7.821025371551514, 10.601496696472168, 5.965802192687988], "bush_knspbi_5": [-10.490639686584473, 7.125343322753906, 6.034078598022461], "bush_knspbi_6": [-8.033805847167969, 7.286981582641602, 0.5068795680999756], "bush_knspbi_7": [-5.690869331359863, 6.095057487487793, 5.490426540374756], "bush_knspbi_8": null, "bush_knspbi_9": [-4.167036056518555, 4.93432092666626, 4.471626281738281], "bush_kyghri_0": [-3.988823890686035, 2.6100986003875732, 0.49268245697021484], "bush_kyghri_1": [-2.292189836502075, 1.4567255973815918, 1.4108201265335083], "bush_kyghri_2": [-3.262089967727661, 30.373737335205078, 4.143650531768799], "bush_kyghri_3": [0.6629847288131714, 29.860313415527344, 5.609002590179443], "bush_kyghri_4": null, "bush_kyghri_5": [-3.6413865089416504, 23.66314125061035, 3.5157878398895264], "bush_kyghri_6": [0.5115172863006592, 21.86473846435547, 1.2542634010314941], "bush_kyghri_7": [-0.2923619747161865, 22.72947120666504, 1.3134729862213135], "bush_lfyqkj_0": [-4.715242385864258, 6.253100872039795, 4.722072601318359], "bush_lfyqkj_1": [-4.87688684463501, 4.047699928283691, 0.19992947578430176], "bush_lfyqkj_2": [-5.347081184387207, 2.195369243621826, 5.86082124710083], "bush_lfyqkj_3": [-7.221251010894775, 2.1528592109680176, 0.5138475894927979], "bush_lfyqkj_4": [-8.642842292785645, 1.9235692024230957, 0.2968118190765381], "bush_lfyqkj_5": null, "bush_lfyqkj_6": [-4.767667293548584, 6.391377925872803, 2.2044899463653564], "bush_lfyqkj_7": null, "bush_lfyqkj_8": [-6.665923595428467, 6.2773332595825195, 0.9056887626647949], "bush_lfyqkj_9": [-9.316783905029297, 7.09030818939209, 4.108855724334717], "countertop_tpuwys_0": [-2.179772138595581, 15.920464515686035, 4.3239569664001465],