{
    "nextto": {
        "reception_desk_kjmhgc_1": [
            [
                -5.619794402122498,
                -3.0010795640945434,
                0
            ]
        ],
        "bagel_dough_iuembm_1": [
            [
                -5.193394446372986,
                -2.8944795751571655,
                0
            ]
        ],
        "cooler_pnkiag_1": [
            [
                -5.086794457435608,
                -3.0010795640945434,
                0
            ]
        ]
    },
    "ontop": {},
    "inside": {
        "bagel_dough_iuembm_1": {
            "cooler_pnkiag_1": [
                [
                    -3.2328262329101562,
                    -3.2992687225341797,
                    0.1423029899597168
                ],
                [
                    -0.008200936950743198,
                    -0.0014497463125735521,
                    -0.07405571639537811,
                    0.9972193241119385
                ]
            ]
        }
    }
}