{"nextto": {"modem_axqxsv_1": [[0.5649145078659055, -0.35194460749626155, 0]], "shelf_iwziew_1": [[0.2264438822865486, 3.75882396697998, 0]], "desk_rzyfxk_1": [1.5490264892578125, -0.9103257656097412, 4.885765075683594]}, "ontop": {"modem_axqxsv_1": {"shelf_iwziew_1": [[1.089638352394104, 4.115837097167969, 0.5745416283607483], [4.5317930926103145e-05, 3.6011915653944016e-05, -0.04448149725794792, 0.9990101456642151]]}}, "inside": {}}