{
    "nextto": {
        "breakfast_table_dnsjnv_0": [
            [
                -6.729599523544311,
                15.486571931838988,
                0
            ]
        ],
        "biscuit_hlyeaq_1": [
            [
                -6.729599523544311,
                15.486571931838988,
                0
            ]
        ],
        "microwave_bfbeeb_0": [
            -1.7587854862213135,
            16.241619110107422,
            1.8686186075210571
        ]
    },
    "ontop": {},
    "inside": {
        "biscuit_hlyeaq_1": {
            "microwave_bfbeeb_0": [
                [
                    -2.283406972885132,
                    16.10076332092285,
                    1.395151972770691
                ],
                [
                    3.010495493072085e-05,
                    6.720226519973949e-05,
                    -0.016679320484399796,
                    0.9998608827590942
                ]
            ]
        }
    }
}