{
    "nextto": {
        "desk_rzyfxk_1": [
            [
                -0.506969428062439,
                -0.2888926112651824,
                0
            ]
        ],
        "desktop_computer_tbtham_1": [
            [
                -0.506969428062439,
                -0.2888926112651824,
                0
            ]
        ],
        "tray_uekqey_1": [
            [
                0.06260615587234494,
                3.988521325588226,
                1.5707963267948966
            ]
        ],
        "pencil_box_otcmih_1": [
            [
                0.06260615587234494,
                3.988521325588226,
                1.5707963267948966
            ]
        ],
        "breakfast_table_dnsjnv_0": [
            -8.943889617919922,
            -2.824376344680786,
            5.078063011169434
        ]
    },
    "ontop": {
        "pencil_box_otcmih_1": {
            "breakfast_table_dnsjnv_0": [
                [
                    -8.810897827148438,
                    -1.2690093517303467,
                    0.7768367528915405
                ],
                [
                    -8.739589247852564e-05,
                    0.0002393269824096933,
                    -0.061917632818222046,
                    0.9980811476707458
                ]
            ]
        }
    },
    "inside": {}
}