{
    "nextto": {
        "reception_desk_kjmhgc_1": [
            [
                -5.619794402122498,
                -4.919879364967346,
                0
            ]
        ],
        "spice_cookie_dough_iuiioe_1": [
            [
                -4.340594534873962,
                -4.813279376029969,
                0
            ]
        ],
        "microwave_bfbeeb_0": [
            -6.3221235275268555,
            -1.9117913246154785,
            5.511172294616699
        ],
        "breakfast_table_dnsjnv_0": [
            -9.07049560546875,
            -1.9433027505874634,
            6.217281341552734
        ]
    },
    "ontop": {
        "spice_cookie_dough_iuiioe_1": {
            "breakfast_table_dnsjnv_0": [
                [
                    -9.176273345947266,
                    -1.5869765281677246,
                    0.7910579442977905
                ],
                [
                    -0.008201103657484055,
                    0.001282557612285018,
                    -0.0007241281564347446,
                    0.9999651908874512
                ]
            ]
        }
    },
    "inside": {}
}