{
    "nextto": {
        "reception_desk_kjmhgc_1": [
            [
                -1.8374501514434816,
                14.685124292373658,
                0
            ]
        ],
        "muffin_upcxno_1": [
            [
                -1.091250295639038,
                14.898324251174927,
                0
            ]
        ],
        "oven_wuinhm_0": [
            -2.7744033336639404,
            15.829681396484375,
            0.764479398727417
        ],
        "breakfast_table_dnsjnv_0": [
            -6.758614540100098,
            17.470338821411133,
            5.585222244262695
        ]
    },
    "ontop": {
        "muffin_upcxno_1": {
            "breakfast_table_dnsjnv_0": [
                [
                    -5.3784098625183105,
                    17.491283416748047,
                    0.7622628211975098
                ],
                [
                    5.484151188284159e-05,
                    2.5623012334108353e-05,
                    -0.003920029383152723,
                    0.999992311000824
                ]
            ]
        }
    },
    "inside": {}
}