{
    "nextto": {
        "reception_desk_kjmhgc_1": [
            [
                -4.98019446849823,
                -3.0010795640945434,
                0
            ]
        ],
        "plum_rhaemq_1": [
            [
                -4.766994490623474,
                -3.0010795640945434,
                0
            ]
        ],
        "stove_kfhkqp_1": [
            [
                -7.751794180870056,
                -2.8944795751571655,
                0
            ]
        ],
        "breakfast_table_dnsjnv_0": [
            -8.704633712768555,
            -0.467673122882843,
            5.456920146942139
        ]
    },
    "ontop": {
        "plum_rhaemq_1": {
            "breakfast_table_dnsjnv_0": [
                [
                    -9.363503456115723,
                    -1.7096744775772095,
                    0.7668588161468506
                ],
                [
                    -0.03741040825843811,
                    0.13559846580028534,
                    0.005192922428250313,
                    0.9900436997413635
                ]
            ]
        }
    },
    "inside": {}
}