{
    "nextto": {
        "coffee_table_qlmqyy_1": [
            [
                -2.219199619293213,
                20.878974285125732,
                0
            ]
        ],
        "coffee_cup_ckkwmj_1": [
            [
                -1.2822996330261232,
                20.358474292755126,
                0
            ]
        ],
        "espresso_machine_qhrtyw_1": [
            [
                -2.7968499660491943,
                15.111524209976196,
                0
            ]
        ]
    },
    "ontop": {
        "coffee_cup_ckkwmj_1": {
            "coffee_table_qlmqyy_1": [
                [
                    -0.6651893258094788,
                    21.111074447631836,
                    0.4343998432159424
                ],
                [
                    0.0012694441247731447,
                    -0.0012590567348524928,
                    -0.014891061931848526,
                    0.9998875260353088
                ]
            ]
        }
    },
    "inside": {}
}