{
    "nextto": {
        "desk_rzyfxk_1": [
            [
                -0.38086543560028074,
                0.15247136235237121,
                0
            ]
        ],
        "table_lamp_ehjsdz_1": [
            [
                -0.38086543560028074,
                0.15247136235237121,
                0
            ]
        ],
        "shelf_iwziew_1": [
            [
                -5.128043891191482,
                -0.5666295588016509,
                0
            ]
        ],
        "toolbox_rrmzvc_1": [
            [
                -5.128043891191482,
                -0.5666295588016509,
                0
            ]
        ],
        "console_table_tzkfqa_1": [
            [
                -2.341528031826019,
                -3.1088947868347163,
                0
            ]
        ]
    },
    "ontop": {
        "toolbox_rrmzvc_1": {
            "console_table_tzkfqa_1": [
                [
                    -1.157150149345398,
                    -3.3625571727752686,
                    0.8737627863883972
                ],
                [
                    1.0476665920577943e-05,
                    1.4814432688581292e-05,
                    -0.09591296315193176,
                    0.9953897595405579
                ]
            ]
        }
    },
    "inside": {}
}