{
    "nextto": {
        "packing_box_cjhskr_1": [
            [
                2.0930543684959413,
                6.417646124362945,
                0
            ]
        ],
        "salmon_glrmfn_1": [
            [
                2.0930543684959413,
                6.417646124362945,
                0
            ]
        ],
        "cooler_pnkiag_1": [
            -0.9858496189117432,
            0.047461263835430145,
            2.6780269145965576
        ]
    },
    "ontop": {},
    "inside": {
        "salmon_glrmfn_1": {
            "cooler_pnkiag_1": [
                [
                    0.2969217896461487,
                    -0.05321982130408287,
                    0.010919498279690742
                ],
                [
                    -2.656452124938369e-07,
                    1.9020444597117603e-07,
                    -0.0077023254707455635,
                    0.9999702572822571
                ]
            ]
        }
    }
}