{
    "nextto": {
        "shelf_iwziew_1": [
            [
                -6.028643757104874,
                -1.1591294705867767,
                0
            ]
        ],
        "carton_hhlmbi_1": [
            [
                -6.028643757104874,
                -1.1591294705867767,
                0
            ]
        ],
        "desk_rzyfxk_1": [
            1.463059902191162,
            1.7058147192001343,
            2.947603702545166
        ]
    },
    "ontop": {
        "carton_hhlmbi_1": {
            "desk_rzyfxk_1": [
                [
                    1.441171646118164,
                    0.5412055253982544,
                    0.8157351016998291
                ],
                [
                    8.592996164225042e-05,
                    -3.605848178267479e-06,
                    -0.08472458273172379,
                    0.9964044094085693
                ]
            ]
        }
    },
    "inside": {}
}