{"desk_rzyfxk_1": [1.3225839138031006, -1.3815412521362305, 1.0165810585021973], "textbook_nloqia_1": [0.5018625116348268, -0.16278861880302434, 0], "toy_car_dgnnin_1": [-5.9024440574646, 2.3599722480773924, 0], "sofa_xhxdqf_0": [-4.571627140045166, -4.968419551849365, 6.131579875946045], "armchair_bslhmj_0": [-10.240374565124512, 5.656938552856445, 0.33975648880004883], "armchair_vzhxuf_0": [-7.60842752456665, 3.922604560852051, 0.6110169887542725], "bottom_cabinet_qacthv_0": [1.4230283498764038, -4.90934944152832, 6.16150426864624], "breakfast_table_dnsjnv_0": [-8.761717796325684, -3.0085463523864746, 6.018333435058594], "breakfast_table_skczfi_0": [-2.943519353866577, -3.8994014263153076, 5.145660877227783], "breakfast_table_skczfi_1": [-6.8408613204956055, 5.824378490447998, 0.038376808166503906], "breakfast_table_skczfi_2": [-7.205338001251221, 4.423837184906006, 6.04197359085083], "breakfast_table_uhrsex_0": [-2.9844117164611816, -4.648859024047852, 4.428353309631348], "cedar_chest_fwstpx_0": null, "coffee_table_qlmqyy_0": [-1.3081591129302979, -5.017767906188965, 5.48850154876709], "floor_lamp_jcbvfi_0": [0.7239241600036621, -5.474133491516113, 5.842591285705566], "floor_lamp_vdxlda_0": [-1.2819565534591675, -1.73861825466156, 2.9488160610198975], "floor_lamp_vdxlda_1": [-11.049398422241211, 0.2799961566925049, 0.8432557582855225], "floor_lamp_vdxlda_2": [-7.3699951171875, 0.4289613664150238, 3.808533191680908], "floor_lamp_vdxlda_3": [-6.269354343414307, 4.0166754722595215, 1.3972396850585938], "piano_bnxcvw_0": [-5.227067947387695, 1.282829761505127, 3.7926478385925293], "shelf_owvfik_0": [-4.968939304351807, -5.607762336730957, 4.7755560874938965], "shelf_owvfik_1": [0.6102885603904724, -2.2835094928741455, 0.9086053371429443], "ottoman_miftfy_0": [-7.387127876281738, 3.7118704319000244, 0.39412975311279297], "straight_chair_amgwaw_0": [-7.377624034881592, 1.8285551071166992, 0.04009723663330078], "straight_chair_dmcixv_0": [-10.297348022460938, -1.7526918649673462, 1.3403135538101196], "straight_chair_dmcixv_1": [-9.460222244262695, -0.957203209400177, 6.138637542724609], "straight_chair_dmcixv_2": [-10.036694526672363, -0.5982297658920288, 1.284240484237671], "straight_chair_dmcixv_3": [-8.63109016418457, -0.8078025579452515, 5.359219551086426], "straight_chair_dmcixv_4": [-8.435954093933105, -1.5447771549224854, 1.4627364873886108], "straight_chair_dmcixv_5": [-8.512714385986328, -0.38715216517448425, 4.518327236175537], "straight_chair_vkgbbl_0": [-3.4296958446502686, -5.074575424194336, 4.095069885253906], "straight_chair_vkgbbl_1": [-3.4786720275878906, -5.094115734100342, 5.405936241149902], "straight_chair_vkgbbl_2": [-4.167391300201416, -5.950294494628906, 5.207272529602051], "straight_chair_vkgbbl_3": [-2.725799560546875, -6.552515029907227, 3.0395336151123047], "swivel_chair_qtqitn_0": [0.06881469488143921, 0.2322695553302765, 0.6780521869659424], "bottom_cabinet_immwzb_0": [0.007500629872083664, -1.6830544471740723, 1.1501942873001099], "bottom_cabinet_immwzb_1": [1.6981993913650513, -2.8097219467163086, 4.507090091705322], "bottom_cabinet_nddvba_0": [1.454827070236206, -1.670706033706665, 6.007479190826416], "bottom_cabinet_rvpunw_0": [-6.516968250274658, -2.097001075744629, 5.3335347175598145], "bottom_cabinet_slgzfc_0": [-0.7987415194511414, 3.6403634548187256, 5.569552421569824], "bottom_cabinet_no_top_pluwfl_0": [-6.605752468109131, -1.5832912921905518, 5.768402099609375], "bottom_cabinet_no_top_qohxjq_0": [-4.223021507263184, -1.0819729566574097, 5.06816291809082], "bottom_cabinet_no_top_qohxjq_1": [-5.189918041229248, -3.9081687927246094, 1.632158637046814], "bottom_cabinet_no_top_qudfwe_0": [-7.051086902618408, -3.314521312713623, 5.475491046905518], "bottom_cabinet_no_top_spojpj_0": [-7.947199821472168, -4.275628089904785, 4.350792407989502], "bottom_cabinet_no_top_spojpj_1": [-7.285007476806641, -4.025124549865723, 5.835143089294434], "bottom_cabinet_no_top_spojpj_2": [-7.369147300720215, -5.439088821411133, 5.810931205749512], "bottom_cabinet_no_top_ufhpbn_0": [-5.887298107147217, -4.6434454917907715, 2.9105560779571533], "burner_pmntxh_0": [-6.209147930145264, -3.9231362342834473, 5.145287990570068], "countertop_tpuwys_0": [-3.3144514560699463, -1.66604745388031, 5.160196304321289], "countertop_tpuwys_1": [-7.335376262664795, -4.6260175704956055, 0.41547465324401855], "countertop_tpuwys_2": [-7.122193336486816, -4.100476264953613, 1.6316885948181152], "countertop_tpuwys_3": [-7.798040866851807, -6.117429733276367, 0.5271627902984619], "countertop_tpuwys_4": [-6.844460964202881, -5.261371612548828, 0.9196844100952148], "countertop_tpuwys_6": [-3.8695120811462402, -3.0646731853485107, 4.8998308181762695], "countertop_tpuwys_7": [-11.088105201721191, 1.294710636138916, 6.191125392913818], "desk_rzyfxk_0": [2.209350824356079, 1.0120489597320557, 0.7433381080627441], "dishwasher_znfvmj_0": [-6.660537242889404, -5.699599266052246, 1.5036356449127197], "clothes_dryer_zlmnfg_0": [0.7010847330093384, 0.985539436340332, 1.2705975770950317], "electric_switch_wseglt_0": [-4.462683200836182, -1.7042282819747925, 1.2817331552505493], "electric_switch_wseglt_1": [-2.4903032779693604, 2.6746022701263428, 5.806378364562988], "electric_switch_wseglt_10": [-2.3799304962158203, -1.389404296875, 2.4692368507385254], "electric_switch_wseglt_11": [-4.038059711456299, -1.1018626689910889, 5.217286109924316], "electric_switch_wseglt_12": [-0.6055192351341248, 3.734132766723633, 0.31557154655456543], "electric_switch_wseglt_2": [-1.4178204536437988, 2.9300122261047363, 4.364569664001465], "electric_switch_wseglt_3": [-0.6505786180496216, 1.924005389213562, 4.050903797149658], "electric_switch_wseglt_4": [-8.537166595458984, 0.6341869831085205, 0.8178071975708008], "electric_switch_wseglt_5": [-2.523175001144409, -1.236530065536499, 4.1621856689453125], "electric_switch_wseglt_6": [-4.516915798187256, -0.906039297580719, 5.303799152374268], "electric_switch_wseglt_7": [-8.750653266906738, 0.4770258665084839, 0.6711211204528809], "electric_switch_wseglt_8": [-4.586740016937256, 1.0548303127288818, 6.151170253753662], "electric_switch_wseglt_9": [-1.813529133796692, 1.821960210800171, 1.6584748029708862], "fridge_dszchb_0": [-7.295231819152832, -0.9040243029594421, 5.415995121002197], "microwave_bfbeeb_0": [-5.39166259765625, -1.8393255472183228, 0.5933592319488525], "mirror_pevdqu_0": [-2.707073211669922, 4.5527801513671875, 5.347115516662598], "oven_wuinhm_0": [-5.085223197937012, -2.1736154556274414, 1.6029695272445679], "picture_fanvpf_0": [-8.74142837524414, 0.5702084302902222, 1.3294501304626465], "picture_hhxttu_0": [-0.2849539816379547, -1.5123517513275146, 0.6819653511047363], "picture_jpfyrq_0": [0.028679057955741882, -1.3334497213363647, 6.101678371429443], "picture_lucjyq_0": [-1.3410733938217163, 1.1342941522598267, 1.413648009300232], "picture_qjkajj_0": [-10.876249313354492, 0.4805580675601959, 2.721071243286133], "picture_qtvjzk_0": [-1.694567322731018, 3.676211357116699, 1.4131559133529663], "picture_wfdvzv_0": [-4.214411735534668, 3.0094833374023438, 6.185647010803223], "rail_fence_qmsnld_0": [-2.796926259994507, -1.923084020614624, 5.089309215545654], "shelf_njwsoa_0": [-2.2113900184631348, -1.139890193939209, 1.8544806241989136], "shelf_owvfik_2": null, "shelf_vgzdul_0": [1.3039156198501587, -1.9448354244232178, 6.273987293243408], "sink_czyfhq_0": [-7.5546488761901855, -4.247731685638428, 5.276132106781006], "sink_ksecxq_0": [-1.4752591848373413, 3.5424628257751465, 5.06498384475708], "sink_zexzrc_0": [-1.89641535282135, 3.5321621894836426, 1.311358094215393], "toilet_kfmkbm_0": [-1.7349557876586914, 3.9872686862945557, 1.7427449226379395], "top_cabinet_dmwxyl_0": [-6.407784938812256, -1.4674158096313477, 5.583035945892334], "top_cabinet_dmwxyl_1": [-3.7765777111053467, -1.737697958946228, 5.261804580688477], "top_cabinet_dmwxyl_2": [-5.558194160461426, -6.285008907318115, 0.6881084442138672],