{
    "nextto": {
        "reception_desk_kjmhgc_1": [
            [
                -1.8374501514434816,
                14.685124292373658,
                0
            ]
        ],
        "chicken_leg_nhfiuh_1": [
            [
                -1.091250295639038,
                15.004924230575561,
                0
            ]
        ],
        "stove_kfhkqp_1": [
            [
                -3.1166499042510987,
                13.19272458076477,
                0
            ]
        ],
        "breakfast_table_dnsjnv_0": [
            -6.2985944747924805,
            15.850635528564453,
            1.2079548835754395
        ]
    },
    "ontop": {
        "chicken_leg_nhfiuh_1": {
            "breakfast_table_dnsjnv_0": [
                [
                    -5.27713680267334,
                    17.285940170288086,
                    0.7578703761100769
                ],
                [
                    -0.016746560111641884,
                    0.013099216856062412,
                    -0.01988609880208969,
                    0.9995761513710022
                ]
            ]
        }
    },
    "inside": {}
}