{
    "nextto": {
        "reception_desk_kjmhgc_1": [
            [
                -5.619794402122498,
                -3.0010795640945434,
                0
            ]
        ],
        "garlic_bread_kjhxsq_1": [
            [
                -5.2999944353103645,
                -3.0010795640945434,
                0
            ]
        ],
        "oven_wuinhm_0": [
            -6.054697513580322,
            -1.6616499423980713,
            1.5503613948822021
        ],
        "breakfast_table_dnsjnv_0": [
            -8.677576065063477,
            0.7646104097366333,
            1.877634048461914
        ]
    },
    "ontop": {
        "garlic_bread_kjhxsq_1": {
            "breakfast_table_dnsjnv_0": [
                [
                    -8.891619682312012,
                    -1.3397364616394043,
                    0.7695987224578857
                ],
                [
                    0.0012539648450911045,
                    0.015722325071692467,
                    -0.07521118968725204,
                    0.9970429539680481
                ]
            ]
        }
    },
    "inside": {}
}