{
    "nextto": {
        "reception_desk_kjmhgc_1": [
            [
                -7.112194247245789,
                -4.4934794092178345,
                0
            ]
        ],
        "chicken_leg_nhfiuh_1": [
            [
                -7.112194247245789,
                -4.4934794092178345,
                0
            ]
        ],
        "oven_wuinhm_0": [
            -6.924892902374268,
            -2.671386241912842,
            1.3736356496810913
        ],
        "breakfast_table_dnsjnv_0": [
            -10.203108787536621,
            -1.3846759796142578,
            1.1203582286834717
        ]
    },
    "ontop": {
        "chicken_leg_nhfiuh_1": {
            "breakfast_table_dnsjnv_0": [
                [
                    -9.394970893859863,
                    -0.978860080242157,
                    0.7578729391098022
                ],
                [
                    -0.016721762716770172,
                    0.013131403364241123,
                    -0.02181597799062729,
                    0.9995357990264893
                ]
            ]
        }
    },
    "inside": {}
}