{
    "nextto": {
        "pedestal_table_oqclwq_1": [
            [
                -0.6324349164962769,
                -3.233523082733154,
                0
            ]
        ],
        "bread_slice_yedlgq_1": [
            [
                0.12170498371124264,
                -1.6749672889709473,
                0
            ]
        ],
        "cooler_pnkiag_1": [
            [
                -1.7447912180423735,
                0.5033081912994385,
                0
            ]
        ]
    },
    "ontop": {},
    "inside": {
        "bread_slice_yedlgq_1": {
            "cooler_pnkiag_1": [
                [
                    -0.027278464287519455,
                    0.2578067481517792,
                    0.10405790060758591
                ],
                [
                    0.005836067721247673,
                    0.03712012991309166,
                    -0.0552300363779068,
                    0.9977664947509766
                ]
            ]
        }
    }
}