{
    "nextto": {
        "coffee_table_qlmqyy_1": [
            [
                0.4219088864326478,
                -4.949291443824769,
                0
            ]
        ],
        "water_bottle_ackxiy_1": [
            [
                0.4219088864326478,
                -4.949291443824769,
                0
            ]
        ],
        "table_lamp_ehjsdz_1": [
            [
                -1.843391206264496,
                -2.0127913236618045,
                0
            ]
        ],
        "desk_cnewsu_1": [
            [
                -0.582158923149109,
                -1.6749672889709473,
                0
            ]
        ],
        "sofa_uixwiv_0": [
            0.892580509185791,
            -5.773922443389893,
            1.5756807327270508
        ]
    },
    "ontop": {
        "water_bottle_ackxiy_1": {
            "desk_cnewsu_1": [
                [
                    1.3273851871490479,
                    -1.4268275499343872,
                    0.8350244164466858
                ],
                [
                    0.005136283114552498,
                    0.0038730858359485865,
                    -0.018378188833594322,
                    0.9998103976249695
                ]
            ]
        }
    },
    "inside": {}
}