{
    "nextto": {
        "urinal_pfzmpd_1": [
            [
                -0.3574511247873306,
                -3.4085543060302737,
                0
            ]
        ],
        "wine_bottle_vjdkci_1": [
            [
                -0.2688511186838151,
                -3.275654296875,
                0
            ]
        ],
        "wardrobe_lrokhl_1": [
            [
                -3.4775507926940916,
                -8.157754230499268,
                0
            ]
        ]
    },
    "ontop": {},
    "inside": {
        "wine_bottle_vjdkci_1": {
            "wardrobe_lrokhl_1": [
                [
                    -2.1760082244873047,
                    -6.472165584564209,
                    0.5118266940116882
                ],
                [
                    -0.006679677404463291,
                    0.028947871178388596,
                    -0.017237571999430656,
                    0.9994100332260132
                ]
            ]
        }
    }
}