{"cabinet_base_dcmhhh_1": [0.43994893014430986, -3.009854278564453, 0], "toothbrush_nbgpwg_1": [0.8817025423049927, -3.3492608070373535, 0.3501434326171875], "bed_fnzxxr_0": [-3.3972949981689453, 1.3579622507095337, 0.17346858978271484], "doll_fhdgrp_1": [-1.239101496040821, 0.4140958404541016, 0], "shelf_iwziew_1": [-3.4775507926940916, -6.760254192352295, 0], "bottom_cabinet_bamfsz_0": [-1.789798378944397, -3.418672561645508, 1.6166881322860718], "bottom_cabinet_jrhgeu_0": [-1.6343603134155273, -7.9719953536987305, 0.010152101516723633], "bottom_cabinet_slgzfc_0": [-0.48739710450172424, -5.048157691955566, 3.3819432258605957], "breakfast_table_bmnubh_0": [0.3494722843170166, 0.22116784751415253, 5.657461166381836], "floor_lamp_vdxlda_0": [0.31113165616989136, -8.616570472717285, 0.6937255859375], "shelf_owvfik_0": [-2.186283588409424, -7.958517551422119, 0.9677846431732178], "swivel_chair_mhsjfu_0": [1.4302257299423218, 0.19720888137817383, 2.9144418239593506], "trash_can_zotrbg_0": [0.9425978660583496, 0.46430253982543945, 6.173178672790527], "trash_can_zotrbg_1": [-2.359459400177002, 1.1174733638763428, 0.9880015850067139], "bathtub_fdjykf_0": [-1.4197535514831543, -2.134310245513916, 5.604101181030273], "bed_zrumze_0": [-0.15943297743797302, -4.664585113525391, 4.993370056152344], "countertop_tpuwys_0": [1.116693139076233, -4.309053421020508, 1.4475423097610474], "countertop_tpuwys_1": [1.5985609292984009, 0.10638724267482758, 3.543189764022827], "crib_oimydv_0": [1.4564825296401978, -3.372035264968872, 3.7441980838775635], "clothes_dryer_zlmnfg_0": [-3.8523988723754883, 0.566008448600769, 5.183192253112793], "electric_switch_wseglt_0": [-2.8890304565429688, -6.117921352386475, 1.0431241989135742], "electric_switch_wseglt_1": [-1.467435598373413, 1.3326419591903687, 4.388442039489746], "electric_switch_wseglt_2": [-2.0344114303588867, -0.7966744899749756, 5.771214485168457], "electric_switch_wseglt_3": [-1.2378482818603516, -1.1385183334350586, 0.12445473670959473], "electric_switch_wseglt_4": [0.11482895910739899, -3.8682777881622314, 4.455892086029053], "electric_switch_wseglt_5": [-2.8833630084991455, -6.3817524909973145, 1.0381629467010498], "electric_switch_wseglt_6": [-2.5747885704040527, -7.09703254699707, 4.224605560302734], "electric_switch_wseglt_7": [-1.2162911891937256, -1.1354130506515503, 2.7077584266662598], "mirror_pevdqu_0": [-1.4176654815673828, -4.785084247589111, 2.0151777267456055], "mirror_pevdqu_1": [-4.085960388183594, 0.060971662402153015, 0.26897096633911133], "picture_etixod_0": [-2.5661442279815674, -0.27806317806243896, 1.025444746017456], "picture_fanvpf_0": [-1.8101763725280762, -3.595334768295288, 0.9899041652679443], "picture_qjkajj_0": [-1.7520880699157715, -2.0292115211486816, 5.078004360198975], "picture_wfdvzv_0": [0.41821494698524475, -3.6866352558135986, 5.45236349105835], "shelf_owvfik_1": [0.6132359504699707, -6.203831672668457, 0.03389763832092285], "shower_stall_invgma_0": null, "sink_ksecxq_0": [-0.7702935338020325, -4.18529748916626, 1.553512454032898], "sink_ksecxq_1": [-1.6694902181625366, -1.1962831020355225, 5.320423603057861], "sink_ksecxq_2": [-3.880715847015381, 1.3434534072875977, 5.9019880294799805], "toilet_chuack_0": [-3.108139753341675, 1.2696936130523682, 0.7981100082397461], "toilet_kfmkbm_0": [0.8578587174415588, -3.5522589683532715, 1.8365997076034546], "towel_rack_kqrmrh_0": [-0.38342809677124023, -2.2390501499176025, 5.493264675140381], "towel_rack_kqrmrh_1": [-1.8501417636871338, 0.5453461408615112, 1.2526477575302124], "washer_omeuop_0": [-3.687178134918213, -0.05951887369155884, 0.6015422344207764], "Light_test": null, "robot0": null}