{"tray_uekqey_1": [-2.1317509579658505, -5.245954151153565, 0], "comb_yopqrq_1": [-1.8545646667480469, -4.75061559677124, 5.9842610359191895], "shelf_iwziew_1": [-1.1960014230012894, -1.4882045793533325, 0], "booth_xzrpar_1": [-0.7118511492013933, -2.168154220581055, 1.5707963267948966], "bottom_cabinet_bamfsz_0": [-1.066174864768982, -2.6065919399261475, 5.426681995391846], "bottom_cabinet_jrhgeu_0": [-1.8814573287963867, -6.779777526855469, 5.3823394775390625], "bottom_cabinet_slgzfc_0": [-1.0682320594787598, -6.094560146331787, 1.5638612508773804], "breakfast_table_bmnubh_0": [0.8025375008583069, -1.0473138093948364, 0.8652658462524414], "floor_lamp_vdxlda_0": [1.0365285873413086, -7.715061664581299, 4.243086338043213], "shelf_owvfik_0": [-2.6351709365844727, -7.565235137939453, 0.9856986999511719], "swivel_chair_mhsjfu_0": [0.753106951713562, -0.5494140386581421, 1.4715373516082764], "trash_can_zotrbg_0": [1.4173301458358765, 0.433457612991333, 3.1390857696533203], "trash_can_zotrbg_1": null, "bathtub_fdjykf_0": [0.2507498562335968, -3.0848748683929443, 1.4265594482421875], "bed_fnzxxr_0": [-2.7123355865478516, 1.2633113861083984, 1.00620436668396], "bed_zrumze_0": [0.574411928653717, -4.536517143249512, 4.515676498413086], "countertop_tpuwys_0": [0.5940497517585754, -4.109217643737793, 1.2067759037017822], "countertop_tpuwys_1": [0.8012508749961853, 2.174967050552368, 0.01874232292175293], "crib_oimydv_0": [0.27680063247680664, -6.1947784423828125, 6.2776899337768555], "clothes_dryer_zlmnfg_0": [-3.444399118423462, -1.4874216318130493, 2.472954273223877], "electric_switch_wseglt_0": [-2.861922025680542, -5.6345624923706055, 6.24770975112915], "electric_switch_wseglt_1": [-1.6120952367782593, 1.4594757556915283, 4.694079875946045], "electric_switch_wseglt_2": [-1.9133485555648804, -0.5581536293029785, 5.223095417022705], "electric_switch_wseglt_3": [-1.1923209428787231, -1.0944466590881348, 6.256739616394043], "electric_switch_wseglt_4": [-0.13352130353450775, -3.9401729106903076, 5.831574440002441], "electric_switch_wseglt_5": [-2.4477596282958984, -5.945641040802002, 1.8740017414093018], "electric_switch_wseglt_6": [-2.7320587635040283, -6.9340128898620605, 4.912632942199707], "electric_switch_wseglt_7": [-1.1903090476989746, -1.044625163078308, 3.114997148513794], "mirror_pevdqu_0": [-1.5549795627593994, -5.212439060211182, 1.6665540933609009], "mirror_pevdqu_1": null, "picture_etixod_0": [-1.9115612506866455, -0.42237839102745056, 1.9563323259353638], "picture_fanvpf_0": [-1.8561393022537231, -4.060336112976074, 0.4718964099884033], "picture_qjkajj_0": [-1.584924578666687, -2.92257022857666, 1.8717355728149414], "picture_wfdvzv_0": [0.43263566493988037, -4.427196502685547, 2.42034912109375], "shelf_owvfik_1": [1.2715808153152466, -5.424767971038818, 6.0548787117004395], "shower_stall_invgma_0": [-2.772366523742676, 0.6314681172370911, 3.992250680923462], "sink_ksecxq_0": [-1.1548047065734863, -3.136106491088867, 5.886524677276611], "sink_ksecxq_1": [-0.8823443651199341, -1.8416767120361328, 5.173295021057129], "sink_ksecxq_2": [-3.6149163246154785, -0.3642590641975403, 6.225200176239014], "toilet_chuack_0": [-2.0211503505706787, 2.0888512134552, 2.7945802211761475], "toilet_kfmkbm_0": [0.11777123808860779, -3.255871057510376, 5.283348083496094], "towel_rack_kqrmrh_0": [-0.3959289491176605, -1.835428237915039, 4.974156379699707], "towel_rack_kqrmrh_1": [-1.6205147504806519, 1.0072660446166992, 1.9386686086654663], "washer_omeuop_0": [-4.43379020690918, -0.7859910726547241, 5.7480692863464355], "Light_test": null, "robot0": null}