{
    "nextto": {
        "countertop_zkhelh_1": [
            [
                -2.3777507901191712,
                -0.7989537119865412,
                0
            ]
        ],
        "leek_fyihsq_1": [
            [
                -3.4602508902549745,
                -5.1722541165351865,
                0
            ]
        ],
        "cooler_pnkiag_1": [
            [
                -3.4775507926940916,
                -6.7043541908264155,
                0
            ]
        ],
        "shelf_iwziew_1": [
            [
                -0.9461015370488167,
                0.4140958404541016,
                0
            ]
        ],
        "sugar_cookie_feirtr_1": [
            [
                -0.8875015452504158,
                0.29689585685729974,
                0
            ]
        ],
        "wicker_basket_unasxd_1": [
            [
                -2.748850897550583,
                0.30534590363502506,
                0
            ]
        ]
    },
    "ontop": {
        "leek_fyihsq_1": {
            "cooler_pnkiag_1": [
                [
                    -3.2639758586883545,
                    -7.1919708251953125,
                    0.6676572561264038
                ],
                [
                    -0.2924928069114685,
                    0.5110504627227783,
                    0.08941328525543213,
                    0.8032935857772827
                ]
            ]
        }
    },
    "inside": {
        "sugar_cookie_feirtr_1": {
            "wicker_basket_unasxd_1": [
                [
                    -2.084900140762329,
                    0.25862064957618713,
                    0.029932990670204163
                ],
                [
                    0.00022747076582163572,
                    -0.013257497921586037,
                    -0.0008767276885919273,
                    0.9999117255210876
                ]
            ]
        }
    }
}