{
    "nextto": {
        "reception_desk_kjmhgc_1": [
            [
                -0.7536913931369781,
                0.7948081398010255,
                0
            ]
        ],
        "broccolini_rlsytp_1": [
            [
                -0.8119913828372954,
                0.3284082221984864,
                1.5707963267948966
            ]
        ],
        "stove_kfhkqp_1": [
            [
                -0.8119913828372954,
                0.3284082221984864,
                1.5707963267948966
            ]
        ],
        "casserole_ncbsee_1": [
            [
                -2.458740909099579,
                0.6738580203056336,
                0
            ]
        ]
    },
    "ontop": {},
    "inside": {
        "broccolini_rlsytp_1": {
            "casserole_ncbsee_1": [
                [
                    -2.565107583999634,
                    0.17665016651153564,
                    0.03326398506760597
                ],
                [
                    -0.29900500178337097,
                    -0.513097882270813,
                    0.12501825392246246,
                    0.7947936058044434
                ]
            ]
        }
    }
}