{
    "nextto": {
        "reception_desk_kjmhgc_1": [
            [
                -1.6864912283420561,
                -0.6043916130065918,
                0
            ]
        ],
        "butternut_squash_swehmg_1": [
            [
                -1.6864912283420561,
                -0.6043916130065918,
                0
            ]
        ],
        "oven_wuinhm_0": [
            -0.25518226623535156,
            1.9868779182434082,
            1.2136952877044678
        ],
        "breakfast_table_idnnmz_0": [
            0.07174423336982727,
            -1.4536830186843872,
            4.477878093719482
        ]
    },
    "ontop": {
        "butternut_squash_swehmg_1": {
            "breakfast_table_idnnmz_0": [
                [
                    0.18472106754779816,
                    -2.390681505203247,
                    0.8955646753311157
                ],
                [
                    0.05227692052721977,
                    0.001065404387190938,
                    -0.029640940949320793,
                    0.9981920123100281
                ]
            ]
        }
    },
    "inside": {}
}