{
    "nextto": {
        "shelf_iwziew_1": [
            [
                -2.458740909099579,
                1.2534578680992126,
                0
            ]
        ],
        "carton_hhlmbi_1": [
            [
                -2.458740909099579,
                -0.2783417296409607,
                0
            ]
        ],
        "coffee_table_qlmqyy_1": [
            [
                -1.843391206264496,
                -2.0127913236618045,
                0
            ]
        ]
    },
    "ontop": {
        "carton_hhlmbi_1": {
            "coffee_table_qlmqyy_1": [
                [
                    -0.5290496945381165,
                    -1.900627851486206,
                    0.43746140599250793
                ],
                [
                    0.005564559251070023,
                    -0.0004923369269818068,
                    -0.07310618460178375,
                    0.9973084926605225
                ]
            ]
        }
    },
    "inside": {}
}