{
    "nextto": {
        "cheese_tart_pyynjg_1": [
            [
                1.4980484843254087,
                0.876662561893463,
                0
            ]
        ],
        "air_conditioner_pekain_1": [
            [
                3.132647967338562,
                -0.3441373407840728,
                0
            ]
        ],
        "conference_table_hdomxc_1": [
            2.1828627586364746,
            0.5482568740844727,
            6.099018096923828
        ],
        "cooler_pnkiag_1": [
            1.19431734085083,
            0.6712349653244019,
            6.0684990882873535
        ]
    },
    "ontop": {},
    "inside": {
        "cheese_tart_pyynjg_1": {
            "cooler_pnkiag_1": [
                [
                    1.4265245199203491,
                    -0.13385140895843506,
                    0.09117595851421356
                ],
                [
                    -0.030588684603571892,
                    0.006698476616293192,
                    -0.021883271634578705,
                    0.999269962310791
                ]
            ]
        }
    }
}