{
    "nextto": {
        "reception_desk_kjmhgc_1": [
            [
                -3.4602508902549745,
                -3.0505539202690124,
                0
            ]
        ],
        "tray_uekqey_1": [
            [
                -3.4602508902549745,
                -1.924753816127777,
                0
            ]
        ],
        "muffin_upcxno_1": [
            [
                -3.4602508902549745,
                -1.7515538001060482,
                0
            ]
        ],
        "microwave_abzvij_1": [
            [
                -3.4602508902549745,
                -5.345454132556915,
                0
            ]
        ]
    },
    "ontop": {
        "muffin_upcxno_1": {
            "tray_uekqey_1": [
                [
                    -2.3547677993774414,
                    -0.5148005485534668,
                    0.0422348789870739
                ],
                [
                    -5.946995224803686e-05,
                    -0.0001940201036632061,
                    -0.014688116498291492,
                    0.9998921751976013
                ]
            ]
        }
    },
    "inside": {}
}