{
    "nextto": {
        "shelf_iwziew_1": [
            [
                -2.458740909099579,
                -0.2783417296409607,
                0
            ]
        ],
        "chocolate_biscuit_xhmpht_1": [
            [
                -2.458740909099579,
                -0.2783417296409607,
                0
            ]
        ],
        "cooler_pnkiag_1": [
            [
                -0.7536913931369781,
                0.7948081398010255,
                0
            ]
        ]
    },
    "ontop": {},
    "inside": {
        "chocolate_biscuit_xhmpht_1": {
            "cooler_pnkiag_1": [
                [
                    -1.3207429647445679,
                    -0.0756663903594017,
                    0.09973085671663284
                ],
                [
                    0.01280610915273428,
                    -0.007297835312783718,
                    -0.005240910220891237,
                    0.9998775720596313
                ]
            ]
        }
    }
}