{
    "nextto": {
        "rag_oocmed_1": [
            [
                3.132647967338562,
                -0.607337337732315,
                0
            ]
        ],
        "shelf_iwziew_1": [
            -0.734485387802124,
            0.333895742893219,
            6.220747470855713
        ]
    },
    "ontop": {
        "rag_oocmed_1": {
            "shelf_iwziew_1": [
                [
                    0.002307310001924634,
                    -0.20115098357200623,
                    0.5077399015426636
                ],
                [
                    3.6845176509814337e-07,
                    -1.549669832456857e-07,
                    -0.019184857606887817,
                    0.9998160004615784
                ]
            ]
        }
    },
    "inside": {}
}