{
    "nextto": {
        "hutch_vsqsuy_1": [
            [
                -1.3240013772249222,
                -1.5842045450210571,
                0
            ]
        ],
        "lime_iwjcjp_1": [
            [
                -1.0200014859437943,
                -1.4242046022415162,
                0
            ]
        ],
        "cooler_pnkiag_1": [
            [
                -3.4602508902549745,
                -2.3577538561820983,
                0
            ]
        ],
        "microwave_abzvij_1": [
            [
                -3.4602508902549745,
                -3.0072539162635805,
                0
            ]
        ]
    },
    "ontop": {},
    "inside": {
        "lime_iwjcjp_1": {
            "cooler_pnkiag_1": [
                [
                    -2.1381802558898926,
                    -0.8210186958312988,
                    0.1237926259636879
                ],
                [
                    -0.13204726576805115,
                    -0.12007962912321091,
                    -0.009276509284973145,
                    0.9838995933532715
                ]
            ]
        }
    }
}