{
    "nextto": {
        "coffee_table_qlmqyy_1": [
            [
                -0.45075156450271603,
                0.7548625588417054,
                0
            ]
        ],
        "textbook_nloqia_1": [
            [
                -0.45075156450271603,
                -0.5849374747276306,
                0
            ]
        ],
        "table_lamp_ehjsdz_1": [
            [
                0.34094845533370977,
                0.7548625588417054,
                0
            ]
        ],
        "shelf_iwziew_1": [
            [
                0.8890484690666199,
                0.5721625542640686,
                1.5707963267948966
            ]
        ]
    },
    "ontop": {
        "textbook_nloqia_1": {
            "shelf_iwziew_1": [
                [
                    2.433716058731079,
                    0.016154667362570763,
                    0.5276930928230286
                ],
                [
                    2.7118250727653503e-05,
                    7.569116132799536e-05,
                    -0.31905725598335266,
                    0.9477354288101196
                ]
            ]
        }
    },
    "inside": {}
}