{
    "nextto": {
        "tray_uekqey_1": [
            [
                -2.458740909099579,
                0.9912579369544982,
                0
            ]
        ],
        "sugar_cookie_feirtr_1": [
            [
                -2.458740909099579,
                -0.2783417296409607,
                0
            ]
        ],
        "cooler_pnkiag_1": [
            [
                -3.6347472715377807,
                -5.790762085914611,
                0
            ]
        ]
    },
    "ontop": {},
    "inside": {}
}