{
    "nextto": {
        "reception_desk_kjmhgc_1": [
            [
                -1.6864912283420561,
                -0.6043916130065918,
                0
            ]
        ],
        "bok_choy_jpkewd_1": [
            [
                -1.6864912283420561,
                -0.3711916542053223,
                0
            ]
        ],
        "burner_lfyqat_1": [
            [
                0.004208472967148005,
                0.09520826339721679,
                0
            ]
        ],
        "breakfast_table_idnnmz_0": [
            -1.373652458190918,
            -1.9965591430664062,
            5.789783477783203
        ]
    },
    "ontop": {
        "bok_choy_jpkewd_1": {
            "breakfast_table_idnnmz_0": [
                [
                    -0.09371042251586914,
                    -2.1863579750061035,
                    0.8284177780151367
                ],
                [
                    -0.1637730449438095,
                    -0.3126490116119385,
                    -0.035905756056308746,
                    0.9349544048309326
                ]
            ]
        }
    },
    "inside": {}
}