{
    "nextto": {
        "breakfast_table_idnnmz_0": [
            [
                -0.6324349164962769,
                -3.233523082733154,
                0
            ]
        ],
        "teacup_zdvgol_1": [
            [
                -0.6324349164962769,
                -3.233523082733154,
                0
            ]
        ],
        "cooler_pnkiag_1": [
            [
                -2.458740909099579,
                -0.2783417296409607,
                0
            ]
        ]
    },
    "ontop": {},
    "inside": {
        "teacup_zdvgol_1": {
            "cooler_pnkiag_1": [
                [
                    -2.441690683364868,
                    0.5723932981491089,
                    0.1306799203157425
                ],
                [
                    -0.006622734479606152,
                    0.03250535950064659,
                    -0.012166164815425873,
                    0.999375581741333
                ]
            ]
        }
    }
}