{
    "nextto": {
        "countertop_tpuwys_4": [
            [
                -1.7447912180423735,
                0.5033081912994385,
                0
            ]
        ],
        "ramen_ofnvor_1": [
            [
                -1.7447912180423735,
                0.5033081912994385,
                0
            ]
        ],
        "microwave_bfbeeb_0": [
            -0.023104414343833923,
            2.1350083351135254,
            4.009853839874268
        ],
        "breakfast_table_idnnmz_0": [
            -0.8983111381530762,
            -2.1155035495758057,
            0.5363762378692627
        ]
    },
    "ontop": {
        "ramen_ofnvor_1": {
            "breakfast_table_idnnmz_0": [
                [
                    -0.33351224660873413,
                    -2.4077837467193604,
                    0.7688453793525696
                ],
                [
                    0.0006733384216204286,
                    -0.0004731306980829686,
                    -0.02166718617081642,
                    0.9997648596763611
                ]
            ]
        }
    },
    "inside": {}
}