{
    "nextto": {
        "reception_desk_kjmhgc_1": [
            [
                -1.6864912283420561,
                -0.6043916130065918,
                0
            ]
        ],
        "carrot_qhmmmx_1": [
            [
                -1.6864912283420561,
                -0.6043916130065918,
                0
            ]
        ],
        "stove_kfhkqp_1": [
            [
                -1.3949912798404693,
                -0.19629168510437012,
                0
            ]
        ],
        "breakfast_table_idnnmz_0": [
            -1.317872405052185,
            -2.2306461334228516,
            0.4649679660797119
        ]
    },
    "ontop": {
        "carrot_qhmmmx_1": {
            "breakfast_table_idnnmz_0": [
                [
                    0.4269574284553528,
                    -2.5730278491973877,
                    0.7692496180534363
                ],
                [
                    0.10013394057750702,
                    -0.03679811581969261,
                    -0.03994157537817955,
                    0.9934905767440796
                ]
            ]
        }
    },
    "inside": {}
}