{
    "nextto": {
        "reception_desk_kjmhgc_1": [
            [
                -1.7447912180423735,
                0.5616081809997558,
                0
            ]
        ],
        "chicken_leg_nhfiuh_1": [
            [
                -1.7447912180423735,
                0.5033081912994385,
                0
            ]
        ],
        "oven_wuinhm_0": [
            -0.5977494716644287,
            0.41143012046813965,
            0.8138289451599121
        ],
        "breakfast_table_idnnmz_0": [
            -1.046438455581665,
            -2.8224568367004395,
            1.4949325323104858
        ]
    },
    "ontop": {
        "chicken_leg_nhfiuh_1": {
            "breakfast_table_idnnmz_0": [
                [
                    -0.4095258414745331,
                    -2.5569467544555664,
                    0.7698017358779907
                ],
                [
                    -0.016611391678452492,
                    0.013280583545565605,
                    -0.030722247436642647,
                    0.9993016123771667
                ]
            ]
        }
    },
    "inside": {}
}