{
    "nextto": {
        "reception_desk_kjmhgc_1": [
            [
                -1.6864912283420561,
                -0.6043916130065918,
                0
            ]
        ],
        "duck_nletxg_1": [
            [
                -1.6864912283420561,
                -0.6043916130065918,
                0
            ]
        ],
        "pressure_cooker_otyngn_1": [
            [
                0.17910844206809984,
                0.09520826339721679,
                0
            ]
        ],
        "breakfast_table_idnnmz_0": [
            -0.059737205505371094,
            -3.4233384132385254,
            0.5824434757232666
        ]
    },
    "ontop": {
        "duck_nletxg_1": {
            "breakfast_table_idnnmz_0": [
                [
                    0.360506147146225,
                    -2.32149338722229,
                    0.8439993262290955
                ],
                [
                    0.06136256828904152,
                    0.0006038602441549301,
                    -0.1483238786458969,
                    0.9870330691337585
                ]
            ]
        }
    },
    "inside": {}
}