{
    "nextto": {
        "reception_desk_kjmhgc_1": [
            [
                -1.7447912180423735,
                0.5033081912994385,
                0
            ]
        ],
        "bagel_dough_iuembm_1": [
            [
                -1.220091310739517,
                0.09520826339721679,
                0
            ]
        ],
        "oven_wuinhm_0": [
            -1.2747787237167358,
            1.1864217519760132,
            0.24344229698181152
        ],
        "breakfast_table_idnnmz_0": [
            1.370723009109497,
            -2.045386791229248,
            2.9520034790039062
        ]
    },
    "ontop": {
        "bagel_dough_iuembm_1": {
            "breakfast_table_idnnmz_0": [
                [
                    0.4041111469268799,
                    -2.2280008792877197,
                    0.8029825687408447
                ],
                [
                    -0.008350305259227753,
                    0.0016693321522325277,
                    -0.08828458935022354,
                    0.9960588216781616
                ]
            ]
        }
    },
    "inside": {}
}