{
    "nextto": {
        "coffee_table_qlmqyy_1": [
            [
                -0.45075156450271603,
                0.5721625542640686,
                0
            ]
        ],
        "ashtray_nfuxzd_1": [
            [
                -0.45075156450271603,
                -0.2195374655723572,
                0
            ]
        ],
        "cabinet_base_dcmhhh_1": [
            [
                3.3300479650497437,
                -0.11383734345436088,
                0
            ]
        ]
    },
    "ontop": {
        "ashtray_nfuxzd_1": {
            "cabinet_base_dcmhhh_1": [
                [
                    3.051602602005005,
                    -0.6114553213119507,
                    0.4685935378074646
                ],
                [
                    0.003792779752984643,
                    -0.0011069800239056349,
                    -0.0071813687682151794,
                    0.9999664425849915
                ]
            ]
        }
    },
    "inside": {}
}