{
    "nextto": {
        "countertop_tpuwys_4": [
            [
                -1.7447912180423735,
                0.5033081912994385,
                0
            ]
        ],
        "tortilla_vpokzi_1": [
            [
                -1.7447912180423735,
                0.5033081912994385,
                0
            ]
        ],
        "stove_kfhkqp_1": [
            [
                -1.511591259241104,
                -0.021391716003417924,
                0
            ]
        ],
        "breakfast_table_idnnmz_0": [
            -0.8365527987480164,
            -2.346149444580078,
            2.827615737915039
        ]
    },
    "ontop": {
        "tortilla_vpokzi_1": {
            "breakfast_table_idnnmz_0": [
                [
                    -0.056686580181121826,
                    -2.3706045150756836,
                    0.7535024285316467
                ],
                [
                    -0.006838416680693626,
                    0.00937274657189846,
                    -0.11955363303422928,
                    0.9927599430084229
                ]
            ]
        }
    },
    "inside": {}
}