{
    "nextto": {
        "wine_bottle_vjdkci_1": [
            [
                -2.2132509541511536,
                -8.09845401763916,
                0
            ]
        ],
        "desk_cnewsu_1": [
            [
                -1.5612509846687317,
                -6.1424541091918945,
                0
            ]
        ],
        "cooler_pnkiag_1": [
            [
                -3.4602508902549745,
                -5.128954112529755,
                0
            ]
        ],
        "tray_uekqey_1": [
            [
                -3.4775507926940916,
                -8.157754230499268,
                0
            ]
        ]
    },
    "ontop": {
        "tray_uekqey_1": {
            "desk_cnewsu_1": [
                [
                    0.08869655430316925,
                    -4.854611396789551,
                    0.7318817377090454
                ],
                [
                    -0.0002960512647405267,
                    0.0005219824961386621,
                    -0.17004400491714478,
                    0.9854363203048706
                ]
            ]
        }
    },
    "inside": {
        "wine_bottle_vjdkci_1": {
            "cooler_pnkiag_1": [
                [
                    -3.202249050140381,
                    -3.4890787601470947,
                    0.19686825573444366
                ],
                [
                    -0.07909954339265823,
                    -0.06265351176261902,
                    -0.37730464339256287,
                    0.9205754399299622
                ]
            ]
        }
    }
}