{
    "nextto": {
        "shelf_iwziew_1": [
            [
                -2.458740909099579,
                -0.2783417296409607,
                0
            ]
        ],
        "fruitcake_kxckts_1": [
            [
                -2.458740909099579,
                -0.2783417296409607,
                0
            ]
        ],
        "coffee_table_qlmqyy_1": [
            [
                0.4219088864326478,
                -4.949291443824769,
                0
            ]
        ],
        "cooler_pnkiag_1": [
            -0.37742871046066284,
            1.2442512512207031,
            0.8271617889404297
        ]
    },
    "ontop": {
        "fruitcake_kxckts_1": {
            "coffee_table_qlmqyy_1": [
                [
                    0.46556252241134644,
                    -5.990645885467529,
                    0.44952380657196045
                ],
                [
                    -0.0004889655974693596,
                    0.0005780323408544064,
                    -0.05671684071421623,
                    0.9983899593353271
                ]
            ]
        }
    },
    "inside": {}
}