{"cabinet_base_dcmhhh_1": [-2.6315508949756623, 0.6181459105014802, 0], "hairbrush_bdylnb_1": [-2.064610242843628, 0.5604695081710815, 0.4640812873840332], "bed_fnzxxr_0": [-2.8886852264404297, 0.7434180974960327, 0.562230110168457], "pillow_vbgcmf_1": [-1.239101496040821, 0.3554958486557008, 0], "eames_chair_mmqvnh_1": [-0.4202510380744935, -8.09845401763916, 0], "bottom_cabinet_bamfsz_0": [-1.6326063871383667, -3.658451795578003, 0.2714576721191406], "bottom_cabinet_jrhgeu_0": [-1.6917409896850586, -8.21103286743164, 1.291717529296875], "bottom_cabinet_slgzfc_0": [-1.748508334159851, -4.876438617706299, 1.9850397109985352], "breakfast_table_bmnubh_0": [1.3699816465377808, 0.05284680426120758, 0.6591203212738037], "floor_lamp_vdxlda_0": [0.7806641459465027, -7.8414506912231445, 4.941594123840332], "shelf_owvfik_0": [-2.7749979496002197, -6.930171966552734, 6.084486961364746], "swivel_chair_mhsjfu_0": [0.1990586668252945, 0.3814697265625, 5.961436748504639], "trash_can_zotrbg_0": [0.8587524890899658, 0.7622185945510864, 5.434487342834473], "trash_can_zotrbg_1": [-1.5456936359405518, 1.992568850517273, 4.671309947967529], "bathtub_fdjykf_0": [-0.05323002487421036, -3.0959908962249756, 1.631333589553833], "bed_zrumze_0": [-0.024841725826263428, -5.3960981369018555, 0.6616330146789551], "countertop_tpuwys_0": [1.4220573902130127, -3.4769740104675293, 5.560518264770508], "countertop_tpuwys_1": [0.7602496147155762, 2.500720500946045, 5.630075931549072], "crib_oimydv_0": [1.0111182928085327, -3.599864959716797, 1.7757176160812378], "clothes_dryer_zlmnfg_0": [-4.001047134399414, -0.7018955945968628, 2.391371250152588], "electric_switch_wseglt_0": [-2.329477548599243, -5.574747562408447, 3.348562479019165], "electric_switch_wseglt_1": [-1.6077240705490112, 0.3463119864463806, 1.6649470329284668], "electric_switch_wseglt_2": [-1.7934300899505615, -0.7033849954605103, 4.95448637008667], "electric_switch_wseglt_3": [-0.7530323266983032, -1.6235748529434204, 1.734861969947815], "electric_switch_wseglt_4": [-0.3158033490180969, -3.6158204078674316, 5.567802906036377], "electric_switch_wseglt_5": [-3.0098233222961426, -5.897937297821045, 0.29955434799194336], "electric_switch_wseglt_6": [-2.4177021980285645, -7.592580795288086, 2.065016746520996], "electric_switch_wseglt_7": [-1.7114468812942505, -0.6994438171386719, 5.389981269836426], "mirror_pevdqu_0": [-1.5975208282470703, -4.103982448577881, 0.7686355113983154], "mirror_pevdqu_1": [-3.6003503799438477, -0.08410586416721344, 4.4709272384643555], "picture_etixod_0": [-2.080247402191162, 0.09372539818286896, 4.753367900848389], "picture_fanvpf_0": [-1.5534915924072266, -3.5051283836364746, 2.678274393081665], "picture_qjkajj_0": [-1.4872781038284302, -2.979517698287964, 2.775797128677368], "picture_wfdvzv_0": [0.0408509224653244, -4.043132781982422, 5.3702616691589355], "shelf_owvfik_1": [0.9938262104988098, -5.150394439697266, 6.16078519821167], "shower_stall_invgma_0": [-4.289560794830322, 1.2552363872528076, 1.2131680250167847], "sink_ksecxq_0": [-1.763594150543213, -3.982158899307251, 2.0353543758392334], "sink_ksecxq_1": [-1.5152772665023804, -2.992849826812744, 5.604992866516113], "sink_ksecxq_2": [-2.752131938934326, 1.0931445360183716, 4.730289459228516], "toilet_chuack_0": [-2.6921892166137695, 2.399785041809082, 5.792229175567627], "toilet_kfmkbm_0": [0.8043776750564575, -3.1934967041015625, 0.922152042388916], "towel_rack_kqrmrh_0": [-0.8365063667297363, -1.967222809791565, 6.017601490020752], "towel_rack_kqrmrh_1": [-1.9729797840118408, 1.8891935348510742, 0.23813939094543457], "washer_omeuop_0": [-2.1680850982666016, -0.1175876259803772, 4.69131326675415], "Light_test": null, "robot0": null}