{
    "nextto": {
        "coffee_table_qlmqyy_1": [
            [
                0.4219088864326478,
                -4.949291443824769,
                0
            ]
        ],
        "phonograph_record_reunea_1": [
            [
                0.4219088864326478,
                -4.949291443824769,
                0
            ]
        ],
        "table_lamp_ehjsdz_1": [
            [
                -0.6687911581993103,
                -2.3483913373947147,
                0
            ]
        ],
        "toy_box_pmhcse_1": [
            [
                -3.66294127702713,
                0.7984584927558898,
                0
            ]
        ],
        "sofa_uixwiv_0": [
            -0.7810260057449341,
            -3.394113063812256,
            1.0383727550506592
        ]
    },
    "ontop": {},
    "inside": {
        "phonograph_record_reunea_1": {
            "toy_box_pmhcse_1": [
                [
                    -3.1259613037109375,
                    1.8607721328735352,
                    -0.0007993903709575534
                ],
                [
                    0.04309923201799393,
                    -0.000703485042322427,
                    0.9962348341941833,
                    0.07522013783454895
                ]
            ]
        }
    }
}