{"coffee_table_qlmqyy_1": [-1.4238911890983583, -2.180591330528259, 0], "projector_spedyw_1": [-1.2560911822319032, -2.0127913236618045, 0], "shelf_iwziew_1": [-2.458740909099579, 0.7152580094337463, 0], "breakfast_table_idnnmz_0": [-1.4798051118850708, -2.382812023162842, 5.901620864868164], "wicker_basket_unasxd_1": [-0.531882929801941, -1.7252432823181152, 0], "cabinet_base_dcmhhh_1": [-1.6864912283420561, -0.19629168510437012, 0], "cedar_chest_fwstpx_0": [-0.2740717828273773, -8.631327629089355, 0.37096714973449707], "cedar_chest_fwstpx_1": [-2.6997241973876953, -5.909229755401611, 5.894758224487305], "console_table_emeeke_0": [-3.112107992172241, -6.8415961265563965, 6.278559684753418], "floor_lamp_vdxlda_0": [-2.5075438022613525, -4.549076080322266, 5.792535781860352], "shelf_njwsoa_0": [-2.9679551124572754, -1.6744740009307861, 5.767636775970459], "shelf_owvfik_0": [1.1579840183258057, -4.909107685089111, 0.9227962493896484], "shelf_owvfik_1": [-2.4798874855041504, -1.6434012651443481, 5.220722198486328], "sofa_uixwiv_0": [0.5969903469085693, -6.435571670532227, 6.0544562339782715], "ottoman_miftfy_0": [1.1129515171051025, -7.775059700012207, 1.1379272937774658], "straight_chair_eospnr_0": [-2.2749898433685303, -3.528334856033325, 1.563305139541626], "straight_chair_pmpwwi_0": [0.6259395480155945, -2.600036859512329, 0.2912867069244385], "straight_chair_pmpwwi_1": [-0.6773446798324585, -2.0935511589050293, 0.5968735218048096], "straight_chair_pmpwwi_2": [0.4175875186920166, -3.638265371322632, 2.1079986095428467], "bottom_cabinet_no_top_qudfwe_0": [0.27713441848754883, -1.3195685148239136, 1.2376083135604858], "bottom_cabinet_no_top_spojpj_0": [0.6705126166343689, 2.1519737243652344, 3.4425888061523438], "bottom_cabinet_no_top_ufhpbn_0": [0.31882938742637634, -1.047965407371521, 1.744950771331787], "bottom_cabinet_no_top_ufhpbn_1": [-0.6672536134719849, 1.358926773071289, 1.3706969022750854], "bottom_cabinet_no_top_vzzafs_0": [0.5203834176063538, -0.42006802558898926, 1.9006884098052979], "countertop_tpuwys_0": [1.469523549079895, -0.5301388502120972, 3.92204213142395], "countertop_tpuwys_1": [-0.17756813764572144, 1.6575511693954468, 0.9736120700836182], "countertop_tpuwys_2": [0.2045101821422577, -0.15832696855068207, 0.47572922706604004], "countertop_tpuwys_3": [1.1091713905334473, 0.20941783487796783, 3.0771336555480957], "countertop_tpuwys_4": [-1.3029828071594238, 1.3006489276885986, 5.504715442657471], "dishwasher_dngvvi_0": [1.0498340129852295, 1.0517674684524536, 5.90839958190918], "electric_switch_wseglt_0": [1.3841620683670044, -3.7849881649017334, 1.2613753080368042], "electric_switch_wseglt_1": [-2.444395065307617, 0.06453031301498413, 5.0889177322387695], "electric_switch_wseglt_2": [-3.49251651763916, 0.43039482831954956, 2.914391279220581], "electric_switch_wseglt_3": [-2.3530075550079346, -0.359069287776947, 6.141684532165527], "electric_switch_wseglt_4": [-1.2877562046051025, -7.959297180175781, 0.3725454807281494], "fridge_xyejdx_0": [-1.4667363166809082, 0.3260902464389801, 0.46579790115356445], "microwave_bfbeeb_0": [0.12090818583965302, 1.5874708890914917, 4.099615097045898], "oven_wuinhm_0": [0.5245423316955566, 1.6100190877914429, 4.4176506996154785], "picture_etixod_0": [-3.984015941619873, -7.089916229248047, 5.395816326141357], "picture_hhxttu_0": [-2.294894218444824, -3.5034642219543457, 4.308690547943115], "picture_jpfyrq_0": [-3.050684928894043, -4.473745346069336, 0.3199622631072998], "picture_lucjyq_0": [-2.529360055923462, -3.3271291255950928, 5.112426280975342], "picture_qavxsz_0": null, "picture_rciuob_0": null, "picture_tlwjpv_0": [1.4878041744232178, -4.888524532318115, 1.8716797828674316], "picture_zsirgc_0": [-2.6236937046051025, -0.7426598072052002, 1.975714921951294], "shelf_owvfik_2": [-2.6340417861938477, -3.8663742542266846, 0.3968665599822998], "shelf_owvfik_3": [-2.511399269104004, -4.556413173675537, 0.8147861957550049], "shelf_vgzdul_0": [-3.9366395473480225, -6.306865215301514, 5.327270030975342], "sink_czyfhq_0": [1.3482880592346191, -0.47143393754959106, 4.71434211730957], "top_cabinet_dmwxyl_0": [-1.4729366302490234, 1.3153808116912842, 0.5707037448883057], "top_cabinet_dmwxyl_1": [0.2075560837984085, 1.9859740734100342, 6.214723110198975], "top_cabinet_dmwxyl_2": [1.17090904712677, 0.5331727266311646, 5.192173480987549], "top_cabinet_eobsmt_0": [0.3890960216522217, 1.959535002708435, 5.315491199493408], "top_cabinet_eobsmt_1": [1.343021035194397, 1.43144690990448, 3.295419216156006], "top_cabinet_eobsmt_2": [1.0154200792312622, -0.5279187560081482, 0.9269044399261475], "top_cabinet_lsyzkh_0": [-2.6768147945404053, 1.66365647315979, 5.529317378997803], "top_cabinet_lsyzkh_1": null, "Light_test": null, "robot0": null}