{
    "nextto": {
        "desk_cnewsu_1": [
            [
                0.0364484477043152,
                0.7548625588417054,
                0
            ]
        ],
        "router_tokdic_1": [
            [
                0.46274845838546763,
                -0.15863746404647827,
                0
            ]
        ],
        "vase_kjeudr_1": [
            [
                1.0108484721183775,
                -0.280437467098236,
                0
            ]
        ],
        "shelf_iwziew_1": [
            [
                0.8890484690666199,
                0.3285625481605531,
                0
            ]
        ]
    },
    "ontop": {
        "vase_kjeudr_1": {
            "shelf_iwziew_1": [
                [
                    2.4903602600097656,
                    0.6005169749259949,
                    0.5601533651351929
                ],
                [
                    0.00087776780128479,
                    -0.0005315792514011264,
                    -0.013375023379921913,
                    0.9999100565910339
                ]
            ]
        }
    },
    "inside": {}
}