{"letter_igvnic_1": [-0.45075156450271603, 0.3285625481605531, 0], "soap_dispenser_edinmg_1": [0.9499484705924987, 0.3894625496864318, 0], "shelf_iwziew_1": [1.6807484889030457, -0.15863746404647827, 0], "trash_can_zotrbg_0": [4.201681613922119, 0.7978466153144836, 4.785538196563721], "bathtub_fdjykf_0": [3.7744479179382324, 1.6020026206970215, 0.14049673080444336], "electric_switch_wseglt_0": [2.7818994522094727, -0.5348702669143677, 4.93607759475708], "electric_switch_wseglt_1": [-0.05814189463853836, 6.459307670593262, 1.6869560480117798], "electric_switch_wseglt_2": [0.5476099252700806, 2.0086169242858887, 2.95919132232666], "electric_switch_wseglt_3": [0.610814094543457, -1.3402960300445557, 1.4179589748382568], "sink_ksecxq_0": [4.130172252655029, -0.6007277965545654, 0.6470694541931152], "toilet_vtqdev_0": [4.881385326385498, 0.2717824876308441, 3.3368663787841797], "towel_rack_kqrmrh_0": [4.061024188995361, 0.6437572836875916, 5.343664169311523], "Light_test": null, "robot0": null}