{
    "nextto": {
        "reception_desk_kjmhgc_1": [
            [
                -0.6953914034366607,
                0.8531081295013428,
                0
            ]
        ],
        "toaster_kjwqav_1": [
            [
                -0.8119913828372954,
                0.3284082221984864,
                0
            ]
        ],
        "toast_ygginu_1": [
            [
                -0.7536913931369781,
                0.3284082221984864,
                0
            ]
        ],
        "pedestal_table_oqclwq_1": [
            [
                -0.6324349164962769,
                -3.233523082733154,
                0
            ]
        ]
    },
    "ontop": {
        "toast_ygginu_1": {
            "pedestal_table_oqclwq_1": [
                [
                    0.8783897757530212,
                    -2.9753146171569824,
                    0.475786030292511
                ],
                [
                    -2.8778878913726658e-05,
                    2.2002159312251024e-05,
                    -0.046098921447992325,
                    0.9989368915557861
                ]
            ]
        },
        "toaster_kjwqav_1": {
            "reception_desk_kjmhgc_1": [
                [
                    -1.4334654808044434,
                    -0.46029576659202576,
                    0.9065940380096436
                ],
                [
                    2.755550667643547e-07,
                    -6.929622031748295e-08,
                    -0.09012066572904587,
                    0.9959307909011841
                ]
            ]
        }
    },
    "inside": {}
}