{
    "nextto": {
        "raw_egg_ydgivr_1": [
            [
                -0.24290163546800622,
                -0.2305040693283081,
                0
            ]
        ],
        "cooler_pnkiag_1": [
            [
                -0.7118511492013933,
                -3.7186543273925783,
                0
            ]
        ]
    },
    "ontop": {},
    "inside": {
        "raw_egg_ydgivr_1": {
            "cooler_pnkiag_1": [
                [
                    0.6800876259803772,
                    -2.7879881858825684,
                    0.10869397222995758
                ],
                [
                    0.03220518305897713,
                    0.0060651786625385284,
                    -0.05407725274562836,
                    0.997998833656311
                ]
            ]
        }
    }
}