{
    "nextto": {
        "shelf_iwziew_1": [
            [
                -0.45075156450271603,
                0.7548625588417054,
                0
            ]
        ],
        "plum_rhaemq_1": [
            [
                -0.3289515614509583,
                0.4503625512123107,
                0
            ]
        ],
        "coffee_maker_fwlabx_1": [
            [
                -0.45075156450271603,
                0.3285625481605531,
                0
            ]
        ]
    },
    "ontop": {
        "plum_rhaemq_1": {
            "coffee_maker_fwlabx_1": [
                [
                    1.1389143466949463,
                    1.1153119802474976,
                    0.4528007209300995
                ],
                [
                    -0.018369583413004875,
                    0.8498199582099915,
                    -0.006028453353792429,
                    0.5267183184623718
                ]
            ]
        }
    },
    "inside": {}
}