{
    "nextto": {
        "reception_desk_kjmhgc_1": [
            [
                -1.7447912180423735,
                0.5616081809997558,
                0
            ]
        ],
        "spice_cookie_dough_iuiioe_1": [
            [
                -1.6864912283420561,
                -0.021391716003417924,
                0
            ]
        ],
        "oven_wuinhm_0": [
            -1.43123459815979,
            1.4998576641082764,
            0.5017218589782715
        ],
        "breakfast_table_idnnmz_0": [
            0.3290739953517914,
            -3.192915678024292,
            0.3814680576324463
        ]
    },
    "ontop": {
        "spice_cookie_dough_iuiioe_1": {
            "breakfast_table_idnnmz_0": [
                [
                    -0.35651177167892456,
                    -2.5532798767089844,
                    0.8029825687408447
                ],
                [
                    -0.008414710871875286,
                    0.0013034609146416187,
                    -0.04468076676130295,
                    0.9989649653434753
                ]
            ]
        }
    },
    "inside": {}
}