{
    "nextto": {
        "coffee_cup_ckkwmj_1": [
            [
                0.09734844923019402,
                -0.4631374716758728,
                0
            ]
        ],
        "compost_bin_fvkdos_1": [
            [
                3.3300479650497437,
                -0.11383734345436088,
                0
            ]
        ]
    },
    "ontop": {},
    "inside": {
        "coffee_cup_ckkwmj_1": {
            "compost_bin_fvkdos_1": [
                [
                    3.0478596687316895,
                    -0.7755842208862305,
                    0.2807469964027405
                ],
                [
                    0.4347403049468994,
                    -0.7318605184555054,
                    -0.45353129506111145,
                    -0.26398929953575134
                ]
            ]
        }
    }
}