{"soccer_ball_ikagkc_1": [0.5897088932991029, -1.928891320228577, 0], "storage_organizer_hmygav_1": [-3.66294127702713, 0.7984584927558898, 0], "cooler_pnkiag_1": [-1.6864912283420561, -0.2545916748046875, 0], "liquid_carton_ykfkyq_1": [-0.4827238619327545, 0.45471304655075073, 4.098965167999268], "breakfast_table_idnnmz_0": [0.5777105689048767, -2.493618965148926, 0.013178110122680664], "cedar_chest_fwstpx_0": [0.14617738127708435, -7.670283794403076, 6.014806270599365], "cedar_chest_fwstpx_1": null, "console_table_emeeke_0": [-2.6110951900482178, -7.121706008911133, 2.1934587955474854], "floor_lamp_vdxlda_0": [-2.0989389419555664, -4.145146369934082, 4.957215785980225], "shelf_njwsoa_0": [-2.5013442039489746, -2.509838819503784, 1.9277925491333008], "shelf_owvfik_0": [1.5890798568725586, -4.655834674835205, 1.6067228317260742], "shelf_owvfik_1": [-2.0253114700317383, -3.393599033355713, 4.946286678314209], "sofa_uixwiv_0": [-1.212907075881958, -3.2411551475524902, 1.9107128381729126], "ottoman_miftfy_0": [1.0348000526428223, -7.790462017059326, 1.0471341609954834], "straight_chair_eospnr_0": [-2.423276901245117, -2.4226882457733154, 3.025129556655884], "straight_chair_pmpwwi_0": [0.16828379034996033, -2.7892816066741943, 0.1242368221282959], "straight_chair_pmpwwi_1": [-0.4563255310058594, -2.5763936042785645, 4.297247886657715], "straight_chair_pmpwwi_2": [-0.47004932165145874, -3.700871706008911, 0.7886829376220703], "bottom_cabinet_no_top_qudfwe_0": [-1.5019638538360596, -0.8073940277099609, 0.4067423343658447], "bottom_cabinet_no_top_spojpj_0": [0.1436765193939209, 0.8147817850112915, 0.2420363426208496], "bottom_cabinet_no_top_ufhpbn_0": [0.6205389499664307, -0.5469380617141724, 3.486206531524658], "bottom_cabinet_no_top_ufhpbn_1": [-0.6519702672958374, 0.19992226362228394, 1.7502470016479492], "bottom_cabinet_no_top_vzzafs_0": [0.14227673411369324, -0.33962011337280273, 6.0681891441345215], "countertop_tpuwys_0": [-2.0076510906219482, -1.2032105922698975, 1.9215199947357178], "countertop_tpuwys_1": [-0.16920435428619385, 1.1541531085968018, 5.9096550941467285], "countertop_tpuwys_2": [-0.3642224073410034, 0.2207440882921219, 5.365784645080566], "countertop_tpuwys_3": [1.0155080556869507, 0.984992504119873, 1.5837116241455078], "countertop_tpuwys_4": [-0.41941845417022705, 1.101228952407837, 3.6875555515289307], "dishwasher_dngvvi_0": [1.282524585723877, 0.5936346054077148, 0.23675036430358887], "electric_switch_wseglt_0": [1.3594924211502075, -4.2477946281433105, 1.4770654439926147], "electric_switch_wseglt_1": [-2.0383706092834473, -0.2858571410179138, 4.340092658996582], "electric_switch_wseglt_2": [-4.144205570220947, 0.6155489683151245, 6.0946574211120605], "electric_switch_wseglt_3": [-2.084784507751465, -1.0925809144973755, 1.365499496459961], "electric_switch_wseglt_4": [-0.669517993927002, -7.424722671508789, 4.116730213165283], "fridge_xyejdx_0": [-0.5008323192596436, 1.4111238718032837, 4.518006801605225], "microwave_bfbeeb_0": [0.2549324929714203, 1.6177304983139038, 5.692641258239746], "oven_wuinhm_0": [0.4109933078289032, 0.8837555646896362, 1.4546433687210083], "picture_etixod_0": [-2.932687759399414, -7.278120040893555, 2.7731728553771973], "picture_hhxttu_0": [-2.753872871398926, -3.369389057159424, 5.339738845825195], "picture_jpfyrq_0": [-2.7592451572418213, -4.434685230255127, 5.633963108062744], "picture_lucjyq_0": [-2.5312044620513916, -3.653094530105591, 1.2658394575119019], "picture_qavxsz_0": null, "picture_rciuob_0": [1.2537537813186646, -0.9919872283935547, 5.492037296295166], "picture_tlwjpv_0": [1.0868868827819824, -4.91123104095459, 0.70821213722229], "picture_zsirgc_0": [-3.4136126041412354, -0.3191603422164917, 6.037140846252441], "shelf_owvfik_2": [-2.391637086868286, -3.9838979244232178, 1.3612735271453857], "shelf_owvfik_3": null, "shelf_vgzdul_0": [-3.7447402477264404, -6.5018391609191895, 4.861758708953857], "sink_czyfhq_0": [0.5454279780387878, -0.09199826419353485, 2.301304578781128], "top_cabinet_dmwxyl_0": [-1.00277578830719, 2.5510239601135254, 5.026304721832275], "top_cabinet_dmwxyl_1": [0.5233609676361084, 1.20951247215271, 0.1956009864807129], "top_cabinet_dmwxyl_2": [1.2619354724884033, 1.37007474899292, 0.9601311683654785], "top_cabinet_eobsmt_0": [0.7706596255302429, 1.4014066457748413, 2.4857358932495117], "top_cabinet_eobsmt_1": [1.4127613306045532, 1.449890375137329, 2.1585566997528076], "top_cabinet_eobsmt_2": [1.49131178855896, -1.0132702589035034, 2.510363817214966], "top_cabinet_lsyzkh_0": null, "top_cabinet_lsyzkh_1": null, "Light_test": null, "robot0": null}