{
    "nextto": {
        "pedestal_table_oqclwq_1": [
            [
                -0.6324349164962769,
                -3.233523082733154,
                0
            ]
        ],
        "mixing_bowl_deudkt_1": [
            [
                -0.6324349164962769,
                -3.233523082733154,
                0
            ]
        ],
        "shelf_iwziew_1": [
            [
                -3.66294127702713,
                1.693858697414398,
                0
            ]
        ],
        "ceiling_fan_xtmacj_1": [
            -0.43611401319503784,
            -1.0247222185134888,
            6.061489105224609
        ]
    },
    "ontop": {
        "mixing_bowl_deudkt_1": {
            "shelf_iwziew_1": [
                [
                    -3.130016326904297,
                    1.0292680263519287,
                    0.5579416155815125
                ],
                [
                    -1.1906959116458893e-06,
                    -2.5166082195937634e-07,
                    -0.05104902759194374,
                    0.9986962080001831
                ]
            ]
        }
    },
    "inside": {}
}