{
    "nextto": {
        "reception_desk_kjmhgc_1": [
            [
                -1.7447912180423735,
                0.5033081912994385,
                0
            ]
        ],
        "bacon_ioogif_1": [
            [
                -1.7447912180423735,
                0.5033081912994385,
                0
            ]
        ],
        "plate_qtfzeq_1": [
            [
                -0.6324349164962769,
                -3.233523082733154,
                0
            ]
        ],
        "oven_wuinhm_0": [
            -1.5072591304779053,
            2.3046786785125732,
            6.076277256011963
        ]
    },
    "ontop": {
        "bacon_ioogif_1": {
            "plate_qtfzeq_1": [
                [
                    -0.1822405755519867,
                    -2.4337170124053955,
                    0.7648741006851196
                ],
                [
                    -0.0265052393078804,
                    -0.10264898091554642,
                    -0.06288237124681473,
                    0.9923741817474365
                ]
            ]
        }
    },
    "inside": {}
}