{
    "nextto": {
        "console_table_tzkfqa_1": [
            [
                -3.4602508902549745,
                -1.7948538041114805,
                0
            ]
        ],
        "blackberry_tvpfvb_1": [
            [
                -3.287050874233246,
                -1.2752537560462953,
                0
            ]
        ],
        "cooler_pnkiag_1": [
            [
                -0.7118511492013933,
                -2.389654235839844,
                0
            ]
        ]
    },
    "ontop": {},
    "inside": {}
}