{
    "nextto": {
        "coffee_table_qlmqyy_1": [
            [
                0.4219088864326478,
                -4.949291443824769,
                0
            ]
        ],
        "table_lamp_ehjsdz_1": [
            [
                0.4219088864326478,
                -4.949291443824769,
                0
            ]
        ],
        "console_table_emeeke_0": [
            -3.764721393585205,
            -6.414124488830566,
            5.371354579925537
        ]
    },
    "ontop": {
        "table_lamp_ehjsdz_1": {
            "console_table_emeeke_0": [
                [
                    -3.295271158218384,
                    -6.981056213378906,
                    1.1785905361175537
                ],
                [
                    -3.319024108350277e-05,
                    8.557815453968942e-05,
                    0.8611215353012085,
                    0.5083991885185242
                ]
            ]
        }
    },
    "inside": {}
}