{
    "nextto": {
        "alarm_clock_cvknrh_1": [
            [
                -1.239101496040821,
                -0.054704093933105456,
                0
            ]
        ],
        "desk_phone_kpxrpb_1": [
            [
                -1.239101496040821,
                -0.289104061126709,
                0
            ]
        ],
        "desk_cnewsu_1": [
            [
                -1.80575097322464,
                -8.09845401763916,
                0
            ]
        ],
        "monitor_kmltvq_1": [
            [
                -1.80575097322464,
                -8.09845401763916,
                0
            ]
        ]
    },
    "ontop": {
        "desk_phone_kpxrpb_1": {
            "desk_cnewsu_1": [
                [
                    0.5499194860458374,
                    -7.9860076904296875,
                    0.7577484846115112
                ],
                [
                    -0.0027182032354176044,
                    -0.0031651733443140984,
                    -0.1574074774980545,
                    0.9875249266624451
                ]
            ]
        }
    },
    "inside": {}
}