{
    "nextto": {
        "carton_hhlmbi_1": [
            [
                0.9499484705924987,
                -0.03683746099472053,
                0
            ]
        ],
        "toothbrush_nbgpwg_1": [
            [
                3.132647967338562,
                -0.607337337732315,
                0
            ]
        ]
    },
    "ontop": {},
    "inside": {
        "toothbrush_nbgpwg_1": {
            "carton_hhlmbi_1": [
                [
                    2.601334571838379,
                    0.2898857295513153,
                    0.011067777872085571
                ],
                [
                    0.0032060269732028246,
                    -0.0003123046481050551,
                    -0.008394568227231503,
                    0.9999596476554871
                ]
            ]
        }
    }
}