{
    "nextto": {
        "pizza_dough_jguwbv_1": [
            [
                -0.8119913828372954,
                0.27010823249816884,
                0
            ]
        ],
        "stove_kfhkqp_1": [
            [
                -1.6864912283420561,
                -0.6043916130065918,
                0
            ]
        ],
        "reception_desk_kjmhgc_1": [
            0.7771265506744385,
            0.6548239588737488,
            0.3378877639770508
        ],
        "breakfast_table_idnnmz_0": [
            -0.9455081224441528,
            -2.280627727508545,
            4.114953517913818
        ]
    },
    "ontop": {
        "pizza_dough_jguwbv_1": {
            "breakfast_table_idnnmz_0": [
                [
                    -0.19317200779914856,
                    -2.4615321159362793,
                    0.8038077354431152
                ],
                [
                    -0.009548026137053967,
                    -0.0004028476541861892,
                    -0.0283164344727993,
                    0.9995532631874084
                ]
            ]
        }
    },
    "inside": {}
}