{
    "nextto": {
        "conference_table_hdomxc_1": [
            [
                1.6807484889030457,
                1.485662577152252,
                0
            ]
        ],
        "coffee_cup_ckkwmj_1": [
            [
                1.6807484889030457,
                1.485662577152252,
                0
            ]
        ],
        "coffee_maker_fwlabx_1": [
            [
                1.4980484843254087,
                -0.5240374732017518,
                0
            ]
        ],
        "reception_desk_kjmhgc_1": [
            [
                1.4980484843254087,
                1.1811625695228576,
                0
            ]
        ]
    },
    "ontop": {
        "coffee_cup_ckkwmj_1": {
            "reception_desk_kjmhgc_1": [
                [
                    1.7270931005477905,
                    -0.5060487985610962,
                    1.4849436283111572
                ],
                [
                    -0.0002232950646430254,
                    -0.00035796238807961345,
                    -0.01592393033206463,
                    0.999873161315918
                ]
            ]
        }
    },
    "inside": {}
}