{
    "nextto": {
        "reception_desk_kjmhgc_1": [
            [
                -3.4602508902549745,
                -4.133054020404815,
                0
            ]
        ],
        "chocolate_cookie_dough_csnixa_1": [
            [
                -3.4602508902549745,
                -4.6093540644645685,
                1.5707963267948966
            ]
        ],
        "cooler_pnkiag_1": [
            [
                -3.4602508902549745,
                -3.483553960323334,
                0
            ]
        ],
        "window_ulnafj_0": [
            4.221193790435791,
            2.1851444244384766,
            5.0893473625183105
        ]
    },
    "ontop": {},
    "inside": {
        "chocolate_cookie_dough_csnixa_1": {
            "cooler_pnkiag_1": [
                [
                    -3.090909719467163,
                    -4.443362236022949,
                    0.14216722548007965
                ],
                [
                    -0.008403385058045387,
                    0.0027692909352481365,
                    -0.04009166732430458,
                    0.9991568326950073
                ]
            ]
        }
    }
}