{"meat_loaf_qdzskd_1": [-2.458740909099579, -0.2783417296409607, 0], "breakfast_table_idnnmz_0": [0.5885306596755981, -2.0598580837249756, 5.673928737640381], "console_table_tzkfqa_1": [-0.7536913931369781, 0.7948081398010255, 0], "shaker_nbjgci_1": [-1.6864912283420561, -0.6043916130065918, 0], "cabinet_base_dcmhhh_1": [-3.66294127702713, 1.1372585701942444, 0], "cedar_chest_fwstpx_0": [0.4778684973716736, -8.039703369140625, 2.211671829223633], "cedar_chest_fwstpx_1": [-2.5324127674102783, -6.946377277374268, 6.175713062286377], "console_table_emeeke_0": [-3.9759597778320312, -6.642274379730225, 5.061811447143555], "floor_lamp_vdxlda_0": [-2.8038270473480225, -3.962409496307373, 5.161352157592773], "shelf_njwsoa_0": [-2.660536050796509, -2.565678119659424, 0.16422462463378906], "shelf_owvfik_0": [1.164165735244751, -2.900320529937744, 4.676578998565674], "shelf_owvfik_1": [-2.568971633911133, -3.846531629562378, 3.9084270000457764], "sofa_uixwiv_0": [-1.0166802406311035, -2.4942781925201416, 4.759206295013428], "ottoman_miftfy_0": [0.2566351890563965, -7.50029182434082, 5.237897872924805], "straight_chair_eospnr_0": [-2.7245352268218994, -3.1928155422210693, 0.5870559215545654], "straight_chair_pmpwwi_0": [0.11071240901947021, -1.8857245445251465, 5.2096099853515625], "straight_chair_pmpwwi_1": [-0.654229998588562, -2.429917335510254, 6.2024431228637695], "straight_chair_pmpwwi_2": [-0.485421746969223, -2.5138051509857178, 5.180819034576416], "bottom_cabinet_no_top_qudfwe_0": [-0.5391892194747925, 0.29717421531677246, 3.8780229091644287], "bottom_cabinet_no_top_spojpj_0": [1.4167351722717285, 1.4152474403381348, 3.7428884506225586], "bottom_cabinet_no_top_ufhpbn_0": [1.0933449268341064, -0.685490608215332, 2.174069881439209], "bottom_cabinet_no_top_ufhpbn_1": [-1.5504786968231201, 1.5821664333343506, 5.820071697235107], "bottom_cabinet_no_top_vzzafs_0": [0.5541447997093201, -0.39403170347213745, 1.0632996559143066], "countertop_tpuwys_0": [-2.6871159076690674, -1.1204109191894531, 6.232959270477295], "countertop_tpuwys_1": [0.38748884201049805, 1.3316197395324707, 4.2741498947143555], "countertop_tpuwys_2": [-0.7609438300132751, -1.1829338073730469, 0.3444674015045166], "countertop_tpuwys_3": [0.5948047637939453, 0.6606597304344177, 3.5654654502868652], "countertop_tpuwys_4": [-0.8756074905395508, 1.0952322483062744, 4.887592315673828], "dishwasher_dngvvi_0": [1.084060549736023, 1.5312623977661133, 4.798077583312988], "electric_switch_wseglt_0": [1.6887784004211426, -3.987666606903076, 2.0403380393981934], "electric_switch_wseglt_1": [-2.3509840965270996, -0.6466823220252991, 0.534315824508667], "electric_switch_wseglt_2": [-3.657393455505371, 0.5952271223068237, 5.536083221435547], "electric_switch_wseglt_3": [-1.7502514123916626, -0.802660346031189, 2.1527152061462402], "electric_switch_wseglt_4": [-1.0251518487930298, -7.914969444274902, 0.5940160751342773], "fridge_xyejdx_0": null, "microwave_bfbeeb_0": [-0.006857693195343018, 1.3467339277267456, 3.5528650283813477], "oven_wuinhm_0": [-0.27961623668670654, 1.2845349311828613, 5.022817134857178], "picture_etixod_0": [-3.8732476234436035, -7.535286903381348, 1.592520833015442], "picture_hhxttu_0": [-2.235772132873535, -4.198580741882324, 2.278139352798462], "picture_jpfyrq_0": [-2.377642869949341, -4.005669116973877, 3.9854042530059814], "picture_lucjyq_0": [-2.5189242362976074, -3.68315052986145, 1.3195167779922485], "picture_qavxsz_0": null, "picture_rciuob_0": [1.3498784303665161, -0.8026419878005981, 5.330451965332031], "picture_tlwjpv_0": [1.587848424911499, -4.8474836349487305, 2.5341475009918213], "picture_zsirgc_0": [-3.191704750061035, -0.4222210645675659, 0.6002347469329834], "shelf_owvfik_2": [-2.27433180809021, -3.5336720943450928, 0.7154140472412109], "shelf_owvfik_3": [-2.651979446411133, -3.3630917072296143, 0.5356476306915283], "shelf_vgzdul_0": [-3.6101508140563965, -6.069245338439941, 4.664506435394287], "sink_czyfhq_0": [1.2685831785202026, 0.42824894189834595, 5.928135395050049], "top_cabinet_dmwxyl_0": [-1.0527366399765015, 1.4914109706878662, 0.2599813938140869], "top_cabinet_dmwxyl_1": [0.128509059548378, 1.5004640817642212, 1.4788480997085571], "top_cabinet_dmwxyl_2": [1.2587878704071045, 1.0384347438812256, 1.4235330820083618], "top_cabinet_eobsmt_0": [1.2853666543960571, 1.5745248794555664, 4.917681694030762], "top_cabinet_eobsmt_1": [1.1586333513259888, 0.6092692017555237, 1.4911885261535645], "top_cabinet_eobsmt_2": [0.984501838684082, -0.6276085376739502, 0.7660226821899414], "top_cabinet_lsyzkh_0": null, "top_cabinet_lsyzkh_1": [0.02564561367034912, 1.5288147926330566, 6.070058345794678], "Light_test": null, "robot0": null}