{
    "nextto": {
        "shelf_iwziew_1": [
            [
                -2.458740909099579,
                1.143057897090912,
                0
            ]
        ],
        "carton_hhlmbi_1": [
            [
                -2.458740909099579,
                1.074057915210724,
                0
            ]
        ],
        "cooler_pnkiag_1": [
            [
                -1.7447912180423735,
                0.5033081912994385,
                0
            ]
        ]
    },
    "ontop": {},
    "inside": {
        "carton_hhlmbi_1": {
            "cooler_pnkiag_1": [
                [
                    -0.04186417907476425,
                    0.22289009392261505,
                    0.13121981918811798
                ],
                [
                    0.005637044087052345,
                    0.0002570269862189889,
                    -0.09769471734762192,
                    0.995200514793396
                ]
            ]
        }
    }
}