{
    "nextto": {
        "shelf_iwziew_1": [
            [
                -2.458740909099579,
                -0.2783417296409607,
                0
            ]
        ],
        "veal_vlgemr_1": [
            [
                -2.458740909099579,
                -0.2507417368888855,
                0
            ]
        ],
        "cooler_pnkiag_1": [
            [
                -0.7536913931369781,
                0.7948081398010255,
                0
            ]
        ]
    },
    "ontop": {},
    "inside": {
        "veal_vlgemr_1": {
            "cooler_pnkiag_1": [
                [
                    -1.5778969526290894,
                    -0.01679626666009426,
                    0.10684315115213394
                ],
                [
                    0.012422624044120312,
                    -0.00010519241914153099,
                    -0.025078415870666504,
                    0.9996083378791809
                ]
            ]
        }
    }
}