{
    "nextto": {
        "reception_desk_kjmhgc_1": [
            [
                -0.6953914034366607,
                0.8531081295013428,
                0
            ]
        ],
        "pizza_dough_jguwbv_1": [
            [
                -0.8119913828372954,
                0.03690827369689943,
                0
            ]
        ],
        "stove_kfhkqp_1": [
            [
                0.17910844206809984,
                0.6782081604003906,
                0
            ]
        ],
        "plate_qtfzeq_1": [
            [
                -0.6324349164962769,
                -3.233523082733154,
                0
            ]
        ]
    },
    "ontop": {
        "pizza_dough_jguwbv_1": {
            "plate_qtfzeq_1": [
                [
                    -0.24050576984882355,
                    -2.4341418743133545,
                    0.8161334991455078
                ],
                [
                    0.0010790182277560234,
                    -0.0017414484173059464,
                    0.9024624228477478,
                    -0.4307636618614197
                ]
            ]
        }
    },
    "inside": {}
}