{
    "nextto": {
        "chocolate_biscuit_xhmpht_1": [
            [
                -3.4602508902549745,
                -3.5268539643287657,
                0
            ]
        ],
        "cooler_pnkiag_1": [
            [
                -1.3240013772249222,
                -1.5842045450210571,
                0
            ]
        ],
        "room_light_htznln_1": [
            -1.0720508098602295,
            -1.2392511367797852,
            1.2989933490753174
        ]
    },
    "ontop": {},
    "inside": {
        "chocolate_biscuit_xhmpht_1": {
            "cooler_pnkiag_1": [
                [
                    0.39139196276664734,
                    -1.4690656661987305,
                    0.15695762634277344
                ],
                [
                    0.28262585401535034,
                    0.49868226051330566,
                    0.8130282163619995,
                    0.1020968109369278
                ]
            ]
        }
    }
}