{"nextto": {"booth_xzrpar_1": [[6.1203395271301275, 14.958249645233154, 0]], "chocolate_cake_wpeesw_1": [[6.372611484527588, 14.958249645233154, 0]], "cooler_pnkiag_1": [[5.741931591033936, 16.47188138961792, 0]]}, "ontop": {}, "inside": {"chocolate_cake_wpeesw_1": {"cooler_pnkiag_1": [[7.403173446655273, 17.114858627319336, 0.12745629251003265], [0.00881093181669712, -0.009812286123633385, -0.007506134919822216, 0.999884843826294]]}}}