{
    "nextto": {
        "reception_desk_kjmhgc_1": [
            [
                -2.8939228153228758,
                -8.643637046813964,
                0
            ]
        ],
        "chocolate_biscuit_xhmpht_1": [
            [
                5.976605749130249,
                1.05850357055664,
                0
            ]
        ],
        "shelf_iwziew_1": [
            [
                -2.8939228153228758,
                -8.643637046813964,
                0
            ]
        ],
        "platter_ekjpdj_1": [
            [
                0.986933431625366,
                -1.1591285705566412,
                0
            ]
        ],
        "toaster_oven_ctrngh_1": [
            [
                -2.616718797683716,
                -0.05031250000000065,
                0
            ]
        ]
    },
    "ontop": {
        "chocolate_biscuit_xhmpht_1": {
            "platter_ekjpdj_1": [
                [
                    0.14845286309719086,
                    -0.026004228740930557,
                    0.29208898544311523
                ],
                [
                    0.05980090796947479,
                    -0.03257785737514496,
                    0.3611862063407898,
                    0.930003821849823
                ]
            ]
        }
    },
    "inside": {}
}