{
    "nextto": {
        "shelf_iwziew_1": [
            [
                4.313381643295288,
                -9.475249099731444,
                0
            ]
        ],
        "potato_ljfitc_1": [
            [
                4.313381643295288,
                -9.198045082092285,
                0
            ]
        ],
        "toaster_oven_ctrngh_1": [
            [
                -2.3395147800445555,
                -0.32751651763916123,
                0
            ]
        ]
    },
    "ontop": {},
    "inside": {
        "potato_ljfitc_1": {
            "toaster_oven_ctrngh_1": [
                [
                    -0.7190232872962952,
                    0.5146437287330627,
                    0.059200722724199295
                ],
                [
                    0.05692549794912338,
                    -0.31014737486839294,
                    0.022364675998687744,
                    0.9487190842628479
                ]
            ]
        }
    }
}