{
    "nextto": {
        "shelf_iwziew_1": [
            [
                8.47144190788269,
                -4.762780799865723,
                0
            ]
        ],
        "bagel_zlxkry_1": [
            [
                8.47144190788269,
                -4.208372764587402,
                0
            ]
        ],
        "reception_desk_kjmhgc_1": [
            10.839521408081055,
            -3.0751752853393555,
            5.4014058113098145
        ],
        "casserole_ncbsee_1": [
            10.839521408081055,
            -3.0751752853393555,
            5.4014058113098145
        ]
    },
    "ontop": {},
    "inside": {
        "bagel_zlxkry_1": {
            "casserole_ncbsee_1": [
                [
                    11.217308044433594,
                    -4.569427013397217,
                    0.9206444025039673
                ],
                [
                    -0.003928677178919315,
                    -0.0032105506397783756,
                    -0.5977790355682373,
                    0.8016448020935059
                ]
            ]
        }
    }
}