{"shelf_iwziew_1": [4.867789678573608, -9.475249099731444, 0], "sponge_qewotb_1": [5.4221977138519275, -8.643637046813964, 0], "sink_kyxynl_4": [13.12329387664795, -4.038212776184082, 5.111631393432617], "mop_bucket_xjzyfc_1": [10.680447158813477, -5.435337944030762, 0], "checkout_counter_bfdnho_0": [1.4857064485549927, 0.04739992320537567, 5.450689315795898], "grocery_shelf_kpfgcm_0": [7.262983322143555, -2.8703317642211914, 1.8368326425552368], "grocery_shelf_kpfgcm_1": [9.221831321716309, 0.04839169979095459, 0.1534276008605957], "grocery_shelf_rywinu_0": null, "grocery_shelf_rywinu_1": [6.584646701812744, 2.5351781845092773, 4.674981594085693], "grocery_shelf_rywinu_2": [5.543818473815918, 1.9285180568695068, 3.1328394412994385], "grocery_shelf_rywinu_3": null, "grocery_shelf_rywinu_4": [4.7619805335998535, -6.311673164367676, 3.2025396823883057], "grocery_shelf_xzusqq_0": [-0.6634583473205566, -2.313197374343872, 5.801097393035889], "grocery_shelf_xzusqq_1": [-0.2664550244808197, -1.257189393043518, 4.364087104797363], "grocery_shelf_zeoukc_0": [7.702276706695557, -5.34543514251709, 4.984146595001221], "grocery_shelf_zeoukc_1": null, "grocery_shelf_zeoukc_2": [2.7273218631744385, 1.1527440547943115, 1.4185397624969482], "grocery_shelf_zeoukc_3": [8.610270500183105, 0.5632733106613159, 4.121809959411621], "grocery_shelf_znpari_0": [-1.0870717763900757, -7.198112964630127, 5.838724136352539], "snack_rack_mmaeua_0": [-0.4218008816242218, 1.203951120376587, 1.652167797088623], "cash_register_ztrupq_0": [-0.7355383634567261, 1.1216813325881958, 5.393803596496582], "countertop_ncqmrq_0": [-1.0836478471755981, -2.9833617210388184, 0.8253319263458252], "grocery_cupboard_uundbq_0": null, "mirror_jtgjha_0": null, "mirror_jtgjha_1": [16.33116340637207, -2.6176905632019043, 5.292573928833008], "mirror_jtgjha_2": [15.7622709274292, -3.0846428871154785, 1.355411410331726], "mirror_jtgjha_3": [13.726577758789062, -2.5934674739837646, 5.098151683807373], "mirror_jtgjha_4": [12.237481117248535, -2.933783531188965, 6.25875997543335], "mirror_lkmqmv_0": [18.29738426208496, -4.7759809494018555, 0.5143802165985107], "paper_towel_dispenser_ovwdpz_0": [11.898347854614258, -2.9141578674316406, 4.768871307373047], "paper_towel_dispenser_ovwdpz_1": [11.85999584197998, -3.0878543853759766, 5.597612380981445], "shower_stall_gqxmqf_0": [19.29730796813965, -6.862709045410156, 3.6480484008789062], "shower_stall_gqxmqf_1": [17.734867095947266, -6.939032554626465, 5.740957736968994], "shower_stall_gqxmqf_2": [16.955738067626953, -6.5885009765625, 1.580235481262207], "shower_stall_gqxmqf_3": [13.778079986572266, -6.071083068847656, 3.963582992553711], "shower_stall_gqxmqf_4": [13.667023658752441, -5.202713489532471, 6.038358688354492], "sink_kyxynl_0": [19.213302612304688, -3.5461888313293457, 2.351022720336914], "sink_kyxynl_1": [18.163387298583984, -3.7169058322906494, 1.7728047370910645], "sink_kyxynl_2": [14.699322700500488, -2.8247761726379395, 4.767740726470947], "sink_kyxynl_3": [13.519021987915039, -3.3502888679504395, 0.7732803821563721], "toilet_obhimx_0": [18.534473419189453, -7.215852737426758, 1.766854166984558], "toilet_obhimx_1": [16.35030746459961, -7.211887836456299, 1.1319401264190674], "toilet_obhimx_2": [15.790510177612305, -6.484779357910156, 1.0503861904144287], "toilet_obhimx_3": [15.197165489196777, -7.325823783874512, 3.9987382888793945], "toilet_obhimx_4": [12.903342247009277, -6.615307331085205, 5.253790855407715], "toilet_paper_dispenser_rlccfh_0": [17.47664451599121, -5.894412040710449, 0.7747235298156738], "toilet_paper_dispenser_rlccfh_1": [16.849796295166016, -6.585570812225342, 2.05330491065979], "toilet_paper_dispenser_rlccfh_2": [15.731646537780762, -5.818267345428467, 3.1078617572784424], "toilet_paper_dispenser_rlccfh_3": [14.281148910522461, -6.070003032684326, 1.4478756189346313], "toilet_paper_dispenser_rlccfh_4": [13.246339797973633, -6.521695613861084, 2.4533488750457764], "Light_test": null, "robot0": null}