{
    "nextto": {
        "shelf_iwziew_1": [
            [
                8.47144190788269,
                -4.762780799865723,
                0
            ]
        ],
        "butternut_squash_swehmg_1": [
            [
                8.47144190788269,
                -4.762780799865723,
                0
            ]
        ],
        "electric_cauldron_qmdgct_1": [
            [
                -2.8939228153228758,
                -0.60472053527832,
                0
            ]
        ]
    },
    "ontop": {},
    "inside": {
        "butternut_squash_swehmg_1": {
            "electric_cauldron_qmdgct_1": [
                [
                    -0.8714591860771179,
                    0.5741930603981018,
                    1.4013161659240723
                ],
                [
                    0.09852813184261322,
                    -0.01985137164592743,
                    0.03520159795880318,
                    0.9943132996559143
                ]
            ]
        }
    }
}