{
    "nextto": {
        "conference_table_hdomxc_1": [
            [
                1.5413414669036862,
                -9.475249099731444,
                0
            ]
        ],
        "waffle_gjwper_1": [
            [
                1.8185454845428468,
                -8.089229011535645,
                0
            ]
        ],
        "stove_kfhkqp_1": [
            [
                7.917033872604369,
                1.05850357055664,
                0
            ]
        ],
        "mixing_bowl_deudkt_1": [
            [
                -2.062310762405396,
                -0.05031250000000065,
                0
            ]
        ]
    },
    "ontop": {
        "waffle_gjwper_1": {
            "mixing_bowl_deudkt_1": [
                [
                    -0.5772144794464111,
                    0.6909066438674927,
                    0.15383589267730713
                ],
                [
                    -0.002508877543732524,
                    -0.0032718556467443705,
                    -0.8467723727226257,
                    0.5319392085075378
                ]
            ]
        }
    },
    "inside": {}
}