{
    "nextto": {
        "reception_desk_kjmhgc_1": [
            [
                -2.616718797683716,
                3.2761357116699212,
                0
            ]
        ],
        "raw_egg_ydgivr_1": [
            [
                -1.7851067447662354,
                3.2761357116699212,
                0
            ]
        ],
        "cooler_pnkiag_1": [
            [
                10.680447158813477,
                -5.644073905944825,
                0
            ]
        ],
        "hand_dryer_cdyffs_1": [
            [
                17.081300559043882,
                -5.370642924308777,
                0
            ]
        ]
    },
    "ontop": {},
    "inside": {
        "raw_egg_ydgivr_1": {
            "cooler_pnkiag_1": [
                [
                    11.065621376037598,
                    -4.532665252685547,
                    0.17085346579551697
                ],
                [
                    0.021100688725709915,
                    -0.025441378355026245,
                    -0.044410236179828644,
                    0.9984665513038635
                ]
            ]
        }
    }
}