{
    "nextto": {
        "shelf_iwziew_1": [
            [
                6.53101378440857,
                3.2761357116699212,
                0
            ]
        ],
        "bagel_dough_iuembm_1": [
            [
                6.808217802047729,
                3.2761357116699212,
                0
            ]
        ],
        "oven_wuinhm_1": [
            [
                6.253809766769409,
                -9.475249099731444,
                0
            ]
        ],
        "serving_cart_lwgmcc_1": [
            [
                -2.3395147800445555,
                -8.089229011535645,
                0
            ]
        ]
    },
    "ontop": {
        "bagel_dough_iuembm_1": {
            "serving_cart_lwgmcc_1": [
                [
                    -0.2449222207069397,
                    -7.468474388122559,
                    0.45648470520973206
                ],
                [
                    -0.007953790947794914,
                    0.0017686695791780949,
                    -0.10061020404100418,
                    0.9948925375938416
                ]
            ]
        }
    },
    "inside": {}
}