{
    "nextto": {
        "shelf_iwziew_1": [
            [
                8.47144190788269,
                -4.762780799865723,
                0
            ]
        ],
        "sugar_cookie_feirtr_1": [
            [
                8.47144190788269,
                -4.208372764587402,
                0
            ]
        ],
        "pressure_cooker_otyngn_1": [
            [
                -2.3395147800445555,
                -0.32751651763916123,
                0
            ]
        ],
        "burner_lfyqat_1": [
            [
                -2.3395147800445555,
                -0.8819245529174806,
                0
            ]
        ]
    },
    "ontop": {},
    "inside": {
        "sugar_cookie_feirtr_1": {
            "pressure_cooker_otyngn_1": [
                [
                    -0.6252978444099426,
                    -0.21946436166763306,
                    0.08758756518363953
                ],
                [
                    0.0020420702639967203,
                    -0.0021987406071275473,
                    -0.002699759788811207,
                    0.9999919533729553
                ]
            ]
        }
    }
}