{
    "nextto": {
        "shelf_iwziew_1": [
            [
                -1.5079027271270753,
                -8.366433029174805,
                0
            ]
        ],
        "strawberry_ntxofi_1": [
            [
                -1.2306987094879152,
                -7.812024993896484,
                0
            ]
        ],
        "electric_kettle_hkdsla_1": [
            [
                10.680447158813477,
                -5.644073905944825,
                0
            ]
        ],
        "electric_fan_qqphyr_1": [
            [
                10.680447158813477,
                -4.443842124938965,
                0
            ]
        ]
    },
    "ontop": {},
    "inside": {
        "strawberry_ntxofi_1": {
            "electric_kettle_hkdsla_1": [
                [
                    11.418922424316406,
                    -5.150654315948486,
                    0.14220046997070312
                ],
                [
                    -0.11836236715316772,
                    -0.8468409776687622,
                    -0.17062124609947205,
                    0.4896315932273865
                ]
            ]
        }
    }
}