{
    "nextto": {
        "urinal_pfzmpd_2": [
            -6.613304138183594,
            15.37798023223877,
            1.6641403436660767
        ],
        "soap_dispenser_sinntg_3": [
            -1.653635025024414,
            14.603639602661133,
            4.524548530578613
        ]
    },
    "ontop": {
        "soap_dispenser_sinntg_3": {
            "urinal_pfzmpd_2": [
                [
                    -6.551578521728516,
                    16.38481903076172,
                    0.8371453285217285
                ],
                [
                    -1.859051649601151e-14,
                    -1.5194432761685486e-14,
                    0.8468025326728821,
                    -0.5319073796272278
                ]
            ]
        }
    },
    "inside": {}
}