{
    "nextto": {
        "shopping_basket_vsxhsv_1": [
            [
                -2.062310762405396,
                -0.32751651763916123,
                0
            ]
        ],
        "kale_kjyfdx_1": [
            [
                -2.062310762405396,
                -0.32751651763916123,
                0
            ]
        ],
        "cooler_pnkiag_1": [
            [
                7.639829854965209,
                -2.2679446411132815,
                0
            ]
        ]
    },
    "ontop": {},
    "inside": {
        "kale_kjyfdx_1": {
            "cooler_pnkiag_1": [
                [
                    9.374105453491211,
                    -3.274658441543579,
                    -0.46140256524086
                ],
                [
                    0.7968912720680237,
                    0.09220845997333527,
                    0.4627209007740021,
                    0.3772945702075958
                ]
            ]
        }
    }
}