{
    "nextto": {
        "urinal_pfzmpd_1": [
            [
                16.603750481605527,
                -4.60656280040741,
                0
            ]
        ],
        "pill_bottle_csvdbe_1": [
            [
                16.79477051258087,
                -4.224522738456726,
                0
            ]
        ],
        "backpack_gvbiwl_1": [
            [
                14.216000094413758,
                -4.797582831382752,
                0
            ]
        ]
    },
    "ontop": {},
    "inside": {
        "pill_bottle_csvdbe_1": {
            "backpack_gvbiwl_1": [
                [
                    15.764123916625977,
                    -4.3913679122924805,
                    0.1114291250705719
                ],
                [
                    -0.021537501364946365,
                    -0.0014738484751433134,
                    -0.003944380208849907,
                    0.9997591972351074
                ]
            ]
        }
    }
}