{
    "nextto": {
        "pedestal_table_oqclwq_1": [
            [
                -2.062310762405396,
                -9.475249099731444,
                0
            ]
        ],
        "cherry_lkltpa_1": [
            [
                -1.7851067447662354,
                -8.643637046813964,
                0
            ]
        ],
        "cooler_pnkiag_1": [
            [
                5.976605749130249,
                -9.475249099731444,
                0
            ]
        ]
    },
    "ontop": {},
    "inside": {
        "cherry_lkltpa_1": {
            "cooler_pnkiag_1": [
                [
                    7.477702617645264,
                    -9.10405158996582,
                    -0.3000985383987427
                ],
                [
                    -0.33042946457862854,
                    -0.20847967267036438,
                    -0.024504706263542175,
                    -0.9201912879943848
                ]
            ]
        }
    }
}