{
    "nextto": {
        "electric_kettle_hkdsla_1": [
            [
                13.23465747833252,
                -22.012631645202635,
                0
            ]
        ],
        "periodic_table_mhwwtu_1": [
            [
                -31.60299812316895,
                6.08452423095703,
                0
            ]
        ],
        "recycling_bin_duugbb_1": [
            [
                12.026718978881835,
                -15.819609050750733,
                0
            ]
        ],
        "chocolate_cake_wpeesw_1": [
            [
                -31.60299812316895,
                6.08452423095703,
                0
            ]
        ]
    },
    "ontop": {},
    "inside": {
        "chocolate_cake_wpeesw_1": {
            "recycling_bin_duugbb_1": [
                [
                    12.879005432128906,
                    -15.191516876220703,
                    0.14069223403930664
                ],
                [
                    -0.019776854664087296,
                    -0.010522861033678055,
                    -0.014079712331295013,
                    0.9996498823165894
                ]
            ]
        }
    }
}