{
    "nextto": {
        "vase_kjeudr_1": [
            [
                12.757107353210449,
                -22.012631645202635,
                0
            ]
        ],
        "reception_desk_kjmhgc_1": [
            [
                9.043913650512698,
                -12.751849517822265,
                0
            ]
        ],
        "radiator_lnvush_1": [
            [
                -2.852743453979495,
                3.110359954833986,
                0
            ]
        ]
    },
    "ontop": {
        "vase_kjeudr_1": {
            "reception_desk_kjmhgc_1": [
                [
                    10.12066650390625,
                    -11.239940643310547,
                    0.8659098744392395
                ],
                [
                    0.0008666357025504112,
                    -0.0005445722490549088,
                    -0.03022262454032898,
                    0.9995426535606384
                ]
            ]
        }
    },
    "inside": {}
}