{
    "nextto": {
        "conference_table_hdomxc_1": [
            [
                12.018077926635746,
                27.895062255859376,
                0
            ]
        ],
        "scrub_brush_hsejyi_1": [
            [
                14.000854110717773,
                33.843390808105475,
                0
            ]
        ],
        "bucket_lsmlzi_1": [
            [
                11.706497077941895,
                -18.478760719299313,
                0
            ]
        ]
    },
    "ontop": {},
    "inside": {
        "scrub_brush_hsejyi_1": {
            "bucket_lsmlzi_1": [
                [
                    12.957763671875,
                    -17.52130126953125,
                    0.07594113051891327
                ],
                [
                    0.04521144926548004,
                    -0.11359496414661407,
                    -0.10287415981292725,
                    0.9871519804000854
                ]
            ]
        }
    }
}