{
    "nextto": {
        "straight_chair_gxzrim_1": [
            [
                14.000854110717773,
                0.13619567871093807,
                0
            ]
        ],
        "conference_table_hdomxc_1": [
            [
                10.035301742553719,
                -1.8465805053710929,
                0
            ]
        ],
        "chandelier_qghfol_1": [
            [
                -0.8699672698974535,
                -0.8551924133300773,
                0
            ]
        ]
    },
    "ontop": {
        "straight_chair_gxzrim_1": {
            "conference_table_hdomxc_1": [
                [
                    11.855264663696289,
                    0.3061774969100952,
                    1.2048320770263672
                ],
                [
                    -0.006949633359909058,
                    0.00043026218190789223,
                    -0.16062507033348083,
                    0.9869909882545471
                ]
            ]
        }
    },
    "inside": {}
}