{
    "nextto": {
        "mop_bucket_xjzyfc_1": [
            [
                1.1329962623119354,
                28.000647352933886,
                0
            ]
        ],
        "urinal_akmwjs_1": [
            1.1592090129852295,
            37.11873245239258,
            5.621211528778076
        ]
    },
    "ontop": {},
    "inside": {}
}