{
    "nextto": {
        "desk_cnewsu_1": [
            [
                16.400000723317497,
                35.90676519051194,
                0
            ]
        ],
        "desktop_computer_tbtham_1": [
            [
                16.400000723317497,
                36.70676519051195,
                0
            ]
        ],
        "bowl_cypjlv_1": [
            [
                16.400000723317497,
                35.10676519051194,
                0
            ]
        ],
        "electric_cauldron_qmdgct_1": [
            [
                -8.990967082977294,
                -46.55461366653443,
                0
            ]
        ],
        "pea_pod_qntgxe_1": [
            [
                16.400000723317497,
                35.10676519051194,
                0
            ]
        ]
    },
    "ontop": {},
    "inside": {
        "pea_pod_qntgxe_1": {
            "electric_cauldron_qmdgct_1": [
                [
                    -8.352070808410645,
                    -45.29731369018555,
                    0.3982977271080017
                ],
                [
                    -0.015271663665771484,
                    -0.09435603022575378,
                    -0.02450694516301155,
                    0.9951196908950806
                ]
            ]
        }
    }
}