{
    "nextto": {
        "carton_hhlmbi_1": [
            [
                14.000854110717773,
                13.024240875244141,
                0
            ]
        ],
        "desk_cnewsu_1": [
            [
                11.738719100952148,
                -15.819609050750733,
                0
            ]
        ]
    },
    "ontop": {
        "carton_hhlmbi_1": {
            "desk_cnewsu_1": [
                [
                    12.306877136230469,
                    -15.05397891998291,
                    0.7613834142684937
                ],
                [
                    0.005378377623856068,
                    -0.0003671571612358093,
                    -0.06250603497028351,
                    0.9980300664901733
                ]
            ]
        }
    },
    "inside": {}
}