{
    "nextto": {
        "tray_uekqey_1": [
            [
                14.000854110717773,
                0.13619567871093807,
                0
            ]
        ],
        "lime_iwjcjp_1": [
            [
                14.000854110717773,
                0.13619567871093807,
                0
            ]
        ],
        "cooler_pnkiag_1": [
            [
                11.738719100952148,
                -15.819609050750733,
                0
            ]
        ]
    },
    "ontop": {},
    "inside": {
        "lime_iwjcjp_1": {
            "cooler_pnkiag_1": [
                [
                    12.75223445892334,
                    -15.363516807556152,
                    0.13435643911361694
                ],
                [
                    -0.16393166780471802,
                    -0.12313434481620789,
                    -0.009353727102279663,
                    0.9787118434906006
                ]
            ]
        }
    }
}