{
    "nextto": {
        "conference_table_hdomxc_1": [
            [
                12.018077926635746,
                -1.8465805053710929,
                0
            ]
        ],
        "vase_kjeudr_1": [
            [
                12.018077926635746,
                3.110359954833986,
                0
            ]
        ],
        "reception_desk_kjmhgc_1": [
            [
                12.018077926635746,
                31.860614624023437,
                0
            ]
        ],
        "laptop_sngiih_1": [
            [
                14.000854110717773,
                32.852002716064455,
                0
            ]
        ],
        "stand_dbskvf_1": [
            [
                1.1128089141845736,
                -4.820744781494141,
                0
            ]
        ]
    },
    "ontop": {
        "vase_kjeudr_1": {
            "stand_dbskvf_1": [
                [
                    2.13411283493042,
                    3.7122995853424072,
                    0.5122215151786804
                ],
                [
                    0.0010590211022645235,
                    -0.0009473250829614699,
                    -0.023367954418063164,
                    0.9997259974479675
                ]
            ]
        }
    },
    "inside": {}
}