{"sink_wqjwbx_3": [-8.342122077941895, -41.84232711791992, 3.463068723678589], "bar_soap_lyigsj_1": [-9.370330944061278, -41.33836057662964, 1.5707963267948966], "cabinet_base_dcmhhh_1": [-8.516762256622314, -46.27009077072144, 0], "periodic_table_mhwwtu_1": [15.600000723317502, -0.8932348094880552, 0], "hardback_pfvucb_1": [15.600000723317502, 0.7067651905119462, 0], "eames_chair_mmqvnh_1": [2.0000007233174997, -0.8932348094880552, 0], "soap_dispenser_edinmg_0": [-9.915590286254883, -42.441043853759766, 5.60159969329834], "soap_dispenser_edinmg_1": [-9.651732444763184, -43.498687744140625, 4.842803001403809], "soap_dispenser_edinmg_2": [-9.581402778625488, -44.68223190307617, 4.8420305252075195], "trash_can_cdzyew_0": [-5.977689743041992, -47.984893798828125, 0.6905157566070557], "trash_can_cdzyew_1": null, "trash_can_cdzyew_2": [-5.3438873291015625, -41.85883331298828, 0.3022143840789795], "trash_can_cdzyew_3": [-5.505919933319092, -46.653289794921875, 1.463485836982727], "trash_can_cdzyew_4": [-5.774432182312012, -44.60820007324219, 5.656806468963623], "trash_can_cdzyew_5": [-5.247992992401123, -43.814632415771484, 5.654350280761719], "trash_can_hxsyxo_0": [-9.355958938598633, -46.96332550048828, 3.058074712753296], "trash_can_hxsyxo_1": [-9.458041191101074, -40.83553695678711, 4.72529411315918], "hand_dryer_jjolwn_0": [-8.777114868164062, -40.96992874145508, 3.198049306869507], "mirror_ztefpk_0": [-9.894572257995605, -44.710716247558594, 0.6089270114898682], "paper_towel_dispenser_zpfghl_0": [-10.053022384643555, -46.906341552734375, 0.2813267707824707], "shower_stall_rhvubh_0": [-7.248757362365723, -46.547271728515625, 4.601029872894287], "shower_stall_rhvubh_1": [-5.869444370269775, -44.22002410888672, 1.3552162647247314], "shower_stall_rhvubh_2": [-4.230754852294922, -41.40570068359375, 4.913487911224365], "shower_stall_rhvubh_3": null, "shower_stall_rhvubh_4": null, "shower_stall_rhvubh_5": [-5.265903472900391, -42.437469482421875, 3.3841028213500977], "sink_wqjwbx_0": [-8.569535255432129, -46.431278228759766, 1.3581901788711548], "sink_wqjwbx_1": [-9.58029556274414, -45.66570281982422, 6.273190021514893], "sink_wqjwbx_2": [-9.83095932006836, -44.84968566894531, 0.483752965927124], "toilet_mminnd_0": [-5.5617265701293945, -47.96763610839844, 1.5343613624572754], "toilet_mminnd_1": [-6.051166534423828, -42.30818557739258, 4.896778106689453], "toilet_mminnd_2": [-6.083539962768555, -41.37387466430664, 1.080199956893921], "toilet_mminnd_3": [-5.647398471832275, -45.43406295776367, 5.440931797027588], "toilet_mminnd_4": [-4.92698335647583, -45.200130462646484, 3.2423462867736816], "toilet_mminnd_5": [-5.018204212188721, -44.188011169433594, 2.0586235523223877], "toilet_paper_dispenser_buljwa_0": [-5.007743835449219, -47.04421615600586, 1.409277081489563], "toilet_paper_dispenser_buljwa_1": [-5.362437725067139, -41.66644287109375, 5.5081400871276855], "toilet_paper_dispenser_buljwa_2": [-5.430441856384277, -41.00940704345703, 6.265750885009766], "toilet_paper_dispenser_buljwa_3": [-4.984135150909424, -45.35030746459961, 4.417013168334961], "toilet_paper_dispenser_buljwa_4": [-4.9332404136657715, -44.593360900878906, 2.9091286659240723], "toilet_paper_dispenser_buljwa_5": [-4.896935939788818, -43.399330139160156, 2.8796494007110596], "urinal_akmwjs_0": [-7.8862128257751465, -48.29096984863281, 0.6288473606109619], "urinal_akmwjs_1": [-8.564446449279785, -47.775699615478516, 0.8280496597290039], "Light_test": null, "robot0": null}