{
    "nextto": {
        "wicker_basket_unasxd_1": [
            [
                -32.59438621520996,
                22.938121795654293,
                0
            ]
        ],
        "granola_bar_iurfsq_1": [
            [
                -32.59438621520996,
                22.938121795654293,
                0
            ]
        ],
        "cooler_pnkiag_1": [
            [
                11.738719100952148,
                -15.819609050750733,
                0
            ]
        ]
    },
    "ontop": {},
    "inside": {}
}