{
    "nextto": {
        "space_heater_kxzqpr_1": [
            [
                -30.611610031127928,
                31.860614624023437,
                0
            ]
        ],
        "pillar_candle_aqryfd_1": [
            [
                14.000854110717773,
                31.860614624023437,
                0
            ]
        ]
    },
    "ontop": {},
    "inside": {}
}