{"eames_chair_mmqvnh_1": [-1.969365800023079, 1.4517355203628541, 0], "lingerie_uaidmc_1": [-1.969365800023079, 1.4517355203628541, 0], "alarm_clock_cvknrh_1": [-1.6785037928819657, -4.753320631980896, 0], "shelf_iwziew_1": [-1.5650301814079288, 2.843288469314575, 0], "comb_yopqrq_1": [-0.829010226726532, 3.0068484592437743, 0], "toilet_aapttl_0": [-1.4489402770996094, 5.656124114990234, 1.0994462966918945], "toilet_paper_holder_rdfixx_0": [-1.1949728727340698, 5.667552471160889, 0.4019153118133545], "armchair_hfydou_0": [-0.7525414824485779, -4.343181610107422, 2.344440221786499], "armchair_ybcnmu_0": [1.0721724033355713, -5.327301025390625, 5.784387588500977], "desk_ohjotf_0": [-0.21998129785060883, -5.1070966720581055, 3.7919883728027344], "ottoman_hnmndv_0": null, "ottoman_hnmndv_1": [1.2166123390197754, -1.2666622400283813, 4.735696792602539], "stand_maeowc_0": [-1.627854347229004, -4.25405216217041, 3.3879411220550537], "stand_maeowc_1": [-2.388134241104126, -1.4164303541183472, 0.8233983516693115], "stand_maeowc_2": [-1.5164448022842407, 1.5172065496444702, 3.286510944366455], "table_lamp_uzrovn_0": [-1.7760354280471802, 1.1936150789260864, 4.731443881988525], "table_lamp_uzrovn_1": [-1.5719774961471558, -3.461195707321167, 5.182634353637695], "bed_kddswt_0": [-3.454713821411133, -2.575416088104248, 5.172318458557129], "bed_kddswt_1": [-3.4465458393096924, -0.23295235633850098, 4.969114303588867], "mirror_ddmyjg_0": [2.0256872177124023, 6.451359748840332, 5.4863667488098145], "showerhead_rhrpdm_0": [1.4828866720199585, 5.798533916473389, 4.7268524169921875], "sink_jbborl_0": [2.5739705562591553, 3.597954034805298, 1.422957420349121], "stand_dbskvf_0": [1.241398572921753, -0.8142043948173523, 5.841472148895264], "towel_rack_ibrplo_0": [0.08558958768844604, 4.60387659072876, 1.1952639818191528], "Light_test": null, "robot0": null}