{"gym_shoe_ukkqib_1": [-22.17058511734009, -17.15326009750366, 0], "gym_shoe_ukkqib_2": [-21.188632640838623, -17.15326009750366, 0], "bench_sntjne_0": [3.732239246368408, -23.433305740356445, 1.1641547679901123], "straight_chair_gxzrim_1": [15.177955889701844, -9.644504227638244, 0], "toilet_aapttl_0": [-7.959670066833496, -24.091773986816406, 5.270349502563477], "toilet_aapttl_1": [-7.96517276763916, -22.272266387939453, 1.4554129838943481], "bench_press_machine_qjakhy_0": [-25.507694244384766, -14.855611801147461, 4.928167343139648], "free_weight_rack_fatvwt_0": null, "massage_bed_jkeydh_0": [16.39931297302246, -8.99953842163086, 1.2847152948379517], "massage_bed_snqlsq_0": [10.867152214050293, -7.765552997589111, 3.829198122024536], "massage_bed_snqlsq_1": [7.036924839019775, -7.5188398361206055, 5.520662784576416], "console_table_iuxsao_0": [16.110124588012695, -9.420958518981934, 5.177713871002197], "hammam_bench_wxpwzd_0": [-1.3249595165252686, -15.719054222106934, 0.11700081825256348], "pillar_bxqiwq_0": [1.8417837619781494, -21.485687255859375, 2.3211212158203125], "swimming_pool_kohria_0": null, "sauna_bench_chviag_0": [15.167530059814453, -19.340017318725586, 4.072336673736572], "sink_pbmwrv_0": [-9.850062370300293, -21.671382904052734, 2.797914743423462], "bench_wvtbnn_0": [-10.639913558959961, -21.21980857849121, 0.7368340492248535], "bench_press_machine_pxlgue_0": null, "bench_press_machine_zfhbwy_0": [-18.00139808654785, -15.494901657104492, 3.8739371299743652], "coffee_table_semdkc_0": [2.1619608402252197, -13.36420726776123, 0.7246670722961426], "elliptical_machine_qwsarx_0": [-18.970474243164062, -23.23937225341797, 1.3126606941223145], "elliptical_machine_qwsarx_1": null, "exercise_bike_eponae_0": [-16.1981143951416, -22.520442962646484, 1.810855746269226], "exercise_bike_eponae_1": [-18.22296142578125, -20.45275115966797, 1.4503822326660156], "flat_bench_iisaia_0": [-22.80736541748047, -16.110841751098633, 2.2229037284851074], "treadmill_hhpgha_0": [-22.51641082763672, -18.7790584564209, 1.5017062425613403], "treadmill_hhpgha_1": [-23.02640151977539, -21.47454833984375, 3.0441060066223145], "treadmill_hhpgha_2": [-26.008947372436523, -22.97728729248047, 0.716994047164917], "hot_tub_nuzkuf_0": [2.845731496810913, -5.0538201332092285, 1.51557195186615], "hot_tub_wbnkfk_0": [8.137211799621582, -5.0686163902282715, 5.223050117492676], "locker_bxlkyo_0": [-11.403417587280273, -21.303804397583008, 0.5196981430053711], "locker_bxlkyo_1": [5.796230316162109, -25.774137496948242, 1.4581243991851807], "mirror_lkzwcd_0": null, "swimming_pool_qjhauf_0": [7.0113525390625, -18.04633331298828, 1.5220071077346802], "sauna_heater_jgmzza_0": [11.411256790161133, -18.47600555419922, 1.32371985912323], "shower_stall_vcwkma_0": [-9.112983703613281, -20.353696823120117, 4.9759063720703125], "shower_stall_vcwkma_1": [-9.322822570800781, -20.93692398071289, 0.9817829132080078], "shower_stall_vcwkma_2": [-8.288352012634277, -18.415075302124023, 0.9522378444671631], "showerhead_hukknl_0": [-7.2332024574279785, -21.334304809570312, 2.35994553565979], "showerhead_hukknl_1": [-7.152543067932129, -20.224905014038086, 2.4759140014648438], "showerhead_hukknl_2": [-7.29721212387085, -18.71307945251465, 4.498233795166016], "showerhead_lfwwnr_0": [5.488555908203125, -22.540658950805664, 0.3091435432434082], "showerhead_lfwwnr_1": [7.067159652709961, -21.927288055419922, 5.421663284301758], "sink_buifoi_0": [0.815843403339386, -23.703310012817383, 4.969346046447754], "sink_buifoi_1": [-1.070473551750183, -21.694381713867188, 1.1781710386276245], "sofa_hxlckz_0": null, "spotlight_gbvzvy_0": null, "spotlight_gbvzvy_1": null, "spotlight_gbvzvy_10": null, "spotlight_gbvzvy_11": null, "spotlight_gbvzvy_12": null, "spotlight_gbvzvy_13": null, "spotlight_gbvzvy_14": null, "spotlight_gbvzvy_15": null, "spotlight_gbvzvy_16": null, "spotlight_gbvzvy_17": null, "spotlight_gbvzvy_2": null, "spotlight_gbvzvy_3": null, "spotlight_gbvzvy_4": null, "spotlight_gbvzvy_5": null, "spotlight_gbvzvy_6": null, "spotlight_gbvzvy_7": null, "spotlight_gbvzvy_8": null, "spotlight_gbvzvy_9": null, "spotlight_xwotqa_0": null, "spotlight_xwotqa_1": null, "spotlight_xwotqa_2": null, "spotlight_xwotqa_3": null, "spotlight_xwotqa_4": null, "spotlight_xwotqa_5": null, "statue_iqaldl_0": [0.5355257987976074, -22.40848159790039, 5.8546881675720215], "tree_fggodd_0": null, "tree_fggodd_1": [7.923330783843994, -3.314088821411133, 5.185431003570557], "tree_fggodd_2": [10.301678657531738, -3.0073530673980713, 1.2188376188278198], "tree_fggodd_3": [4.308841228485107, -4.847141265869141, 0.4938504695892334], "tree_fggodd_4": null, "Light_test": null, "robot0": null}