{"towel_rack_ibrplo_0": [-0.7448171377182007, 5.55912971496582, 5.528913497924805], "bath_towel_thmepr_1": [-1.4014701914787295, 4.478888368606567, 0], "shelf_iwziew_1": [1.2972696423530574, 5.95092827796936, 0], "desk_ohjotf_0": [-2.5449323654174805, -4.705781936645508, 6.250722885131836], "water_bottle_ackxiy_1": [-0.7089637690782548, -5.238090643882751, 0], "toilet_aapttl_0": [-1.9317899942398071, 5.536038875579834, 5.499581336975098], "toilet_paper_holder_rdfixx_0": [-0.9302513599395752, 5.751561641693115, 2.3607451915740967], "armchair_hfydou_0": [-0.3243052363395691, -3.9684135913848877, 0.5778491497039795], "armchair_ybcnmu_0": [2.5265884399414062, -4.222733497619629, 5.399845600128174], "ottoman_hnmndv_0": [-0.2320980429649353, -3.6566107273101807, 5.4693922996521], "ottoman_hnmndv_1": [0.9805490970611572, -0.13107001781463623, 2.4244277477264404], "stand_maeowc_0": [-2.834834575653076, -3.1519153118133545, 5.458414077758789], "stand_maeowc_1": [-2.311011552810669, -1.3057544231414795, 3.7664761543273926], "stand_maeowc_2": null, "table_lamp_uzrovn_0": [-2.13289213180542, 1.0515707731246948, 5.9359540939331055], "table_lamp_uzrovn_1": [-0.38605213165283203, -3.9132795333862305, 0.27255678176879883], "bed_kddswt_0": [0.8800532817840576, -3.3682267665863037, 1.1787201166152954], "bed_kddswt_1": [-1.7179473638534546, -1.8732396364212036, 6.249863147735596], "mirror_ddmyjg_0": [2.624420404434204, 4.522019863128662, 4.151681423187256], "showerhead_rhrpdm_0": [1.6514511108398438, 6.1261677742004395, 4.54492712020874], "sink_jbborl_0": [1.2445523738861084, 1.2700401544570923, 5.935109615325928], "stand_dbskvf_0": [1.9671710729599, 6.339099407196045, 5.331057071685791], "Light_test": null, "robot0": null}