{"cabinet_base_dcmhhh_1": [1.2972696423530574, 5.95092827796936, 0], "bar_soap_lyigsj_1": [1.6912858486175537, 6.074889183044434, 0.45680785179138184], "bed_kddswt_1": [-0.7545636892318726, 1.248076319694519, 0.3039419651031494], "pet_bed_ynznsw_1": [0.26057625472545637, -1.1660225439071656, 0], "shelf_iwziew_1": [0.45448425948619836, -3.589872603416443, 0], "toilet_aapttl_0": [-1.5019890069961548, 6.359498500823975, 5.229698181152344], "toilet_paper_holder_rdfixx_0": [-0.8773114681243896, 5.860057353973389, 2.008000373840332], "armchair_hfydou_0": [0.45843076705932617, -4.34592866897583, 3.6908485889434814], "armchair_ybcnmu_0": [2.006923198699951, -3.4616665840148926, 2.6060690879821777], "desk_ohjotf_0": [-1.5334399938583374, -5.193836212158203, 0.032301902770996094], "ottoman_hnmndv_0": [0.25238466262817383, -1.287737250328064, 1.2984076738357544], "ottoman_hnmndv_1": [0.557621955871582, -0.0734466016292572, 4.362904071807861], "stand_maeowc_0": [-2.179086923599243, -4.00147819519043, 5.190999507904053], "stand_maeowc_1": [-2.4439759254455566, -0.6454511284828186, 6.068943977355957], "stand_maeowc_2": [-2.3396832942962646, 0.7792623043060303, 3.9389541149139404], "table_lamp_uzrovn_0": [-2.2759804725646973, 0.7429673671722412, 1.2510789632797241], "table_lamp_uzrovn_1": [-1.7798917293548584, -3.348848342895508, 5.310544490814209], "bed_kddswt_0": [-1.5502926111221313, -1.028160810470581, 0.13234996795654297], "mirror_ddmyjg_0": [1.9122575521469116, 2.9058315753936768, 0.5038876533508301], "showerhead_rhrpdm_0": [1.9308788776397705, 5.7467427253723145, 4.330346584320068], "sink_jbborl_0": [2.382906198501587, 4.4311370849609375, 5.152685642242432], "stand_dbskvf_0": [2.7703986167907715, -1.8726674318313599, 4.31444787979126], "towel_rack_ibrplo_0": [-0.16392678022384644, 4.8431477546691895, 0.8763735294342041], "Light_test": null, "robot0": null}