{"water_bottle_ackxiy_1": [-22.36697561264038, -14.992964649200442, 0], "water_bottle_ackxiy_2": [-21.385023136138916, -16.564088611602784, 0], "water_bottle_ackxiy_3": [-21.385023136138916, -16.564088611602784, 0], "booth_xzrpar_1": [13.015551223754882, -15.124015998840333, 0], "shelf_iwziew_1": [-5.115254755020142, -17.559794607162477, 0], "toilet_aapttl_0": [-7.3809075355529785, -24.07448959350586, 3.4536354541778564], "toilet_aapttl_1": [-7.7367448806762695, -21.855871200561523, 2.9542298316955566], "bench_press_machine_qjakhy_0": [-25.342571258544922, -17.233226776123047, 1.3989275693893433], "free_weight_rack_fatvwt_0": [-25.97254180908203, -18.48473358154297, 4.472571849822998], "massage_bed_jkeydh_0": [16.186737060546875, -9.286624908447266, 0.8212957382202148], "massage_bed_snqlsq_0": [7.734306812286377, -9.150751113891602, 0.9901785850524902], "massage_bed_snqlsq_1": [6.930572986602783, -7.546202182769775, 5.774655818939209], "console_table_iuxsao_0": [15.695661544799805, -8.202360153198242, 5.39792537689209], "hammam_bench_wxpwzd_0": [-3.8905036449432373, -22.515892028808594, 0.9661023616790771], "pillar_bxqiwq_0": [-0.3752756714820862, -23.843936920166016, 5.94155216217041], "swimming_pool_kohria_0": [0.23281338810920715, -20.559694290161133, 6.1472039222717285], "sauna_bench_chviag_0": [11.612393379211426, -16.719446182250977, 4.442768096923828], "sink_pbmwrv_0": [-10.594331741333008, -24.49666976928711, 1.9307587146759033], "bench_wvtbnn_0": [-11.066951751708984, -24.656600952148438, 0.7305195331573486], "bench_press_machine_pxlgue_0": [-24.813419342041016, -16.918155670166016, 0.8722703456878662], "bench_press_machine_zfhbwy_0": [-21.75624656677246, -15.739167213439941, 5.667852401733398], "coffee_table_semdkc_0": null, "elliptical_machine_qwsarx_0": [-19.284990310668945, -19.314117431640625, 0.24762749671936035], "elliptical_machine_qwsarx_1": [-20.942493438720703, -21.87598991394043, 0.892996072769165], "exercise_bike_eponae_0": [-16.956947326660156, -21.206945419311523, 1.7788630723953247], "exercise_bike_eponae_1": [-18.047563552856445, -20.04120445251465, 4.05264949798584], "flat_bench_iisaia_0": [-22.841259002685547, -16.03888702392578, 4.255415439605713], "treadmill_hhpgha_0": [-23.10442543029785, -22.875537872314453, 0.8092548847198486], "treadmill_hhpgha_1": [-24.193004608154297, -18.636714935302734, 0.6655519008636475], "treadmill_hhpgha_2": [-26.11928939819336, -21.05158233642578, 3.0501651763916016], "bench_sntjne_0": [5.62540864944458, -22.65622329711914, 5.579365253448486], "hot_tub_nuzkuf_0": [4.7673797607421875, -3.7330403327941895, 6.040956497192383], "hot_tub_wbnkfk_0": [11.977946281433105, -5.366728782653809, 4.7130913734436035], "locker_bxlkyo_0": [-10.039114952087402, -22.86168098449707, 2.6104087829589844], "locker_bxlkyo_1": [5.875946998596191, -25.332313537597656, 6.169122695922852], "mirror_lkzwcd_0": [-11.19170093536377, -15.025413513183594, 5.106719017028809], "swimming_pool_qjhauf_0": null, "sauna_heater_jgmzza_0": [11.964088439941406, -18.003421783447266, 6.1813645362854], "shower_stall_vcwkma_0": [-6.5894269943237305, -19.9370174407959, 3.687096357345581], "shower_stall_vcwkma_1": [-9.573339462280273, -19.86847686767578, 5.784663200378418], "shower_stall_vcwkma_2": [-6.950830936431885, -18.771343231201172, 4.874713897705078], "showerhead_hukknl_0": [-7.833160400390625, -21.424327850341797, 0.582409143447876], "showerhead_hukknl_1": [-7.514637470245361, -20.56540298461914, 1.2560794353485107], "showerhead_hukknl_2": [-7.601896286010742, -18.847015380859375, 5.314646244049072], "showerhead_lfwwnr_0": [6.072739601135254, -21.88776397705078, 5.505851745605469], "showerhead_lfwwnr_1": [7.82227087020874, -22.37610626220703, 1.9887739419937134], "sink_buifoi_0": null, "sink_buifoi_1": [-0.9458812475204468, -21.605850219726562, 2.0372090339660645], "sofa_hxlckz_0": [-1.1743353605270386, -13.696894645690918, 4.514552593231201], "spotlight_gbvzvy_0": null, "spotlight_gbvzvy_1": null, "spotlight_gbvzvy_10": null, "spotlight_gbvzvy_11": null, "spotlight_gbvzvy_12": null, "spotlight_gbvzvy_13": null, "spotlight_gbvzvy_14": null, "spotlight_gbvzvy_15": null, "spotlight_gbvzvy_16": null, "spotlight_gbvzvy_17": null, "spotlight_gbvzvy_2": null, "spotlight_gbvzvy_3": null, "spotlight_gbvzvy_4": null, "spotlight_gbvzvy_5": null, "spotlight_gbvzvy_6": null, "spotlight_gbvzvy_7": null, "spotlight_gbvzvy_8": null, "spotlight_gbvzvy_9": null, "spotlight_xwotqa_0": null, "spotlight_xwotqa_1": null, "spotlight_xwotqa_2": null, "spotlight_xwotqa_3": null, "spotlight_xwotqa_4": null, "spotlight_xwotqa_5": null, "statue_iqaldl_0": [0.778580367565155, -22.736108779907227, 2.122978448867798], "tree_fggodd_0": null, "tree_fggodd_1": null, "tree_fggodd_2": [10.148733139038086, -2.948288917541504, 6.124756813049316], "tree_fggodd_3": [8.304586410522461, -2.5460610389709473, 0.5688145160675049], "tree_fggodd_4": [3.983842372894287, -1.6371468305587769, 1.8090622425079346], "Light_test": null, "robot0": null}