{"sink_jbborl_0": [1.9405789375305176, 6.116901874542236, 1.9522606134414673], "toothbrush_nbgpwg_1": [1.4608296322822567, 4.642448358535766, 0], "alarm_clock_cvknrh_1": [-0.3211477595567703, -5.238090643882751, 0], "textbook_nloqia_1": [-0.7089637690782548, -5.238090643882751, 0], "desk_ohjotf_0": [1.0999459028244019, -4.813332557678223, 1.3249733448028564], "toilet_aapttl_0": [-1.6806515455245972, 5.54567813873291, 5.344622611999512], "toilet_paper_holder_rdfixx_0": [-1.2004027366638184, 6.043190002441406, 6.248146057128906], "armchair_hfydou_0": [0.12888756394386292, -4.008146286010742, 5.734241008758545], "armchair_ybcnmu_0": [2.0898966789245605, -5.551201343536377, 3.0371828079223633], "ottoman_hnmndv_0": [0.13545040786266327, -4.078535556793213, 0.39331483840942383], "ottoman_hnmndv_1": [0.9429004788398743, -2.1324427127838135, 0.2068488597869873], "stand_maeowc_0": [-2.3253722190856934, -3.627830982208252, 2.8032896518707275], "stand_maeowc_1": [-2.5546324253082275, -0.8888252377510071, 4.9584479331970215], "stand_maeowc_2": [-2.3557920455932617, 0.06266070902347565, 0.40314292907714844], "table_lamp_uzrovn_0": null, "table_lamp_uzrovn_1": [-1.7788063287734985, -3.341154098510742, 3.0049617290496826], "bed_kddswt_0": [-2.254070281982422, -3.886087417602539, 5.176979064941406], "bed_kddswt_1": [0.8976407647132874, -0.15190953016281128, 5.937070369720459], "mirror_ddmyjg_0": [2.143508195877075, 1.5879004001617432, 4.968338489532471], "showerhead_rhrpdm_0": [2.10465145111084, 4.962001323699951, 1.8501269817352295], "stand_dbskvf_0": [1.7578340768814087, 5.9570207595825195, 0.46605491638183594], "towel_rack_ibrplo_0": [-0.09651747345924377, 4.801438331604004, 0.4620652198791504], "Light_test": null, "robot0": null}