{"sandal_chgcrm_1": [0.8423002690076827, 1.4517355203628541, 0], "sandal_chgcrm_2": [-1.969365800023079, -5.238090643882751, 0], "bed_kddswt_1": [-1.0642991065979004, 0.8252791166305542, 1.1894155740737915], "cabinet_base_dcmhhh_1": [-0.902871773838997, 1.7425975275039673, 0], "countertop_zkhelh_1": [-3.3641900706291197, 3.2521884441375732, 0], "bar_soap_lyigsj_1": [0.9701496624946588, 3.1704084491729736, 0], "toilet_aapttl_0": [-0.7106415629386902, 5.247201442718506, 0.439739465713501], "toilet_paper_holder_rdfixx_0": [-0.7372976541519165, 6.263764381408691, 3.7629306316375732], "armchair_hfydou_0": [0.5621153116226196, -4.419083595275879, 3.820523738861084], "armchair_ybcnmu_0": [1.311955213546753, -5.647909641265869, 1.0552136898040771], "desk_ohjotf_0": [-1.335555076599121, -4.355962753295898, 1.2678760290145874], "ottoman_hnmndv_0": [-0.0769825279712677, -3.2594404220581055, 5.2555317878723145], "ottoman_hnmndv_1": [0.45830270648002625, 1.599531650543213, 4.631011486053467], "stand_maeowc_0": [-2.000385046005249, -4.521774768829346, 0.6600544452667236], "stand_maeowc_1": [-1.151971459388733, -1.5688246488571167, 2.042853832244873], "stand_maeowc_2": [-1.5250742435455322, 0.42167025804519653, 3.8347554206848145], "table_lamp_uzrovn_0": [-2.253056049346924, 0.8060212731361389, 6.1828389167785645], "table_lamp_uzrovn_1": [-1.0608488321304321, -4.341581344604492, 1.3913772106170654], "bed_kddswt_0": [-3.274906873703003, -2.3711652755737305, 2.703968048095703], "mirror_ddmyjg_0": [2.2174906730651855, 3.955256223678589, 4.798683166503906], "showerhead_rhrpdm_0": [1.204957365989685, 5.8264288902282715, 6.067615985870361], "sink_jbborl_0": [2.2719037532806396, 0.8836876153945923, 1.8951482772827148], "stand_dbskvf_0": [1.7462027072906494, -9.45453929901123, 0.5589725971221924], "towel_rack_ibrplo_0": [-0.0814485251903534, 5.326508045196533, 5.4814372062683105], "Light_test": null, "robot0": null}