{"canteen_ttxunv_1": [14.1291880941391, -7.247320694923401, 0], "canteen_ttxunv_2": [13.979364123344421, -8.221176505088806, 0], "canteen_ttxunv_3": [15.028131918907166, -8.146264519691467, 0], "booth_xzrpar_1": [9.802840871810913, -22.176257829666138, 0], "periodic_table_mhwwtu_1": [-3.4884124469757083, -18.264759607315064, 0], "toilet_aapttl_0": [-8.096370697021484, -24.491920471191406, 1.7923529148101807], "toilet_aapttl_1": [-8.091294288635254, -23.084945678710938, 0.15480732917785645], "bench_press_machine_qjakhy_0": [-25.26664161682129, -16.600683212280273, 4.93292760848999], "free_weight_rack_fatvwt_0": [-26.744997024536133, -19.64824867248535, 4.775899887084961], "massage_bed_jkeydh_0": [16.217185974121094, -9.487529754638672, 0.9055423736572266], "massage_bed_snqlsq_0": [10.617860794067383, -8.080413818359375, 2.9476540088653564], "massage_bed_snqlsq_1": [6.1768693923950195, -9.172142028808594, 2.2690534591674805], "console_table_iuxsao_0": [16.14630126953125, -10.283148765563965, 0.6594784259796143], "hammam_bench_wxpwzd_0": [-4.000332832336426, -21.850412368774414, 6.213624000549316], "pillar_bxqiwq_0": [1.8287789821624756, -22.565658569335938, 2.4543113708496094], "swimming_pool_kohria_0": [1.8924989700317383, -21.629344940185547, 0.8297350406646729], "sauna_bench_chviag_0": [6.200351715087891, -19.031679153442383, 5.76513147354126], "sink_pbmwrv_0": [-11.216218948364258, -15.94900131225586, 5.157230854034424], "bench_wvtbnn_0": [-11.03369140625, -23.490751266479492, 0.35567760467529297], "bench_press_machine_pxlgue_0": [-22.51697540283203, -16.73777961730957, 3.041718006134033], "bench_press_machine_zfhbwy_0": [-20.644405364990234, -16.801977157592773, 6.083759784698486], "coffee_table_semdkc_0": [3.4066739082336426, -12.668649673461914, 4.680859565734863], "elliptical_machine_qwsarx_0": [-18.46626853942871, -22.142580032348633, 1.1806375980377197], "elliptical_machine_qwsarx_1": [-20.5519962310791, -22.765649795532227, 0.28514695167541504], "exercise_bike_eponae_0": [-17.282209396362305, -20.676288604736328, 0.9473822116851807], "exercise_bike_eponae_1": [-17.196186065673828, -21.965055465698242, 3.852004051208496], "flat_bench_iisaia_0": [-22.058950424194336, -16.278675079345703, 6.003468990325928], "treadmill_hhpgha_0": [-21.389612197875977, -19.7492733001709, 3.6168785095214844], "treadmill_hhpgha_1": [-24.99898910522461, -21.0235652923584, 5.017227649688721], "treadmill_hhpgha_2": [-24.470073699951172, -20.100696563720703, 4.104013919830322], "bench_sntjne_0": [5.971897125244141, -22.721223831176758, 3.1871566772460938], "hot_tub_nuzkuf_0": [6.1459245681762695, -6.38855504989624, 0.8937795162200928], "hot_tub_wbnkfk_0": [9.400429725646973, -7.838510513305664, 1.0750513076782227], "locker_bxlkyo_0": [-10.40571403503418, -23.87570571899414, 0.47291016578674316], "locker_bxlkyo_1": [8.032782554626465, -24.413002014160156, 4.21047306060791], "mirror_lkzwcd_0": [-10.844674110412598, -27.288555145263672, 3.8046510219573975], "swimming_pool_qjhauf_0": [14.075701713562012, -14.061930656433105, 0.9769618511199951], "sauna_heater_jgmzza_0": [11.9356689453125, -18.999895095825195, 0.8575751781463623], "shower_stall_vcwkma_0": [-6.801389694213867, -20.821491241455078, 4.309680461883545], "shower_stall_vcwkma_1": [-8.703850746154785, -21.17253875732422, 2.0032782554626465], "shower_stall_vcwkma_2": [-8.457279205322266, -18.992504119873047, 4.089040279388428], "showerhead_hukknl_0": [-7.363857746124268, -20.838443756103516, 3.9048268795013428], "showerhead_hukknl_1": [-7.0536346435546875, -20.298450469970703, 3.0369584560394287], "showerhead_hukknl_2": [-7.741303443908691, -19.19049644470215, 0.6502583026885986], "showerhead_lfwwnr_0": [6.056854248046875, -21.5510196685791, 4.767300605773926], "showerhead_lfwwnr_1": [7.717134475708008, -21.86549949645996, 4.247636795043945], "sink_buifoi_0": [0.9430667161941528, -23.582277297973633, 4.19319486618042], "sink_buifoi_1": [-1.7736607789993286, -22.213348388671875, 5.466000080108643], "sofa_hxlckz_0": [0.5051208138465881, -9.914612770080566, 5.457815647125244], "spotlight_gbvzvy_0": null, "spotlight_gbvzvy_1": null, "spotlight_gbvzvy_10": null, "spotlight_gbvzvy_11": null, "spotlight_gbvzvy_12": null, "spotlight_gbvzvy_13": null, "spotlight_gbvzvy_14": null, "spotlight_gbvzvy_15": null, "spotlight_gbvzvy_16": null, "spotlight_gbvzvy_17": null, "spotlight_gbvzvy_2": null, "spotlight_gbvzvy_3": null, "spotlight_gbvzvy_4": null, "spotlight_gbvzvy_5": null, "spotlight_gbvzvy_6": null, "spotlight_gbvzvy_7": null, "spotlight_gbvzvy_8": null, "spotlight_gbvzvy_9": null, "spotlight_xwotqa_0": null, "spotlight_xwotqa_1": null, "spotlight_xwotqa_2": null, "spotlight_xwotqa_3": null, "spotlight_xwotqa_4": null, "spotlight_xwotqa_5": null, "statue_iqaldl_0": [1.0303468704223633, -21.3483943939209, 3.7731103897094727], "tree_fggodd_0": null, "tree_fggodd_1": [9.711699485778809, -1.2056736946105957, 5.899143695831299], "tree_fggodd_2": [9.825433731079102, -3.6613540649414062, 0.04737210273742676], "tree_fggodd_3": null, "tree_fggodd_4": [1.5869848728179932, -3.1048574447631836, 5.859656810760498], "Light_test": null, "robot0": null}