{"magazine_ymfwaz_1": [-3.922237062454224, -17.668250761032105, 0], "magazine_ymfwaz_2": [-2.674991292953491, -16.1498646068573, 1.5707963267948966], "straight_chair_gxzrim_1": [11.157317504882812, -4.505537605285646, 0], "bench_sntjne_0": [6.2408447265625, -23.753477096557617, 0.3566763401031494], "toilet_aapttl_0": [-8.085199356079102, -23.955312728881836, 4.954376220703125], "toilet_aapttl_1": [-7.502384662628174, -22.176982879638672, 4.750133037567139], "bench_press_machine_qjakhy_0": null, "free_weight_rack_fatvwt_0": [-26.713361740112305, -19.981201171875, 1.4084352254867554], "massage_bed_jkeydh_0": [15.265044212341309, -8.651321411132812, 1.949671983718872], "massage_bed_snqlsq_0": [9.384421348571777, -7.852736949920654, 5.3983154296875], "massage_bed_snqlsq_1": [6.536290645599365, -6.29283332824707, 5.790320873260498], "console_table_iuxsao_0": [16.179588317871094, -9.259199142456055, 1.8907313346862793], "hammam_bench_wxpwzd_0": [2.683051347732544, -15.891583442687988, 0.6243743896484375], "pillar_bxqiwq_0": [0.2697173058986664, -23.942672729492188, 5.271836280822754], "swimming_pool_kohria_0": [-0.3141224682331085, -20.430133819580078, 5.763947010040283], "sauna_bench_chviag_0": [10.820470809936523, -17.25747299194336, 2.0319931507110596], "sink_pbmwrv_0": [-10.534664154052734, -16.01460075378418, 4.533899784088135], "bench_wvtbnn_0": [-10.211421966552734, -23.644899368286133, 5.537808418273926], "bench_press_machine_pxlgue_0": [-24.55750846862793, -15.674765586853027, 1.525725245475769], "bench_press_machine_zfhbwy_0": [-19.91272735595703, -14.985217094421387, 0.4179959297180176], "coffee_table_semdkc_0": null, "elliptical_machine_qwsarx_0": [-18.309499740600586, -19.28679656982422, 2.869020462036133], "elliptical_machine_qwsarx_1": [-20.99898910522461, -21.094886779785156, 0.859612226486206], "exercise_bike_eponae_0": [-17.082439422607422, -20.72871208190918, 4.6849470138549805], "exercise_bike_eponae_1": [-17.195531845092773, -21.066701889038086, 0.8788754940032959], "flat_bench_iisaia_0": [-22.249940872192383, -17.591548919677734, 1.233357310295105], "treadmill_hhpgha_0": [-22.133955001831055, -22.69742774963379, 1.4167702198028564], "treadmill_hhpgha_1": [-24.517501831054688, -18.43457794189453, 0.12677860260009766], "treadmill_hhpgha_2": [-26.524032592773438, -20.22564125061035, 0.03226494789123535], "hot_tub_nuzkuf_0": [4.600481986999512, -3.8532276153564453, 3.508369207382202], "hot_tub_wbnkfk_0": [8.43083667755127, -4.552055835723877, 4.508692264556885], "locker_bxlkyo_0": [-11.660709381103516, -22.572864532470703, 0.10661983489990234], "locker_bxlkyo_1": [2.730362892150879, -24.602500915527344, 5.946506500244141], "mirror_lkzwcd_0": [-11.310556411743164, -27.296667098999023, 5.994167327880859], "swimming_pool_qjhauf_0": [13.651124000549316, -15.669610977172852, 6.268985748291016], "sauna_heater_jgmzza_0": [12.274054527282715, -17.74221420288086, 5.1938066482543945], "shower_stall_vcwkma_0": [-7.762883186340332, -22.104896545410156, 0.40029335021972656], "shower_stall_vcwkma_1": [-9.030421257019043, -18.925968170166016, 6.278167247772217], "shower_stall_vcwkma_2": [-8.664020538330078, -17.626850128173828, 5.340491771697998], "showerhead_hukknl_0": [-7.202460289001465, -21.261350631713867, 2.6685822010040283], "showerhead_hukknl_1": [-7.821286678314209, -20.08111572265625, 5.850588798522949], "showerhead_hukknl_2": [-7.484795570373535, -19.130971908569336, 0.2684895992279053], "showerhead_lfwwnr_0": [6.508286952972412, -22.52927017211914, 2.5845019817352295], "showerhead_lfwwnr_1": [7.644291877746582, -22.570709228515625, 1.1691405773162842], "sink_buifoi_0": [0.6105378866195679, -24.02792739868164, 0.38055872917175293], "sink_buifoi_1": [-0.3114456534385681, -22.085285186767578, 3.931356191635132], "sofa_hxlckz_0": [2.1253199577331543, -10.252242088317871, 3.6833362579345703], "spotlight_gbvzvy_0": null, "spotlight_gbvzvy_1": null, "spotlight_gbvzvy_10": null, "spotlight_gbvzvy_11": null, "spotlight_gbvzvy_12": null, "spotlight_gbvzvy_13": null, "spotlight_gbvzvy_14": null, "spotlight_gbvzvy_15": null, "spotlight_gbvzvy_16": null, "spotlight_gbvzvy_17": null, "spotlight_gbvzvy_2": null, "spotlight_gbvzvy_3": null, "spotlight_gbvzvy_4": null, "spotlight_gbvzvy_5": null, "spotlight_gbvzvy_6": null, "spotlight_gbvzvy_7": null, "spotlight_gbvzvy_8": null, "spotlight_gbvzvy_9": null, "spotlight_xwotqa_0": null, "spotlight_xwotqa_1": null, "spotlight_xwotqa_2": null, "spotlight_xwotqa_3": null, "spotlight_xwotqa_4": null, "spotlight_xwotqa_5": null, "statue_iqaldl_0": [0.36378154158592224, -21.514799118041992, 4.682475566864014], "tree_fggodd_0": null, "tree_fggodd_1": [11.199453353881836, -1.418835163116455, 3.260655164718628], "tree_fggodd_2": [8.48430347442627, -1.053992509841919, 3.9726946353912354], "tree_fggodd_3": null, "tree_fggodd_4": [2.0116686820983887, -3.4256579875946045, 1.4405874013900757], "Light_test": null, "robot0": null}