{"booth_xzrpar_1": [-2.955290095806122, 3.90642840385437, 0], "tissue_dispenser_sqmqyj_1": [-2.8735101008415223, 4.315328378677368, 0], "bicycle_rack_mltrbs_1": [0.0705697178840636, 5.5420283031463615, 0], "soccer_ball_ikagkc_1": [0.6483922642469407, 1.6456435251235966, 0], "bed_kddswt_1": [-3.5727715492248535, -0.8458465337753296, 0.97723388671875], "toilet_aapttl_0": [-1.7665046453475952, 4.856574058532715, 0.6038217544555664], "toilet_paper_holder_rdfixx_0": [-1.3792418241500854, 6.211702346801758, 5.345620155334473], "armchair_hfydou_0": [-1.1066992282867432, -4.077885627746582, 0.46959662437438965], "armchair_ybcnmu_0": [2.9143118858337402, -4.58565092086792, 2.364757776260376], "desk_ohjotf_0": [-1.9366412162780762, -4.4802093505859375, 3.717338800430298], "ottoman_hnmndv_0": null, "ottoman_hnmndv_1": [-0.041098736226558685, -0.8961423635482788, 4.999022483825684], "stand_maeowc_0": [-2.8634448051452637, -3.277547597885132, 5.6521453857421875], "stand_maeowc_1": [-1.8327200412750244, -2.0943684577941895, 2.6666669845581055], "stand_maeowc_2": [-2.670701742172241, 1.1946351528167725, 5.261417388916016], "table_lamp_uzrovn_0": [-1.6959253549575806, 0.671593964099884, 1.143277883529663], "table_lamp_uzrovn_1": [-2.699227809906006, -3.2662594318389893, 6.252049922943115], "bed_kddswt_0": null, "mirror_ddmyjg_0": null, "showerhead_rhrpdm_0": [1.5539841651916504, 5.196657180786133, 6.2380852699279785], "sink_jbborl_0": [1.3801422119140625, 3.4804282188415527, 5.019423961639404], "stand_dbskvf_0": [2.00113582611084, -9.097514152526855, 3.5215952396392822], "towel_rack_ibrplo_0": [-0.47287115454673767, 5.296246528625488, 5.532136917114258], "Light_test": null, "robot0": null}