{"tray_uekqey_1": [1.2154896473884578, 3.1704084491729736, 0], "hairbrush_bdylnb_1": [1.6611541509628296, 2.8624000549316406, 0.4581127166748047], "toy_car_dgnnin_1": [-0.8059177714586258, 0.9669655084609984, 0], "periodic_table_mhwwtu_1": [-0.03028575241565685, -3.686826605796814, 0], "toilet_aapttl_0": [-1.7676056623458862, 4.8673014640808105, 0.3093867301940918], "toilet_paper_holder_rdfixx_0": [-0.7814892530441284, 5.5274457931518555, 1.9364452362060547], "armchair_hfydou_0": [-0.8202450275421143, -4.153230667114258, 5.148340702056885], "armchair_ybcnmu_0": [1.694931149482727, -5.7751593589782715, 0.6627018451690674], "desk_ohjotf_0": [-0.02963947504758835, -5.350198745727539, 1.8986233472824097], "ottoman_hnmndv_0": [-0.20514920353889465, -1.3636314868927002, 0.9617025852203369], "ottoman_hnmndv_1": [1.0976539850234985, -0.17825573682785034, 0.8733518123626709], "stand_maeowc_0": [-1.5604625940322876, -3.2463979721069336, 5.11778450012207], "stand_maeowc_1": [-1.950169563293457, -1.8345606327056885, 4.419153690338135], "stand_maeowc_2": [-1.5835282802581787, 0.4309062063694, 0.9505257606506348], "table_lamp_uzrovn_0": null, "table_lamp_uzrovn_1": [-1.9388703107833862, -3.7895681858062744, 0.4466826915740967], "bed_kddswt_0": [-1.4252148866653442, -0.8339798450469971, 5.330572605133057], "bed_kddswt_1": [-1.2713416814804077, 1.1288783550262451, 0.8408622741699219], "mirror_ddmyjg_0": [1.9088215827941895, 2.6072754859924316, 0.48036885261535645], "showerhead_rhrpdm_0": [1.0599086284637451, 5.272707939147949, 6.158806324005127], "sink_jbborl_0": [2.7267017364501953, 4.764557361602783, 2.6782066822052], "stand_dbskvf_0": [1.2673842906951904, -8.804143905639648, 5.693071365356445], "towel_rack_ibrplo_0": [-0.2609400153160095, 5.249197959899902, 5.199034214019775], "Light_test": null, "robot0": null}