{
    "nextto": {
        "reception_desk_kjmhgc_1": [
            [
                -4.735566701889039,
                6.465789670944213,
                0
            ]
        ],
        "meatball_ctdwth_1": [
            [
                -4.735566701889039,
                6.465789670944213,
                0
            ]
        ],
        "cooler_pnkiag_1": [
            4.264449596405029,
            2.77856183052063,
            4.870574474334717
        ],
        "recycling_bin_duugbb_1": [
            4.264449596405029,
            2.77856183052063,
            4.870574474334717
        ]
    },
    "ontop": {},
    "inside": {
        "meatball_ctdwth_1": {
            "cooler_pnkiag_1": [
                [
                    3.7152674198150635,
                    1.6201233863830566,
                    0.8711528182029724
                ],
                [
                    0.009434179402887821,
                    0.11454076319932938,
                    0.9245498180389404,
                    0.3633166551589966
                ]
            ]
        }
    }
}