{
    "nextto": {
        "shelf_side_yujrmw_1": [
            [
                2.3291946011781692,
                5.804128565788269,
                0
            ]
        ],
        "cooler_pnkiag_1": [
            [
                1.5444945985078813,
                6.588828568458557,
                0
            ]
        ],
        "bench_nokayw_1": [
            [
                1.6697059106826782,
                -1.225161271095276,
                0
            ]
        ],
        "breakfast_table_uhrsex_0": [
            [
                -4.811787528991699,
                1.4797284221649172,
                0
            ]
        ],
        "waffle_gjwper_1": [
            [
                -4.811787528991699,
                1.4797284221649172,
                0
            ]
        ]
    },
    "ontop": {
        "cooler_pnkiag_1": {
            "bench_nokayw_1": [
                [
                    2.8347384929656982,
                    -0.7326279282569885,
                    0.6393657326698303
                ],
                [
                    -5.558280463446863e-05,
                    4.625978908734396e-05,
                    -0.002067860681563616,
                    0.9999977946281433
                ]
            ]
        }
    },
    "inside": {
        "waffle_gjwper_1": {
            "cooler_pnkiag_1": [
                [
                    3.065105676651001,
                    -0.7280380725860596,
                    0.5485268831253052
                ],
                [
                    -0.0016160932136699557,
                    0.00099516985937953,
                    -0.008863947354257107,
                    0.999958872795105
                ]
            ]
        }
    }
}