{
    "nextto": {
        "phonograph_record_reunea_1": [
            [
                -0.6377540826797485,
                0.18339082598686218,
                0
            ]
        ],
        "desk_cnewsu_1": [
            [
                -2.4244689369201664,
                9.3230899810791,
                0
            ]
        ],
        "laptop_sngiih_1": [
            [
                -2.4244689369201664,
                9.0382901763916,
                0
            ]
        ],
        "shelf_iwziew_1": [
            0.027093466371297836,
            -0.9987953901290894,
            1.8388917446136475
        ]
    },
    "ontop": {},
    "inside": {}
}