{"desk_cnewsu_1": [-2.4244689369201664, 9.0382901763916, 0], "textbook_nloqia_1": [-2.2108690834045412, 9.0382901763916, 0], "shelf_iwziew_1": [3.5860458612442017, -0.678609162569046, 0], "sunglasses_nxfifs_1": [4.017045855522156, -0.5924091637134552, 0], "table_lamp_xbfgjc_1": [5.2239670753479, 10.25326919555664, 1.8577429056167603], "armchair_bslhmj_0": [1.6112682819366455, -1.6664066314697266, 4.933685779571533], "armchair_bslhmj_1": [2.95854115486145, -2.264680862426758, 0.9287662506103516], "armchair_tcxiue_0": [-0.14479658007621765, 2.386571168899536, 4.4161152839660645], "bottom_cabinet_bamfsz_0": [4.1014790534973145, 8.446163177490234, 5.503117561340332], "bottom_cabinet_bamfsz_1": [4.822760581970215, 10.427656173706055, 5.470933437347412], "bottom_cabinet_jrhgeu_0": [2.0143914222717285, 3.311445474624634, 3.7336974143981934], "bottom_cabinet_jrhgeu_1": [4.594120502471924, 2.4491615295410156, 2.0646393299102783], "bottom_cabinet_jrhgeu_2": [1.5584911108016968, -1.4873080253601074, 2.4503235816955566], "breakfast_table_skczfi_0": [-2.564379930496216, 10.96047306060791, 6.262044906616211], "breakfast_table_skczfi_1": [-4.535818576812744, 10.131903648376465, 2.518935441970825], "breakfast_table_uhrsex_0": [-3.1857705116271973, 2.8097105026245117, 6.248294830322266], "cedar_chest_fwstpx_0": [1.3966495990753174, 8.070899963378906, 1.1386430263519287], "cedar_chest_fwstpx_1": [4.121602535247803, 4.979315757751465, 0.05777454376220703], "cedar_chest_fwstpx_2": [-2.0332720279693604, 9.77869987487793, 5.609180450439453], "cedar_chest_fwstpx_3": [-1.4147638082504272, 10.395991325378418, 4.167632579803467], "coffee_table_gcollb_0": [3.8418827056884766, 0.7693471312522888, 4.061282157897949], "floor_lamp_jqsuky_0": [4.417171001434326, 1.8452489376068115, 5.244719982147217], "sofa_xhxdqf_0": [4.657284259796143, 1.9045922756195068, 5.444020748138428], "straight_chair_enuago_0": [1.8885630369186401, 10.223871231079102, 0.45526766777038574], "straight_chair_enuago_1": [-3.880263090133667, 7.489953517913818, 0.8258180618286133], "straight_chair_hwpixe_0": [1.9096221923828125, 6.985488414764404, 4.594449043273926], "straight_chair_pmpwwi_0": [-2.294553518295288, 1.8758982419967651, 1.150338053703308], "straight_chair_pmpwwi_1": [-3.475228786468506, 1.395638346672058, 1.051330327987671], "straight_chair_pmpwwi_2": [-2.1490485668182373, 1.477900743484497, 4.725616455078125], "straight_chair_pmpwwi_3": [-3.3424675464630127, 1.0390619039535522, 0.5226414203643799], "table_lamp_xbfgjc_0": [4.626419544219971, 7.361003875732422, 1.5101685523986816], "table_lamp_xbfgjc_2": [2.2691986560821533, 2.3054239749908447, 1.3047457933425903], "table_lamp_xbfgjc_3": [3.7025790214538574, 2.795990467071533, 0.34180617332458496], "table_lamp_xbfgjc_4": [-4.158703327178955, 10.418806076049805, 3.3081116676330566], "table_lamp_xbfgjc_5": [-2.4386818408966064, 10.469625473022461, 5.087066173553467], "table_lamp_xbfgjc_6": [2.981843948364258, -1.0291390419006348, 3.431525230407715], "bathtub_fdjykf_0": [-0.05834361910820007, 10.453070640563965, 5.514216423034668], "bed_smmmaf_0": [-4.17326021194458, 10.847783088684082, 4.2478346824646], "bed_zrumze_0": [3.5907602310180664, 8.101147651672363, 3.642547130584717], "bed_zrumze_2": [3.327064275741577, 1.9141016006469727, 4.61930513381958], "bottom_cabinet_slgzfc_0": [-1.6417468786239624, 6.334619045257568, 3.9857401847839355], "bottom_cabinet_slgzfc_1": [-3.5122578144073486, 6.204395771026611, 0.3500699996948242], "bottom_cabinet_no_top_bmsclc_0": [-4.979610919952393, 4.345760822296143, 5.792741775512695], "bottom_cabinet_no_top_qohxjq_0": [-4.223875045776367, 4.63974142074585, 4.982245445251465], "bottom_cabinet_no_top_qohxjq_1": [-3.886309862136841, 3.4435393810272217, 5.307125568389893], "bottom_cabinet_no_top_ufhpbn_0": [-4.856811046600342, 5.657393455505371, 0.22396230697631836], "countertop_tpuwys_0": null, "countertop_tpuwys_1": [-2.7188518047332764, 6.38529109954834, 2.460735559463501], "countertop_tpuwys_2": [-5.161437511444092, 4.1904401779174805, 2.6885931491851807], "countertop_tpuwys_3": [-5.295154094696045, 2.923920154571533, 0.9411354064941406], "countertop_tpuwys_4": [-5.044070243835449, 5.552811145782471, 2.232074022293091], "countertop_tpuwys_5": [-0.3361532688140869, 3.9531426429748535, 5.182229995727539], "countertop_tpuwys_6": [-2.2466166019439697, 3.98399019241333, 4.5273847579956055], "dishwasher_dngvvi_0": [-4.838983535766602, 6.070123672485352, 0.14201831817626953], "electric_switch_wseglt_0": [4.030755996704102, 6.330451488494873, 2.6388723850250244], "electric_switch_wseglt_1": [0.24066655337810516, 3.9900028705596924, 5.194526672363281], "electric_switch_wseglt_10": [2.1773488521575928, 7.485090732574463, 6.028982639312744], "electric_switch_wseglt_11": [-1.2240915298461914, 8.158482551574707, 0.40082597732543945], "electric_switch_wseglt_12": [1.0833029747009277, 7.879081726074219, 1.753680944442749], "electric_switch_wseglt_13": [-0.8064472675323486, 4.665466785430908, 4.623321056365967], "electric_switch_wseglt_14": [-0.3466487228870392, 7.888259410858154, 0.6120011806488037], "electric_switch_wseglt_2": [0.40493425726890564, 4.75252628326416, 4.649049282073975], "electric_switch_wseglt_3": [0.8255214095115662, 6.847541332244873, 0.7284209728240967], "electric_switch_wseglt_4": [0.24166585505008698, 2.701727867126465, 4.548493385314941], "electric_switch_wseglt_5": [-1.268575668334961, 0.2792505621910095, 5.701761245727539], "electric_switch_wseglt_6": [-3.5941503047943115, 2.9887890815734863, 1.304409146308899], "electric_switch_wseglt_7": [-0.8286129832267761, 5.217513084411621, 2.6116278171539307], "electric_switch_wseglt_8": [-3.3659894466400146, 7.249563694000244, 0.22652697563171387], "electric_switch_wseglt_9": [-1.5742170810699463, 7.308253288269043, 6.127821445465088], "fridge_xyejdx_0": [-2.6929397583007812, 5.518010139465332, 0.05684494972229004], "radiator_wntwxx_0": [1.955674171447754, 10.886772155761719, 5.642422199249268], "radiator_wntwxx_1": [-5.211660861968994, 8.719124794006348, 5.735105037689209], "radiator_wntwxx_2": [-0.9818909168243408, -1.1193257570266724, 6.051669120788574], "radiator_wntwxx_3": [5.584857940673828, -1.5862901210784912, 2.656820058822632], "mirror_pevdqu_0": [1.1255674362182617, 9.593451499938965, 5.748387336730957], "mirror_pevdqu_1": [4.822257041931152, 2.10211181640625, 1.4037328958511353], "oven_wuinhm_0": [-2.739114999771118, 6.311106204986572, 0.9328598976135254], "picture_cltbty_0": [2.943904161453247, 7.585007190704346, 5.176047325134277], "picture_fhkzlm_0": [4.055048942565918, 10.441322326660156, 0.6653914451599121], "picture_hhxttu_0": [-2.037128210067749, -0.04214361310005188, 0.6718952655792236], "picture_jpfyrq_0": [-5.230923175811768, 10.231067657470703, 5.118976593017578], "picture_lucjyq_0": [-5.270778179168701, 2.1723620891571045, 0.6700234413146973], "picture_qavxsz_0": [4.998284339904785, 6.164046764373779, 4.541800498962402], "picture_qtvjzk_0": [4.617292404174805, 2.6454267501831055, 3.6015267372131348], "picture_rciuob_0": [3.6521661281585693, 6.546602725982666, 3.663759231567383], "picture_tlwjpv_0": [-4.052345275878906, 7.261947154998779, 0.6530687808990479], "picture_wfdvzv_0": [2.5803327560424805, -1.1856944561004639, 5.717031002044678], "picture_ytxhyl_0": [5.157564163208008, 2.86899733543396, 2.3520889282226562], "picture_zsirgc_0": null, "shelf_njwsoa_0": [-1.1192467212677002, 4.258546829223633, 4.275979042053223], "shower_stall_invgma_0": [0.2719649374485016, 9.197855949401855, 5.716301441192627], "sink_czyfhq_0": [-4.766077041625977, 5.49987268447876, 1.5458426475524902], "sink_ksecxq_0": [1.1147693395614624, 8.705217361450195, 1.748110055923462], "toilet_sjjweo_0": [0.5080203413963318, 11.544672012329102, 4.546322345733643], "top_cabinet_dmwxyl_0": null, "top_cabinet_dmwxyl_1": [-5.847259044647217, 3.9751908779144287, 5.599848747253418], "top_cabinet_dmwxyl_2": [-5.227726459503174, 6.525567531585693, 0.39348363876342773],