{
    "nextto": {
        "reception_desk_kjmhgc_1": [
            [
                -4.109966878890991,
                6.465789670944213,
                0
            ]
        ],
        "kale_kjyfdx_1": [
            [
                -3.7189669895172117,
                7.013189516067505,
                0
            ]
        ],
        "shelf_njwsoa_0": [
            [
                -2.2331674098968506,
                4.197990312576294,
                0
            ]
        ],
        "mug_fapsrj_1": [
            [
                -2.2331674098968506,
                4.197990312576294,
                0
            ]
        ],
        "electric_cauldron_qmdgct_1": [
            [
                -4.500966768264771,
                6.465789670944213,
                0
            ]
        ],
        "pedestal_table_oqclwq_1": [
            [
                -4.867317571640014,
                0.43844066619873046,
                0
            ]
        ]
    },
    "ontop": {
        "mug_fapsrj_1": {
            "pedestal_table_oqclwq_1": [
                [
                    -4.460937976837158,
                    1.2789853811264038,
                    0.506341814994812
                ],
                [
                    1.3019016478210688e-06,
                    -2.598485934868222e-06,
                    -0.013303269632160664,
                    0.9999114871025085
                ]
            ]
        }
    },
    "inside": {}
}