{
    "nextto": {
        "shelf_njwsoa_2": [
            [
                1.6565945988893502,
                5.692028565406799,
                0
            ]
        ],
        "carton_hhlmbi_1": [
            [
                1.6565945988893502,
                5.692028565406799,
                0
            ]
        ],
        "breakfast_table_uhrsex_0": [
            -4.656181812286377,
            3.2081146240234375,
            3.7766571044921875
        ],
        "ceiling_fan_xtmacj_1": [
            0.8809694051742554,
            0.11422158777713776,
            0.9312090873718262
        ]
    },
    "ontop": {
        "carton_hhlmbi_1": {
            "breakfast_table_uhrsex_0": [
                [
                    -4.1674113273620605,
                    2.7247250080108643,
                    1.0357484817504883
                ],
                [
                    0.005878721829503775,
                    -0.00028968759579584,
                    -0.0840190201997757,
                    0.9964467883110046
                ]
            ]
        }
    },
    "inside": {}
}