{
    "nextto": {
        "hutch_vsqsuy_1": [
            [
                -4.109966878890991,
                4.5107902240753175,
                0
            ]
        ],
        "dumpling_upqcop_1": [
            [
                -4.109966878890991,
                4.5107902240753175,
                0
            ]
        ],
        "reception_desk_kjmhgc_1": [
            [
                -4.735566701889039,
                6.778589582443237,
                0
            ]
        ],
        "casserole_ncbsee_1": [
            [
                -4.735566701889039,
                6.465789670944213,
                0
            ]
        ],
        "stove_kfhkqp_1": [
            [
                -4.109966878890991,
                5.136390047073363,
                0
            ]
        ],
        "cooler_pnkiag_1": [
            [
                -4.109966878890991,
                4.901790113449096,
                0
            ]
        ]
    },
    "ontop": {},
    "inside": {
        "casserole_ncbsee_1": {
            "cooler_pnkiag_1": [
                [
                    -4.271477222442627,
                    3.936464309692383,
                    1.0685133934020996
                ],
                [
                    -0.0005147125339135528,
                    0.011442845687270164,
                    -0.06379400193691254,
                    0.9978973269462585
                ]
            ]
        }
    }
}