{
    "nextto": {
        "reception_desk_kjmhgc_1": [
            [
                1.6697059106826782,
                -1.225161271095276,
                0
            ]
        ],
        "strawberry_ntxofi_1": [
            [
                1.6697059106826782,
                -1.225161271095276,
                0
            ]
        ],
        "cooler_pnkiag_1": [
            [
                1.814221920967102,
                -1.225161271095276,
                0
            ]
        ],
        "coffee_table_qlmqyy_0": [
            [
                -1.312087938785553,
                0.6287273359298708,
                0
            ]
        ],
        "petri_dish_vbiqcq_1": [
            [
                -1.312087938785553,
                0.6287273359298708,
                0
            ]
        ],
        "tupperware_mkstwr_1": [
            [
                -4.733105422854424,
                9.391328577995301,
                0
            ]
        ]
    },
    "ontop": {},
    "inside": {
        "strawberry_ntxofi_1": {
            "cooler_pnkiag_1": [
                [
                    4.301332473754883,
                    0.2732210159301758,
                    0.1572715938091278
                ],
                [
                    0.6916193962097168,
                    0.6626054048538208,
                    -0.1463921070098877,
                    -0.24735794961452484
                ]
            ]
        },
        "petri_dish_vbiqcq_1": {
            "tupperware_mkstwr_1": [
                [
                    -3.373596668243408,
                    10.31750202178955,
                    1.126266360282898
                ],
                [
                    0.010229355655610561,
                    -0.02074606344103813,
                    -0.008798645809292793,
                    0.999693751335144
                ]
            ]
        }
    }
}