{
    "nextto": {
        "carton_hhlmbi_1": [
            [
                1.6697059106826782,
                -1.225161271095276,
                0
            ]
        ],
        "durian_mttfyh_1": [
            [
                1.6697059106826782,
                -1.225161271095276,
                0
            ]
        ],
        "cooler_pnkiag_1": [
            [
                1.2081945973634718,
                6.140428566932678,
                0
            ]
        ]
    },
    "ontop": {},
    "inside": {
        "durian_mttfyh_1": {
            "cooler_pnkiag_1": [
                [
                    2.9419734477996826,
                    6.502910137176514,
                    0.14718593657016754
                ],
                [
                    -0.1331208348274231,
                    0.19000519812107086,
                    -0.02832620032131672,
                    0.9723038077354431
                ]
            ]
        }
    }
}