{
    "nextto": {
        "breakfast_table_uhrsex_0": [
            [
                -4.867317571640014,
                1.2340405654907227,
                0
            ]
        ],
        "virginia_ham_jqfkdb_1": [
            [
                -4.867317571640014,
                1.2340405654907227,
                0
            ]
        ],
        "stove_kfhkqp_1": [
            [
                -3.4061670780181887,
                4.5107902240753175,
                0
            ]
        ],
        "rice_cooker_qatgeb_1": [
            [
                -4.109966878890991,
                4.5107902240753175,
                0
            ]
        ]
    },
    "ontop": {},
    "inside": {}
}