{
    "nextto": {
        "reception_desk_kjmhgc_1": [
            [
                -4.735566701889039,
                6.465789670944213,
                0
            ]
        ],
        "potato_ljfitc_1": [
            [
                -4.579166746139527,
                6.465789670944213,
                0
            ]
        ],
        "microwave_abzvij_1": [
            [
                -4.109966878890991,
                4.5107902240753175,
                0
            ]
        ],
        "breakfast_table_uhrsex_0": [
            -3.539052963256836,
            1.2307302951812744,
            5.371456146240234
        ]
    },
    "ontop": {
        "potato_ljfitc_1": {
            "breakfast_table_uhrsex_0": [
                [
                    -3.2932233810424805,
                    2.0166921615600586,
                    0.809600830078125
                ],
                [
                    0.09231600910425186,
                    -0.3579511046409607,
                    -0.0055840834975242615,
                    0.9291489124298096
                ]
            ]
        }
    },
    "inside": {}
}