{
    "nextto": {
        "coffee_table_qlmqyy_0": [
            [
                -1.312087938785553,
                0.8078273153305056,
                0
            ]
        ],
        "desk_phone_kpxrpb_1": [
            [
                -1.312087938785553,
                0.8078273153305056,
                0
            ]
        ],
        "projector_spedyw_1": [
            [
                -1.312087938785553,
                1.7033272123336796,
                0
            ]
        ],
        "desk_cnewsu_1": [
            [
                -2.455394265651703,
                5.179709019660949,
                0
            ]
        ]
    },
    "ontop": {
        "desk_phone_kpxrpb_1": {
            "desk_cnewsu_1": [
                [
                    -1.8276042938232422,
                    6.855894088745117,
                    0.7576486468315125
                ],
                [
                    -0.0004181051626801491,
                    -0.0003446130140218884,
                    -0.2818189859390259,
                    0.959467351436615
                ]
            ]
        }
    },
    "inside": {}
}