{
    "nextto": {
        "breakfast_table_uhrsex_0": [
            [
                -4.811787528991699,
                1.2706284427642824,
                0
            ]
        ],
        "salad_nffvob_1": [
            [
                -4.811787528991699,
                1.619128408432007,
                0
            ]
        ],
        "microwave_abzvij_1": [
            [
                -3.069287700653076,
                4.267728147506714,
                0
            ]
        ],
        "coffee_table_qlmqyy_0": [
            -2.1190526485443115,
            0.6362059116363525,
            5.257345199584961
        ]
    },
    "ontop": {
        "salad_nffvob_1": {
            "coffee_table_qlmqyy_0": [
                [
                    -1.2729477882385254,
                    0.259480744600296,
                    0.42278292775154114
                ],
                [
                    -0.005283893086016178,
                    -0.00460898969322443,
                    -0.03830001875758171,
                    0.9992417097091675
                ]
            ]
        }
    },
    "inside": {}
}