{
    "nextto": {
        "shelf_iwziew_1": [
            [
                0.5077948522567749,
                5.342340703010559,
                0
            ]
        ],
        "carton_hhlmbi_1": [
            [
                0.5077948522567749,
                5.342340703010559,
                0
            ]
        ],
        "breakfast_table_uhrsex_0": [
            -0.7746995687484741,
            1.9286695718765259,
            4.401706695556641
        ],
        "dishwasher_dngvvi_0": [
            -5.2645039558410645,
            5.52480411529541,
            2.114863634109497
        ]
    },
    "ontop": {
        "carton_hhlmbi_1": {
            "breakfast_table_uhrsex_0": [
                [
                    -3.4897890090942383,
                    2.1421892642974854,
                    0.8218132257461548
                ],
                [
                    -2.9897775675635785e-05,
                    -1.8611783161759377e-05,
                    -0.13288703560829163,
                    0.9911313056945801
                ]
            ]
        }
    },
    "inside": {}
}