{
    "nextto": {
        "reception_desk_kjmhgc_1": [
            [
                -3.9535669231414796,
                6.387589693069457,
                0
            ]
        ],
        "lime_iwjcjp_1": [
            [
                -2.780567255020142,
                6.700389604568481,
                0
            ]
        ],
        "burner_lfyqat_1": [
            [
                -4.109966878890991,
                4.588990201950073,
                0
            ]
        ],
        "tupperware_mkstwr_1": [
            [
                -3.4750177478790283,
                3.024140338897705,
                0
            ]
        ]
    },
    "ontop": {},
    "inside": {
        "lime_iwjcjp_1": {
            "tupperware_mkstwr_1": [
                [
                    -2.0887675285339355,
                    2.1640126705169678,
                    0.8229085206985474
                ],
                [
                    -0.1279788464307785,
                    -0.15455299615859985,
                    -0.030599325895309448,
                    0.9791826009750366
                ]
            ]
        }
    }
}