{
    "nextto": {
        "clothes_dryer_smcyys_1": [
            [
                1.814221920967102,
                3.9774150991439816,
                0
            ]
        ],
        "bread_slice_yedlgq_1": [
            [
                1.814221920967102,
                3.9774150991439816,
                0
            ]
        ],
        "cooler_pnkiag_1": [
            [
                -4.389185943603516,
                6.702989120483399,
                0
            ]
        ]
    },
    "ontop": {},
    "inside": {
        "bread_slice_yedlgq_1": {
            "cooler_pnkiag_1": [
                [
                    -3.669178009033203,
                    5.906094074249268,
                    0.10981831699609756
                ],
                [
                    -0.029411543160676956,
                    0.029201602563261986,
                    -0.04894695803523064,
                    0.9979411363601685
                ]
            ]
        }
    }
}