{
    "nextto": {
        "reception_desk_kjmhgc_1": [
            [
                -4.109966878890991,
                5.214590024948119,
                0
            ]
        ],
        "bok_choy_jpkewd_1": [
            [
                -4.188166856765748,
                6.15298975944519,
                0
            ]
        ],
        "oven_wuinhm_0": [
            -3.285667657852173,
            5.601118564605713,
            1.6919276714324951
        ],
        "breakfast_table_uhrsex_0": [
            -0.8492224216461182,
            1.4225490093231201,
            1.7812131643295288
        ]
    },
    "ontop": {
        "bok_choy_jpkewd_1": {
            "breakfast_table_uhrsex_0": [
                [
                    -2.5139944553375244,
                    1.804461121559143,
                    0.8571574091911316
                ],
                [
                    -0.16662007570266724,
                    -0.3106180429458618,
                    -0.04088032245635986,
                    0.9349240660667419
                ]
            ]
        }
    },
    "inside": {}
}