{"bench_nokayw_1": [2.9703500032424923, -0.9361292505264283, 0], "allen_wrench_neqlcn_1": [3.7651880598068233, -0.0690331888198853, 0], "screwdriver_uajlga_1": [3.6929300546646115, -0.0690331888198853, 0], "shelf_njwsoa_2": [3.016960859298706, 5.935802459716797, 4.325416088104248], "armchair_tcxiue_0": [-0.5521116256713867, 2.056457996368408, 0.956871509552002], "armchair_tcxiue_1": [-0.6241081953048706, -0.4059186577796936, 1.8927229642868042], "armchair_tcxiue_2": [0.534996509552002, 2.2263238430023193, 4.047734260559082], "bottom_cabinet_jrhgeu_0": [3.045620918273926, 4.83910608291626, 2.673381805419922], "breakfast_table_skczfi_0": null, "breakfast_table_uhrsex_0": [-4.029882431030273, 1.7144066095352173, 0.8432438373565674], "coffee_table_fqluyq_0": [-0.999201774597168, 3.5583019256591797, 2.823611259460449], "coffee_table_qlmqyy_0": [-1.4939051866531372, 0.4036479592323303, 3.728322744369507], "pillow_pjqqmb_0": [0.7374014854431152, -0.41654568910598755, 5.8281331062316895], "pillow_pjqqmb_1": [-0.8496900796890259, -0.9191060066223145, 0.08094143867492676], "pot_plant_udqjui_0": [-4.996272087097168, 3.8136372566223145, 1.0253417491912842], "pot_plant_udqjui_1": [-2.3112664222717285, 0.6959153413772583, 1.0938174724578857], "shelf_njwsoa_0": [0.9816937446594238, 0.029702425003051758, 4.979109764099121], "shelf_njwsoa_1": [4.338994979858398, 4.367703437805176, 1.9506416320800781], "straight_chair_eospnr_0": [-3.772620677947998, 3.9908668994903564, 5.343273639678955], "straight_chair_eospnr_1": [-3.38041090965271, 1.3790521621704102, 1.6342768669128418], "straight_chair_eospnr_2": [-2.815864324569702, 2.7781741619110107, 3.7252888679504395], "countertop_tpuwys_0": [-2.9930851459503174, 7.347238540649414, 5.019014835357666], "countertop_tpuwys_1": [-4.170164585113525, 5.060627460479736, 4.638018608093262], "countertop_tpuwys_2": [-3.05654239654541, 5.500038146972656, 1.8181960582733154], "countertop_tpuwys_3": [-5.508847236633301, 4.475939750671387, 1.5772771835327148], "countertop_tpuwys_4": [-2.6907029151916504, 5.144679069519043, 6.109897613525391], "clothes_dryer_xsuyua_0": [4.2650885581970215, 7.4752888679504395, 4.322224140167236], "electric_switch_wseglt_0": [2.5779712200164795, 4.898568630218506, 0.7771646976470947], "electric_switch_wseglt_1": [3.19842529296875, 10.247647285461426, 5.90280818939209], "electric_switch_wseglt_2": [-1.3546736240386963, 5.040668487548828, 5.453607559204102], "electric_switch_wseglt_3": [-4.578852653503418, 7.267256736755371, 0.22191500663757324], "electric_switch_wseglt_4": [1.7456873655319214, 6.008514881134033, 4.792795658111572], "electric_switch_wseglt_5": [-1.1735621690750122, 6.6594624519348145, 0.8548905849456787], "electric_switch_wseglt_6": [-1.0430066585540771, 4.730480194091797, 1.8853721618652344], "electric_switch_wseglt_7": [-0.8648725152015686, 7.331772327423096, 0.8428187370300293], "electric_switch_wseglt_8": [-3.950751543045044, 7.031705856323242, 2.1942176818847656], "electric_switch_wseglt_9": [-2.0976526737213135, 0.42778918147087097, 0.07347559928894043], "mirror_pevdqu_0": [4.919941425323486, 10.763927459716797, 4.165070533752441], "picture_gwricv_0": [-0.347758024930954, 4.592347621917725, 1.7912421226501465], "picture_szpupz_0": [-4.023214817047119, 4.243102550506592, 0.904038667678833], "picture_weqggl_0": [0.8884690403938293, 4.863158226013184, 5.686400413513184], "picture_yrgaal_0": [1.2859078645706177, -0.030999720096588135, 1.7631222009658813], "shelf_owvfik_0": [4.494970798492432, 7.921464443206787, 0.9257843494415283], "shelf_vgzdul_0": [-5.824538707733154, 5.937347412109375, 5.817850589752197], "shower_stall_invgma_0": [2.907853603363037, 8.421406745910645, 5.692917823791504], "sink_ksecxq_0": [3.8359768390655518, 7.7058186531066895, 1.5748496055603027], "sink_ksecxq_1": [4.780816078186035, 9.509398460388184, 1.9990178346633911], "toilet_wusctd_0": [4.967501163482666, 10.800408363342285, 4.239656448364258], "washer_omeuop_0": [4.894683361053467, 6.914133071899414, 0.9266281127929688], "Light_test": null, "robot0": null}