{"hammer_fcrlbo_1": [4.0542200803756705, 0.581288857460022, 0], "eames_chair_mmqvnh_1": [-0.05838808298110963, 0.8078273153305056, 0], "newspaper_omsont_1": [0.0013119101524354908, 1.2257272672653199, 0], "periodic_table_mhwwtu_1": [-2.865906372070312, 6.804541091918946, 0], "armchair_tcxiue_0": [0.6598975658416748, 1.133902907371521, 1.466081976890564], "armchair_tcxiue_1": [-1.2476272583007812, -1.63128662109375, 4.065418243408203], "armchair_tcxiue_2": [-0.3131048083305359, 1.1394330263137817, 2.12760853767395], "bottom_cabinet_jrhgeu_0": [4.548678874969482, 4.818114280700684, 2.4936606884002686], "breakfast_table_skczfi_0": [-4.85102653503418, 11.495542526245117, 5.644459247589111], "breakfast_table_uhrsex_0": [-3.5969104766845703, 2.4633069038391113, 0.2589716911315918], "coffee_table_fqluyq_0": [-0.7242113351821899, 2.6461758613586426, 0.6096158027648926], "coffee_table_qlmqyy_0": [-1.4090538024902344, -0.6005556583404541, 0.40889835357666016], "pillow_pjqqmb_0": [0.3643859326839447, 0.5760596990585327, 5.129358768463135], "pillow_pjqqmb_1": [0.3679248094558716, -1.170374870300293, 4.397447109222412], "pot_plant_udqjui_0": [-5.521841526031494, 4.532416343688965, 0.6924467086791992], "pot_plant_udqjui_1": [-2.3191847801208496, 0.30953657627105713, 6.24776554107666], "shelf_njwsoa_0": [0.797238826751709, -1.822998046875, 0.38442182540893555], "shelf_njwsoa_1": [3.50396990776062, 5.203719139099121, 6.194865703582764], "straight_chair_eospnr_0": [-4.471039295196533, 2.9774086475372314, 1.1656744480133057], "straight_chair_eospnr_1": [-3.6878223419189453, 1.8604423999786377, 0.795689582824707], "straight_chair_eospnr_2": [-3.2872121334075928, 3.4926116466522217, 4.2796783447265625], "countertop_tpuwys_0": [-3.243483543395996, 6.146822452545166, 1.2281399965286255], "countertop_tpuwys_1": [-3.1829912662506104, 4.546469688415527, 1.8123118877410889], "countertop_tpuwys_2": [-2.8302717208862305, 5.897380828857422, 1.2146997451782227], "countertop_tpuwys_3": [-1.9258403778076172, 4.481783390045166, 1.705801248550415], "countertop_tpuwys_4": [-5.280490875244141, 4.765675067901611, 2.133470058441162], "clothes_dryer_xsuyua_0": [4.366612434387207, 7.178459644317627, 2.616506814956665], "electric_switch_wseglt_0": [2.2649660110473633, 5.328220367431641, 6.167276382446289], "electric_switch_wseglt_1": [3.2232589721679688, 10.316390991210938, 5.890837669372559], "electric_switch_wseglt_2": [-1.0637049674987793, 4.84326171875, 5.835537433624268], "electric_switch_wseglt_3": [-4.4097900390625, 7.709201812744141, 5.027359962463379], "electric_switch_wseglt_4": [1.7279859781265259, 5.5739970207214355, 4.253452301025391], "electric_switch_wseglt_5": [-0.7075632810592651, 7.48675012588501, 4.69115686416626], "electric_switch_wseglt_6": [-1.3362319469451904, 4.627466201782227, 0.7893061637878418], "electric_switch_wseglt_7": [-0.8683821558952332, 7.8183794021606445, 4.947475433349609], "electric_switch_wseglt_8": [-4.600036144256592, 7.982593536376953, 5.333726406097412], "electric_switch_wseglt_9": [-1.7229840755462646, 0.6200686693191528, 5.354353904724121], "mirror_pevdqu_0": [4.261886119842529, 10.386903762817383, 0.22739100456237793], "picture_gwricv_0": [-0.3943067193031311, 4.273987770080566, 1.1642656326293945], "picture_szpupz_0": [-3.4764997959136963, 4.846573829650879, 3.812518835067749], "picture_weqggl_0": null, "picture_yrgaal_0": [1.3484543561935425, 1.052926778793335, 3.9920847415924072], "shelf_njwsoa_2": [2.941089153289795, 5.2386860847473145, 0.03645491600036621], "shelf_owvfik_0": [3.988218069076538, 8.371024131774902, 1.1553219556808472], "shelf_vgzdul_0": [-4.201061725616455, 5.724228382110596, 2.439504861831665], "shower_stall_invgma_0": null, "sink_ksecxq_0": [3.640526533126831, 7.848635196685791, 6.0575151443481445], "sink_ksecxq_1": [4.497176647186279, 11.292417526245117, 5.4999284744262695], "toilet_wusctd_0": [4.282090663909912, 9.763290405273438, 5.6408867835998535], "washer_omeuop_0": [5.3279008865356445, 7.267181873321533, 2.767552614212036], "Light_test": null, "robot0": null}