{"eames_chair_mmqvnh_1": [-3.6739177227020265, 0.43844066619873046, 0], "magazine_ymfwaz_1": [-3.408717756271362, 0.5047406578063965, 0], "sandal_chgcrm_1": [-0.6132053077220917, 6.576840856075287, 0], "sandal_chgcrm_2": [-0.3957053124904632, 6.576840856075287, 0], "bed_zrumze_0": [4.106080055236816, 10.783492088317871, 0.16901755332946777], "armchair_bslhmj_0": null, "armchair_bslhmj_1": [3.286794900894165, -1.735998272895813, 5.223455429077148], "armchair_tcxiue_0": [0.5113508701324463, 2.8669211864471436, 0.5356402397155762], "bottom_cabinet_bamfsz_0": [4.056980133056641, 7.972760200500488, 1.1171534061431885], "bottom_cabinet_bamfsz_1": [4.695811748504639, 10.415908813476562, 4.796416282653809], "bottom_cabinet_jrhgeu_0": [1.6420035362243652, 2.944793462753296, 3.7383217811584473], "bottom_cabinet_jrhgeu_1": [3.8973326683044434, 3.37013840675354, 5.999091625213623], "bottom_cabinet_jrhgeu_2": [2.3794665336608887, -1.09416925907135, 2.167804718017578], "breakfast_table_skczfi_0": [-2.621760368347168, 10.096780776977539, 0.3373539447784424], "breakfast_table_skczfi_1": [-4.870664596557617, 10.087213516235352, 0.43911051750183105], "breakfast_table_uhrsex_0": [-1.149320125579834, 1.3466272354125977, 0.5065019130706787], "cedar_chest_fwstpx_0": [2.104335069656372, 9.220935821533203, 2.977987051010132], "cedar_chest_fwstpx_1": [2.037142515182495, 5.186853408813477, 0.35234904289245605], "cedar_chest_fwstpx_2": [-2.100290060043335, 10.03725814819336, 5.658236503601074], "cedar_chest_fwstpx_3": [-2.1009926795959473, 11.001311302185059, 0.008443593978881836], "coffee_table_gcollb_0": [1.7392879724502563, 0.6933324933052063, 0.7050826549530029], "floor_lamp_jqsuky_0": [4.2651824951171875, 1.6395959854125977, 0.0423276424407959], "sofa_xhxdqf_0": [2.157545804977417, 3.19386625289917, 4.964003562927246], "straight_chair_enuago_0": [1.9747308492660522, 9.815617561340332, 0.9304468631744385], "straight_chair_enuago_1": [-4.050020217895508, 7.156397819519043, 3.2536227703094482], "straight_chair_hwpixe_0": [2.146296262741089, 7.10554838180542, 4.188380718231201], "straight_chair_pmpwwi_0": [-2.9909586906433105, 1.5952203273773193, 0.600609302520752], "straight_chair_pmpwwi_1": [-3.046861171722412, 2.8764445781707764, 5.246937274932861], "straight_chair_pmpwwi_2": [-2.476468086242676, 1.8673994541168213, 4.992708206176758], "straight_chair_pmpwwi_3": [-3.2886087894439697, 1.7859612703323364, 3.6339218616485596], "table_lamp_xbfgjc_0": [4.355684757232666, 8.986103057861328, 5.028787612915039], "table_lamp_xbfgjc_1": [4.644150257110596, 10.964934349060059, 4.094799041748047], "table_lamp_xbfgjc_2": [1.9337193965911865, 2.835299253463745, 0.2534046173095703], "table_lamp_xbfgjc_3": [4.132400989532471, 2.154785633087158, 1.0793535709381104], "table_lamp_xbfgjc_4": [-4.568370342254639, 10.122132301330566, 1.1902556419372559], "table_lamp_xbfgjc_5": [-3.287675380706787, 10.421191215515137, 0.3177778720855713], "table_lamp_xbfgjc_6": [1.666605830192566, -1.0538445711135864, 6.1096038818359375], "bathtub_fdjykf_0": [-0.650018036365509, 8.909854888916016, 4.9760518074035645], "bed_smmmaf_0": [-3.5720980167388916, 11.53889274597168, 2.089876174926758], "bed_zrumze_2": [3.2212491035461426, 1.3095697164535522, 1.967453956604004], "bottom_cabinet_slgzfc_0": [-2.0269036293029785, 5.377241134643555, 4.378911018371582], "bottom_cabinet_slgzfc_1": [-3.0887451171875, 5.6639323234558105, 4.664992809295654], "bottom_cabinet_no_top_bmsclc_0": [-4.600210189819336, 4.202717304229736, 3.745553970336914], "bottom_cabinet_no_top_qohxjq_0": [-4.794088363647461, 4.129201412200928, 5.256305694580078], "bottom_cabinet_no_top_qohxjq_1": [-3.288853645324707, 4.2580060958862305, 4.817412376403809], "bottom_cabinet_no_top_ufhpbn_0": [-4.438084125518799, 6.114805221557617, 6.030984401702881], "countertop_tpuwys_0": null, "countertop_tpuwys_1": [-4.039423942565918, 6.189696311950684, 6.011492729187012], "countertop_tpuwys_2": [-5.264786720275879, 4.316925048828125, 0.29320454597473145], "countertop_tpuwys_3": [-4.787423610687256, 5.047702789306641, 4.769887447357178], "countertop_tpuwys_4": [-4.455042362213135, 4.70206356048584, 2.7832865715026855], "countertop_tpuwys_5": [-1.8761261701583862, 3.2475051879882812, 5.400230407714844], "countertop_tpuwys_6": [-3.0307066440582275, 3.593803882598877, 0.6226778030395508], "dishwasher_dngvvi_0": [-5.859193325042725, 5.487779140472412, 6.076014995574951], "electric_switch_wseglt_0": [3.344560384750366, 7.016262054443359, 5.492398262023926], "electric_switch_wseglt_1": [0.2039090096950531, 3.9830994606018066, 5.566932678222656], "electric_switch_wseglt_10": [2.273240327835083, 7.087500095367432, 1.101292371749878], "electric_switch_wseglt_11": [-0.6807237863540649, 8.349441528320312, 3.169435501098633], "electric_switch_wseglt_12": [1.0226707458496094, 8.79237174987793, 4.905927658081055], "electric_switch_wseglt_13": [-0.543329656124115, 4.126668453216553, 2.347745656967163], "electric_switch_wseglt_14": [-0.15542377531528473, 8.693906784057617, 5.406789779663086], "electric_switch_wseglt_2": [0.5503320097923279, 3.8281054496765137, 1.9309080839157104], "electric_switch_wseglt_3": [0.9700508117675781, 7.445735454559326, 5.286498069763184], "electric_switch_wseglt_4": [-0.13022230565547943, 2.397270917892456, 0.5650906562805176], "electric_switch_wseglt_5": [-0.7636200189590454, 0.7290633320808411, 4.1213603019714355], "electric_switch_wseglt_6": [-3.2708027362823486, 3.803176164627075, 3.8457345962524414], "electric_switch_wseglt_7": [-0.6775631904602051, 5.161031246185303, 2.681325912475586], "electric_switch_wseglt_8": [-3.134561061859131, 7.912052154541016, 4.708638668060303], "electric_switch_wseglt_9": [-1.5614173412322998, 6.815954685211182, 0.6856710910797119], "fridge_xyejdx_0": [-1.1278951168060303, 5.17535924911499, 4.398067474365234], "radiator_wntwxx_0": [1.4764653444290161, 10.930620193481445, 4.047152042388916], "radiator_wntwxx_1": [-4.729084491729736, 9.310195922851562, 4.0826616287231445], "radiator_wntwxx_2": [1.6568681001663208, -1.4791858196258545, 2.8422536849975586], "radiator_wntwxx_3": [2.7151873111724854, -1.4261311292648315, 0.6367661952972412], "mirror_pevdqu_0": [0.6257824301719666, 9.885383605957031, 0.022372722625732422], "mirror_pevdqu_1": null, "oven_wuinhm_0": [-2.467424154281616, 7.110913276672363, 4.998443603515625], "picture_cltbty_0": [4.594437122344971, 7.679473876953125, 5.104275703430176], "picture_fhkzlm_0": [4.195169925689697, 11.282561302185059, 5.439693450927734], "picture_hhxttu_0": [-1.9915401935577393, 0.01741977035999298, 0.48127293586730957], "picture_jpfyrq_0": [-5.226593017578125, 11.075188636779785, 5.151484966278076], "picture_lucjyq_0": [-5.069533348083496, 2.0994861125946045, 1.7648265361785889], "picture_qavxsz_0": [4.8537516593933105, 6.183273792266846, 5.07264518737793], "picture_qtvjzk_0": [2.247015953063965, 2.3365137577056885, 0.7623655796051025], "picture_rciuob_0": [3.3330583572387695, 6.728665828704834, 5.051639080047607], "picture_tlwjpv_0": [-3.267791986465454, 7.677856922149658, 4.9028496742248535], "picture_wfdvzv_0": [2.9770612716674805, -1.5895737409591675, 0.12575531005859375], "picture_ytxhyl_0": [5.088345527648926, 2.832488536834717, 3.9247591495513916], "picture_zsirgc_0": [0.9419012069702148, 10.985461235046387, 5.0859055519104], "shelf_njwsoa_0": [-1.4440972805023193, 3.454960346221924, 1.2168089151382446], "shower_stall_invgma_0": [0.3353971242904663, 8.644439697265625, 5.694202423095703], "sink_czyfhq_0": [-5.226601600646973, 3.898110866546631, 0.06057310104370117], "sink_ksecxq_0": [0.7569535970687866, 8.830780982971191, 1.4643173217773438], "toilet_sjjweo_0": [0.9121279120445251, 10.21010684967041, 2.2725601196289062], "top_cabinet_dmwxyl_0": null, "top_cabinet_dmwxyl_1": [-3.9640350341796875, 3.234973192214966, 0.8845326900482178], "top_cabinet_dmwxyl_2": [-5.274908065795898, 5.563538074493408, 6.117380142211914], "top_cabinet_eobsmt_0": null, "top_cabinet_jvdbxh_0": null,