{
    "nextto": {
        "backpack_gvbiwl_1": [
            [
                -2.7643544006347653,
                6.804541091918946,
                0
            ]
        ],
        "car_xxsgpq_1": [
            [
                1.6697059106826782,
                -1.225161271095276,
                0
            ]
        ]
    },
    "ontop": {},
    "inside": {
        "backpack_gvbiwl_1": {
            "car_xxsgpq_1": [
                [
                    2.9595465660095215,
                    4.522027015686035,
                    0.7221694588661194
                ],
                [
                    -0.5176157355308533,
                    -0.3468630015850067,
                    0.19626489281654358,
                    0.7571260333061218
                ]
            ]
        }
    }
}