{
    "nextto": {
        "reception_desk_kjmhgc_1": [
            [
                -4.031766901016236,
                4.5107902240753175,
                0
            ]
        ],
        "vidalia_onion_ldeuli_1": [
            [
                -2.8587672328948974,
                4.27619029045105,
                0
            ]
        ],
        "cooler_pnkiag_1": [
            -0.14734229445457458,
            0.35750067234039307,
            2.598616361618042
        ]
    },
    "ontop": {},
    "inside": {
        "vidalia_onion_ldeuli_1": {
            "cooler_pnkiag_1": [
                [
                    0.27933526039123535,
                    -0.08401403576135635,
                    0.13834546506404877
                ],
                [
                    -0.0003833681112155318,
                    -0.2750891447067261,
                    0.002243347465991974,
                    0.9614160656929016
                ]
            ]
        }
    }
}