{
    "nextto": {
        "router_tokdic_1": [
            [
                -1.312087938785553,
                0.6884273290634157,
                0
            ]
        ],
        "cabinet_base_dcmhhh_1": [
            [
                -4.389185943603516,
                5.53514144897461,
                0
            ]
        ],
        "tupperware_mkstwr_1": [
            [
                -4.389185943603516,
                5.53514144897461,
                0
            ]
        ],
        "stand_dbskvf_1": [
            1.122596263885498,
            -1.066537857055664,
            1.6177932024002075
        ],
        "breakfast_table_uhrsex_0": [
            -3.628763198852539,
            1.9940646886825562,
            4.8938469886779785
        ]
    },
    "ontop": {
        "tupperware_mkstwr_1": {
            "breakfast_table_uhrsex_0": [
                [
                    -4.11895227432251,
                    2.6571438312530518,
                    1.0642297267913818
                ],
                [
                    -0.00017137924442067742,
                    -0.0005378697533160448,
                    -0.0917673110961914,
                    0.995780348777771
                ]
            ]
        }
    },
    "inside": {}
}