{
    "nextto": {
        "console_table_tzkfqa_1": [
            [
                3.5860458612442017,
                -0.678609162569046,
                0
            ]
        ],
        "desk_phone_kpxrpb_1": [
            [
                3.5860458612442017,
                -0.678609162569046,
                0
            ]
        ],
        "desk_cnewsu_1": [
            [
                -2.4244689369201664,
                9.3230899810791,
                0
            ]
        ]
    },
    "ontop": {
        "desk_phone_kpxrpb_1": {
            "desk_cnewsu_1": [
                [
                    -1.4641594886779785,
                    9.053827285766602,
                    0.7575445771217346
                ],
                [
                    -0.00234667444601655,
                    -0.0024279148783534765,
                    -0.12221436947584152,
                    0.992497980594635
                ]
            ]
        }
    },
    "inside": {}
}