{
    "nextto": {
        "coffee_table_gcollb_0": [
            [
                1.0862458944320679,
                0.5281908214092255,
                0
            ]
        ],
        "projector_spedyw_1": [
            [
                1.0862458944320679,
                0.5281908214092255,
                0
            ]
        ],
        "desk_cnewsu_1": [
            [
                -2.4244689369201664,
                9.3230899810791,
                0
            ]
        ]
    },
    "ontop": {
        "projector_spedyw_1": {
            "desk_cnewsu_1": [
                [
                    -1.5208097696304321,
                    9.187657356262207,
                    0.7750057578086853
                ],
                [
                    0.0014696508878841996,
                    -0.0005890977918170393,
                    -0.444214403629303,
                    0.8959190249443054
                ]
            ]
        }
    },
    "inside": {}
}