{
    "nextto": {
        "breakfast_table_uhrsex_0": [
            [
                -4.811787528991699,
                1.8979283809661867,
                0
            ]
        ],
        "zucchini_udvfaz_1": [
            [
                -4.811787528991699,
                1.8979283809661867,
                0
            ]
        ],
        "stove_kfhkqp_1": [
            [
                -1.312087938785553,
                1.5839272260665893,
                0
            ]
        ],
        "shredder_wkconu_1": [
            [
                2.0309959363937375,
                3.9774150991439816,
                0
            ]
        ]
    },
    "ontop": {},
    "inside": {}
}