{
    "nextto": {
        "reception_desk_kjmhgc_1": [
            [
                -3.9535669231414796,
                4.5107902240753175,
                0
            ]
        ],
        "chicken_leg_nhfiuh_1": [
            [
                -3.4061670780181887,
                4.5107902240753175,
                0
            ]
        ],
        "coffee_maker_fwlabx_1": [
            [
                -3.3279671001434328,
                5.058190069198608,
                0
            ]
        ],
        "cooler_pnkiag_1": [
            [
                -3.5625670337677002,
                6.309389715194702,
                0
            ]
        ]
    },
    "ontop": {},
    "inside": {
        "chicken_leg_nhfiuh_1": {
            "cooler_pnkiag_1": [
                [
                    -1.4569016695022583,
                    7.164401054382324,
                    0.25038573145866394
                ],
                [
                    -0.024726223200559616,
                    0.02886158600449562,
                    -0.018806464970111847,
                    0.9991005659103394
                ]
            ]
        }
    }
}