{
    "nextto": {
        "recycling_bin_duugbb_1": [
            [
                -1.795306079387665,
                5.839797205924988,
                0
            ]
        ],
        "pill_bottle_csvdbe_1": [
            [
                3.6180201482772825,
                10.389389834403993,
                0
            ]
        ],
        "space_heater_kxzqpr_1": [
            [
                -1.312087938785553,
                3.136127047538758,
                0
            ]
        ]
    },
    "ontop": {},
    "inside": {
        "pill_bottle_csvdbe_1": {
            "recycling_bin_duugbb_1": [
                [
                    -0.1547871232032776,
                    6.325436592102051,
                    0.1383833885192871
                ],
                [
                    -0.00474878866225481,
                    4.717754200100899e-05,
                    -0.0033393402118235826,
                    0.9999830722808838
                ]
            ]
        }
    }
}