{
    "nextto": {
        "reception_desk_kjmhgc_1": [
            [
                -4.389185943603516,
                6.906093063354493,
                0
            ]
        ],
        "ramen_ofnvor_1": [
            [
                -4.389185943603516,
                5.53514144897461,
                0
            ]
        ],
        "pressure_cooker_otyngn_1": [
            [
                -4.811787528991699,
                1.2706284427642824,
                0
            ]
        ]
    },
    "ontop": {},
    "inside": {
        "ramen_ofnvor_1": {
            "pressure_cooker_otyngn_1": [
                [
                    -4.062771797180176,
                    2.739973306655884,
                    1.0884183645248413
                ],
                [
                    0.0005723345093429089,
                    -0.0010595773346722126,
                    -0.013726995326578617,
                    0.9999050498008728
                ]
            ]
        }
    }
}