{
    "nextto": {
        "reception_desk_kjmhgc_1": [
            [
                -4.735566701889039,
                6.465789670944213,
                0
            ]
        ],
        "salad_nffvob_1": [
            [
                -4.735566701889039,
                6.465789670944213,
                0
            ]
        ],
        "hutch_vsqsuy_1": [
            [
                -3.5625670337677002,
                4.5107902240753175,
                0
            ]
        ],
        "bowl_cypjlv_1": [
            [
                -3.4061670780181887,
                4.5107902240753175,
                0
            ]
        ],
        "electric_cauldron_qmdgct_1": [
            [
                -4.109966878890991,
                4.5107902240753175,
                0
            ]
        ],
        "breakfast_table_uhrsex_0": [
            -4.680545806884766,
            2.0850741863250732,
            4.0464277267456055
        ]
    },
    "ontop": {
        "bowl_cypjlv_1": {
            "breakfast_table_uhrsex_0": [
                [
                    -3.0187323093414307,
                    2.1415951251983643,
                    0.8640792965888977
                ],
                [
                    -0.00014640484005212784,
                    -0.00014872546307742596,
                    -0.1065535619854927,
                    0.9943069815635681
                ]
            ]
        }
    },
    "inside": {
        "salad_nffvob_1": {
            "bowl_cypjlv_1": [
                [
                    -1.5729167461395264,
                    2.3337440490722656,
                    0.0736025720834732
                ],
                [
                    -0.07849568873643875,
                    0.06526486575603485,
                    0.16573360562324524,
                    0.9808726906776428
                ]
            ]
        }
    }
}