{
    "nextto": {
        "hutch_vsqsuy_1": [
            [
                1.6565945988893502,
                5.692028565406799,
                0
            ]
        ],
        "bread_slice_yedlgq_1": [
            [
                1.6565945988893502,
                5.916228566169738,
                0
            ]
        ],
        "cooler_pnkiag_1": [
            [
                1.814221920967102,
                3.3993510580062862,
                0
            ]
        ],
        "desk_phone_kpxrpb_1": [
            [
                -1.312087938785553,
                3.136127047538758,
                0
            ]
        ]
    },
    "ontop": {},
    "inside": {
        "bread_slice_yedlgq_1": {
            "cooler_pnkiag_1": [
                [
                    3.6063146591186523,
                    4.210317611694336,
                    0.10477421432733536
                ],
                [
                    -0.0010914234444499016,
                    0.03705046698451042,
                    -0.019211700186133385,
                    0.9991282224655151
                ]
            ]
        }
    }
}