{
    "nextto": {
        "shelf_njwsoa_2": [
            [
                1.6565945988893502,
                5.692028565406799,
                0
            ]
        ],
        "kettle_vjbldp_1": [
            [
                1.6565945988893502,
                5.692028565406799,
                0
            ]
        ],
        "cooler_pnkiag_1": [
            [
                1.3202945977449416,
                7.597728571891785,
                0
            ]
        ],
        "space_heater_kxzqpr_1": [
            [
                -1.6429780364036561,
                5.230485033988953,
                0
            ]
        ]
    },
    "ontop": {},
    "inside": {
        "kettle_vjbldp_1": {
            "cooler_pnkiag_1": [
                [
                    3.229060173034668,
                    7.984020709991455,
                    0.1411106437444687
                ],
                [
                    0.00019875355064868927,
                    0.0002870013122446835,
                    -0.049835335463285446,
                    0.9987573623657227
                ]
            ]
        }
    }
}