{
    "nextto": {
        "console_table_tzkfqa_1": [
            [
                -2.4244689369201664,
                9.0382901763916,
                0
            ]
        ],
        "desk_phone_kpxrpb_1": [
            [
                -2.4244689369201664,
                9.0382901763916,
                0
            ]
        ],
        "coffee_table_gcollb_0": [
            1.8336395025253296,
            0.3644866347312927,
            6.107395648956299
        ]
    },
    "ontop": {
        "desk_phone_kpxrpb_1": {
            "coffee_table_gcollb_0": [
                [
                    2.694066286087036,
                    0.631316065788269,
                    0.4966171979904175
                ],
                [
                    1.1229421943426132e-05,
                    6.456214032368734e-05,
                    -0.2384013682603836,
                    0.971166729927063
                ]
            ]
        }
    },
    "inside": {}
}