{
    "nextto": {
        "coffee_table_gcollb_0": [
            [
                1.000045895576477,
                0.5281908214092255,
                0
            ]
        ],
        "bowl_cypjlv_1": [
            [
                1.000045895576477,
                0.5281908214092255,
                0
            ]
        ],
        "cherry_lkltpa_1": [
            [
                1.000045895576477,
                0.5281908214092255,
                0
            ]
        ],
        "cooler_pnkiag_1": [
            [
                0.5487948560714722,
                6.53134081363678,
                0
            ]
        ]
    },
    "ontop": {},
    "inside": {
        "cherry_lkltpa_1": {
            "cooler_pnkiag_1": [
                [
                    0.63402259349823,
                    5.3437323570251465,
                    0.11319364607334137
                ],
                [
                    -0.1475379467010498,
                    0.059209391474723816,
                    0.005711529403924942,
                    0.9872660636901855
                ]
            ]
        }
    }
}