{"cabinet_base_dcmhhh_1": [-1.486017999649048, 0.6373406410217286, 0], "tea_bag_kmvcrb_1": [-1.451895833015442, 1.1107839345932007, 0.8209872245788574], "shelf_iwziew_1": [0.5487948560714722, 2.9373409700393673, 0], "candy_dispenser_shelf_hrehue_1": [-1.3704402446746826, -0.2723204493522644, 1.3000128269195557], "booth_xzrpar_1": [-3.0151671886444094, 3.8851904010772706, 0], "armchair_bslhmj_0": [2.315727710723877, -0.9778863787651062, 2.556450128555298], "armchair_bslhmj_1": [3.882660150527954, -0.9851131439208984, 2.107395648956299], "armchair_tcxiue_0": [1.3849848508834839, 1.197956919670105, 4.180915832519531], "bottom_cabinet_bamfsz_0": [4.761352062225342, 7.89921236038208, 0.9479103088378906], "bottom_cabinet_bamfsz_1": [4.29668664932251, 10.345807075500488, 1.7435965538024902], "bottom_cabinet_jrhgeu_0": [2.071160316467285, 2.44160532951355, 0.6543083190917969], "bottom_cabinet_jrhgeu_1": null, "bottom_cabinet_jrhgeu_2": [1.4531264305114746, -1.6028409004211426, 1.9241100549697876], "breakfast_table_skczfi_0": [-2.6437454223632812, 10.813652992248535, 4.487521171569824], "breakfast_table_skczfi_1": [-5.143321990966797, 10.270533561706543, 6.206676006317139], "breakfast_table_uhrsex_0": [-1.318257212638855, 1.622113585472107, 0.9212520122528076], "cedar_chest_fwstpx_0": [1.474763035774231, 8.683128356933594, 5.22135066986084], "cedar_chest_fwstpx_1": [4.086740016937256, 5.405954360961914, 5.239646911621094], "cedar_chest_fwstpx_2": [-1.7946619987487793, 9.32992172241211, 0.08664226531982422], "cedar_chest_fwstpx_3": null, "coffee_table_gcollb_0": [3.111307144165039, 0.8455249667167664, 6.193506240844727], "floor_lamp_jqsuky_0": [4.488870143890381, 2.7933661937713623, 5.907950401306152], "sofa_xhxdqf_0": [4.7814040184021, 2.7558388710021973, 4.8165411949157715], "straight_chair_enuago_0": [1.9984004497528076, 9.036027908325195, 1.6661065816879272], "straight_chair_enuago_1": [-3.8671059608459473, 7.463868618011475, 1.2232388257980347], "straight_chair_hwpixe_0": [0.3384537696838379, 6.367062568664551, 6.101274490356445], "straight_chair_pmpwwi_0": [-2.0206189155578613, 2.9938666820526123, 4.51746129989624], "straight_chair_pmpwwi_1": [-3.2214558124542236, 2.105991840362549, 3.731930732727051], "straight_chair_pmpwwi_2": [-3.3195247650146484, 1.3774739503860474, 0.5092551708221436], "straight_chair_pmpwwi_3": [-3.0592923164367676, 1.3921167850494385, 5.450347423553467], "table_lamp_xbfgjc_0": [3.7693676948547363, 8.279975891113281, 6.223123073577881], "table_lamp_xbfgjc_1": [4.255114555358887, 10.470763206481934, 6.146895408630371], "table_lamp_xbfgjc_2": [1.2892690896987915, 2.98235821723938, 5.818954944610596], "table_lamp_xbfgjc_3": [4.461223602294922, 2.1136109828948975, 1.4767086505889893], "table_lamp_xbfgjc_4": [-4.637331962585449, 10.65142822265625, 5.509450912475586], "table_lamp_xbfgjc_5": [-2.3282740116119385, 10.583975791931152, 4.771878242492676], "table_lamp_xbfgjc_6": [2.5044844150543213, -1.9999046325683594, 2.141064167022705], "bathtub_fdjykf_0": null, "bed_smmmaf_0": [-4.685686111450195, 10.901318550109863, 5.1836981773376465], "bed_zrumze_0": [1.2417597770690918, 9.262359619140625, 0.2772254943847656], "bed_zrumze_2": [3.0256946086883545, 6.535003185272217, 4.721527099609375], "bottom_cabinet_slgzfc_0": [-2.304858922958374, 6.312262535095215, 5.847574234008789], "bottom_cabinet_slgzfc_1": [-2.562704086303711, 6.391160488128662, 4.139767169952393], "bottom_cabinet_no_top_bmsclc_0": [-5.205002784729004, 3.656017780303955, 1.0062427520751953], "bottom_cabinet_no_top_qohxjq_0": [-4.931969165802002, 3.7350621223449707, 0.2844061851501465], "bottom_cabinet_no_top_qohxjq_1": [-3.6481354236602783, 4.248903274536133, 1.758621335029602], "bottom_cabinet_no_top_ufhpbn_0": [-4.521582126617432, 5.514203071594238, 0.8817453384399414], "countertop_tpuwys_0": null, "countertop_tpuwys_1": [-3.0102450847625732, 6.176609516143799, 1.7517244815826416], "countertop_tpuwys_2": [-4.568437576293945, 3.8328561782836914, 0.9748587608337402], "countertop_tpuwys_3": [-2.579807996749878, 3.935502767562866, 3.013199806213379], "countertop_tpuwys_4": [-4.721736431121826, 6.622763633728027, 6.096315860748291], "countertop_tpuwys_5": [-1.7018400430679321, 4.109623908996582, 1.5336639881134033], "countertop_tpuwys_6": [-1.8135701417922974, 4.070375442504883, 3.8353700637817383], "dishwasher_dngvvi_0": [-4.848921298980713, 5.314962863922119, 0.08471131324768066], "electric_switch_wseglt_0": [4.032856464385986, 7.017955780029297, 4.141535758972168], "electric_switch_wseglt_1": [0.5392504930496216, 3.9371769428253174, 3.089449405670166], "electric_switch_wseglt_10": [2.324021577835083, 7.137092590332031, 0.7420003414154053], "electric_switch_wseglt_11": [-0.9717671871185303, 7.89187479019165, 1.5735077857971191], "electric_switch_wseglt_12": [1.1257085800170898, 8.907699584960938, 4.728087902069092], "electric_switch_wseglt_13": [-0.8119015097618103, 4.102024555206299, 1.6384341716766357], "electric_switch_wseglt_14": [0.13684575259685516, 7.960999488830566, 1.268604040145874], "electric_switch_wseglt_2": [0.47804421186447144, 4.170785903930664, 3.6150052547454834], "electric_switch_wseglt_3": [0.6867187023162842, 7.628705978393555, 5.631173610687256], "electric_switch_wseglt_4": [-0.04120422899723053, 2.6437878608703613, 5.956723690032959], "electric_switch_wseglt_5": [-1.2208245992660522, 0.40722736716270447, 5.478315353393555], "electric_switch_wseglt_6": [-3.2848236560821533, 3.700019359588623, 3.937041997909546], "electric_switch_wseglt_7": [-0.6996909379959106, 5.520820140838623, 3.542522668838501], "electric_switch_wseglt_8": [-3.4083092212677, 7.652682304382324, 5.544987678527832], "electric_switch_wseglt_9": [-1.399972915649414, 7.718416213989258, 5.466820240020752], "fridge_xyejdx_0": [-0.8414826393127441, 5.798272609710693, 0.06322121620178223], "radiator_wntwxx_0": [2.1319093704223633, 10.732121467590332, 4.223481178283691], "radiator_wntwxx_1": [-5.463611125946045, 8.971308708190918, 6.245885848999023], "radiator_wntwxx_2": [-1.346427083015442, -1.5143747329711914, 0.4705343246459961], "radiator_wntwxx_3": [2.7616734504699707, -1.27278733253479, 4.924228668212891], "mirror_pevdqu_0": [0.9515855312347412, 9.734333992004395, 0.3540008068084717], "mirror_pevdqu_1": [5.029795169830322, 2.3844027519226074, 3.13598895072937], "oven_wuinhm_0": [-1.8592356443405151, 6.187883377075195, 4.946094036102295], "picture_cltbty_0": [4.094695091247559, 7.500612735748291, 3.834460735321045], "picture_fhkzlm_0": [4.368582248687744, 10.69030475616455, 0.6732523441314697], "picture_hhxttu_0": [-1.821678876876831, 0.34527114033699036, 5.504514694213867], "picture_jpfyrq_0": [-5.066929340362549, 10.411937713623047, 4.764228343963623], "picture_lucjyq_0": [-4.881391525268555, 3.5152535438537598, 3.384950876235962], "picture_qavxsz_0": [4.785429954528809, 5.593183517456055, 0.7534594535827637], "picture_qtvjzk_0": [2.901663303375244, 2.5484681129455566, 0.018098831176757812], "picture_rciuob_0": [3.524658679962158, 6.0911030769348145, 1.8185968399047852], "picture_tlwjpv_0": [-3.629256010055542, 7.942814826965332, 4.3550567626953125], "picture_wfdvzv_0": [0.8567368984222412, -1.1120398044586182, 5.443463325500488], "picture_ytxhyl_0": [4.731998443603516, 3.6545050144195557, 0.7316527366638184], "picture_zsirgc_0": [1.4243472814559937, 9.686654090881348, 2.163200616836548], "shelf_njwsoa_0": [-1.0136383771896362, 3.9483776092529297, 4.690952777862549], "shower_stall_invgma_0": [0.11507946252822876, 9.139494895935059, 6.2216057777404785], "sink_czyfhq_0": [-4.631981372833252, 3.812380313873291, 0.5540339946746826], "sink_ksecxq_0": [0.5300081372261047, 9.473848342895508, 1.7867655754089355], "toilet_sjjweo_0": [0.19153466820716858, 10.770027160644531, 1.3945132493972778], "top_cabinet_dmwxyl_0": [-2.089423179626465, 6.7238945960998535, 5.338741302490234], "top_cabinet_dmwxyl_1": [-4.038507461547852, 4.255458354949951, 3.6954643726348877], "top_cabinet_dmwxyl_2": null,