{
    "nextto": {
        "reception_desk_kjmhgc_1": [
            [
                -4.344566812515259,
                6.465789670944213,
                0
            ]
        ],
        "turkey_ppaslw_1": [
            [
                -4.109966878890991,
                4.5107902240753175,
                0
            ]
        ],
        "oven_wuinhm_0": [
            -3.7010912895202637,
            6.9099812507629395,
            6.044747352600098
        ]
    },
    "ontop": {},
    "inside": {
        "turkey_ppaslw_1": {
            "oven_wuinhm_0": [
                [
                    -2.5936968326568604,
                    5.857481002807617,
                    0.45988792181015015
                ],
                [
                    0.020731372758746147,
                    0.0028435057029128075,
                    -0.03495515137910843,
                    0.9991698265075684
                ]
            ]
        }
    }
}