{"cabinet_base_dcmhhh_1": [-1.312087938785553, 0.7481273221969607, 0], "picture_frame_lxpxcf_1": [1.3594329357147217, 2.820327043533325, 4.367473125457764], "vase_kjeudr_1": [-1.6472827148437499, 5.7382453918457035, 0], "breakfast_table_uhrsex_0": [-4.811490058898926, 2.896030902862549, 4.891960144042969], "armchair_tcxiue_0": [1.2230960130691528, 2.0553159713745117, 0.06982803344726562], "armchair_tcxiue_1": [-2.2747559547424316, -1.7068581581115723, 1.1010324954986572], "armchair_tcxiue_2": [-0.6553826928138733, 1.3949474096298218, 6.2758307456970215], "bottom_cabinet_jrhgeu_0": [3.0649502277374268, 4.676835536956787, 2.463934898376465], "breakfast_table_skczfi_0": [-4.448080539703369, 10.900300025939941, 0.3821229934692383], "coffee_table_fqluyq_0": null, "coffee_table_qlmqyy_0": [-1.6851176023483276, 1.0942753553390503, 5.40861701965332], "pillow_pjqqmb_0": [0.9058244228363037, -0.1985534131526947, 5.126311302185059], "pillow_pjqqmb_1": [0.77511066198349, -0.8341426849365234, 4.743264675140381], "pot_plant_udqjui_0": [-5.296337604522705, 4.530630588531494, 4.460596561431885], "pot_plant_udqjui_1": [-1.4734441041946411, 0.8252365589141846, 3.6203291416168213], "shelf_njwsoa_0": [1.5247113704681396, -1.1762042045593262, 4.927005767822266], "shelf_njwsoa_1": [4.563628673553467, 4.675786018371582, 0.5257079601287842], "straight_chair_eospnr_0": [-3.4370546340942383, 4.098967552185059, 4.69438362121582], "straight_chair_eospnr_1": [-4.2791666984558105, 3.0346133708953857, 5.453962326049805], "straight_chair_eospnr_2": [-3.9095075130462646, 2.3964905738830566, 1.4186090230941772], "countertop_tpuwys_0": [-3.500748872756958, 4.640377998352051, 6.165185928344727], "countertop_tpuwys_1": [-3.8856124877929688, 4.94927453994751, 5.908555030822754], "countertop_tpuwys_2": [-2.881985664367676, 7.302316665649414, 4.469993591308594], "countertop_tpuwys_3": [-2.1139848232269287, 5.378198146820068, 5.175438404083252], "countertop_tpuwys_4": [-1.7868132591247559, 4.851560592651367, 2.5218687057495117], "clothes_dryer_xsuyua_0": [4.0593767166137695, 7.718449592590332, 5.25653076171875], "electric_switch_wseglt_0": [2.631870746612549, 4.669015884399414, 1.1507189273834229], "electric_switch_wseglt_1": [3.7772507667541504, 10.426445960998535, 3.6046972274780273], "electric_switch_wseglt_2": [-1.016797423362732, 5.16998815536499, 4.742846488952637], "electric_switch_wseglt_3": [-4.271007061004639, 6.9730072021484375, 1.4105826616287231], "electric_switch_wseglt_4": [1.2325339317321777, 5.1189422607421875, 0.4635014533996582], "electric_switch_wseglt_5": [-0.49863147735595703, 7.158995628356934, 3.2016475200653076], "electric_switch_wseglt_6": [-0.9701672196388245, 5.130375385284424, 4.791723728179932], "electric_switch_wseglt_7": [-0.4969516098499298, 7.176776885986328, 2.3756725788116455], "electric_switch_wseglt_8": [-4.188760280609131, 7.061931133270264, 1.7944430112838745], "electric_switch_wseglt_9": [-1.3631666898727417, 0.007217049598693848, 2.056439161300659], "mirror_pevdqu_0": [5.01204252243042, 10.499103546142578, 2.691981315612793], "picture_gwricv_0": [-0.08403748273849487, 4.682039737701416, 0.29773712158203125], "picture_szpupz_0": [-4.796884536743164, 4.815435886383057, 6.007274150848389], "picture_weqggl_0": [0.18753784894943237, 4.674375057220459, 0.10904097557067871], "picture_yrgaal_0": [0.7883703708648682, 2.0079050064086914, 0.11695551872253418], "shelf_njwsoa_2": [2.7037405967712402, 5.6574554443359375, 3.335242748260498], "shelf_owvfik_0": [3.89725923538208, 9.902462005615234, 4.999311447143555], "shelf_vgzdul_0": [-5.523739814758301, 5.709028720855713, 5.44773006439209], "shower_stall_invgma_0": [2.4359138011932373, 9.234869956970215, 5.708767890930176], "sink_ksecxq_0": [4.106250286102295, 7.652085781097412, 5.628148555755615], "sink_ksecxq_1": [4.435054302215576, 10.110546112060547, 0.13705015182495117], "toilet_wusctd_0": [4.306828022003174, 10.418560981750488, 6.1804046630859375], "washer_omeuop_0": [3.8909449577331543, 6.318905830383301, 0.7584490776062012], "Light_test": null, "robot0": null}