{
    "nextto": {
        "shelf_njwsoa_2": [
            [
                1.76869459927082,
                5.692028565406799,
                0
            ]
        ],
        "soap_dispenser_edinmg_1": [
            [
                1.76869459927082,
                5.692028565406799,
                0
            ]
        ],
        "urinal_pfzmpd_1": [
            [
                3.7172361612319946,
                9.727949748039247,
                1.5707963267948966
            ]
        ],
        "cabinet_base_dcmhhh_1": [
            -0.5245668888092041,
            0.6467104554176331,
            5.77805233001709
        ]
    },
    "ontop": {
        "soap_dispenser_edinmg_1": {
            "cabinet_base_dcmhhh_1": [
                [
                    0.30781078338623047,
                    0.41685381531715393,
                    0.3439115881919861
                ],
                [
                    -0.0002657706500031054,
                    6.353046046569943e-05,
                    -0.45482906699180603,
                    0.8905787467956543
                ]
            ]
        }
    },
    "inside": {}
}