{
    "nextto": {
        "chicken_nppsmz_1": [
            [
                1.6697059106826782,
                4.627737145423889,
                0
            ]
        ],
        "cooler_pnkiag_1": [
            [
                1.6697059106826782,
                -1.225161271095276,
                0
            ]
        ],
        "lawn_mower_hrebgj_1": [
            [
                1.9587379312515258,
                -1.225161271095276,
                0
            ]
        ]
    },
    "ontop": {},
    "inside": {
        "chicken_nppsmz_1": {
            "cooler_pnkiag_1": [
                [
                    2.851437568664551,
                    -0.7226735353469849,
                    0.150954470038414
                ],
                [
                    0.009752320125699043,
                    -0.004169052932411432,
                    -0.1385219246149063,
                    0.990302562713623
                ]
            ]
        }
    }
}