{
    "nextto": {
        "wicker_basket_unasxd_1": [
            [
                0.5077948522567749,
                5.957340760231018,
                0
            ]
        ],
        "soft_roll_jelruc_1": [
            [
                0.5077948522567749,
                5.977840762138367,
                0
            ]
        ],
        "cooler_pnkiag_1": [
            [
                -3.249767122268677,
                4.5107902240753175,
                0
            ]
        ]
    },
    "ontop": {},
    "inside": {
        "soft_roll_jelruc_1": {
            "cooler_pnkiag_1": [
                [
                    -1.4139597415924072,
                    4.519929885864258,
                    0.1239919662475586
                ],
                [
                    0.010469685308635235,
                    0.015294232405722141,
                    -0.026205673813819885,
                    0.9994847774505615
                ]
            ]
        }
    }
}