{
    "nextto": {
        "breakfast_table_uhrsex_0": [
            [
                -4.811787528991699,
                1.4100284290313723,
                0
            ]
        ],
        "bread_slice_yedlgq_1": [
            [
                -4.811787528991699,
                1.549428415298462,
                0
            ]
        ],
        "plate_qtfzeq_1": [
            [
                -4.811787528991699,
                1.7585283946990968,
                0
            ]
        ],
        "microwave_abzvij_1": [
            [
                -3.138987693786621,
                4.267728147506714,
                0
            ]
        ]
    },
    "ontop": {
        "bread_slice_yedlgq_1": {
            "plate_qtfzeq_1": [
                [
                    -3.6805264949798584,
                    2.9317898750305176,
                    1.013843059539795
                ],
                [
                    -0.009522277861833572,
                    0.03666890412569046,
                    0.2538289427757263,
                    0.9665070176124573
                ]
            ]
        }
    },
    "inside": {}
}