{
    "nextto": {
        "table_lamp_xbfgjc_3": [
            [
                4.253045892715454,
                3.3715908336639404,
                0
            ]
        ],
        "desk_phone_kpxrpb_1": [
            [
                4.253045892715454,
                3.3715908336639404,
                0
            ]
        ],
        "cabinet_base_dcmhhh_1": [
            [
                -0.6377540826797485,
                1.1315908133983612,
                0
            ]
        ],
        "loudspeaker_snbvop_1": [
            [
                2.2930458784103394,
                -0.5924091637134552,
                0
            ]
        ]
    },
    "ontop": {
        "desk_phone_kpxrpb_1": {
            "cabinet_base_dcmhhh_1": [
                [
                    -0.7448156476020813,
                    0.6732180714607239,
                    0.4899827241897583
                ],
                [
                    -0.0006188089028000832,
                    -0.002572164172306657,
                    0.8922328948974609,
                    0.45156770944595337
                ]
            ]
        }
    },
    "inside": {}
}