{
    "nextto": {
        "shelf_iwziew_1": [
            [
                0.5077948522567749,
                5.342340703010559,
                0
            ]
        ],
        "auricularia_coecnm_1": [
            [
                0.5077948522567749,
                5.342340703010559,
                0
            ]
        ],
        "cooler_pnkiag_1": [
            [
                -3.5625670337677002,
                6.15298975944519,
                0
            ]
        ]
    },
    "ontop": {},
    "inside": {
        "auricularia_coecnm_1": {
            "cooler_pnkiag_1": [
                [
                    -1.551986575126648,
                    6.6862077713012695,
                    0.19153989851474762
                ],
                [
                    -0.0022804085165262222,
                    -0.179091677069664,
                    0.08585229516029358,
                    0.980076789855957
                ]
            ]
        }
    }
}