{
    "nextto": {
        "mailbox_bktljr_1": [
            [
                -1.9476341223716735,
                6.195229306221008,
                0
            ]
        ],
        "shelf_njwsoa_2": [
            [
                1.4323945981264115,
                5.692028565406799,
                0
            ]
        ],
        "carton_hhlmbi_1": [
            [
                1.4323945981264115,
                5.692028565406799,
                0
            ]
        ],
        "pedestal_table_oqclwq_1": [
            [
                -1.0732879662513732,
                0.7481273221969607,
                0
            ]
        ]
    },
    "ontop": {
        "carton_hhlmbi_1": {
            "pedestal_table_oqclwq_1": [
                [
                    0.7966955900192261,
                    1.2965351343154907,
                    0.5101243853569031
                ],
                [
                    7.927155820652843e-06,
                    -2.5781337171792984e-06,
                    -0.08753816783428192,
                    0.9961613416671753
                ]
            ]
        }
    },
    "inside": {}
}