{"coffee_table_qlmqyy_0": [-2.2096335887908936, 0.3496032655239105, 6.125619411468506], "notebook_aanuhi_1": [-1.312087938785553, 0.6884273290634157, 0], "soccer_ball_ikagkc_1": [3.113894603848457, 7.934028573036193, 0], "desk_cnewsu_1": [-2.252290208339691, 5.839797205924988, 0], "armchair_tcxiue_0": [1.7319667339324951, 2.8656351566314697, 3.7949187755584717], "armchair_tcxiue_1": [-1.7065012454986572, -1.5184574127197266, 5.309493541717529], "armchair_tcxiue_2": [-1.799553632736206, 2.374598741531372, 1.3337053060531616], "bottom_cabinet_jrhgeu_0": [3.520901679992676, 4.485620498657227, 3.133136749267578], "breakfast_table_skczfi_0": [0.048908531665802, 10.706647872924805, 2.736389636993408], "breakfast_table_uhrsex_0": [-4.430030345916748, 3.6767868995666504, 6.036005973815918], "coffee_table_fqluyq_0": [1.4400748014450073, 3.2535929679870605, 3.2743101119995117], "pillow_pjqqmb_0": [0.7336961030960083, -0.3834812641143799, 5.200320243835449], "pillow_pjqqmb_1": [-0.3236178755760193, -1.055732011795044, 4.379116535186768], "pot_plant_udqjui_0": [-4.731098651885986, 4.62767219543457, 1.6494016647338867], "pot_plant_udqjui_1": [-2.153473138809204, 1.0419132709503174, 0.07812738418579102], "shelf_njwsoa_0": [1.5741175413131714, -1.594679594039917, 1.664322018623352], "shelf_njwsoa_1": [5.07655143737793, 4.622157573699951, 1.3973206281661987], "straight_chair_eospnr_0": [-4.084843158721924, 4.076938152313232, 4.8961286544799805], "straight_chair_eospnr_1": [-4.541990280151367, 2.75747013092041, 6.128825664520264], "straight_chair_eospnr_2": [-2.949403762817383, 2.139847755432129, 1.6206080913543701], "countertop_tpuwys_0": [-3.286489248275757, 4.433262348175049, 0.5751168727874756], "countertop_tpuwys_1": [-2.600724458694458, 4.810319900512695, 0.459714412689209], "countertop_tpuwys_2": [-3.4129297733306885, 7.418577194213867, 5.718053817749023], "countertop_tpuwys_3": [-1.81190025806427, 5.245850086212158, 3.8551688194274902], "countertop_tpuwys_4": [-4.32424259185791, 5.506775379180908, 4.076265811920166], "clothes_dryer_xsuyua_0": [4.446727752685547, 7.672327041625977, 4.436071872711182], "electric_switch_wseglt_0": [2.869951009750366, 4.783649444580078, 1.5407676696777344], "electric_switch_wseglt_1": [2.80330753326416, 9.86827564239502, 0.5017499923706055], "electric_switch_wseglt_2": [-1.0549945831298828, 5.000604629516602, 4.555324554443359], "electric_switch_wseglt_3": [-3.8992698192596436, 7.333471298217773, 3.3386082649230957], "electric_switch_wseglt_4": [1.1494338512420654, 5.292096138000488, 0.1274862289428711], "electric_switch_wseglt_5": [-1.318843126296997, 7.275744438171387, 6.096116542816162], "electric_switch_wseglt_6": [-0.8634232878684998, 4.9280924797058105, 3.3465938568115234], "electric_switch_wseglt_7": [-0.9220963716506958, 7.537651538848877, 5.8488664627075195], "electric_switch_wseglt_8": [-4.273354530334473, 7.537560939788818, 5.633640289306641], "electric_switch_wseglt_9": [-1.5694702863693237, 0.8146584033966064, 4.195015907287598], "mirror_pevdqu_0": [4.8740386962890625, 10.018888473510742, 3.008315324783325], "picture_gwricv_0": [-1.29494309425354, 4.6362080574035645, 0.21633124351501465], "picture_szpupz_0": [-3.7376952171325684, 5.254667282104492, 4.517634391784668], "picture_weqggl_0": [0.3854581117630005, 4.9200663566589355, 6.04329252243042], "picture_yrgaal_0": [0.9633412957191467, -0.061081886291503906, 0.6699349880218506], "shelf_njwsoa_2": [2.6417088508605957, 5.130610942840576, 0.17532014846801758], "shelf_owvfik_0": [3.909014940261841, 9.207887649536133, 0.6845037937164307], "shelf_vgzdul_0": [-5.077131748199463, 5.479567527770996, 6.244096755981445], "shower_stall_invgma_0": [4.528655529022217, 9.311594009399414, 5.093111991882324], "sink_ksecxq_0": [4.785721778869629, 8.553345680236816, 2.1776340007781982], "sink_ksecxq_1": [3.7023584842681885, 9.837512016296387, 0.8517653942108154], "toilet_wusctd_0": [3.9152557849884033, 9.687560081481934, 5.877164840698242], "washer_omeuop_0": [4.698563098907471, 8.199000358581543, 4.091782093048096], "Light_test": null, "robot0": null}