{
    "nextto": {
        "shelf_iwziew_1": [
            [
                0.5487948560714722,
                6.449340806007386,
                0
            ]
        ],
        "carton_hhlmbi_1": [
            [
                0.5487948560714722,
                6.38784080028534,
                0
            ]
        ],
        "turkey_leg_bqugmh_1": [
            [
                0.5487948560714722,
                6.38784080028534,
                0
            ]
        ],
        "microwave_abzvij_1": [
            [
                -4.735566701889039,
                6.465789670944213,
                0
            ]
        ],
        "reception_desk_kjmhgc_1": [
            [
                -3.9535669231414796,
                6.231189737319945,
                0
            ]
        ]
    },
    "ontop": {
        "turkey_leg_bqugmh_1": {
            "reception_desk_kjmhgc_1": [
                [
                    -1.2158677577972412,
                    5.859553337097168,
                    1.0875136852264404
                ],
                [
                    0.1623411923646927,
                    -0.6096371412277222,
                    0.24396421015262604,
                    0.7365252375602722
                ]
            ]
        }
    },
    "inside": {
        "turkey_leg_bqugmh_1": {
            "microwave_abzvij_1": [
                [
                    -4.920277118682861,
                    5.6396098136901855,
                    1.0921324491500854
                ],
                [
                    0.0692891925573349,
                    -0.11089584231376648,
                    -0.010912551544606686,
                    0.9913536310195923
                ]
            ]
        }
    }
}