{
    "nextto": {
        "shelf_iwziew_1": [
            [
                0.5077948522567749,
                5.342340703010559,
                0
            ]
        ],
        "textbook_nloqia_1": [
            [
                0.5077948522567749,
                5.342340703010559,
                0
            ]
        ],
        "coffee_table_gcollb_0": [
            2.8127968311309814,
            1.2284786701202393,
            0.07592463493347168
        ]
    },
    "ontop": {
        "textbook_nloqia_1": {
            "coffee_table_gcollb_0": [
                [
                    2.9144132137298584,
                    0.6363292932510376,
                    0.48394253849983215
                ],
                [
                    1.3176235370337963e-05,
                    8.246850484283641e-05,
                    -0.12667107582092285,
                    0.9919448494911194
                ]
            ]
        }
    },
    "inside": {}
}