{
    "nextto": {
        "bed_smmmaf_0": [
            [
                -4.7028673744201654,
                9.8926895904541,
                0
            ]
        ],
        "backpack_gvbiwl_1": [
            [
                -4.7028673744201654,
                9.8926895904541,
                0
            ]
        ],
        "teacup_zdvgol_1": [
            [
                -1.883817949295044,
                0.6373406410217286,
                0
            ]
        ]
    },
    "ontop": {
        "backpack_gvbiwl_1": {
            "floors_yvshid_0": [
                [
                    2.0080456733703613,
                    9.625276565551758,
                    0.17069914937019348
                ],
                [
                    -0.21069402992725372,
                    -0.5676031708717346,
                    -0.276968389749527,
                    0.7461386919021606
                ]
            ]
        }
    },
    "inside": {
        "teacup_zdvgol_1": {
            "backpack_gvbiwl_1": [
                [
                    -3.1018693447113037,
                    10.190860748291016,
                    0.6250101327896118
                ],
                [
                    0.06658748537302017,
                    0.005065774079412222,
                    -0.008090990595519543,
                    0.9977348446846008
                ]
            ]
        }
    }
}