{
    "nextto": {
        "bucket_lsmlzi_1": [
            [
                1.6697059106826782,
                3.5438670682907096,
                0
            ]
        ],
        "lemon_hoghjl_1": [
            [
                2.0309959363937375,
                4.627737145423889,
                0
            ]
        ],
        "cooler_pnkiag_1": [
            [
                2.2477699518203735,
                -1.225161271095276,
                0
            ]
        ],
        "radiator_lnvush_1": [
            [
                -1.192687952518463,
                0.6884273290634157,
                0
            ]
        ]
    },
    "ontop": {},
    "inside": {
        "lemon_hoghjl_1": {
            "cooler_pnkiag_1": [
                [
                    4.003484725952148,
                    -1.0613025426864624,
                    0.13501621782779694
                ],
                [
                    -0.04172132536768913,
                    0.04711058363318443,
                    -0.011346802115440369,
                    0.997953474521637
                ]
            ]
        }
    }
}