{
    "nextto": {
        "shelf_njwsoa_2": [
            [
                1.6565945988893502,
                5.692028565406799,
                0
            ]
        ],
        "butter_cookie_kukrla_1": [
            [
                1.6565945988893502,
                5.692028565406799,
                0
            ]
        ],
        "cooler_pnkiag_1": [
            [
                2.825833992958069,
                2.532254996299743,
                0
            ]
        ]
    },
    "ontop": {},
    "inside": {
        "butter_cookie_kukrla_1": {
            "cooler_pnkiag_1": [
                [
                    4.579238414764404,
                    3.417623281478882,
                    0.09823691099882126
                ],
                [
                    0.0007877704920247197,
                    -0.0030873341020196676,
                    -0.07582014799118042,
                    0.9971163868904114
                ]
            ]
        }
    }
}