{
    "nextto": {
        "reception_desk_kjmhgc_1": [
            [
                -3.9535669231414796,
                4.5107902240753175,
                0
            ]
        ],
        "bagel_zlxkry_1": [
            [
                -3.4061670780181887,
                4.7453901576995845,
                0
            ]
        ],
        "toaster_kjwqav_1": [
            [
                -4.109966878890991,
                4.5107902240753175,
                0
            ]
        ],
        "breakfast_table_uhrsex_0": [
            -4.71057653427124,
            1.8026847839355469,
            2.0499424934387207
        ]
    },
    "ontop": {
        "bagel_zlxkry_1": {
            "breakfast_table_uhrsex_0": [
                [
                    -2.139810562133789,
                    1.7847331762313843,
                    0.8080071806907654
                ],
                [
                    -0.0017592012882232666,
                    -0.0004532025195658207,
                    -0.01934150792658329,
                    0.9998113512992859
                ]
            ]
        }
    },
    "inside": {}
}