{
    "nextto": {
        "pedestal_table_oqclwq_1": [
            [
                -4.811787528991699,
                0.6433285045623779,
                0
            ]
        ],
        "coffee_cup_ckkwmj_1": [
            [
                -4.811787528991699,
                0.6433285045623779,
                0
            ]
        ],
        "dishwasher_xlmier_1": [
            [
                -4.389185943603516,
                5.53514144897461,
                0
            ]
        ],
        "ceiling_fan_xtmacj_1": [
            0.9204040765762329,
            -1.2478547096252441,
            0.9464373588562012
        ]
    },
    "ontop": {},
    "inside": {
        "coffee_cup_ckkwmj_1": {
            "dishwasher_xlmier_1": [
                [
                    -3.6866908073425293,
                    6.049750328063965,
                    0.0893915593624115
                ],
                [
                    -0.041667915880680084,
                    -0.008114466443657875,
                    -0.018045248463749886,
                    0.9989356398582458
                ]
            ]
        }
    }
}