{
    "nextto": {
        "shelf_iwziew_1": [
            [
                -2.4244689369201664,
                9.0382901763916,
                0
            ]
        ],
        "basil_dkuhvb_1": [
            [
                -2.4244689369201664,
                9.0382901763916,
                0
            ]
        ],
        "reception_desk_kjmhgc_1": [
            [
                -4.031766901016236,
                6.074789781570434,
                0
            ]
        ],
        "mixing_bowl_deudkt_1": [
            [
                -2.780567255020142,
                6.700389604568481,
                0
            ]
        ],
        "table_lamp_xbfgjc_5": [
            -3.0589675903320312,
            10.212339401245117,
            0.7876501083374023
        ]
    },
    "ontop": {},
    "inside": {
        "basil_dkuhvb_1": {
            "mixing_bowl_deudkt_1": [
                [
                    -1.1350047588348389,
                    7.114994525909424,
                    0.9159605503082275
                ],
                [
                    -0.009130362421274185,
                    -0.2487170398235321,
                    -0.5424205660820007,
                    0.8023941516876221
                ]
            ]
        }
    }
}