{
    "nextto": {
        "countertop_tpuwys_6": [
            [
                -3.171567144393921,
                3.8069904232025147,
                0
            ]
        ],
        "broccoli_wsxavx_1": [
            [
                -3.171567144393921,
                3.8069904232025147,
                0
            ]
        ],
        "electric_cauldron_qmdgct_1": [
            [
                -3.7189669895172117,
                4.5107902240753175,
                0
            ]
        ],
        "stove_kfhkqp_1": [
            [
                -4.188166856765748,
                6.15298975944519,
                0
            ]
        ],
        "breakfast_table_uhrsex_0": [
            -2.900942802429199,
            2.0394959449768066,
            0.9962499141693115
        ]
    },
    "ontop": {
        "broccoli_wsxavx_1": {
            "breakfast_table_uhrsex_0": [
                [
                    -2.5843026638031006,
                    1.9833451509475708,
                    0.7974152565002441
                ],
                [
                    -0.14801347255706787,
                    -0.4635288715362549,
                    -0.1404252052307129,
                    0.8622723817825317
                ]
            ]
        }
    },
    "inside": {}
}