{
    "nextto": {
        "shopping_basket_vsxhsv_1": [
            [
                -1.312087938785553,
                1.7630272054672245,
                0
            ]
        ],
        "pomegranate_tldskr_1": [
            [
                -1.312087938785553,
                1.7630272054672245,
                0
            ]
        ],
        "cooler_pnkiag_1": [
            [
                1.6565945988893502,
                6.588828568458557,
                0
            ]
        ],
        "shelf_owvfik_0": [
            [
                3.6180201482772825,
                10.389389834403993,
                0
            ]
        ],
        "rag_oocmed_1": [
            [
                3.6180201482772825,
                10.389389834403993,
                0
            ]
        ],
        "reception_desk_kjmhgc_1": [
            -0.8801389932632446,
            -0.41381072998046875,
            4.9935383796691895
        ]
    },
    "ontop": {
        "rag_oocmed_1": {
            "reception_desk_kjmhgc_1": [
                [
                    -0.23016363382339478,
                    -0.03978204354643822,
                    0.8134963512420654
                ],
                [
                    1.9080312085861806e-07,
                    6.250479600566905e-08,
                    -0.09642727673053741,
                    0.9953400492668152
                ]
            ]
        }
    },
    "inside": {
        "pomegranate_tldskr_1": {
            "cooler_pnkiag_1": [
                [
                    3.46492600440979,
                    7.583959102630615,
                    0.13065610826015472
                ],
                [
                    0.033659640699625015,
                    -0.07289249449968338,
                    -0.007486037909984589,
                    0.9967436194419861
                ]
            ]
        }
    }
}