{
    "nextto": {
        "breakfast_table_uhrsex_0": [
            [
                -4.734717588424682,
                1.4992405319213868,
                0
            ]
        ],
        "scone_gwdhyj_1": [
            [
                -4.734717588424682,
                1.4992405319213868,
                0
            ]
        ],
        "cooler_pnkiag_1": [
            [
                -4.266366834640503,
                6.465789670944213,
                0
            ]
        ],
        "space_heater_kxzqpr_1": [
            [
                1.000045895576477,
                -0.42000916600227356,
                0
            ]
        ]
    },
    "ontop": {},
    "inside": {
        "scone_gwdhyj_1": {
            "cooler_pnkiag_1": [
                [
                    -2.941174030303955,
                    5.0854573249816895,
                    0.13346892595291138
                ],
                [
                    0.003616712987422943,
                    0.006658770143985748,
                    -0.10901825875043869,
                    0.994010865688324
                ]
            ]
        }
    }
}