{
    "nextto": {
        "reception_desk_kjmhgc_1": [
            [
                -3.9535669231414796,
                6.309389715194702,
                0
            ]
        ],
        "chicken_leg_nhfiuh_1": [
            [
                -2.780567255020142,
                6.700389604568481,
                0
            ]
        ],
        "stove_kfhkqp_1": [
            [
                -4.109966878890991,
                4.8235901355743405,
                0
            ]
        ],
        "breakfast_table_uhrsex_0": [
            [
                -4.867317571640014,
                1.1677405738830569,
                0
            ]
        ],
        "stockpot_gxiqbw_1": [
            [
                -4.867317571640014,
                1.1677405738830569,
                0
            ]
        ]
    },
    "ontop": {},
    "inside": {
        "chicken_leg_nhfiuh_1": {
            "stockpot_gxiqbw_1": [
                [
                    -3.364365339279175,
                    1.933675765991211,
                    0.8115096092224121
                ],
                [
                    -0.017014792189002037,
                    0.012011615559458733,
                    -0.009685693308711052,
                    0.9997361898422241
                ]
            ]
        }
    }
}