{"watering_can_pewtns_1": [3.909704070091247, 3.616125073432922, 0], "board_fxugbm_1": [-3.138987693786621, 4.267728147506714, 0], "pot_plant_udqjui_0": [-4.57810640335083, 4.101945400238037, 0.9976849555969238], "shelf_njwsoa_0": [0.006160825490951538, -0.7117183804512024, 5.8389434814453125], "armchair_tcxiue_0": [-0.564454197883606, 2.7096636295318604, 5.659626007080078], "armchair_tcxiue_1": [-1.097617745399475, 0.44869083166122437, 5.041878700256348], "armchair_tcxiue_2": [-1.4152777194976807, 1.3157033920288086, 0.13778257369995117], "bottom_cabinet_jrhgeu_0": [2.8069398403167725, 5.224860191345215, 4.61375093460083], "breakfast_table_skczfi_0": [-6.346019268035889, 10.542057991027832, 5.341480255126953], "breakfast_table_uhrsex_0": [-3.3244881629943848, 2.6364519596099854, 5.866870880126953], "coffee_table_fqluyq_0": [-0.31815075874328613, 3.2009825706481934, 5.873444557189941], "coffee_table_qlmqyy_0": [-1.3036671876907349, 1.087128758430481, 4.991069316864014], "pillow_pjqqmb_0": null, "pillow_pjqqmb_1": [-0.20723211765289307, -0.6196544170379639, 0.12292361259460449], "pot_plant_udqjui_1": [-2.2223455905914307, 0.691388726234436, 3.7769086360931396], "shelf_njwsoa_1": [4.936059474945068, 5.168470859527588, 0.027783870697021484], "straight_chair_eospnr_0": [-4.588554859161377, 3.484614133834839, 0.6312215328216553], "straight_chair_eospnr_1": [-3.9762156009674072, 2.633556842803955, 0.0867166519165039], "straight_chair_eospnr_2": [-2.7835593223571777, 2.286458730697632, 1.996008276939392], "countertop_tpuwys_0": [-3.032777786254883, 5.813365936279297, 2.575309991836548], "countertop_tpuwys_1": [-5.266629219055176, 5.271576404571533, 3.939671039581299], "countertop_tpuwys_2": [-3.088029623031616, 6.240244388580322, 4.14449405670166], "countertop_tpuwys_3": [-3.661095142364502, 5.203126907348633, 1.723305344581604], "countertop_tpuwys_4": [-1.7608165740966797, 5.178316593170166, 3.106985569000244], "clothes_dryer_xsuyua_0": [3.1405160427093506, 6.163642406463623, 6.119694709777832], "electric_switch_wseglt_0": [2.936544179916382, 5.422183990478516, 4.814885139465332], "electric_switch_wseglt_1": [3.142498254776001, 10.61340045928955, 5.1562299728393555], "electric_switch_wseglt_2": [-1.3840351104736328, 4.439978122711182, 0.617835521697998], "electric_switch_wseglt_3": [-4.444355010986328, 7.059767246246338, 0.6954820156097412], "electric_switch_wseglt_4": [1.8255610466003418, 5.073798179626465, 1.9224982261657715], "electric_switch_wseglt_5": [-1.0587824583053589, 7.2840728759765625, 5.647907733917236], "electric_switch_wseglt_6": [-1.2224290370941162, 4.366921901702881, 1.293895959854126], "electric_switch_wseglt_7": [-0.5473169088363647, 7.130613803863525, 2.11035418510437], "electric_switch_wseglt_8": [-5.004473686218262, 7.372932434082031, 0.15968990325927734], "electric_switch_wseglt_9": [-1.9089363813400269, 0.6671317219734192, 5.618991851806641], "mirror_pevdqu_0": null, "picture_gwricv_0": [0.08136628568172455, 5.027517795562744, 3.9425456523895264], "picture_szpupz_0": [-3.5853257179260254, 5.000430107116699, 4.562093257904053], "picture_weqggl_0": [1.1029698848724365, 4.6307148933410645, 2.7468395233154297], "picture_yrgaal_0": [0.8157907724380493, 1.166555643081665, 0.22902226448059082], "shelf_njwsoa_2": [4.112747669219971, 5.407698631286621, 2.5594482421875], "shelf_owvfik_0": [4.118631362915039, 8.233654022216797, 6.139598846435547], "shelf_vgzdul_0": [-4.960986614227295, 5.874105453491211, 3.935964584350586], "shower_stall_invgma_0": [5.090922832489014, 8.89063835144043, 2.799687385559082], "sink_ksecxq_0": [4.852152347564697, 8.495996475219727, 5.144392013549805], "sink_ksecxq_1": [4.042586326599121, 11.546629905700684, 5.4401984214782715], "toilet_wusctd_0": [4.1242899894714355, 9.724857330322266, 5.351701736450195], "washer_omeuop_0": [3.5443837642669678, 6.587956428527832, 1.4277294874191284], "Light_test": null, "robot0": null}