{"nextto": {"booth_xzrpar_1": [[2.083988208770752, 12.183258113861084, 1.5707963267948966]], "cheesecake_epmobi_1": [[2.083988208770752, 15.210521602630616, 0]], "microwave_abzvij_1": [[7.381699314117432, 15.462793560028077, 0]]}, "ontop": {}, "inside": {"cheesecake_epmobi_1": {"microwave_abzvij_1": [[9.008074760437012, 16.185625076293945, 0.9759994149208069], [0.0030993695836514235, -0.0017719714669510722, -0.0029701897874474525, 0.9999891519546509]]}}}