{"nextto": {"shelf_iwziew_1": [[-0.5571850728988647, 4.492199082374573, 0]], "laptop_sngiih_1": [[-0.3787850904464717, 4.492199082374573, 0]], "ceiling_fan_xtmacj_1": [1.1153093576431274, 0.3193002939224243, 5.217473030090332], "coffee_table_gpkbiw_0": [-2.841458797454834, 7.152515888214111, 6.0768723487854]}, "ontop": {"laptop_sngiih_1": {"coffee_table_gpkbiw_0": [[-2.3856112957000732, 6.37650203704834, 0.39626023173332214], [-0.00042876903899013996, -0.0005220238235779107, -0.20311133563518524, 0.979155421257019]]}}, "inside": {}}