{"nextto": {"cherry_tomato_eukpfb_1": [[-0.22703202962875368, -4.430454788208007, 0]], "coffee_table_qlmqyy_0": [-0.7457670569419861, -5.030450344085693, 5.075514793395996], "microwave_bfbeeb_0": [-5.960424423217773, -2.233802556991577, 0.24576997756958008], "breakfast_table_dnsjnv_0": [-8.137960433959961, -0.1513308584690094, 1.097501516342163]}, "ontop": {"cherry_tomato_eukpfb_1": {"breakfast_table_dnsjnv_0": [[-9.289880752563477, -0.299240380525589, 0.7599773406982422], [0.059600356966257095, -0.03481409698724747, -0.0008564783493056893, 0.9976147413253784]]}}, "inside": {}}