{
    "nextto": {
        "carton_hhlmbi_1": [
            [
                -0.09630012512207024,
                9.856219940185547,
                0
            ]
        ],
        "cucumber_wcvwye_1": [
            [
                -0.09630012512207024,
                9.856219940185547,
                0
            ]
        ],
        "cooler_pnkiag_1": [
            [
                -2.3215996551513673,
                9.0181201171875,
                0
            ]
        ]
    },
    "ontop": {},
    "inside": {
        "cucumber_wcvwye_1": {
            "cooler_pnkiag_1": [
                [
                    -0.6330993175506592,
                    9.476944923400879,
                    0.11831516027450562
                ],
                [
                    -0.06708914786577225,
                    -0.018721137195825577,
                    -0.019069049507379532,
                    0.997389018535614
                ]
            ]
        }
    }
}