{
    "nextto": {
        "reception_desk_kjmhgc_1": [
            [
                1.7803283405303956,
                -12.879272918701172,
                0
            ]
        ],
        "butternut_squash_swehmg_1": [
            [
                2.16582839012146,
                -11.49147274017334,
                0
            ]
        ],
        "cooler_pnkiag_1": [
            [
                0.39252816200256346,
                -12.03117280960083,
                0
            ]
        ],
        "sauna_heater_etqusf_1": [
            [
                6.694430098533631,
                3.64421528339386,
                0
            ]
        ]
    },
    "ontop": {},
    "inside": {
        "butternut_squash_swehmg_1": {
            "cooler_pnkiag_1": [
                [
                    0.866240918636322,
                    -12.866527557373047,
                    0.23435543477535248
                ],
                [
                    0.057717472314834595,
                    -0.0024965456686913967,
                    -0.0024443180300295353,
                    0.99832683801651
                ]
            ]
        }
    }
}