{
    "nextto": {
        "coffee_table_qlmqyy_1": [
            [
                2.6433500146865847,
                7.8464693021774305,
                0
            ]
        ],
        "textbook_nloqia_1": [
            [
                2.6433500146865847,
                8.075669312477112,
                0
            ]
        ],
        "flat_bench_iisaia_1": [
            [
                -1.044499680995941,
                6.647519462108613,
                0
            ]
        ],
        "apple_agveuv_1": [
            [
                -0.8131996941566466,
                7.187219431400299,
                0
            ]
        ],
        "toaster_oven_ctrngh_1": [
            [
                -1.5070997643470763,
                -0.6452801179885863,
                0
            ]
        ],
        "shelf_owvfik_1": [
            3.746612310409546,
            10.251739501953125,
            0.20689940452575684
        ]
    },
    "ontop": {
        "textbook_nloqia_1": {
            "shelf_owvfik_1": [
                [
                    4.716800212860107,
                    9.169705390930176,
                    0.5079072713851929
                ],
                [
                    0.030333008617162704,
                    0.10908041149377823,
                    0.991729736328125,
                    0.06044456362724304
                ]
            ]
        }
    },
    "inside": {}
}