{
    "nextto": {
        "shelf_iwziew_1": [
            [
                -1.310099868774414,
                9.162620086669921,
                0
            ]
        ],
        "chanterelle_rwntzn_1": [
            [
                -0.9343999481201172,
                9.509420013427734,
                0
            ]
        ],
        "cooler_pnkiag_1": [
            [
                -2.278099768161774,
                0.5883198881149294,
                0
            ]
        ]
    },
    "ontop": {},
    "inside": {}
}