{
    "nextto": {
        "textbook_nloqia_1": [
            [
                -1.216230728626251,
                0.8807287591695786,
                0
            ]
        ],
        "desk_cnewsu_1": [
            [
                -1.059006721973419,
                0.8807287591695786,
                0
            ]
        ],
        "sofa_xhxdqf_0": [
            [
                4.667659215927125,
                8.055078706741334,
                0
            ]
        ],
        "security_camera_tiscsa_1": [
            [
                4.667659215927125,
                8.055078706741334,
                0
            ]
        ],
        "table_lamp_ehjsdz_1": [
            [
                1.9536069583892823,
                7.399962644577027,
                0
            ]
        ],
        "coffee_table_fqluyq_0": [
            [
                1.9536069583892823,
                7.399962644577027,
                0
            ]
        ]
    },
    "ontop": {
        "textbook_nloqia_1": {
            "desk_cnewsu_1": [
                [
                    0.7387920022010803,
                    1.5110459327697754,
                    0.7450145483016968
                ],
                [
                    3.169337287545204e-05,
                    8.015567436814308e-05,
                    -0.3182600438594818,
                    0.9480035305023193
                ]
            ]
        },
        "security_camera_tiscsa_1": {
            "coffee_table_fqluyq_0": [
                [
                    3.3774046897888184,
                    7.8842244148254395,
                    0.4383030831813812
                ],
                [
                    -0.057776033878326416,
                    -0.024456892162561417,
                    -0.03798487037420273,
                    0.9973068237304688
                ]
            ]
        }
    },
    "inside": {}
}