{
    "nextto": {
        "bagel_zlxkry_1": [
            [
                -1.8925996327400207,
                4.565819580554963,
                0
            ]
        ],
        "wicker_basket_unasxd_1": [
            [
                -2.2780996108055116,
                7.5727194094657895,
                0
            ]
        ],
        "shelf_owvfik_1": [
            [
                2.9489500284194947,
                8.916069350242616,
                0
            ]
        ],
        "phonograph_record_reunea_1": [
            [
                2.9489500284194947,
                8.916069350242616,
                0
            ]
        ],
        "pedestal_table_oqclwq_1": [
            [
                2.414150004386902,
                4.40846914768219,
                1.5707963267948966
            ]
        ],
        "loudspeaker_snbvop_1": [
            4.317991256713867,
            9.27407455444336,
            1.560799241065979
        ]
    },
    "ontop": {
        "phonograph_record_reunea_1": {
            "pedestal_table_oqclwq_1": [
                [
                    4.247958660125732,
                    4.782683372497559,
                    0.5640061497688293
                ],
                [
                    0.003753403201699257,
                    0.037461087107658386,
                    0.06103869155049324,
                    0.9974250793457031
                ]
            ]
        }
    },
    "inside": {
        "bagel_zlxkry_1": {
            "wicker_basket_unasxd_1": [
                [
                    -1.4284484386444092,
                    6.265705108642578,
                    0.048677850514650345
                ],
                [
                    0.008726201020181179,
                    0.002853705547749996,
                    -0.27852118015289307,
                    0.9603861570358276
                ]
            ]
        }
    }
}