{
    "nextto": {
        "shelf_iwziew_1": [
            [
                0.39252816200256346,
                -11.2601727104187,
                0
            ]
        ],
        "carton_hhlmbi_1": [
            [
                0.39252816200256346,
                -11.183072700500489,
                0
            ]
        ],
        "cooler_pnkiag_1": [
            [
                -7.305148959159851,
                -10.622475028038025,
                0
            ]
        ],
        "room_light_htznln_1": [
            -1.3576905727386475,
            1.4389216899871826,
            0.6538443565368652
        ]
    },
    "ontop": {},
    "inside": {
        "carton_hhlmbi_1": {
            "cooler_pnkiag_1": [
                [
                    -6.788273811340332,
                    -11.638860702514648,
                    0.13242095708847046
                ],
                [
                    0.0005875475471839309,
                    0.001337198307737708,
                    -0.09730755537748337,
                    0.9952533841133118
                ]
            ]
        }
    }
}