{
    "nextto": {
        "coffee_maker_fwlabx_1": [
            [
                2.3377500009536747,
                7.311669278144837,
                0
            ]
        ],
        "backpack_gvbiwl_1": [
            [
                3.0253502774238585,
                3.316669309139252,
                0
            ]
        ],
        "shelf_iwziew_1": [
            [
                -2.3215996551513673,
                9.0181201171875,
                0
            ]
        ]
    },
    "ontop": {
        "backpack_gvbiwl_1": {
            "shelf_iwziew_1": [
                [
                    -1.5676089525222778,
                    9.47098159790039,
                    0.7207682132720947
                ],
                [
                    0.00584909413009882,
                    -0.4365449845790863,
                    0.02144836261868477,
                    0.8994075655937195
                ]
            ]
        }
    },
    "inside": {}
}