{
    "nextto": {
        "countertop_zkhelh_1": [
            [
                1.9345283603668213,
                -12.879272918701172,
                0
            ]
        ],
        "lamb_zzwdks_1": [
            [
                1.3177282810211184,
                -12.647972888946533,
                0
            ]
        ],
        "pressure_cooker_otyngn_1": [
            [
                2.628428449630737,
                -12.879272918701172,
                0
            ]
        ],
        "board_fxugbm_1": [
            [
                -4.781496000289916,
                -8.372413587570191,
                0
            ]
        ],
        "window_ulnafj_4": [
            4.522898197174072,
            -5.179026126861572,
            0.5943965911865234
        ]
    },
    "ontop": {
        "lamb_zzwdks_1": {
            "board_fxugbm_1": [
                [
                    -3.073777198791504,
                    -8.785884857177734,
                    0.0630422830581665
                ],
                [
                    0.1205025464296341,
                    0.031075526028871536,
                    -0.05154401808977127,
                    0.9908868670463562
                ]
            ]
        }
    },
    "inside": {}
}