{
    "nextto": {
        "shelf_iwziew_1": [
            [
                -2.3215996551513673,
                9.0181201171875,
                0
            ]
        ],
        "soft_roll_jelruc_1": [
            [
                -2.3215996551513673,
                9.0181201171875,
                0
            ]
        ],
        "cooler_pnkiag_1": [
            [
                -1.7383997654914856,
                0.5883198881149294,
                0
            ]
        ],
        "washer_omeuop_0": [
            -0.8834960460662842,
            -2.2605178356170654,
            0.6275484561920166
        ]
    },
    "ontop": {},
    "inside": {
        "soft_roll_jelruc_1": {
            "cooler_pnkiag_1": [
                [
                    0.09178978204727173,
                    1.0344908237457275,
                    0.12320277094841003
                ],
                [
                    0.010334589518606663,
                    0.018657512962818146,
                    -0.026098288595676422,
                    0.999431848526001
                ]
            ]
        }
    }
}