{
    "nextto": {
        "hutch_vsqsuy_1": [
            [
                -2.3215996551513673,
                9.0181201171875,
                0
            ]
        ],
        "spinach_uxhqeq_1": [
            [
                -2.3215996551513673,
                9.0181201171875,
                0
            ]
        ],
        "microwave_abzvij_1": [
            [
                -1.8880997467041016,
                9.22042007446289,
                0
            ]
        ]
    },
    "ontop": {},
    "inside": {
        "spinach_uxhqeq_1": {
            "microwave_abzvij_1": [
                [
                    -0.18103492259979248,
                    9.75425910949707,
                    0.3272143006324768
                ],
                [
                    0.18135115504264832,
                    -0.27836042642593384,
                    0.45802775025367737,
                    -0.8245226144790649
                ]
            ]
        }
    }
}