{
    "nextto": {
        "desk_cnewsu_1": [
            [
                2.719750018119812,
                4.790469164848328,
                0
            ]
        ],
        "flower_xxvkkw_1": [
            [
                2.7961500215530397,
                5.401669192314149,
                0
            ]
        ],
        "cooler_pnkiag_1": [
            [
                -1.9169997406005859,
                9.0181201171875,
                0
            ]
        ]
    },
    "ontop": {},
    "inside": {
        "flower_xxvkkw_1": {
            "cooler_pnkiag_1": [
                [
                    0.16775929927825928,
                    9.302577018737793,
                    0.5769781470298767
                ],
                [
                    -0.08504468947649002,
                    -0.08850584924221039,
                    0.5979374647140503,
                    0.7920889854431152
                ]
            ]
        }
    }
}