{
    "nextto": {
        "water_cooler_essxzr_1": [
            [
                -3.7317504119873046,
                -10.243872575759887,
                0
            ]
        ],
        "recycling_bin_duugbb_1": [
            [
                -8.088311176300047,
                2.8091531419754023,
                0
            ]
        ]
    },
    "ontop": {},
    "inside": {}
}