{
    "nextto": {
        "reception_desk_kjmhgc_1": [
            [
                1.7803283405303956,
                -12.879272918701172,
                0
            ]
        ],
        "liquid_carton_ykfkyq_1": [
            [
                2.16582839012146,
                -11.414372730255128,
                0
            ]
        ],
        "cooler_pnkiag_1": [
            [
                -7.305148959159851,
                -11.518375134468078,
                0
            ]
        ]
    },
    "ontop": {},
    "inside": {
        "liquid_carton_ykfkyq_1": {
            "cooler_pnkiag_1": [
                [
                    -6.674505233764648,
                    -12.422295570373535,
                    0.23210351169109344
                ],
                [
                    0.006578522268682718,
                    0.005042086821049452,
                    -0.012099966406822205,
                    0.9998924136161804
                ]
            ]
        }
    }
}