{
    "nextto": {
        "reception_desk_kjmhgc_1": [
            [
                -1.6693426609039306,
                4.184385204315185,
                0
            ]
        ],
        "tenderloin_gbyqap_1": [
            [
                -1.6693426609039306,
                3.6122653007507326,
                1.5707963267948966
            ]
        ],
        "oven_wuinhm_1": [
            [
                -1.6693426609039306,
                4.24159719467163,
                0
            ]
        ],
        "breakfast_table_skczfi_0": [
            [
                -2.374724917411804,
                6.710224695205688,
                0
            ]
        ],
        "table_lamp_ehjsdz_1": [
            [
                -2.374724917411804,
                6.710224695205688,
                0
            ]
        ]
    },
    "ontop": {
        "tenderloin_gbyqap_1": {
            "breakfast_table_skczfi_0": [
                [
                    -0.6646485328674316,
                    7.8497161865234375,
                    0.8332549333572388
                ],
                [
                    -0.008247549645602703,
                    0.010251971893012524,
                    -0.012506437487900257,
                    0.9998352527618408
                ]
            ]
        }
    },
    "inside": {}
}