{
    "nextto": {
        "reception_desk_kjmhgc_1": [
            [
                1.0864282512664796,
                -12.416672859191895,
                0
            ]
        ],
        "prosciutto_udjqae_1": [
            [
                1.7032283306121827,
                -12.339572849273683,
                0
            ]
        ],
        "stove_kfhkqp_1": [
            [
                2.16582839012146,
                -9.718172512054444,
                0
            ]
        ],
        "breakfast_table_dnsjnv_0": [
            -5.071042537689209,
            -5.203820705413818,
            6.260641098022461
        ]
    },
    "ontop": {
        "prosciutto_udjqae_1": {
            "breakfast_table_dnsjnv_0": [
                [
                    -4.7421674728393555,
                    -5.983610153198242,
                    0.5436514616012573
                ],
                [
                    -0.0034126853570342064,
                    0.0076623293571174145,
                    -0.09402669966220856,
                    0.9955343008041382
                ]
            ]
        }
    },
    "inside": {}
}