{
    "nextto": {
        "phonograph_record_reunea_1": [
            [
                0.1987853312492373,
                0.0946087259054184,
                0
            ]
        ],
        "shelf_iwziew_1": [
            [
                -0.823170711994171,
                1.902684802412987,
                0
            ]
        ],
        "jukebox_nijgrl_1": [
            [
                0.5497868251800536,
                7.119198617935181,
                0
            ]
        ]
    },
    "ontop": {
        "phonograph_record_reunea_1": {
            "shelf_iwziew_1": [
                [
                    0.9089288711547852,
                    1.7487844228744507,
                    0.5093680024147034
                ],
                [
                    0.040478069335222244,
                    0.016233259811997414,
                    0.9273064136505127,
                    -0.3717535734176636
                ]
            ]
        }
    },
    "inside": {}
}