{
    "nextto": {
        "shelf_iwziew_1": [
            [
                -1.4256998443603517,
                9.0181201171875,
                0
            ]
        ],
        "carton_hhlmbi_1": [
            [
                -2.3215996551513673,
                9.0181201171875,
                0
            ]
        ],
        "chestnut_fmomat_1": [
            [
                -2.278099768161774,
                0.5883198881149294,
                0
            ]
        ],
        "desk_cnewsu_1": [
            [
                2.261350290775299,
                2.934669315814972,
                0
            ]
        ]
    },
    "ontop": {
        "carton_hhlmbi_1": {
            "desk_cnewsu_1": [
                [
                    4.514594078063965,
                    3.667449474334717,
                    0.7617007493972778
                ],
                [
                    0.0054556140676140785,
                    -0.0005221429164521396,
                    -0.07556292414665222,
                    0.9971259832382202
                ]
            ]
        }
    },
    "inside": {
        "chestnut_fmomat_1": {
            "carton_hhlmbi_1": [
                [
                    -2.131316661834717,
                    9.581493377685547,
                    0.5207555890083313
                ],
                [
                    0.7274230122566223,
                    0.2874668836593628,
                    0.008354950696229935,
                    0.6230159401893616
                ]
            ]
        }
    }
}