{"shelf_owvfik_4": [-2.8939318656921387, 8.520084381103516, 0.038667917251586914], "textbook_nloqia_1": [-0.967399685382843, 7.726919400691986, 0], "shelf_side_yujrmw_1": [-1.6612997651100159, 3.5952199029922487, 0], "broom_tpyvbt_1": [-0.5818997597694398, 3.4410199022293093, 0], "storage_organizer_hmygav_1": [-1.8591997528076174, 9.0181201171875, 0], "armchair_bslhmj_0": [2.6129565238952637, -1.3076462745666504, 1.376275897026062], "armchair_vzhxuf_0": [1.8837496042251587, -0.19157090783119202, 5.972771644592285], "bed_zrumze_0": [4.193188190460205, -0.5685840845108032, 0.7147061824798584], "bottom_cabinet_immwzb_0": [0.8048629760742188, -0.10041455924510956, 6.24448299407959], "bottom_cabinet_nyfebf_0": [0.8876011371612549, 2.2070393562316895, 5.935642719268799], "breakfast_table_dnsjnv_0": [4.36063814163208, 6.234725475311279, 1.3137006759643555], "cedar_chest_fwstpx_0": null, "piano_bnxcvw_0": [-2.5374341011047363, 5.723094463348389, 2.9430599212646484], "pot_plant_udqjui_0": [4.7899346351623535, 7.517602920532227, 0.8767635822296143], "shelf_owvfik_0": [-0.251315176486969, 6.743334770202637, 5.156020641326904], "shelf_owvfik_1": [4.927114963531494, 9.095917701721191, 5.693662166595459], "shelf_owvfik_2": [3.0156326293945312, -1.498016357421875, 0.5854480266571045], "loudspeaker_snbvop_0": [4.539888858795166, 8.571694374084473, 4.659894943237305], "loudspeaker_snbvop_1": [4.366161823272705, 9.728839874267578, 0.5252997875213623], "standing_tv_udotid_0": [4.6870646476745605, 10.79382038116455, 4.225587368011475], "straight_chair_amgwaw_0": [-2.0627024173736572, 5.78447961807251, 1.9016003608703613], "straight_chair_amgwaw_1": [3.9975109100341797, 7.822851657867432, 0.4123246669769287], "straight_chair_amgwaw_2": [4.294005393981934, 6.585714817047119, 3.310429096221924], "trash_can_wklill_0": [0.5838390588760376, -1.2202128171920776, 0.33708620071411133], "trash_can_zotrbg_0": [2.9061639308929443, 4.64238166809082, 5.519738674163818], "bottom_cabinet_dajebq_0": [-2.668445110321045, 3.91768741607666, 1.6687018871307373], "bottom_cabinet_no_top_vdedzt_0": [-0.12965616583824158, 8.390320777893066, 5.135845184326172], "breakfast_table_skczfi_0": [-2.747835636138916, -2.8025596141815186, 0.0960228443145752], "countertop_tpuwys_0": [-4.099020004272461, 8.165475845336914, 0.10983586311340332], "countertop_tpuwys_1": [-3.7384698390960693, 9.005053520202637, 4.34619665145874], "countertop_tpuwys_2": [-2.1015026569366455, 8.821139335632324, 3.032475233078003], "clothes_dryer_zlmnfg_0": [-0.42406463623046875, -1.315500259399414, 0.7209203243255615], "electric_switch_wseglt_0": [-2.306713581085205, 3.8495185375213623, 2.7810170650482178], "electric_switch_wseglt_1": [2.8328652381896973, 3.403611660003662, 5.894496440887451], "electric_switch_wseglt_2": [2.5425593852996826, 3.9038727283477783, 0.46207547187805176], "electric_switch_wseglt_3": [3.0311055183410645, 5.597683429718018, 4.515052795410156], "electric_switch_wseglt_4": [0.927096962928772, 8.037884712219238, 0.2882862091064453], "electric_switch_wseglt_5": [0.41128629446029663, 8.868656158447266, 3.3501009941101074], "electric_switch_wseglt_6": [1.1598485708236694, 7.702388286590576, 1.4771602153778076], "mirror_pevdqu_0": [4.330414772033691, 3.845036506652832, 5.939672470092773], "picture_fanvpf_0": [5.114439964294434, 7.945990562438965, 4.420399188995361], "picture_fhkzlm_0": [1.1221442222595215, 0.996330976486206, 1.181915044784546], "picture_gwricv_0": [1.2597957849502563, 1.1258938312530518, 4.766729831695557], "picture_qjkajj_0": [4.494668960571289, 8.180059432983398, 0.2819962501525879], "picture_szpupz_0": [4.149166107177734, 6.3000054359436035, 1.3300871849060059], "picture_weqggl_0": [1.1273622512817383, 5.677569389343262, 0.6125209331512451], "picture_yrgaal_0": [1.4052015542984009, 2.239651918411255, 3.179595470428467], "shelf_owvfik_3": [-0.9870323538780212, 8.768376350402832, 4.624325752258301], "shower_stall_invgma_0": [3.4335107803344727, 5.137809753417969, 0.9779021739959717], "sink_xiybkb_0": [4.625483512878418, 4.527304172515869, 5.3389811515808105], "sofa_mnfbbh_0": [1.4417624473571777, 6.437697887420654, 1.2680171728134155], "sofa_mnfbbh_1": [3.448533058166504, -1.1988277435302734, 1.8253124952316284], "toilet_kfmkbm_0": [3.5385818481445312, 3.4416656494140625, 2.0100600719451904], "towel_rack_kqrmrh_0": [2.627448558807373, 6.332475662231445, 5.760528087615967], "washer_omeuop_0": [0.13450977206230164, -0.6732392907142639, 2.401670455932617], "Light_test": null, "robot0": null}