{
    "nextto": {
        "countertop_zkhelh_1": [
            [
                1.4719283008575441,
                -9.949472541809083,
                0
            ]
        ],
        "chanterelle_rwntzn_1": [
            [
                1.6261283206939698,
                -12.339572849273683,
                0
            ]
        ],
        "electric_cauldron_qmdgct_1": [
            [
                6.694430098533631,
                2.794723811149597,
                0
            ]
        ],
        "sauna_heater_etqusf_1": [
            [
                6.694430098533631,
                2.794723811149597,
                0
            ]
        ]
    },
    "ontop": {},
    "inside": {
        "chanterelle_rwntzn_1": {
            "electric_cauldron_qmdgct_1": [
                [
                    7.357176303863525,
                    3.455009698867798,
                    0.42892083525657654
                ],
                [
                    -0.40775737166404724,
                    0.26816439628601074,
                    -0.440535306930542,
                    0.7534921765327454
                ]
            ]
        }
    }
}