{
    "nextto": {
        "shelf_iwziew_1": [
            [
                -2.1238997673988345,
                0.7425198888778688,
                0
            ]
        ],
        "water_bottle_ackxiy_1": [
            [
                -2.0467997670173643,
                0.6654198884963991,
                0
            ]
        ],
        "washer_omeuop_0": [
            0.2285478413105011,
            -1.0373682975769043,
            5.120446681976318
        ]
    },
    "ontop": {},
    "inside": {
        "water_bottle_ackxiy_1": {
            "washer_omeuop_0": [
                [
                    -0.09851585328578949,
                    -1.0814188718795776,
                    0.15175363421440125
                ],
                [
                    -0.004998650401830673,
                    0.004576863255351782,
                    -0.0010034991428256035,
                    0.9999764561653137
                ]
            ]
        }
    }
}