{
    "nextto": {
        "reception_desk_kjmhgc_1": [
            [
                -2.3215996551513673,
                9.0181201171875,
                0
            ]
        ],
        "green_onion_ljynzg_1": [
            [
                -1.8302997589111327,
                9.336020050048829,
                0
            ]
        ],
        "breakfast_table_uhrsex_1": [
            [
                -2.3215996551513673,
                9.0181201171875,
                0
            ]
        ],
        "microwave_abzvij_1": [
            [
                0.539499740600586,
                9.0181201171875,
                1.5707963267948966
            ]
        ],
        "plate_qtfzeq_1": [
            [
                -2.3215996551513673,
                9.0181201171875,
                0
            ]
        ]
    },
    "ontop": {
        "green_onion_ljynzg_1": {
            "plate_qtfzeq_1": [
                [
                    -1.7491443157196045,
                    9.363271713256836,
                    0.464906245470047
                ],
                [
                    0.10301139950752258,
                    -0.21439599990844727,
                    -0.4784146547317505,
                    0.8453060984611511
                ]
            ]
        }
    },
    "inside": {}
}