{
    "nextto": {
        "reception_desk_kjmhgc_1": [
            [
                -1.6693426609039306,
                3.3834173393249514,
                0
            ]
        ],
        "lasagna_eovigz_1": [
            [
                -1.4977066898345945,
                4.584869136810302,
                0
            ]
        ],
        "microwave_abzvij_1": [
            [
                -2.298674554824829,
                2.6396614646911623,
                0
            ]
        ],
        "breakfast_table_skczfi_0": [
            -2.9182393550872803,
            7.397664546966553,
            1.0027625560760498
        ]
    },
    "ontop": {
        "lasagna_eovigz_1": {
            "breakfast_table_skczfi_0": [
                [
                    -1.2615891695022583,
                    8.074358940124512,
                    0.8220654726028442
                ],
                [
                    -0.009803315624594688,
                    7.0204958319664e-05,
                    -0.007053505629301071,
                    0.9999270439147949
                ]
            ]
        }
    },
    "inside": {}
}