{
    "nextto": {
        "flat_bench_iisaia_1": [
            [
                -1.429999659061432,
                5.568119523525238,
                0
            ]
        ],
        "phonograph_record_reunea_1": [
            [
                -1.1215996766090393,
                6.416219475269318,
                0
            ]
        ],
        "vacuum_bdmsbr_1": [
            [
                1.573749966621399,
                4.40846914768219,
                1.5707963267948966
            ]
        ],
        "piano_bnxcvw_0": [
            -2.203202962875366,
            5.333082675933838,
            4.033288955688477
        ]
    },
    "ontop": {
        "phonograph_record_reunea_1": {
            "piano_bnxcvw_0": [
                [
                    -2.370836019515991,
                    5.959391117095947,
                    0.8011385798454285
                ],
                [
                    0.028327342122793198,
                    -0.033163364976644516,
                    0.6487035155296326,
                    0.7597902417182922
                ]
            ]
        }
    },
    "inside": {}
}