{
    "nextto": {
        "reception_desk_kjmhgc_1": [
            [
                -2.298674554824829,
                2.6396614646911623,
                0
            ]
        ],
        "pork_ihekpm_1": [
            [
                -2.298674554824829,
                2.7540854454040526,
                0
            ]
        ],
        "stove_rgpphy_0": [
            0.006539523601531982,
            6.36854887008667,
            6.104629039764404
        ],
        "breakfast_table_skczfi_0": [
            0.06766241788864136,
            7.61625862121582,
            6.103214263916016
        ]
    },
    "ontop": {
        "pork_ihekpm_1": {
            "breakfast_table_skczfi_0": [
                [
                    -0.7549890875816345,
                    7.818100929260254,
                    0.8232643008232117
                ],
                [
                    0.01174026820808649,
                    0.000625239685177803,
                    -0.018682440742850304,
                    0.9997563362121582
                ]
            ]
        }
    },
    "inside": {}
}