{"soccer_ball_ikagkc_1": [4.667659215927125, 8.33584273338318, 0], "shelf_iwziew_1": [-0.43011069536209107, 1.8240727990865708, 0], "comic_book_nekxsh_1": [-0.037050678730010736, 1.8240727990865708, 0], "periodic_table_mhwwtu_1": [3.552203228473663, 1.5476521933078768, 0], "armchair_bslhmj_0": [5.233798503875732, 6.459035873413086, 4.2546610832214355], "armchair_qplklw_0": [-0.08832599967718124, 8.478734016418457, 4.6607666015625], "armchair_qplklw_1": [-1.0968775749206543, 7.60146951675415, 2.6069719791412354], "armchair_qplklw_2": [-0.9659119248390198, 7.52006196975708, 2.53230619430542], "armchair_qplklw_3": [-1.564084529876709, 8.076102256774902, 2.842193365097046], "armchair_tcxiue_0": [1.0302597284317017, -1.1150225400924683, 0.2981698513031006], "hamper_clziqw_0": [1.7177278995513916, -1.8439170122146606, 1.1408002376556396], "hamper_wdsnjy_0": [0.8043752908706665, -1.1460579633712769, 5.951080322265625], "bed_zrumze_0": [-3.6642205715179443, -0.15122437477111816, 0.1987292766571045], "bed_zrumze_1": [3.916337490081787, -2.0552139282226562, 0.39709997177124023], "bottom_cabinet_bamfsz_0": [-1.862480878829956, -1.9293338060379028, 1.2279115915298462], "bottom_cabinet_dajebq_0": [0.36986854672431946, 1.5109413862228394, 3.901928186416626], "bottom_cabinet_jhymlr_0": [0.21707884967327118, 9.323156356811523, 0.7700498104095459], "bottom_cabinet_jrhgeu_0": [2.103285551071167, -0.1974620819091797, 1.7262572050094604], "bottom_cabinet_jrhgeu_1": [1.0269960165023804, 0.4158611297607422, 0.28929853439331055], "bottom_cabinet_slgzfc_0": [4.228078842163086, -1.6247931718826294, 1.046872615814209], "bottom_cabinet_slgzfc_1": [4.566659927368164, 1.4474042654037476, 4.384678363800049], "breakfast_table_skczfi_0": [-3.01115083694458, 7.183899402618408, 0.2154703140258789], "coffee_table_fqluyq_0": [4.259260654449463, 7.8870391845703125, 1.7154991626739502], "floor_lamp_vdxlda_0": [4.632328510284424, 9.594952583312988, 5.201725482940674], "floor_lamp_vdxlda_1": [4.593353748321533, 6.036668300628662, 0.9991171360015869], "pot_plant_udqjui_0": [1.180206060409546, -0.9382810592651367, 0.5518734455108643], "pot_plant_udqjui_1": [-2.1593637466430664, 8.790380477905273, 5.146392822265625], "pot_plant_udqjui_2": [4.772401332855225, 7.7439351081848145, 4.827710151672363], "sofa_xhxdqf_0": [3.2648165225982666, 8.456791877746582, 5.047136306762695], "ottoman_xcmniq_0": null, "table_lamp_xbfgjc_0": [-0.8585169315338135, -1.9518202543258667, 2.0713460445404053], "table_lamp_xbfgjc_1": [4.731044292449951, 1.2926312685012817, 0.7688958644866943], "table_lamp_xbfgjc_2": [4.555276393890381, -1.5370630025863647, 2.1514596939086914], "table_lamp_xbfgjc_3": [1.3054614067077637, 0.789289116859436, 0.8939516544342041], "trash_can_zotrbg_0": [-0.7577133774757385, 3.6465179920196533, 6.250638008117676], "trash_can_zotrbg_1": [2.386286973953247, 4.509618759155273, 5.215869903564453], "bathtub_fdjykf_0": [4.383883953094482, 1.9665480852127075, 1.7431198358535767], "bottom_cabinet_slgzfc_2": [-2.7980728149414062, 5.988680362701416, 0.1838817596435547], "bottom_cabinet_slgzfc_3": [-2.7986364364624023, 6.178532600402832, 4.112863063812256], "bottom_cabinet_slgzfc_4": [-2.736386775970459, 4.214056968688965, 4.317353248596191], "dishwasher_dngvvi_0": [-1.6163198947906494, 3.9923877716064453, 1.751618504524231], "electric_switch_wseglt_0": [-1.807422399520874, 7.0815510749816895, 4.865910530090332], "electric_switch_wseglt_1": [-2.1827259063720703, 2.0806121826171875, 4.607030391693115], "electric_switch_wseglt_10": [1.1082096099853516, 6.06962776184082, 1.157479166984558], "electric_switch_wseglt_11": [2.4671783447265625, 5.4932756423950195, 2.6311838626861572], "electric_switch_wseglt_12": [0.8370893597602844, 5.698318958282471, 5.867835998535156], "electric_switch_wseglt_13": [1.2023521661758423, 2.13684344291687, 1.5356230735778809], "electric_switch_wseglt_14": [1.4038633108139038, 5.504462242126465, 1.7915315628051758], "electric_switch_wseglt_15": [0.20402701199054718, 8.367331504821777, 1.8055497407913208], "electric_switch_wseglt_2": [-0.13328373432159424, 1.6345219612121582, 0.7919955253601074], "electric_switch_wseglt_3": [1.1215239763259888, 2.3434319496154785, 5.258340835571289], "electric_switch_wseglt_4": [3.0060808658599854, 2.8233706951141357, 4.702237129211426], "electric_switch_wseglt_5": [2.3996174335479736, 3.6367850303649902, 4.933750629425049], "electric_switch_wseglt_6": [2.6436798572540283, 2.813828468322754, 1.8427910804748535], "electric_switch_wseglt_7": [0.051132090389728546, 1.8516316413879395, 1.5440033674240112], "electric_switch_wseglt_8": [-2.1148533821105957, 5.9519219398498535, 0.7168502807617188], "electric_switch_wseglt_9": [0.2444695681333542, 3.588749408721924, 1.9542237520217896], "fridge_xyejdx_0": [-1.263643741607666, 4.096992492675781, 5.501554489135742], "mirror_pevdqu_0": [5.076112270355225, 5.951089859008789, 4.361004829406738], "mirror_pevdqu_1": [4.583517074584961, 2.919490098953247, 0.7007434368133545], "picture_cltbty_0": [-0.967553973197937, 2.524034261703491, 6.112076759338379], "picture_etixod_0": [4.2323527336120605, 9.893959045410156, 1.3332821130752563], "picture_fanvpf_0": [1.2091362476348877, -1.0184818506240845, 1.322013258934021], "picture_fhkzlm_0": [-2.3678290843963623, 8.809593200683594, 4.520439147949219], "picture_gwricv_0": [0.6289696097373962, 6.173959732055664, 1.8159602880477905], "picture_hhxttu_0": [5.001345634460449, -0.6170857548713684, 5.293742656707764], "picture_jpfyrq_0": [4.868237018585205, 1.6656670570373535, 5.0589823722839355], "picture_lucjyq_0": [5.194064617156982, -0.42727547883987427, 3.285710573196411], "picture_qavxsz_0": [-0.15651004016399384, 1.694751501083374, 4.703189849853516], "picture_qjkajj_0": [1.1868031024932861, 0.7564743757247925, 0.9663774967193604], "picture_qtvjzk_0": [4.495543956756592, -2.0361592769622803, 1.8426775932312012], "picture_rciuob_0": [1.5001181364059448, 1.5684279203414917, 3.785667657852173], "picture_szpupz_0": [1.387270450592041, 1.959028720855713, 2.224743366241455], "picture_tlwjpv_0": [0.6306857466697693, -0.11939212679862976, 5.667073726654053], "picture_weqggl_0": [-2.204195976257324, 6.390789985656738, 5.52056884765625], "picture_wfdvzv_0": [2.993067502975464, -1.8133407831192017, 3.1785168647766113], "picture_yrgaal_0": [5.199723243713379, 8.723109245300293, 2.7350525856018066], "picture_ytxhyl_0": [-2.487617015838623, -0.9224299192428589, 3.5904672145843506], "picture_zsirgc_0": [1.0865790843963623, -0.11159791797399521, 0.4826040267944336], "shelf_owvfik_0": [-0.63807213306427, 3.8593568801879883, 1.7372280359268188], "shelf_vgzdul_0": [-0.3044484853744507, 5.4014081954956055, 0.08226823806762695], "sink_czyfhq_0": [-2.7487339973449707, 4.249359607696533, 2.233574151992798], "sink_xiybkb_0": [4.4013285636901855, 3.155658721923828, 1.7189247608184814], "stove_rgpphy_0": [-0.5668795108795166, 5.155882358551025, 6.120306015014648], "toilet_kfmkbm_0": [4.050741672515869, 5.010992050170898, 5.284890651702881], "top_cabinet_dmwxyl_0": null, "top_cabinet_dmwxyl_1": [-2.025393009185791, 5.668874740600586, 3.8192505836486816], "top_cabinet_fqhdne_0": [2.7830774784088135, 4.574041843414307, 2.47690749168396], "towel_rack_kqrmrh_0": null, "Light_test": null, "robot0": null}