{"clothes_dryer_zlmnfg_0": [0.22725790739059448, -2.1065621376037598, 0.06372427940368652], "packing_box_cjhskr_1": [3.5887503814697266, 3.6040696001052854, 0], "shelf_iwziew_1": [-0.18300010681152337, 9.0181201171875, 0], "armchair_bslhmj_0": [2.2475547790527344, -0.5090293884277344, 1.9975639581680298], "armchair_vzhxuf_0": [1.010716438293457, -0.4464770257472992, 1.52521812915802], "bed_zrumze_0": [4.959490776062012, 1.5686873197555542, 0.6866388320922852], "bottom_cabinet_immwzb_0": [1.3834203481674194, -0.0330357700586319, 5.850701808929443], "bottom_cabinet_nyfebf_0": [2.1909894943237305, 1.6919505596160889, 1.7359696626663208], "breakfast_table_dnsjnv_0": [4.405274868011475, 6.878018856048584, 4.58897066116333], "cedar_chest_fwstpx_0": null, "piano_bnxcvw_0": [-2.995877265930176, 6.032779693603516, 5.324605941772461], "pot_plant_udqjui_0": [4.0928497314453125, 8.395063400268555, 0.012117624282836914], "shelf_owvfik_0": [-0.47598862648010254, 4.9801530838012695, 0.8846125602722168], "shelf_owvfik_1": [3.8617331981658936, 9.354132652282715, 5.559124946594238], "shelf_owvfik_2": [2.782264471054077, -1.1608963012695312, 5.165011882781982], "loudspeaker_snbvop_0": [4.750146865844727, 8.297124862670898, 1.9136762619018555], "loudspeaker_snbvop_1": [3.97934627532959, 9.990289688110352, 6.124034404754639], "standing_tv_udotid_0": [4.608460903167725, 8.658746719360352, 4.808496952056885], "straight_chair_amgwaw_0": [-2.2847628593444824, 6.187875270843506, 5.294199466705322], "straight_chair_amgwaw_1": [3.788029432296753, 8.017815589904785, 0.49896812438964844], "straight_chair_amgwaw_2": [3.592491865158081, 6.80289363861084, 5.923069953918457], "trash_can_wklill_0": [1.1027650833129883, -0.5377194881439209, 3.9083240032196045], "trash_can_zotrbg_0": [3.001840591430664, 4.3875627517700195, 5.628326416015625], "bottom_cabinet_dajebq_0": [-3.2085940837860107, 4.91060733795166, 5.544857025146484], "bottom_cabinet_no_top_vdedzt_0": [-1.0454130172729492, 8.250834465026855, 0.44181275367736816], "breakfast_table_skczfi_0": [-2.43435001373291, 1.1028345823287964, 0.44584012031555176], "countertop_tpuwys_0": [-2.8211798667907715, 8.54262924194336, 0.8704550266265869], "countertop_tpuwys_1": [-4.151561260223389, 8.692869186401367, 5.3447489738464355], "countertop_tpuwys_2": [-0.5038875341415405, 8.348001480102539, 5.788904190063477], "electric_switch_wseglt_0": [-2.781163215637207, 3.522132396697998, 1.1286284923553467], "electric_switch_wseglt_1": [3.6035056114196777, 3.5307486057281494, 3.8686959743499756], "electric_switch_wseglt_2": [2.150411605834961, 4.4015021324157715, 5.556164741516113], "electric_switch_wseglt_3": [3.1677236557006836, 4.983089923858643, 2.6901187896728516], "electric_switch_wseglt_4": [0.7818174958229065, 8.586819648742676, 5.553515911102295], "electric_switch_wseglt_5": [-0.31147053837776184, 8.365734100341797, 0.7924988269805908], "electric_switch_wseglt_6": [1.425567626953125, 7.702166557312012, 2.077338457107544], "mirror_pevdqu_0": [4.608940601348877, 4.286554336547852, 4.72459077835083], "picture_fanvpf_0": [4.413577079772949, 7.099979877471924, 5.849542617797852], "picture_fhkzlm_0": [1.5922678709030151, 1.4597654342651367, 2.1854138374328613], "picture_gwricv_0": [0.6667275428771973, 0.5452951788902283, 6.076481819152832], "picture_qjkajj_0": [4.941234588623047, 8.793608665466309, 4.83292818069458], "picture_szpupz_0": [3.3283493518829346, 6.304553508758545, 0.16211724281311035], "picture_weqggl_0": [1.3662306070327759, 6.5505571365356445, 4.461334705352783], "picture_yrgaal_0": [1.0165934562683105, 2.6639060974121094, 5.295292377471924], "shelf_owvfik_3": [-2.839251756668091, 8.730301856994629, 3.6391096115112305], "shelf_owvfik_4": [-0.14979736506938934, 8.537846565246582, 5.566867828369141], "shower_stall_invgma_0": [3.608132839202881, 6.891674995422363, 6.2350358963012695], "sink_xiybkb_0": [4.007079601287842, 3.640425443649292, 0.2930896282196045], "sofa_mnfbbh_0": [1.9171981811523438, 6.7001447677612305, 2.2536780834198], "sofa_mnfbbh_1": [4.140759468078613, -2.749952554702759, 0.6121327877044678], "toilet_kfmkbm_0": [3.2759997844696045, 4.143611431121826, 3.110417604446411], "towel_rack_kqrmrh_0": [3.727752447128296, 5.948360919952393, 1.7880291938781738], "washer_omeuop_0": [-0.5080749988555908, -2.23154616355896, 1.0007293224334717], "Light_test": null, "robot0": null}