{
    "nextto": {
        "reception_desk_kjmhgc_1": [
            [
                -2.298674554824829,
                2.6396614646911623,
                0
            ]
        ],
        "bell_pepper_ukkycp_1": [
            [
                -2.298674554824829,
                2.811297435760498,
                0
            ]
        ],
        "toaster_oven_ctrngh_1": [
            [
                -1.6693426609039306,
                5.09977705001831,
                0
            ]
        ],
        "breakfast_table_skczfi_0": [
            [
                -2.374724917411804,
                6.710224695205688,
                0
            ]
        ],
        "casserole_ncbsee_1": [
            [
                -2.374724917411804,
                6.710224695205688,
                0
            ]
        ]
    },
    "ontop": {},
    "inside": {
        "bell_pepper_ukkycp_1": {
            "casserole_ncbsee_1": [
                [
                    -1.4913188219070435,
                    7.617447853088379,
                    0.8659353852272034
                ],
                [
                    -0.050414279103279114,
                    -0.01026261318475008,
                    -0.00862967874854803,
                    0.9986383318901062
                ]
            ]
        }
    }
}