{
    "nextto": {
        "coffee_table_qlmqyy_1": [
            [
                -4.781496000289916,
                -8.372413587570191,
                0
            ]
        ],
        "electric_kettle_hkdsla_1": [
            [
                -4.358305978775024,
                -8.964879617691041,
                0
            ]
        ],
        "shelf_owvfik_1": [
            [
                -6.643532094955444,
                -7.272119531631469,
                0
            ]
        ],
        "water_glass_lvqgvn_1": [
            [
                -6.643532094955444,
                -7.272119531631469,
                0
            ]
        ],
        "sauna_heater_etqusf_1": [
            [
                6.694430098533631,
                2.794723811149597,
                0
            ]
        ]
    },
    "ontop": {
        "water_glass_lvqgvn_1": {
            "coffee_table_qlmqyy_1": [
                [
                    -2.697906017303467,
                    -8.783018112182617,
                    0.4731582701206207
                ],
                [
                    -7.762594032101333e-05,
                    -0.00014138352707959712,
                    -0.010569685138761997,
                    0.9999440312385559
                ]
            ]
        }
    },
    "inside": {}
}