{
    "nextto": {
        "reception_desk_kjmhgc_1": [
            [
                2.16582839012146,
                -9.718172512054444,
                0
            ]
        ],
        "muffin_upcxno_1": [
            [
                3.2452285289764404,
                -9.64107250213623,
                0
            ]
        ],
        "cooler_pnkiag_1": [
            [
                0.9322282314300537,
                -10.103672561645508,
                0
            ]
        ]
    },
    "ontop": {},
    "inside": {
        "muffin_upcxno_1": {
            "cooler_pnkiag_1": [
                [
                    3.141819715499878,
                    -9.616880416870117,
                    0.11364240199327469
                ],
                [
                    0.003599993884563446,
                    -0.00011590402573347092,
                    -0.016870567575097084,
                    0.9998511672019958
                ]
            ]
        }
    }
}