{
    "nextto": {
        "coffee_table_fqluyq_0": [
            [
                2.0471949672698972,
                7.306374635696411,
                0
            ]
        ],
        "chocolate_cake_wpeesw_1": [
            [
                2.0471949672698972,
                7.306374635696411,
                0
            ]
        ],
        "cooler_pnkiag_1": [
            [
                -2.298674554824829,
                2.6396614646911623,
                0
            ]
        ]
    },
    "ontop": {},
    "inside": {
        "chocolate_cake_wpeesw_1": {
            "cooler_pnkiag_1": [
                [
                    -1.0485512018203735,
                    4.044467926025391,
                    0.12268850207328796
                ],
                [
                    0.008960448205471039,
                    -0.009563877247273922,
                    -0.0061963400803506374,
                    0.9998948574066162
                ]
            ]
        }
    }
}