{"desk_cnewsu_1": [2.414150288105011, 2.4762693238258366, 0], "notebook_aanuhi_1": [2.414150288105011, 3.393069307804108, 0], "jigsaw_puzzle_piece_moneds_1": [-2.2009996151924134, 7.726919400691986, 0], "coffee_table_qlmqyy_1": [2.6433500146865847, 8.534069333076477, 0], "armchair_bslhmj_0": [1.4137483835220337, -1.9639073610305786, 6.132498264312744], "armchair_vzhxuf_0": [0.5858046412467957, -0.36582818627357483, 6.049251079559326], "bed_zrumze_0": [3.3211498260498047, 0.7192567586898804, 0.4925992488861084], "bottom_cabinet_immwzb_0": [1.0717867612838745, -0.0008768662810325623, 5.940870761871338], "bottom_cabinet_nyfebf_0": [1.3307698965072632, 1.413906455039978, 4.818557262420654], "breakfast_table_dnsjnv_0": null, "cedar_chest_fwstpx_0": [4.11856746673584, 1.9402074813842773, 1.0531795024871826], "piano_bnxcvw_0": [-2.0291969776153564, 5.707167148590088, 1.3814587593078613], "pot_plant_udqjui_0": [4.474590301513672, 6.212066650390625, 5.199598789215088], "shelf_owvfik_0": null, "shelf_owvfik_1": [4.282114505767822, 7.881434917449951, 0.349916934967041], "shelf_owvfik_2": [3.5032646656036377, -1.3401927947998047, 5.574893951416016], "loudspeaker_snbvop_0": [4.562438011169434, 8.544046401977539, 5.744701385498047], "loudspeaker_snbvop_1": [4.290924072265625, 10.098152160644531, 0.17460203170776367], "standing_tv_udotid_0": [4.807861328125, 8.332329750061035, 4.099703311920166], "straight_chair_amgwaw_0": [-1.8668179512023926, 6.016253471374512, 0.09924054145812988], "straight_chair_amgwaw_1": [3.522784948348999, 8.433026313781738, 5.89726448059082], "straight_chair_amgwaw_2": [3.9825901985168457, 6.700471878051758, 5.846799373626709], "trash_can_wklill_0": [1.1126543283462524, -0.6334719657897949, 3.1789703369140625], "trash_can_zotrbg_0": [2.757356882095337, 4.342833042144775, 5.438259601593018], "bottom_cabinet_dajebq_0": [-2.2824976444244385, 5.507166385650635, 3.1972827911376953], "bottom_cabinet_no_top_vdedzt_0": [0.03866329789161682, 8.028665542602539, 0.5688998699188232], "breakfast_table_skczfi_0": [-2.5118188858032227, 1.6881506443023682, 5.17353630065918], "countertop_tpuwys_0": [-2.4567205905914307, 8.255085945129395, 5.574878215789795], "countertop_tpuwys_1": [-1.1500991582870483, 8.609208106994629, 1.876049518585205], "countertop_tpuwys_2": [-3.9083187580108643, 8.229829788208008, 1.5471519231796265], "clothes_dryer_zlmnfg_0": [-0.19389429688453674, -1.4022679328918457, 4.113882541656494], "electric_switch_wseglt_0": [-2.7801856994628906, 4.272466659545898, 5.315536975860596], "electric_switch_wseglt_1": [3.4046642780303955, 3.3224031925201416, 3.4610064029693604], "electric_switch_wseglt_2": [2.569641590118408, 4.357747554779053, 5.192807197570801], "electric_switch_wseglt_3": [2.9795303344726562, 5.089550971984863, 1.8479050397872925], "electric_switch_wseglt_4": [1.1267271041870117, 8.821228981018066, 4.931454181671143], "electric_switch_wseglt_5": [0.24725985527038574, 8.891340255737305, 3.6682069301605225], "electric_switch_wseglt_6": [1.0375213623046875, 8.202288627624512, 0.5865457057952881], "mirror_pevdqu_0": [4.204718589782715, 4.379548072814941, 0.16260790824890137], "picture_fanvpf_0": [4.855405807495117, 7.7458319664001465, 0.9196910858154297], "picture_fhkzlm_0": [1.1875817775726318, 1.3681578636169434, 1.3300261497497559], "picture_gwricv_0": [1.1676158905029297, 1.0508118867874146, 4.922922611236572], "picture_qjkajj_0": [4.861396789550781, 7.249420166015625, 1.1296546459197998], "picture_szpupz_0": [3.531562089920044, 5.992834091186523, 1.4173574447631836], "picture_weqggl_0": [0.9783375263214111, 6.567446231842041, 0.38846874237060547], "picture_yrgaal_0": [0.9375559091567993, 2.759143352508545, 1.023319959640503], "shelf_owvfik_3": [-2.5424389839172363, 8.76573371887207, 0.5826325416564941], "shelf_owvfik_4": [-0.8817154169082642, 9.07600212097168, 5.376514434814453], "shower_stall_invgma_0": [5.088588237762451, 6.713093280792236, 2.6908884048461914], "sink_xiybkb_0": [4.105618000030518, 4.354521751403809, 4.9760918617248535], "sofa_mnfbbh_0": [0.8145281672477722, 7.4922966957092285, 1.5930421352386475], "sofa_mnfbbh_1": [3.006470203399658, -0.10434074699878693, 5.795952796936035], "toilet_kfmkbm_0": [3.7602286338806152, 5.328508377075195, 4.188445091247559], "towel_rack_kqrmrh_0": [2.490220069885254, 6.6043701171875, 5.443462371826172], "washer_omeuop_0": [-0.40615344047546387, -0.20674389600753784, 3.8017337322235107], "Light_test": null, "robot0": null}