{
    "nextto": {
        "sofa_xhxdqf_0": [
            [
                4.667659215927125,
                8.055078706741334,
                0
            ]
        ],
        "security_camera_tiscsa_1": [
            [
                4.667659215927125,
                8.055078706741334,
                0
            ]
        ],
        "air_conditioner_pekain_1": [
            [
                1.998203423023224,
                -1.0164474856853485,
                0
            ]
        ],
        "electric_mixer_qornxa_1": [
            [
                -2.298674554824829,
                3.15456937789917,
                0
            ]
        ],
        "coffee_table_fqluyq_0": [
            3.3084940910339355,
            6.4676833152771,
            0.7156779766082764
        ]
    },
    "ontop": {
        "security_camera_tiscsa_1": {
            "coffee_table_fqluyq_0": [
                [
                    3.6098263263702393,
                    7.563427925109863,
                    0.4382062256336212
                ],
                [
                    -0.05703474581241608,
                    -0.025196731090545654,
                    -0.036199819296598434,
                    0.9973974227905273
                ]
            ]
        }
    },
    "inside": {}
}