{"cabinet_base_dcmhhh_1": [3.232250075340271, 5.619569411277771, 0], "paper_towel_dispenser_jacqxv_1": [-0.016190648078918457, 0.28934162855148315, 0.48151373863220215], "gym_shoe_ukkqib_1": [3.980750389099121, 3.3884695959091187, 0], "gym_shoe_ukkqib_2": [4.235550394058228, 3.721669602394104, 0], "periodic_table_mhwwtu_1": [2.3377500009536747, 5.401669192314149, 0], "armchair_bslhmj_0": [2.526766777038574, -0.7294747829437256, 5.8347554206848145], "armchair_vzhxuf_0": [1.2697609663009644, -0.7665608525276184, 5.840012550354004], "bed_zrumze_0": [4.424948692321777, 3.0087928771972656, 5.082493305206299], "bottom_cabinet_immwzb_0": [0.762068510055542, 1.0196356773376465, 0.14423680305480957], "bottom_cabinet_nyfebf_0": [1.7342497110366821, 1.108295202255249, 2.2738707065582275], "breakfast_table_dnsjnv_0": [4.526673316955566, 6.949733734130859, 0.17149901390075684], "cedar_chest_fwstpx_0": [3.8195056915283203, 2.9169468879699707, 5.633081912994385], "piano_bnxcvw_0": [-2.2921111583709717, 5.78934907913208, 5.533197402954102], "pot_plant_udqjui_0": [4.458876609802246, 8.141221046447754, 1.1438130140304565], "shelf_owvfik_0": [-0.5657198429107666, 4.868553638458252, 6.041424751281738], "shelf_owvfik_1": [5.294546127319336, 9.346969604492188, 1.7095156908035278], "shelf_owvfik_2": [1.7662264108657837, -1.7786868810653687, 0.2987704277038574], "loudspeaker_snbvop_0": [4.8679986000061035, 8.632535934448242, 2.993659019470215], "loudspeaker_snbvop_1": [4.7222700119018555, 10.31621265411377, 3.865598678588867], "standing_tv_udotid_0": [4.330706596374512, 7.78880500793457, 1.079601526260376], "straight_chair_amgwaw_0": [-2.124539375305176, 5.88720703125, 0.9296388626098633], "straight_chair_amgwaw_1": [4.069777011871338, 7.619164943695068, 3.4684898853302], "straight_chair_amgwaw_2": [4.857485771179199, 7.440290451049805, 4.242269515991211], "trash_can_wklill_0": [0.7013075947761536, -0.7151896357536316, 5.944028854370117], "trash_can_zotrbg_0": [2.6836435794830322, 4.364891052246094, 0.5315423011779785], "bottom_cabinet_dajebq_0": [-2.9202723503112793, 5.006340980529785, 0.8664019107818604], "bottom_cabinet_no_top_vdedzt_0": [-0.15536433458328247, 7.8535356521606445, 6.059441089630127], "breakfast_table_skczfi_0": [-2.4832828044891357, -2.5778849124908447, 5.504664421081543], "countertop_tpuwys_0": [-3.8628036975860596, 8.771138191223145, 4.649417400360107], "countertop_tpuwys_1": [-3.9789721965789795, 8.541744232177734, 0.886854887008667], "countertop_tpuwys_2": [-3.945446014404297, 8.232285499572754, 1.3961379528045654], "clothes_dryer_zlmnfg_0": [1.3241603374481201, -1.3503165245056152, 1.9090406894683838], "electric_switch_wseglt_0": [-2.864253044128418, 4.37961483001709, 5.288372039794922], "electric_switch_wseglt_1": [2.6273045539855957, 3.3094053268432617, 6.107674598693848], "electric_switch_wseglt_2": [2.4835588932037354, 4.274588584899902, 5.486518859863281], "electric_switch_wseglt_3": [3.039024591445923, 5.564084053039551, 4.437273979187012], "electric_switch_wseglt_4": [1.2270119190216064, 8.397647857666016, 5.230928897857666], "electric_switch_wseglt_5": [0.11152960360050201, 8.930488586425781, 4.909289360046387], "electric_switch_wseglt_6": [1.1993649005889893, 8.389019012451172, 4.348782062530518], "mirror_pevdqu_0": [4.699819087982178, 5.077861309051514, 4.161689758300781], "picture_fanvpf_0": [5.038211822509766, 6.722324848175049, 2.1408114433288574], "picture_fhkzlm_0": [1.4113035202026367, 2.4866528511047363, 4.312037944793701], "picture_gwricv_0": [1.568167805671692, 0.5481514930725098, 2.391570806503296], "picture_qjkajj_0": [5.066151142120361, 8.47049331665039, 3.366999864578247], "picture_szpupz_0": [3.908287286758423, 6.672783851623535, 4.548512935638428], "picture_weqggl_0": [1.4959577322006226, 6.2281084060668945, 2.279491424560547], "picture_yrgaal_0": [0.8636689186096191, 2.9538414478302, 0.017123699188232422], "shelf_owvfik_3": [-1.2423458099365234, 8.407142639160156, 0.5673043727874756], "shelf_owvfik_4": [-0.2549462616443634, 8.802542686462402, 5.37415885925293], "shower_stall_invgma_0": [5.5584397315979, 5.039363384246826, 2.267512083053589], "sink_xiybkb_0": [4.077404022216797, 4.730261325836182, 2.1326708793640137], "sofa_mnfbbh_0": [2.4234206676483154, 8.680365562438965, 0.2985517978668213], "sofa_mnfbbh_1": [3.9356932640075684, -2.3162386417388916, 5.70119047164917], "toilet_kfmkbm_0": [2.9442038536071777, 4.174405097961426, 5.7211480140686035], "towel_rack_kqrmrh_0": [4.478609085083008, 6.5851335525512695, 4.563133239746094], "washer_omeuop_0": [-0.9585325717926025, -0.4421466588973999, 0.428142786026001], "Light_test": null, "robot0": null}