{
    "nextto": {
        "countertop_zkhelh_1": [
            [
                0.34330024480819743,
                3.749419903755188,
                0
            ]
        ],
        "bratwurst_wuyflp_1": [
            [
                -2.278099768161774,
                1.282219891548157,
                0
            ]
        ],
        "cooler_pnkiag_1": [
            [
                -1.8302997589111327,
                9.0181201171875,
                0
            ]
        ]
    },
    "ontop": {},
    "inside": {
        "bratwurst_wuyflp_1": {
            "cooler_pnkiag_1": [
                [
                    0.013243613764643669,
                    9.706169128417969,
                    0.14135602116584778
                ],
                [
                    -0.4327513575553894,
                    -0.3873986601829529,
                    0.1314903199672699,
                    0.8033422231674194
                ]
            ]
        }
    }
}