{
    "nextto": {
        "shelf_iwziew_1": [
            [
                1.6874034619331362,
                1.3145522224903108,
                0
            ]
        ],
        "carton_hhlmbi_1": [
            [
                1.6874034619331362,
                1.3145522224903108,
                0
            ]
        ],
        "petri_dish_vbiqcq_1": [
            [
                1.6874034619331362,
                1.3145522224903108,
                0
            ]
        ],
        "desk_cnewsu_1": [
            [
                -1.059006721973419,
                0.8807287591695786,
                0
            ]
        ]
    },
    "ontop": {
        "carton_hhlmbi_1": {
            "desk_cnewsu_1": [
                [
                    0.7870171070098877,
                    1.3718866109848022,
                    0.7617011070251465
                ],
                [
                    -0.0001907208061311394,
                    0.0005407142452895641,
                    -0.08846364170312881,
                    0.9960793852806091
                ]
            ]
        }
    },
    "inside": {
        "petri_dish_vbiqcq_1": {
            "carton_hhlmbi_1": [
                [
                    2.5457968711853027,
                    0.5540363192558289,
                    0.5168744325637817
                ],
                [
                    -0.00633520120754838,
                    -0.004435683134943247,
                    -0.0009560906910337508,
                    0.9999696016311646
                ]
            ]
        }
    }
}