{
    "nextto": {
        "reception_desk_kjmhgc_1": [
            [
                -1.6693426609039306,
                3.3834173393249514,
                0
            ]
        ],
        "sugar_cookie_feirtr_1": [
            [
                -1.6693426609039306,
                4.756505107879638,
                0
            ]
        ],
        "toaster_kjwqav_1": [
            [
                -1.6693426609039306,
                4.12717321395874,
                0
            ]
        ],
        "breakfast_table_skczfi_0": [
            -3.076190948486328,
            7.894739627838135,
            5.879369258880615
        ]
    },
    "ontop": {
        "sugar_cookie_feirtr_1": {
            "breakfast_table_skczfi_0": [
                [
                    -0.4941156804561615,
                    8.056169509887695,
                    0.8143306970596313
                ],
                [
                    0.001984948758035898,
                    -0.002160478150472045,
                    -0.013447136618196964,
                    0.9999052882194519
                ]
            ]
        }
    },
    "inside": {}
}