{
    "nextto": {
        "desk_cnewsu_1": [
            [
                2.261350290775299,
                3.16386931180954,
                0
            ]
        ],
        "petri_dish_vbiqcq_1": [
            [
                3.3309502720832826,
                3.6222693037986753,
                0
            ]
        ],
        "cooler_pnkiag_1": [
            [
                -2.3215996551513673,
                9.0181201171875,
                0
            ]
        ],
        "icicle_lights_lbwpka_1": [
            0.10900724679231644,
            0.59317946434021,
            1.470004916191101
        ]
    },
    "ontop": {},
    "inside": {}
}