{
    "nextto": {
        "toy_box_pmhcse_1": [
            [
                -0.27288668870925875,
                1.8240727990865708,
                0
            ]
        ],
        "toy_car_dgnnin_1": [
            [
                -0.27288668870925875,
                1.8240727990865708,
                0
            ]
        ],
        "console_table_tzkfqa_1": [
            [
                0.36261080741882323,
                7.680726671218872,
                0
            ]
        ],
        "table_lamp_ehjsdz_1": [
            [
                0.36261080741882323,
                7.867902688980102,
                0
            ]
        ],
        "coffee_table_fqluyq_0": [
            2.7464661598205566,
            8.085078239440918,
            5.526331424713135
        ]
    },
    "ontop": {
        "toy_car_dgnnin_1": {
            "coffee_table_fqluyq_0": [
                [
                    3.5353119373321533,
                    7.857108116149902,
                    0.5601183176040649
                ],
                [
                    -0.00019707903265953064,
                    0.0005130476783961058,
                    0.451677531003952,
                    0.8921811580657959
                ]
            ]
        }
    },
    "inside": {}
}