{"sofa_xhxdqf_0": [1.9810882806777954, 8.228218078613281, 2.4711928367614746], "pet_bed_ynznsw_1": [2.234370985031128, 8.429430742263794, 0], "board_game_qgvsnb_1": [0.3560093379020692, 1.5882367891073228, 0], "bed_zrumze_1": [2.0985498428344727, -0.6197510957717896, 3.0767862796783447], "armchair_bslhmj_0": [4.003108978271484, 4.6802802085876465, 1.4508785009384155], "armchair_qplklw_0": [0.016482532024383545, 8.308753967285156, 3.5206780433654785], "armchair_qplklw_1": [-1.0548276901245117, 8.001686096191406, 0.35953831672668457], "armchair_qplklw_2": [-1.5300722122192383, 7.024383544921875, 1.601030707359314], "armchair_qplklw_3": [-1.41330885887146, 7.075858116149902, 2.761110782623291], "armchair_tcxiue_0": [-0.4203341603279114, -0.7144306898117065, 3.7218973636627197], "hamper_clziqw_0": [0.9418606758117676, -2.201415777206421, 0.4272327423095703], "hamper_wdsnjy_0": [1.6760752201080322, -1.3090991973876953, 0.044300079345703125], "bed_zrumze_0": [-2.492962598800659, 1.2773531675338745, 0.7403655052185059], "bottom_cabinet_bamfsz_0": [-0.6704524755477905, -0.8908349871635437, 4.731955051422119], "bottom_cabinet_dajebq_0": [-1.123521089553833, 1.3836432695388794, 0.3891301155090332], "bottom_cabinet_jhymlr_0": [1.8851033449172974, 9.363057136535645, 1.3178561925888062], "bottom_cabinet_jrhgeu_0": [1.9237754344940186, 1.0833923816680908, 5.066909313201904], "bottom_cabinet_jrhgeu_1": [0.7231286764144897, -0.6516414880752563, 0.7312662601470947], "bottom_cabinet_slgzfc_0": null, "bottom_cabinet_slgzfc_1": [4.683935642242432, 0.5449999570846558, 0.4659454822540283], "breakfast_table_skczfi_0": [-1.3791052103042603, 8.51191520690918, 1.5961576700210571], "coffee_table_fqluyq_0": [3.485874652862549, 6.929276943206787, 4.36514139175415], "floor_lamp_vdxlda_0": [4.606527805328369, 10.595836639404297, 4.981053829193115], "floor_lamp_vdxlda_1": [5.0984978675842285, 5.856842994689941, 1.438020944595337], "pot_plant_udqjui_0": [1.2311090230941772, -0.6898460388183594, 1.2065104246139526], "pot_plant_udqjui_1": [-1.914284110069275, 8.02034854888916, 1.5750092267990112], "pot_plant_udqjui_2": [4.144623279571533, 7.125927448272705, 5.296422004699707], "ottoman_xcmniq_0": [0.03916996717453003, -0.3818700909614563, 0.5953729152679443], "table_lamp_xbfgjc_0": [-2.708043336868286, -1.234812617301941, 6.106455326080322], "table_lamp_xbfgjc_1": [4.478856086730957, 1.046445369720459, 0.8292593955993652], "table_lamp_xbfgjc_2": [4.452206134796143, -0.11904546618461609, 5.142310619354248], "table_lamp_xbfgjc_3": [1.574114441871643, 0.5771347284317017, 0.9846920967102051], "trash_can_zotrbg_0": [0.026206232607364655, 2.9691109657287598, 1.914575457572937], "trash_can_zotrbg_1": [1.7062430381774902, 4.9042439460754395, 5.667596817016602], "bathtub_fdjykf_0": [3.124039888381958, 3.552851676940918, 0.14073419570922852], "bottom_cabinet_slgzfc_2": [-2.1967525482177734, 5.878676891326904, 2.4284136295318604], "bottom_cabinet_slgzfc_3": [-2.0232491493225098, 6.224442005157471, 5.742474555969238], "bottom_cabinet_slgzfc_4": [-2.384481906890869, 3.0544843673706055, 0.695763349533081], "dishwasher_dngvvi_0": [-2.993744373321533, 5.118461608886719, 5.479590892791748], "electric_switch_wseglt_0": [-2.0017049312591553, 6.673864364624023, 5.789731502532959], "electric_switch_wseglt_1": [-2.583134412765503, 1.980677843093872, 5.460721015930176], "electric_switch_wseglt_10": [1.2740455865859985, 5.7225775718688965, 1.7102587223052979], "electric_switch_wseglt_11": [2.259007453918457, 5.466971397399902, 0.5851006507873535], "electric_switch_wseglt_12": [1.57176673412323, 5.0616912841796875, 2.3170039653778076], "electric_switch_wseglt_13": [1.541399598121643, 2.328469753265381, 3.031607151031494], "electric_switch_wseglt_14": [1.234398365020752, 5.9506707191467285, 4.96599006652832], "electric_switch_wseglt_15": [-0.21164889633655548, 9.028627395629883, 5.902976036071777], "electric_switch_wseglt_2": [0.5422790050506592, 2.293534517288208, 3.9026944637298584], "electric_switch_wseglt_3": [0.9113378524780273, 1.6851232051849365, 0.863994836807251], "electric_switch_wseglt_4": [2.834864854812622, 2.73134446144104, 5.3538007736206055], "electric_switch_wseglt_5": [2.0199790000915527, 2.642742156982422, 0.7028763294219971], "electric_switch_wseglt_6": [2.5754408836364746, 3.7038750648498535, 4.3387651443481445], "electric_switch_wseglt_7": [0.007633667439222336, 2.2245688438415527, 1.8393609523773193], "electric_switch_wseglt_8": [-2.1239776611328125, 5.805422782897949, 0.8982598781585693], "electric_switch_wseglt_9": [0.2246968299150467, 4.01311731338501, 4.637546062469482], "fridge_xyejdx_0": [-1.4691766500473022, 4.150224685668945, 0.2806715965270996], "mirror_pevdqu_0": [2.8024613857269287, 5.736850261688232, 3.8000707626342773], "mirror_pevdqu_1": [3.267754077911377, 3.4407949447631836, 4.471773147583008], "picture_cltbty_0": [-2.4528019428253174, 2.828890323638916, 5.182946681976318], "picture_etixod_0": [4.419130325317383, 10.109636306762695, 0.14862060546875], "picture_fanvpf_0": [1.631556510925293, -1.921953797340393, 2.9731380939483643], "picture_fhkzlm_0": [-1.9844845533370972, 8.769474029541016, 5.07670259475708], "picture_gwricv_0": [-1.1662282943725586, 6.571847438812256, 5.781405448913574], "picture_hhxttu_0": [5.106042861938477, -0.11471995711326599, 1.6494114398956299], "picture_jpfyrq_0": [4.954376697540283, 0.8494255542755127, 5.509955883026123], "picture_lucjyq_0": [5.115423202514648, -0.8682312965393066, 1.7976393699645996], "picture_qavxsz_0": [-0.6327689290046692, 0.9933569431304932, 1.9675472974777222], "picture_qjkajj_0": [0.9406839609146118, 0.6432199478149414, 0.6742782592773438], "picture_qtvjzk_0": [4.619833469390869, -1.4240471124649048, 5.458886623382568], "picture_rciuob_0": [0.9332337379455566, 0.010362684726715088, 1.103579044342041], "picture_szpupz_0": [0.8323252201080322, 0.4294931888580322, 0.6063511371612549], "picture_tlwjpv_0": [0.7095330953598022, 0.6326733827590942, 6.016400337219238], "picture_weqggl_0": [-1.6839988231658936, 5.972565650939941, 1.0931804180145264], "picture_wfdvzv_0": [2.944544553756714, -1.9334914684295654, 2.2728161811828613], "picture_yrgaal_0": [4.630359649658203, 8.804718971252441, 6.221460342407227], "picture_ytxhyl_0": [-2.6339051723480225, -0.8366467356681824, 4.622158050537109], "picture_zsirgc_0": [1.406121850013733, -0.40166157484054565, 4.017695426940918], "shelf_owvfik_0": [-0.7950643301010132, 3.790951728820801, 6.1514973640441895], "shelf_vgzdul_0": [0.07475079596042633, 5.193129062652588, 6.055794715881348], "sink_czyfhq_0": [-2.364506959915161, 5.5371994972229, 2.065927267074585], "sink_xiybkb_0": [3.2313859462738037, 2.993800163269043, 0.11217808723449707], "stove_rgpphy_0": [0.46502527594566345, 5.5344977378845215, 1.2105951309204102], "toilet_kfmkbm_0": [3.3927693367004395, 6.235213279724121, 5.104288578033447], "top_cabinet_dmwxyl_0": [-2.0592200756073, 3.690403938293457, 2.2310564517974854], "top_cabinet_dmwxyl_1": null, "top_cabinet_fqhdne_0": [1.9425097703933716, 4.220257759094238, 1.52120041847229], "towel_rack_kqrmrh_0": null, "Light_test": null, "robot0": null}