{
    "nextto": {
        "reception_desk_kjmhgc_1": [
            [
                2.242928400039673,
                -9.64107250213623,
                0
            ]
        ],
        "spinach_uxhqeq_1": [
            [
                2.4742284297943113,
                -9.64107250213623,
                0
            ]
        ],
        "oven_wuinhm_1": [
            [
                1.549028310775757,
                -11.2601727104187,
                0
            ]
        ],
        "shelf_iwziew_1": [
            [
                -7.305148959159851,
                -11.980775189399719,
                0
            ]
        ],
        "wicker_basket_unasxd_1": [
            [
                -7.305148959159851,
                -11.980775189399719,
                0
            ]
        ],
        "pedestal_table_oqclwq_1": [
            [
                -6.643532094955444,
                -6.510377492904662,
                0
            ]
        ]
    },
    "ontop": {
        "wicker_basket_unasxd_1": {
            "pedestal_table_oqclwq_1": [
                [
                    -6.336306095123291,
                    -4.674234867095947,
                    0.5608121156692505
                ],
                [
                    0.006171762943267822,
                    -4.4596497900784016e-05,
                    -0.03622103109955788,
                    0.9993246793746948
                ]
            ]
        }
    },
    "inside": {}
}