{
    "nextto": {
        "shelf_iwziew_1": [
            [
                -0.5047997593879696,
                0.9738198900222779,
                0
            ]
        ],
        "packing_box_cjhskr_1": [
            [
                -0.5047997593879696,
                0.9738198900222779,
                0
            ]
        ],
        "washer_omeuop_0": [
            -1.6233707666397095,
            -1.0216147899627686,
            0.25759315490722656
        ]
    },
    "ontop": {},
    "inside": {
        "packing_box_cjhskr_1": {
            "washer_omeuop_0": [
                [
                    -0.2883121967315674,
                    -1.1416071653366089,
                    0.15372969210147858
                ],
                [
                    -0.00978215504437685,
                    -0.0007117571658454835,
                    -0.07445620000362396,
                    0.9971760511398315
                ]
            ]
        }
    }
}