{
    "nextto": {
        "reception_desk_kjmhgc_1": [
            [
                -2.298674554824829,
                2.925721416473389,
                0
            ]
        ],
        "pear_vjqkwh_1": [
            [
                -1.6693426609039306,
                4.069961223602294,
                0
            ]
        ],
        "pitcher_mbrlge_1": [
            [
                -1.6693426609039306,
                3.6694772911071776,
                0
            ]
        ],
        "cooler_pnkiag_1": [
            [
                -2.298674554824829,
                2.6396614646911623,
                0
            ]
        ],
        "breakfast_table_skczfi_0": [
            -1.6643116474151611,
            7.002809524536133,
            6.016620635986328
        ]
    },
    "ontop": {
        "pitcher_mbrlge_1": {
            "breakfast_table_skczfi_0": [
                [
                    -1.166015625,
                    7.8455376625061035,
                    0.9355130791664124
                ],
                [
                    -2.0312145352363586e-06,
                    8.225033525377512e-07,
                    -0.09580627828836441,
                    0.995400071144104
                ]
            ]
        }
    },
    "inside": {
        "pear_vjqkwh_1": {
            "cooler_pnkiag_1": [
                [
                    -0.9033986330032349,
                    3.575901508331299,
                    0.14883914589881897
                ],
                [
                    0.2970792353153229,
                    -0.09863626956939697,
                    -0.22216035425662994,
                    0.9233956933021545
                ]
            ]
        }
    }
}