{
    "nextto": {
        "shelf_iwziew_1": [
            [
                -1.3967998504638672,
                9.0181201171875,
                0
            ]
        ],
        "carton_hhlmbi_1": [
            [
                -1.3967998504638672,
                9.0181201171875,
                0
            ]
        ],
        "clothes_dryer_zlmnfg_0": [
            0.1787997931241989,
            -1.9471428394317627,
            5.240957260131836
        ]
    },
    "ontop": {},
    "inside": {
        "carton_hhlmbi_1": {
            "clothes_dryer_zlmnfg_0": [
                [
                    0.45614778995513916,
                    -1.1582386493682861,
                    0.07531533390283585
                ],
                [
                    -0.01082878652960062,
                    0.0036546983756124973,
                    -0.12296943366527557,
                    0.9923447370529175
                ]
            ]
        }
    }
}