{
    "nextto": {
        "booth_xzrpar_1": [
            [
                -2.127038583755493,
                3.15456937789917,
                0
            ]
        ],
        "kale_kjyfdx_1": [
            [
                -1.55491868019104,
                4.928141078948975,
                0
            ]
        ],
        "burner_lfyqat_1": [
            [
                -1.6693426609039306,
                5.214201030731201,
                0
            ]
        ],
        "electric_cauldron_qmdgct_1": [
            [
                -2.192676959037781,
                7.119832601547241,
                0
            ]
        ]
    },
    "ontop": {},
    "inside": {
        "kale_kjyfdx_1": {
            "electric_cauldron_qmdgct_1": [
                [
                    -0.9038962125778198,
                    7.686275959014893,
                    1.2325832843780518
                ],
                [
                    0.22008009254932404,
                    -0.05482335388660431,
                    -0.07041268795728683,
                    0.9713912606239319
                ]
            ]
        }
    }
}