{
    "nextto": {
        "recycling_bin_duugbb_1": [
            [
                -2.278099768161774,
                2.130319895744324,
                0
            ]
        ],
        "rag_oocmed_1": [
            [
                -2.278099768161774,
                2.130319895744324,
                0
            ]
        ],
        "clothes_dryer_zlmnfg_0": [
            0.5010302066802979,
            -2.503750801086426,
            0.9638428688049316
        ]
    },
    "ontop": {},
    "inside": {
        "rag_oocmed_1": {
            "clothes_dryer_zlmnfg_0": [
                [
                    0.3851816654205322,
                    -1.3656786680221558,
                    0.04365919530391693
                ],
                [
                    -0.011152319610118866,
                    0.0026974165812134743,
                    -0.20882853865623474,
                    0.9778848886489868
                ]
            ]
        }
    }
}