{
    "nextto": {
        "toy_box_pmhcse_1": [
            [
                0.5918453478813172,
                0.33044473588466644,
                0
            ]
        ],
        "backpack_gvbiwl_1": [
            [
                0.277397334575653,
                0.9593407624959948,
                0
            ]
        ],
        "shelf_iwziew_1": [
            [
                -2.3741527342796322,
                1.8614023184776307,
                0
            ]
        ]
    },
    "ontop": {
        "backpack_gvbiwl_1": {
            "shelf_iwziew_1": [
                [
                    -1.070261836051941,
                    1.968583106994629,
                    0.7572868466377258
                ],
                [
                    -0.10265109688043594,
                    -0.30389639735221863,
                    -0.458021879196167,
                    0.8290510773658752
                ]
            ]
        }
    },
    "inside": {
        "toy_box_pmhcse_1": {
            "backpack_gvbiwl_1": [
                [
                    0.6344232559204102,
                    -0.2886948585510254,
                    0.20811212062835693
                ],
                [
                    -0.5419607758522034,
                    -0.5562333464622498,
                    0.4555964469909668,
                    0.43510326743125916
                ]
            ]
        }
    }
}