{
    "nextto": {
        "reception_desk_kjmhgc_1": [
            [
                -1.6693426609039306,
                4.12717321395874,
                0
            ]
        ],
        "wicker_basket_unasxd_1": [
            [
                -1.6693426609039306,
                3.555053310394287,
                1.5707963267948966
            ]
        ],
        "pomegranate_tldskr_1": [
            [
                -1.6693426609039306,
                3.555053310394287,
                1.5707963267948966
            ]
        ],
        "cooler_pnkiag_1": [
            [
                -1.6693426609039306,
                4.870929088592529,
                0
            ]
        ],
        "coffee_table_fqluyq_0": [
            3.436781883239746,
            8.64896297454834,
            0.8215658664703369
        ]
    },
    "ontop": {
        "pomegranate_tldskr_1": {
            "coffee_table_fqluyq_0": [
                [
                    3.5927817821502686,
                    7.868038177490234,
                    0.42224934697151184
                ],
                [
                    0.051530081778764725,
                    -0.08814281970262527,
                    -0.016266264021396637,
                    0.9946410059928894
                ]
            ]
        }
    },
    "inside": {}
}