{
    "nextto": {
        "countertop_zkhelh_1": [
            [
                1.9345283603668213,
                -12.879272918701172,
                0
            ]
        ],
        "schnitzel_yswhcs_1": [
            [
                1.3177282810211184,
                -10.103672561645508,
                0
            ]
        ],
        "breakfast_table_uhrsex_1": [
            [
                -7.631115360260011,
                3.9521426820755003,
                0
            ]
        ],
        "toaster_kjwqav_1": [
            6.593893051147461,
            4.462388515472412,
            6.088234901428223
        ]
    },
    "ontop": {
        "schnitzel_yswhcs_1": {
            "breakfast_table_uhrsex_1": [
                [
                    -8.84823989868164,
                    2.212754011154175,
                    0.9348625540733337
                ],
                [
                    0.00019368930952623487,
                    0.0023270731326192617,
                    -0.0024960830342024565,
                    0.9999940991401672
                ]
            ]
        }
    },
    "inside": {}
}