{
    "nextto": {
        "kale_kjyfdx_1": [
            [
                -1.541299819946289,
                9.364920043945313,
                0
            ]
        ],
        "cooler_pnkiag_1": [
            [
                -2.278099768161774,
                2.2074198961257934,
                0
            ]
        ],
        "icicle_lights_lbwpka_1": [
            -0.08760152757167816,
            -2.6566736698150635,
            1.4409266710281372
        ]
    },
    "ontop": {},
    "inside": {
        "kale_kjyfdx_1": {
            "cooler_pnkiag_1": [
                [
                    -1.0755711793899536,
                    3.7852771282196045,
                    0.09999346733093262
                ],
                [
                    0.6577033996582031,
                    -0.2090170830488205,
                    -0.16744464635849,
                    0.7040599584579468
                ]
            ]
        }
    }
}