{
    "nextto": {
        "conference_table_hdomxc_1": [
            [
                -2.278099768161774,
                0.5883198881149294,
                0
            ]
        ],
        "soft_roll_jelruc_1": [
            [
                -2.278099768161774,
                0.5883198881149294,
                0
            ]
        ],
        "reception_desk_kjmhgc_1": [
            [
                -1.9696997666358946,
                3.1326199007034305,
                0
            ]
        ],
        "iron_vlvslm_1": [
            [
                -1.2757997632026672,
                3.28681990146637,
                0
            ]
        ],
        "hamper_dmizts_1": [
            [
                -1.5841997647285462,
                2.6700198984146124,
                0
            ]
        ]
    },
    "ontop": {},
    "inside": {
        "soft_roll_jelruc_1": {
            "hamper_dmizts_1": [
                [
                    -0.05081113800406456,
                    3.2064638137817383,
                    0.04172306880354881
                ],
                [
                    0.012584238313138485,
                    0.02390354499220848,
                    -0.008768548257648945,
                    0.9995964765548706
                ]
            ]
        }
    }
}