{
    "nextto": {
        "countertop_zkhelh_1": [
            [
                1.9345283603668213,
                -9.64107250213623,
                0
            ]
        ],
        "electric_kettle_hkdsla_1": [
            [
                1.3177282810211184,
                -12.879272918701172,
                0
            ]
        ],
        "pedestal_table_oqclwq_1": [
            [
                -6.5588940906524655,
                -6.171825475692748,
                0
            ]
        ],
        "teapot_mvrhya_1": [
            [
                -6.30498007774353,
                -6.171825475692748,
                0
            ]
        ]
    },
    "ontop": {},
    "inside": {}
}