{
    "nextto": {
        "reception_desk_kjmhgc_1": [
            [
                -2.278099768161774,
                1.7448198938369752,
                0
            ]
        ],
        "sugar_cookie_feirtr_1": [
            [
                -2.278099768161774,
                2.284519896507263,
                0
            ]
        ],
        "cooler_pnkiag_1": [
            [
                -2.3215996551513673,
                9.0181201171875,
                0
            ]
        ],
        "bed_zrumze_0": [
            [
                3.2545502734184266,
                2.4762693238258366,
                0
            ]
        ],
        "paperback_book_dbmzmo_1": [
            [
                3.2545502734184266,
                2.4762693238258366,
                0
            ]
        ],
        "coffee_table_qlmqyy_1": [
            [
                2.1849499940872192,
                7.464469285011292,
                0
            ]
        ]
    },
    "ontop": {
        "paperback_book_dbmzmo_1": {
            "coffee_table_qlmqyy_1": [
                [
                    2.8438034057617188,
                    9.122360229492188,
                    0.4173641502857208
                ],
                [
                    -0.08116727322340012,
                    0.04544224590063095,
                    -0.046530384570360184,
                    0.9945761561393738
                ]
            ]
        }
    },
    "inside": {
        "sugar_cookie_feirtr_1": {
            "cooler_pnkiag_1": [
                [
                    -1.0319839715957642,
                    9.65190315246582,
                    0.10032152384519577
                ],
                [
                    0.00011531455675140023,
                    0.0009663596283644438,
                    -0.013421210460364819,
                    0.9999094605445862
                ]
            ]
        }
    }
}