{
    "nextto": {
        "reception_desk_kjmhgc_1": [
            [
                -2.298674554824829,
                2.925721416473389,
                0
            ]
        ],
        "kale_kjyfdx_1": [
            [
                -1.8981906223297118,
                3.15456937789917,
                0
            ]
        ],
        "stove_rgpphy_0": [
            -0.5368937849998474,
            5.268716335296631,
            4.396966457366943
        ],
        "breakfast_table_skczfi_0": [
            -0.21749824285507202,
            8.510232925415039,
            2.7611186504364014
        ]
    },
    "ontop": {
        "kale_kjyfdx_1": {
            "breakfast_table_skczfi_0": [
                [
                    -1.714924931526184,
                    8.060968399047852,
                    0.8136150240898132
                ],
                [
                    0.6710066199302673,
                    -0.2195061445236206,
                    -0.18158243596553802,
                    0.6845399737358093
                ]
            ]
        }
    },
    "inside": {}
}