{
    "nextto": {
        "clothes_dryer_zlmnfg_0": [
            [
                -1.3528997635841369,
                -0.6452801179885863,
                0
            ]
        ],
        "broccoli_wsxavx_1": [
            [
                -1.3528997635841369,
                -0.6452801179885863,
                0
            ]
        ],
        "cooler_pnkiag_1": [
            [
                -2.3215996551513673,
                9.0181201171875,
                0
            ]
        ],
        "washer_omeuop_0": [
            0.06974756717681885,
            -1.2340136766433716,
            0.2651033401489258
        ]
    },
    "ontop": {},
    "inside": {
        "broccoli_wsxavx_1": {
            "cooler_pnkiag_1": [
                [
                    -0.38863956928253174,
                    9.322855949401855,
                    0.10836528986692429
                ],
                [
                    -0.5218897461891174,
                    -0.42734819650650024,
                    0.005183391273021698,
                    0.7382259964942932
                ]
            ]
        }
    }
}