{"nextto": {"desk_cnewsu_1": [[16.400000723317497, 35.90676519051194, 0]], "desktop_computer_tbtham_1": [[16.400000723317497, 36.70676519051195, 0]], "bowl_cypjlv_1": [[16.400000723317497, 35.10676519051194, 0]], "electric_cauldron_qmdgct_1": [[-8.990967082977294, -46.55461366653443, 0]], "pea_pod_qntgxe_1": [[16.400000723317497, 35.10676519051194, 0]]}, "ontop": {}, "inside": {"pea_pod_qntgxe_1": {"electric_cauldron_qmdgct_1": [[-8.401575088500977, -45.29004669189453, 0.39844828844070435], [-0.014172927476465702, -0.08891371637582779, -0.01873292587697506, 0.9957623481750488]]}}}