{"booth_xzrpar_1": [0.8447577953338626, -3.7455610275268554, 0], "measuring_cup_ahtzhp_1": [1.09384388923645, -3.7455610275268554, 0], "desk_nafjjg_9": [4.553135871887207, 4.2945780754089355, 2.024728775024414], "pot_plant_niavbx_1": [2.9697082996368414, 4.59941930770874, 0], "periodic_table_mhwwtu_1": [5.213195238113404, -2.5049559974670412, 0], "armchair_ihhodt_0": [0.1294126808643341, -1.8108665943145752, 4.797312259674072], "coffee_table_wzyqgx_0": [-0.4630994200706482, -0.9046176075935364, 0.6766455173492432], "desk_nafjjg_0": [-7.553272724151611, 8.59564208984375, 5.594779014587402], "desk_nafjjg_1": [0.3691195845603943, 7.7017011642456055, 4.957770347595215], "desk_nafjjg_10": [-2.337677240371704, 8.951869010925293, 0.048270225524902344], "desk_nafjjg_11": [3.899540901184082, 4.79626989364624, 5.796895503997803], "desk_nafjjg_12": [-0.33555376529693604, 9.520842552185059, 5.872427463531494], "desk_nafjjg_13": [-3.06343674659729, 4.8989691734313965, 4.853378772735596], "desk_nafjjg_14": [1.7751960754394531, 8.558650970458984, 1.7714909315109253], "desk_nafjjg_15": [-1.6119446754455566, 5.118284225463867, 5.274171829223633], "desk_nafjjg_16": [1.0024852752685547, 9.240153312683105, 4.186758041381836], "desk_nafjjg_17": [-1.840521216392517, 4.431642532348633, 3.1686313152313232], "desk_nafjjg_18": [3.5851316452026367, 10.877012252807617, 0.5427865982055664], "desk_nafjjg_19": [8.374994277954102, 5.599511623382568, 3.4718832969665527], "desk_nafjjg_2": [-6.834647178649902, 9.326452255249023, 5.423689842224121], "desk_nafjjg_20": [-6.814496994018555, 4.522116184234619, 4.196067810058594], "desk_nafjjg_21": [5.869757652282715, 8.598674774169922, 2.4645962715148926], "desk_nafjjg_22": [6.675273895263672, 5.343036651611328, 4.865878105163574], "desk_nafjjg_23": [-6.106703281402588, 4.748100757598877, 1.7476392984390259], "desk_nafjjg_24": [4.449195861816406, 8.847600936889648, 4.738733768463135], "desk_nafjjg_25": [7.7599077224731445, 7.023367881774902, 0.3319125175476074], "desk_nafjjg_26": [-6.630677700042725, 6.1700639724731445, 0.5499534606933594], "desk_nafjjg_27": [7.720628261566162, 8.016648292541504, 0.7497544288635254], "desk_nafjjg_28": [6.417566776275635, 8.648902893066406, 6.161677837371826], "desk_nafjjg_29": [7.8867034912109375, 10.095097541809082, 5.628431797027588], "desk_nafjjg_3": [0.5861140489578247, 4.453828811645508, 6.062864303588867], "desk_nafjjg_30": [10.905390739440918, 8.577071189880371, 4.646979808807373], "desk_nafjjg_31": [9.3961820602417, 9.127936363220215, 5.814377784729004], "desk_nafjjg_32": [12.241067886352539, 10.625839233398438, 2.1254630088806152], "desk_nafjjg_4": [-6.965495586395264, 10.474356651306152, 5.770860195159912], "desk_nafjjg_5": [0.8745204210281372, 6.3051300048828125, 4.8805155754089355], "desk_nafjjg_6": [-2.9444375038146973, 10.834070205688477, 2.4337496757507324], "desk_nafjjg_7": [2.9037883281707764, 5.85396671295166, 5.293183326721191], "desk_nafjjg_8": [-3.1351447105407715, 9.22297191619873, 6.256915092468262], "pedestal_table_gkkxaj_0": [-3.4263665676116943, -1.3437358140945435, 1.4996691942214966], "rocking_chair_zgmspi_0": [-2.6213254928588867, -1.4875028133392334, 0.846315860748291], "rocking_chair_zgmspi_1": [-1.7646092176437378, -0.21665158867835999, 4.843852996826172], "sofa_kupqto_0": [3.6600208282470703, 3.056285858154297, 1.7052148580551147], "taboret_zxoexh_0": [-4.076351165771484, 0.1591692566871643, 5.4849958419799805], "taboret_zxoexh_1": [-4.394335746765137, 0.1291182041168213, 1.2720041275024414], "swivel_chair_zvwpfc_0": [-7.265350341796875, 9.05705738067627, 4.592891216278076], "swivel_chair_zvwpfc_1": [-0.5151743292808533, 5.455377101898193, 2.245913028717041], "swivel_chair_zvwpfc_10": [1.1977479457855225, 9.913253784179688, 4.628407955169678], "swivel_chair_zvwpfc_11": [-1.670581579208374, 4.837711811065674, 2.13034987449646], "swivel_chair_zvwpfc_12": [3.8782267570495605, 9.731328964233398, 0.5371639728546143], "swivel_chair_zvwpfc_13": [6.147125720977783, 5.856612205505371, 5.593842029571533], "swivel_chair_zvwpfc_14": [-7.935153007507324, 6.892895221710205, 5.686120510101318], "swivel_chair_zvwpfc_15": [4.874542236328125, 10.67285442352295, 5.9403395652771], "swivel_chair_zvwpfc_16": [9.69943618774414, 6.070789337158203, 5.983772277832031], "swivel_chair_zvwpfc_17": [-5.315025329589844, 6.8151679039001465, 3.262913942337036], "swivel_chair_zvwpfc_18": [7.906093120574951, 9.453460693359375, 5.116748332977295], "swivel_chair_zvwpfc_19": [8.409669876098633, 10.17040729522705, 0.6287157535552979], "swivel_chair_zvwpfc_2": [-6.058709144592285, 10.49219799041748, 0.19570279121398926], "swivel_chair_zvwpfc_20": [10.301417350769043, 8.729828834533691, 6.188384056091309], "swivel_chair_zvwpfc_21": [13.247140884399414, 10.315232276916504, 4.388848781585693], "swivel_chair_zvwpfc_3": [1.6044492721557617, 7.101078987121582, 5.139352798461914], "swivel_chair_zvwpfc_4": [-4.262727737426758, 10.207286834716797, 4.303793430328369], "swivel_chair_zvwpfc_5": [3.4676272869110107, 5.193484783172607, 5.221973419189453], "swivel_chair_zvwpfc_6": [-1.702805757522583, 10.467248916625977, 2.007880449295044], "swivel_chair_zvwpfc_7": [4.538386821746826, 7.140017509460449, 5.817352294921875], "swivel_chair_zvwpfc_8": [0.3757001757621765, 9.159934997558594, 4.189561367034912], "swivel_chair_zvwpfc_9": [-4.174034118652344, 6.0181565284729, 2.854149341583252], "painting_dacihj_0": [2.1915407180786133, -0.9585369825363159, 4.840507984161377], "painting_ixbmia_0": [1.8232933282852173, -0.19984421133995056, 6.030730247497559], "painting_jayvqq_0": [1.807745099067688, 0.0467260405421257, 6.093792915344238], "painting_pefmap_0": null, "painting_twvyzs_0": [2.2881641387939453, 0.42631247639656067, 1.8100382089614868], "pillar_komgra_0": [-4.625751972198486, 10.338534355163574, 3.970553159713745], "pillar_komgra_1": null, "pillar_komgra_2": [9.792847633361816, 10.82386302947998, 5.8530402183532715], "pillar_komgra_3": null, "pillar_komgra_4": [-4.285581588745117, 3.4464268684387207, 6.277167320251465], "pillar_komgra_5": [2.4558403491973877, 3.888901710510254, 5.679775238037109], "pillar_komgra_6": [9.596302032470703, 2.8740594387054443, 0.28733181953430176], "pillar_komgra_7": [16.22343635559082, 3.702174186706543, 0.2256910800933838], "vending_machine_wogoig_0": [5.3794379234313965, 10.308757781982422, 0.616255521774292], "vending_machine_wogoig_1": [15.190860748291016, 10.385448455810547, 1.080644130706787], "Light_test": null, "robot0": null}