{"shelf_iwziew_1": [-0.898844861984253, -3.7455610275268554, 0], "bicycle_xjumcf_1": [-1.6461031436920162, -2.998302745819091, 0], "coffee_table_wzyqgx_0": [-0.2089124619960785, -0.19902266561985016, 0.3263561725616455], "desk_nafjjg_9": [4.071263313293457, 5.3925299644470215, 0.24196195602416992], "staple_ldvmsa_1": [4.091451768875122, 4.225504817962647, 0], "armchair_ihhodt_0": [-0.9232015013694763, -1.1639056205749512, 0.051157236099243164], "desk_nafjjg_0": [-6.446941375732422, 9.38425064086914, 1.0103662014007568], "desk_nafjjg_1": [0.1009688526391983, 5.950949668884277, 1.8135225772857666], "desk_nafjjg_10": [-2.5374538898468018, 7.9110565185546875, 0.6804254055023193], "desk_nafjjg_11": [5.149936676025391, 5.762119293212891, 1.6428031921386719], "desk_nafjjg_12": [1.1088051795959473, 9.390597343444824, 4.810488224029541], "desk_nafjjg_13": [-3.6350836753845215, 6.60565185546875, 4.377439975738525], "desk_nafjjg_14": [-0.47566694021224976, 8.947875022888184, 5.32071590423584], "desk_nafjjg_15": [-1.5615992546081543, 5.472295761108398, 5.049484729766846], "desk_nafjjg_16": [2.264799118041992, 9.21646785736084, 3.6662869453430176], "desk_nafjjg_17": [-2.073338747024536, 6.304952621459961, 0.6652803421020508], "desk_nafjjg_18": [3.5825209617614746, 10.872184753417969, 0.4461216926574707], "desk_nafjjg_19": [8.087636947631836, 6.725385665893555, 5.153120517730713], "desk_nafjjg_2": [-6.746228218078613, 7.782353401184082, 1.5753474235534668], "desk_nafjjg_20": [-8.019521713256836, 6.123780250549316, 0.3956921100616455], "desk_nafjjg_21": [4.737590789794922, 9.325959205627441, 4.841334819793701], "desk_nafjjg_22": [6.677013397216797, 4.509380340576172, 1.502199411392212], "desk_nafjjg_23": [-6.364510536193848, 5.148466110229492, 1.7578356266021729], "desk_nafjjg_24": [4.286012649536133, 10.805522918701172, 0.5285162925720215], "desk_nafjjg_25": [8.342294692993164, 7.1514434814453125, 0.22362685203552246], "desk_nafjjg_26": [-6.267050743103027, 6.167067527770996, 3.4616565704345703], "desk_nafjjg_27": [7.764888286590576, 10.849190711975098, 2.2130541801452637], "desk_nafjjg_28": [7.882101535797119, 8.545068740844727, 5.614461898803711], "desk_nafjjg_29": [8.623878479003906, 11.190107345581055, 4.524767875671387], "desk_nafjjg_3": [-0.739567756652832, 4.52532958984375, 0.6654148101806641], "desk_nafjjg_30": [10.657190322875977, 9.680206298828125, 4.178807258605957], "desk_nafjjg_31": [11.429008483886719, 9.105170249938965, 0.978445291519165], "desk_nafjjg_32": [10.922810554504395, 10.071123123168945, 5.364847660064697], "desk_nafjjg_4": [-6.325453281402588, 8.34760856628418, 5.707082271575928], "desk_nafjjg_5": [0.6994884014129639, 5.439151763916016, 0.6012756824493408], "desk_nafjjg_6": [-2.3240771293640137, 9.275629043579102, 2.4610378742218018], "desk_nafjjg_7": [3.336549758911133, 4.22291898727417, 0.5784182548522949], "desk_nafjjg_8": [-2.0768542289733887, 8.491317749023438, 4.677561283111572], "pedestal_table_gkkxaj_0": [-3.1515097618103027, 0.5755078196525574, 1.9110157489776611], "rocking_chair_zgmspi_0": [-3.0770654678344727, -0.5091073513031006, 6.225557327270508], "rocking_chair_zgmspi_1": [-2.0133962631225586, -0.7161694765090942, 0.5179150104522705], "sofa_kupqto_0": [-2.2055580615997314, 3.0305795669555664, 3.664543867111206], "taboret_zxoexh_0": [-3.1127817630767822, -0.7262959480285645, 3.543260097503662], "taboret_zxoexh_1": [-4.169593334197998, -0.638369083404541, 1.143953800201416], "swivel_chair_zvwpfc_0": [-6.556333065032959, 9.300155639648438, 1.7865887880325317], "swivel_chair_zvwpfc_1": [-0.6928603649139404, 5.923244476318359, 1.435072422027588], "swivel_chair_zvwpfc_10": [2.8268070220947266, 9.364677429199219, 3.1275205612182617], "swivel_chair_zvwpfc_11": [-2.339806079864502, 6.698505878448486, 4.06535530090332], "swivel_chair_zvwpfc_12": [2.7172250747680664, 9.302139282226562, 2.250882148742676], "swivel_chair_zvwpfc_13": [6.845827579498291, 4.778386116027832, 0.2832808494567871], "swivel_chair_zvwpfc_14": [-7.07169246673584, 6.018738269805908, 1.8675984144210815], "swivel_chair_zvwpfc_15": [4.057124137878418, 9.340004920959473, 0.34011006355285645], "swivel_chair_zvwpfc_16": [8.634264945983887, 4.7991156578063965, 0.7281515598297119], "swivel_chair_zvwpfc_17": [-5.29741096496582, 5.690933704376221, 4.864654541015625], "swivel_chair_zvwpfc_18": [6.277581691741943, 9.963030815124512, 5.633537292480469], "swivel_chair_zvwpfc_19": [8.110062599182129, 9.7763671875, 0.9496254920959473], "swivel_chair_zvwpfc_2": [-5.824121475219727, 9.229808807373047, 5.669591426849365], "swivel_chair_zvwpfc_20": [10.341504096984863, 10.680523872375488, 4.401862621307373], "swivel_chair_zvwpfc_21": [12.577967643737793, 9.12855052947998, 5.208370685577393], "swivel_chair_zvwpfc_3": [2.05391263961792, 5.065234184265137, 0.9378974437713623], "swivel_chair_zvwpfc_4": [-3.6819608211517334, 8.855277061462402, 5.4118781089782715], "swivel_chair_zvwpfc_5": [2.5590929985046387, 6.89393949508667, 5.871373653411865], "swivel_chair_zvwpfc_6": null, "swivel_chair_zvwpfc_7": [6.034411430358887, 5.940884113311768, 3.820369243621826], "swivel_chair_zvwpfc_8": [-0.5833894610404968, 9.594018936157227, 4.409231185913086], "swivel_chair_zvwpfc_9": [-2.8233182430267334, 6.132413864135742, 4.519628047943115], "painting_dacihj_0": [2.092939853668213, -0.8920292258262634, 4.977200508117676], "painting_ixbmia_0": [2.1841139793395996, -0.29369816184043884, 4.7296977043151855], "painting_jayvqq_0": [1.9127445220947266, 0.23105117678642273, 0.25060105323791504], "painting_pefmap_0": null, "painting_twvyzs_0": [2.1786653995513916, 0.4223453402519226, 1.4308375120162964], "pillar_komgra_0": [-4.122720718383789, 11.575765609741211, 3.8159759044647217], "pillar_komgra_1": [2.4062156677246094, 11.303903579711914, 0.09031081199645996], "pillar_komgra_2": null, "pillar_komgra_3": null, "pillar_komgra_4": [-4.84256649017334, 3.3577842712402344, 3.515662670135498], "pillar_komgra_5": [2.72806715965271, 3.647388458251953, 5.211948394775391], "pillar_komgra_6": null, "pillar_komgra_7": null, "vending_machine_wogoig_0": [5.717540740966797, 11.750259399414062, 0.461484432220459], "vending_machine_wogoig_1": [14.963521957397461, 10.72631549835205, 2.2079668045043945], "Light_test": null, "robot0": null}