{"shelf_iwziew_1": [18.19039556980133, -5.403410649299621, 0], "envelope_urcigc_1": [18.19039556980133, -4.665550637245178, 0], "envelope_urcigc_2": [18.411753573417663, -4.960694642066955, 0], "envelope_urcigc_3": [18.411753573417663, -4.739336638450622, 0], "binder_guhatz_1": [18.264181571006773, -5.182052645683289, 0], "desk_mdhelw_0": [16.263713836669922, -14.135436058044434, 1.1963800191879272], "periodic_table_mhwwtu_1": [6.829187593460083, 11.306834230422973, 0], "bottom_cabinet_immwzb_0": [8.242938995361328, -5.076878070831299, 0.2758936882019043], "bottom_cabinet_immwzb_1": [10.576468467712402, -8.303735733032227, 5.054270267486572], "bottom_cabinet_immwzb_2": [8.623323440551758, -1.2419112920761108, 6.193984508514404], "bottom_cabinet_immwzb_3": [9.910394668579102, 0.1303582787513733, 5.214522361755371], "bottom_cabinet_immwzb_4": [8.27163028717041, -3.4833924770355225, 5.46746826171875], "bottom_cabinet_immwzb_5": [10.05152702331543, -1.075274109840393, 6.0326080322265625], "bottom_cabinet_immwzb_6": [10.361950874328613, -4.652594566345215, 4.995530128479004], "bottom_cabinet_immwzb_7": null, "bottom_cabinet_immwzb_8": [10.826213836669922, -5.740264892578125, 1.6602200269699097], "bottom_cabinet_immwzb_9": [9.106306076049805, 0.4868168532848358, 4.266973495483398], "bottom_cabinet_rvunhj_0": [7.946644306182861, -5.574742794036865, 0.23819279670715332], "bottom_cabinet_rvunhj_1": [8.309483528137207, -8.059731483459473, 0.20341873168945312], "bottom_cabinet_rvunhj_2": [8.261865615844727, -2.2650415897369385, 6.089109897613525], "bottom_cabinet_rvunhj_3": [9.06104850769043, -1.9897617101669312, 3.0799989700317383], "bottom_cabinet_rvunhj_4": [7.728640079498291, 0.6894943714141846, 0.5503025054931641], "bottom_cabinet_rvunhj_5": [7.982508182525635, 0.9842095375061035, 1.434341311454773], "conference_table_fpkmyw_0": [4.459771156311035, 14.994852066040039, 5.515509605407715], "swivel_chair_gfixyb_0": [17.577871322631836, -11.360588073730469, 2.7651784420013428], "swivel_chair_gfixyb_1": [11.131021499633789, 2.802443742752075, 1.843491792678833], "swivel_chair_gfixyb_2": [14.555598258972168, -11.185799598693848, 5.213160514831543], "swivel_chair_gfixyb_3": [16.654199600219727, -4.44059944152832, 5.330489158630371], "swivel_chair_gfixyb_4": [15.518939018249512, -4.8370041847229, 6.157346725463867], "swivel_chair_gfixyb_5": [15.44797134399414, -8.607491493225098, 5.650613307952881], "swivel_chair_gfixyb_6": [16.620094299316406, -8.52154541015625, 5.895114421844482], "swivel_chair_gfixyb_7": [9.49159049987793, 2.5770490169525146, 0.5904185771942139], "swivel_chair_ryznxk_0": [9.939672470092773, -0.05552702769637108, 6.2805023193359375], "swivel_chair_ryznxk_1": [10.339263916015625, -8.42058277130127, 0.35613107681274414], "swivel_chair_ryznxk_2": [9.075721740722656, -1.9255578517913818, 3.22552752494812], "swivel_chair_ryznxk_3": null, "swivel_chair_ryznxk_4": [9.092832565307617, -4.018682956695557, 5.601794719696045], "swivel_chair_ryznxk_5": [9.581341743469238, -6.4704766273498535, 0.7893059253692627], "swivel_chair_ryznxk_6": [10.867412567138672, -0.7353360056877136, 5.003211498260498], "swivel_chair_ryznxk_7": [11.993232727050781, -3.7734475135803223, 2.535708427429199], "swivel_chair_ryznxk_8": [9.3938627243042, -7.252341270446777, 1.7340675592422485], "swivel_chair_ryznxk_9": [11.110223770141602, -6.4798479080200195, 1.7737319469451904], "swivel_chair_ucawqa_0": [5.4220733642578125, 13.693380355834961, 1.9781023263931274], "swivel_chair_ucawqa_1": [6.124765396118164, 13.714399337768555, 6.258136749267578], "swivel_chair_ucawqa_2": [6.763673305511475, 14.102339744567871, 1.9324649572372437], "swivel_chair_ucawqa_3": [6.0176682472229, 11.485834121704102, 5.277976036071777], "swivel_chair_ucawqa_4": null, "swivel_chair_ucawqa_5": [5.630407810211182, 15.476692199707031, 4.863426685333252], "swivel_chair_ucawqa_6": [4.955833435058594, 13.387360572814941, 0.4994387626647949], "swivel_chair_ucawqa_7": [7.8667802810668945, 12.05118179321289, 2.4781553745269775], "swivel_chair_ucawqa_8": [5.543746471405029, 13.420798301696777, 0.49080729484558105], "swivel_chair_ucawqa_9": [6.943328857421875, 12.369940757751465, 0.15467071533203125], "bottom_cabinet_jhymlr_0": [13.010212898254395, -9.612472534179688, 0.5646970272064209], "cubicle_deceti_0": [11.418325424194336, -7.015414237976074, 0.8845634460449219], "cubicle_deceti_1": [9.24492359161377, -1.3559306859970093, 0.10066342353820801], "cubicle_deceti_2": [10.660807609558105, -5.485866069793701, 6.091123104095459], "cubicle_deceti_3": [10.949684143066406, -1.0876233577728271, 0.6203510761260986], "cubicle_hzalfx_0": [10.63436222076416, -4.823107719421387, 0.6707732677459717], "cubicle_hzalfx_1": [12.455583572387695, -3.9000096321105957, 0.7888245582580566], "cubicle_hzalfx_2": null, "cubicle_hzalfx_3": [10.373551368713379, 1.666882038116455, 5.358490467071533], "cubicle_hzalfx_4": [9.09635066986084, -6.81023645401001, 0.8169615268707275], "cubicle_hzalfx_5": [10.590919494628906, -9.071033477783203, 5.020157337188721], "projection_screen_zsquya_0": null, "projection_screen_zsquya_1": [19.139904022216797, -7.399354934692383, 5.712678909301758], "projection_screen_zsquya_2": null, "projection_screen_zsquya_3": null, "projection_screen_zsquya_4": null, "projection_screen_zsquya_5": null, "projection_screen_zsquya_6": [6.076374530792236, 17.26778221130371, 4.163958549499512], "projection_screen_zsquya_7": [4.0580878257751465, 17.007923126220703, 0.8232729434967041], "projection_screen_zsquya_8": null, "projection_screen_zsquya_9": null, "top_cabinet_oztrra_0": null, "swivel_chair_lhkkri_0": [17.25037384033203, -13.482504844665527, 3.1373982429504395], "swivel_chair_lhkkri_1": [9.726934432983398, 5.555757999420166, 0.9576852321624756], "swivel_chair_lhkkri_2": [14.888433456420898, -6.141435146331787, 5.735997676849365], "swivel_chair_lhkkri_3": [14.943488121032715, -7.0974345207214355, 6.111598014831543], "countertop_epaijd_0": [13.493897438049316, -9.248563766479492, 1.5014173984527588], "desk_mdhelw_1": [13.71739387512207, -7.698540210723877, 3.972566604614258], "desk_mdhelw_2": [10.511639595031738, 4.509347915649414, 1.3374930620193481], "desk_mdhelw_3": [13.221502304077148, -5.153304576873779, 1.2288025617599487], "elevator_door_yazaic_0": [-2.7206554412841797, -5.060731887817383, 3.5732367038726807], "elevator_door_yazaic_1": [0.018705099821090698, -2.720247268676758, 0.6074278354644775], "elevator_door_yazaic_2": [0.5459232330322266, -5.205438613891602, 4.088516712188721], "elevator_door_yazaic_3": null, "elevator_door_yazaic_4": [-2.940216302871704, -10.629233360290527, 3.550788402557373], "elevator_door_yazaic_5": null, "projection_screen_ubdmvn_0": null, "toilet_udiezm_0": [21.019521713256836, 5.817851543426514, 5.673289775848389], "toilet_udiezm_1": [21.549482345581055, 6.801762580871582, 5.6962690353393555], "toilet_udiezm_2": [21.623332977294922, 8.169577598571777, 0.02870035171508789], "toilet_udiezm_3": [20.639751434326172, 9.13317584991455, 0.35450196266174316], "toilet_udiezm_4": [21.8953800201416, 6.833467483520508, 1.664842963218689], "pot_plant_ttijye_0": [18.169282913208008, 6.8557281494140625, 2.2286694049835205], "countertop_zkhelh_0": [14.882386207580566, 10.225906372070312, 5.484609603881836], "hand_dryer_jblykn_0": [15.249751091003418, 8.706146240234375, 2.349869966506958], "handle_apdvez_0": [21.886686325073242, 4.627255439758301, 2.3061611652374268], "l_shaped_handle_xksaux_0": [21.709558486938477, 5.2794413566589355, 1.1848657131195068], "mirror_hnadel_0": [18.165740966796875, 9.361491203308105, 0.47371578216552734], "mirror_hnadel_1": [16.0915470123291, 9.766950607299805, 4.68749475479126], "mirror_hnadel_2": [15.799853324890137, 9.811717987060547, 4.067126750946045], "mirror_hnadel_3": [16.357025146484375, 10.325650215148926, 4.995278358459473], "mirror_hnadel_4": [18.24928092956543, 10.048897743225098, 4.356760025024414],