{"desk_mdhelw_2": [9.975358009338379, 2.808241844177246, 1.006650686264038], "folder_wauyns_1": [8.982687339782714, 4.910343914031983, 0], "tray_uekqey_1": [17.567865896224976, -9.347835092544557, 0], "calculator_kwmmty_1": [17.081295013427734, -8.641080856323242, 5.68560791015625], "conference_table_fpkmyw_0": [6.298030376434326, 17.32478141784668, 4.298008918762207], "bottom_cabinet_immwzb_0": [9.088241577148438, -5.157703876495361, 0.033663272857666016], "bottom_cabinet_immwzb_1": [9.962331771850586, -7.496068954467773, 5.094200611114502], "bottom_cabinet_immwzb_2": [9.193977355957031, -0.5982467532157898, 2.5815389156341553], "bottom_cabinet_immwzb_3": [10.475264549255371, 0.4303157925605774, 5.645487308502197], "bottom_cabinet_immwzb_4": [8.539300918579102, -3.543694496154785, 6.217621803283691], "bottom_cabinet_immwzb_5": [11.005060195922852, -0.9370169639587402, 4.822623252868652], "bottom_cabinet_immwzb_6": [10.467513084411621, -5.172859191894531, 1.0561094284057617], "bottom_cabinet_immwzb_7": [9.068686485290527, -7.623363494873047, 0.16308021545410156], "bottom_cabinet_immwzb_8": [10.67426586151123, -4.510735511779785, 1.8068395853042603], "bottom_cabinet_immwzb_9": [8.109786033630371, -0.7889868021011353, 0.320162296295166], "bottom_cabinet_rvunhj_0": [8.771499633789062, -6.113456726074219, 5.983390808105469], "bottom_cabinet_rvunhj_1": [8.57740592956543, -7.932258129119873, 3.5735514163970947], "bottom_cabinet_rvunhj_2": [8.045672416687012, -2.918393135070801, 4.547098159790039], "bottom_cabinet_rvunhj_3": [8.48550033569336, -3.392883539199829, 2.2341854572296143], "bottom_cabinet_rvunhj_4": [8.91465950012207, -0.11676400899887085, 3.8603596687316895], "bottom_cabinet_rvunhj_5": [9.207535743713379, 1.2315342426300049, 3.5975499153137207], "swivel_chair_gfixyb_0": [15.612242698669434, -12.21131706237793, 0.7374691963195801], "swivel_chair_gfixyb_1": [10.495938301086426, 2.189940929412842, 1.9306511878967285], "swivel_chair_gfixyb_2": [14.307293891906738, -11.43082332611084, 6.216784477233887], "swivel_chair_gfixyb_3": null, "swivel_chair_gfixyb_4": [15.621761322021484, -3.7441298961639404, 1.070525884628296], "swivel_chair_gfixyb_5": [14.998125076293945, -9.938432693481445, 2.3271522521972656], "swivel_chair_gfixyb_6": [17.040142059326172, -10.061952590942383, 3.59474515914917], "swivel_chair_gfixyb_7": [8.890623092651367, 2.5561585426330566, 5.479879856109619], "swivel_chair_ryznxk_0": [8.980270385742188, 1.3032019138336182, 5.527093887329102], "swivel_chair_ryznxk_1": [9.830362319946289, -7.630309581756592, 6.246366024017334], "swivel_chair_ryznxk_2": [9.671651840209961, -1.6141533851623535, 0.10482478141784668], "swivel_chair_ryznxk_3": [11.478561401367188, 0.28945040702819824, 5.216236114501953], "swivel_chair_ryznxk_4": [8.98869514465332, -2.965224504470825, 4.661890983581543], "swivel_chair_ryznxk_5": [10.23745346069336, -6.030149459838867, 1.7018585205078125], "swivel_chair_ryznxk_6": [11.247795104980469, -2.5178279876708984, 1.9663496017456055], "swivel_chair_ryznxk_7": [10.713333129882812, -2.9681124687194824, 5.663941383361816], "swivel_chair_ryznxk_8": null, "swivel_chair_ryznxk_9": [10.786060333251953, -4.448801517486572, 4.997346878051758], "swivel_chair_ucawqa_0": [5.472334384918213, 13.943026542663574, 2.05564022064209], "swivel_chair_ucawqa_1": [7.502147197723389, 14.277337074279785, 2.117562770843506], "swivel_chair_ucawqa_2": [7.469857692718506, 13.710034370422363, 1.5879372358322144], "swivel_chair_ucawqa_3": [5.363224029541016, 11.484208106994629, 5.86699104309082], "swivel_chair_ucawqa_4": [4.7399373054504395, 12.505881309509277, 0.5162718296051025], "swivel_chair_ucawqa_5": [6.612523555755615, 15.613357543945312, 5.393280506134033], "swivel_chair_ucawqa_6": [5.682236194610596, 12.480789184570312, 1.2346340417861938], "swivel_chair_ucawqa_7": [7.27603816986084, 12.095782279968262, 1.4919607639312744], "swivel_chair_ucawqa_8": [4.883184432983398, 14.603231430053711, 5.94277286529541], "swivel_chair_ucawqa_9": [8.070727348327637, 12.586499214172363, 2.173150062561035], "bottom_cabinet_jhymlr_0": [13.145975112915039, -8.96020221710205, 0.2902212142944336], "cubicle_deceti_0": [12.757739067077637, -5.594316005706787, 2.907846689224243], "cubicle_deceti_1": [11.202314376831055, -2.773746967315674, 5.659063816070557], "cubicle_deceti_2": [10.74862003326416, -4.969176769256592, 5.90327262878418], "cubicle_deceti_3": [9.974689483642578, 0.6659624576568604, 4.945453643798828], "cubicle_hzalfx_0": [8.467303276062012, -3.4090683460235596, 3.9434285163879395], "cubicle_hzalfx_1": [10.427322387695312, -2.8916611671447754, 0.6383225917816162], "cubicle_hzalfx_2": [11.277493476867676, 0.4324527382850647, 2.032036542892456], "cubicle_hzalfx_3": [12.306941986083984, -0.4477919340133667, 0.0051648616790771484], "cubicle_hzalfx_4": [9.546174049377441, -6.385200500488281, 5.981457710266113], "cubicle_hzalfx_5": [9.479909896850586, -8.567070960998535, 6.225066661834717], "projection_screen_zsquya_0": null, "projection_screen_zsquya_1": null, "projection_screen_zsquya_2": null, "projection_screen_zsquya_3": null, "projection_screen_zsquya_4": null, "projection_screen_zsquya_5": [19.47289276123047, -2.10571551322937, 3.371894359588623], "projection_screen_zsquya_6": [5.286922931671143, 17.279077529907227, 3.7491750717163086], "projection_screen_zsquya_7": null, "projection_screen_zsquya_8": null, "projection_screen_zsquya_9": null, "top_cabinet_oztrra_0": null, "swivel_chair_lhkkri_0": [15.563604354858398, -14.262129783630371, 5.9330267906188965], "swivel_chair_lhkkri_1": [9.274744987487793, 3.517778158187866, 1.1473779678344727], "swivel_chair_lhkkri_2": [16.02864646911621, -5.316287994384766, 1.1376702785491943], "swivel_chair_lhkkri_3": [16.455089569091797, -6.926733493804932, 1.831902265548706], "countertop_epaijd_0": [10.45783519744873, -10.120930671691895, 1.316381812095642], "desk_mdhelw_0": [18.528961181640625, -13.100296020507812, 0.849801778793335], "desk_mdhelw_1": [12.948824882507324, -8.534307479858398, 5.999411582946777], "desk_mdhelw_3": [18.743623733520508, -4.6077141761779785, 5.597666263580322], "elevator_door_yazaic_0": [-3.1676828861236572, -5.658578872680664, 1.4138734340667725], "elevator_door_yazaic_1": [0.2608136534690857, -3.9840102195739746, 2.3992631435394287], "elevator_door_yazaic_2": [0.5886024832725525, -8.13994312286377, 1.8712857961654663], "elevator_door_yazaic_3": null, "elevator_door_yazaic_4": [-3.093670129776001, -7.950839042663574, 4.7730937004089355], "elevator_door_yazaic_5": [0.5256538391113281, -10.774118423461914, 0.24203705787658691], "projection_screen_ubdmvn_0": null, "toilet_udiezm_0": [20.870830535888672, 6.05253267288208, 5.3183064460754395], "toilet_udiezm_1": [21.56107521057129, 6.490823745727539, 2.2948479652404785], "toilet_udiezm_2": [21.980344772338867, 8.159818649291992, 2.401766538619995], "toilet_udiezm_3": [21.903154373168945, 9.04243278503418, 1.876365303993225], "toilet_udiezm_4": [21.83731460571289, 7.451192378997803, 4.77371072769165], "pot_plant_ttijye_0": [18.372573852539062, 4.547867298126221, 0.3455474376678467], "countertop_zkhelh_0": [15.548221588134766, 10.133408546447754, 4.015181064605713], "hand_dryer_jblykn_0": [14.842704772949219, 8.943300247192383, 5.786743640899658], "handle_apdvez_0": [20.95345115661621, 4.822399139404297, 0.6283137798309326], "l_shaped_handle_xksaux_0": [21.316736221313477, 5.835294246673584, 5.8703932762146], "mirror_hnadel_0": [18.16178321838379, 9.449522018432617, 1.1505814790725708], "mirror_hnadel_1": [14.746600151062012, 10.126073837280273, 4.844082832336426], "mirror_hnadel_2": null, "mirror_hnadel_3": [17.717193603515625, 10.139918327331543, 4.931883335113525], "mirror_hnadel_4": [17.788509368896484, 9.538373947143555, 1.5600173473358154], "room_divider_lgrcuq_0": [15.679258346557617, 7.254585266113281, 2.4531850814819336], "shower_stall_taqzxq_0": null, "shower_stall_taqzxq_1": [19.4798526763916, 6.867448806762695, 5.025899887084961],