{"recycling_bin_duugbb_1": [-2.1380275082588196, -16.706519956588746, 0], "packing_box_cjhskr_1": [-0.3339666724205017, -0.5605638027191162, 5.415029525756836], "desk_cnewsu_1": [-0.43018226623535155, -4.754269528388977, 0], "folder_wauyns_1": [0.2987697601318356, -3.6608414888381953, 0], "console_table_tzkfqa_1": [-0.15919122647494077, -14.377773129343987, 0], "bottom_cabinet_bamfsz_0": [-6.678677558898926, -5.313856601715088, 3.694526195526123], "bottom_cabinet_bamfsz_1": [-7.215458869934082, -5.333305358886719, 0.5851268768310547], "bottom_cabinet_bamfsz_10": [-4.087233066558838, 3.33575177192688, 5.8794050216674805], "bottom_cabinet_bamfsz_2": null, "bottom_cabinet_bamfsz_3": [-6.574129581451416, -4.775402069091797, 0.489408016204834], "bottom_cabinet_bamfsz_4": [-6.679595470428467, -3.2654881477355957, 5.775485992431641], "bottom_cabinet_bamfsz_5": [-5.573918342590332, -3.872545003890991, 2.442697048187256], "bottom_cabinet_bamfsz_6": [-1.8845024108886719, -2.8618531227111816, 2.324146032333374], "bottom_cabinet_bamfsz_7": [-3.419830799102783, -2.673654079437256, 1.8817424774169922], "bottom_cabinet_bamfsz_8": [-2.3300392627716064, 0.5786728262901306, 5.991281032562256], "bottom_cabinet_bamfsz_9": null, "serving_cart_lwgmcc_0": [-1.957197904586792, 7.810568332672119, 0.13656926155090332], "conference_table_hdomxc_0": [-4.306285381317139, 1.523925542831421, 4.777684211730957], "conference_table_hdomxc_1": [-3.100882053375244, -4.596802711486816, 2.274043321609497], "conference_table_jxixdw_0": [-6.591286659240723, 7.696444988250732, 0.05048394203186035], "eames_chair_mmqvnh_0": [-3.032262086868286, 7.294857025146484, 4.96200704574585], "eames_chair_mmqvnh_1": [-3.975567102432251, 6.9381303787231445, 5.776278018951416], "eames_chair_mmqvnh_2": [-5.623637676239014, 6.4663214683532715, 1.674794316291809], "eames_chair_mmqvnh_3": [-4.123593330383301, 8.955348014831543, 1.727005124092102], "eames_chair_mmqvnh_4": [-4.52165412902832, 9.145015716552734, 4.725143909454346], "eames_chair_svlwdg_0": [0.08280837535858154, -7.218874454498291, 5.881209373474121], "eames_chair_svlwdg_1": [0.6772552728652954, -7.108841419219971, 0.32416844367980957], "eames_chair_svlwdg_2": [1.6896852254867554, -6.123069763183594, 1.9261345863342285], "pedestal_table_wnqrci_0": [2.239638090133667, -7.49834680557251, 2.873178005218506], "shelf_xsfeyi_0": [1.6825037002563477, -2.0862605571746826, 0.06466531753540039], "shelf_xsfeyi_1": [-6.727260589599609, -0.5521068572998047, 4.429442405700684], "shelf_xsfeyi_2": [-6.480534076690674, -1.3615045547485352, 0.8624594211578369], "shelf_xsfeyi_3": [-7.03226375579834, 4.633749008178711, 5.523382186889648], "shelf_zdsmhe_0": [1.5306812524795532, -1.039468765258789, 4.886322498321533], "shelf_zdsmhe_1": [-6.612522602081299, 2.663379192352295, 3.0779130458831787], "shelf_zdsmhe_2": [-7.217393398284912, 3.8455209732055664, 0.6445081233978271], "swivel_chair_xvpywp_0": [-0.38530898094177246, -5.895883083343506, 3.5956203937530518], "swivel_chair_xvpywp_1": [-2.8594794273376465, -4.576983451843262, 0.8285350799560547], "swivel_chair_xvpywp_2": [-1.1908199787139893, -0.7680732011795044, 5.8050312995910645], "swivel_chair_xvpywp_3": [-2.6725034713745117, 1.5429162979125977, 1.213039517402649], "swivel_chair_xvpywp_4": [-4.061525344848633, 2.429283857345581, 2.973517417907715], "swivel_chair_xvpywp_5": [-6.127371311187744, -1.0847116708755493, 0.247406005859375], "swivel_chair_xvpywp_6": [-5.227070331573486, -4.6978840827941895, 2.0165598392486572], "swivel_chair_xvpywp_7": [-4.922663688659668, -5.15969181060791, 1.909569501876831], "locker_umumgu_0": [-1.9621787071228027, 10.284893035888672, 1.9348546266555786], "locker_umumgu_1": [-1.2762343883514404, 5.774211406707764, 3.25825834274292], "photocopier_jgqfsa_0": [-6.945878982543945, -6.31587553024292, 1.0204365253448486], "picture_alwmys_0": null, "picture_bxpohm_0": null, "picture_dogydw_0": null, "picture_jmvdxm_0": null, "picture_kigjuq_0": [-6.756098747253418, 2.224464178085327, 3.5260770320892334], "picture_lowoid_0": [-6.581020355224609, -4.046864032745361, 1.5669265985488892], "picture_pixmmn_0": [-7.091235637664795, -3.9864413738250732, 5.708643436431885], "picture_sfqdjg_0": null, "picture_uokrzt_0": null, "picture_vhgkix_0": null, "picture_wvymrn_0": null, "picture_wxwera_0": null, "picture_xmrjoj_0": [-6.987009525299072, -1.5350983142852783, 1.323182463645935], "picture_zarhyi_0": [-6.738496780395508, -4.941740989685059, 0.9417998790740967], "railing_ysodgc_0": [-0.453614741563797, 4.658967018127441, 1.358005166053772], "vending_machine_ocnbil_0": [-6.079634189605713, -6.7957940101623535, 3.307262659072876], "toilet_udiezm_0": [-2.835547924041748, -22.082168579101562, 0.5604894161224365], "toilet_udiezm_1": [-1.6573150157928467, -21.440393447875977, 0.10913586616516113], "toilet_udiezm_2": [0.23597067594528198, -21.65376853942871, 0.023758649826049805], "toilet_udiezm_3": [0.6833464503288269, -21.859533309936523, 5.970764636993408], "toilet_udiezm_4": [-0.8415524363517761, -21.382522583007812, 3.0683841705322266], "pot_plant_ttijye_0": [-3.02650785446167, -19.331092834472656, 2.144500255584717], "countertop_zkhelh_0": [1.406142234802246, -21.51154136657715, 5.019594669342041], "hand_dryer_jblykn_0": [0.9909939765930176, -14.943035125732422, 4.193968772888184], "handle_apdvez_0": [-3.156172275543213, -20.41986846923828, 4.21889066696167], "l_shaped_handle_xksaux_0": [-2.542132616043091, -20.759925842285156, 5.311996936798096], "mirror_hnadel_0": [1.6237359046936035, -18.927095413208008, 4.313327789306641], "mirror_hnadel_1": [0.9808062314987183, -15.306303024291992, 6.1280012130737305], "mirror_hnadel_2": [1.6117498874664307, -16.455657958984375, 1.8864728212356567], "mirror_hnadel_3": [1.445015549659729, -16.561574935913086, 5.0959367752075195], "mirror_hnadel_4": [1.255820631980896, -19.260257720947266, 0.9957821369171143], "room_divider_lgrcuq_0": [-0.6270039081573486, -15.788384437561035, 2.6534910202026367], "shower_stall_taqzxq_0": [0.3361473083496094, -20.898113250732422, 2.3399534225463867], "shower_stall_taqzxq_1": [-1.65797758102417, -22.097795486450195, 4.314999580383301], "shower_stall_taqzxq_2": [-0.1668098419904709, -22.629440307617188, 2.126588821411133], "shower_stall_taqzxq_3": [2.0001587867736816, -21.9971981048584, 1.647074818611145], "shower_stall_vshrva_0": [-1.6133277416229248, -20.296600341796875, 1.0668632984161377], "sink_kqnonf_0": [0.44536155462265015, -18.736717224121094, 5.4016852378845215], "sink_kqnonf_1": [0.8699844479560852, -15.705547332763672, 5.463914394378662], "sink_kqnonf_2": [1.6537351608276367, -16.05602264404297, 2.788827657699585], "sink_kqnonf_3": [1.2791659832000732, -17.761558532714844, 0.8517358303070068], "sink_kqnonf_4": [0.5279478430747986, -17.49089241027832, 5.99050760269165], "toilet_paper_dispenser_awuosg_0": [-3.1008102893829346, -20.908233642578125, 1.8650480508804321], "toilet_paper_dispenser_awuosg_1": [0.14785221219062805, -21.5025577545166, 0.6385538578033447], "toilet_paper_dispenser_awuosg_2": [-0.2466612011194229, -21.359130859375, 1.7433414459228516], "toilet_paper_dispenser_awuosg_3": [-1.3975268602371216, -21.131864547729492, 5.4803147315979], "toilet_paper_dispenser_awuosg_4": [-2.2542598247528076, -21.650606155395508, 1.4664294719696045], "urinal_lowprn_0": [-1.5580809116363525, -18.4442195892334, 1.8199372291564941], "urinal_lowprn_1": [-3.0410079956054688, -15.442461967468262, 5.724218368530273], "urinal_lowprn_2": [-1.9478634595870972, -14.790867805480957, 4.162537097930908], "urinal_lowprn_3": [-1.8196063041687012, -15.365789413452148, 0.08746981620788574], "urinal_lowprn_4": [-2.9938223361968994, -17.709741592407227, 0.11081480979919434], "Light_test": null, "robot0": null}