{
    "nextto": {
        "strawberry_ntxofi_1": [
            [
                10.802687339782715,
                4.910343914031983,
                0
            ]
        ],
        "burner_lfyqat_1": [
            [
                12.215188112258911,
                -5.954448060989379,
                0
            ]
        ],
        "periodic_table_mhwwtu_1": [
            [
                1.6236631977558138,
                14.615879344940186,
                0
            ]
        ],
        "desk_mdhelw_2": [
            7.037167072296143,
            4.004522800445557,
            4.39489221572876
        ]
    },
    "ontop": {
        "strawberry_ntxofi_1": {
            "periodic_table_mhwwtu_1": [
                [
                    2.872573137283325,
                    15.821030616760254,
                    1.2966666221618652
                ],
                [
                    0.4964756667613983,
                    -0.6795953512191772,
                    0.41644251346588135,
                    0.34385716915130615
                ]
            ]
        }
    },
    "inside": {}
}