{"nextto": {"laptop_sngiih_1": [[-5.775133123397827, 7.942001953125, 0]], "desk_cnewsu_1": [[0.8454837799072263, 0.5306326627731319, 0]], "calculator_kwmmty_1": [[0.8454837799072263, 0.7128706693649292, 0]], "shelf_iwziew_1": [[0.14221875358372926, -13.349433197379113, 0]], "pressure_cooker_otyngn_1": [1.3173871040344238, -6.972147464752197, 4.022079944610596], "brisket_nnnnqw_1": [1.3173871040344238, -6.972147464752197, 4.022079944610596]}, "ontop": {"calculator_kwmmty_1": {"shelf_iwziew_1": [[-0.24072584509849548, -13.98509693145752, 0.5152336955070496], [-9.387731552124023e-07, -5.048750608693808e-07, -0.053987737745046616, 0.998541533946991]]}}, "inside": {}}