{"information_bulletin_utvtam_1": [8.577588300704956, -10.864745397567749, 0], "desk_mdhelw_2": [12.583841323852539, 4.695135593414307, 4.765833377838135], "stapler_wheosp_1": [17.821465563774108, -5.329624648094177, 0], "periodic_table_mhwwtu_1": [6.7401875972747805, 15.934834032058715, 0], "bottom_cabinet_immwzb_0": [8.554226875305176, -5.265459060668945, 0.8135647773742676], "bottom_cabinet_immwzb_1": [10.757010459899902, -9.202567100524902, 1.402699589729309], "bottom_cabinet_immwzb_2": [9.921189308166504, -0.6031953692436218, 3.755730628967285], "bottom_cabinet_immwzb_3": [10.9163179397583, -0.08269158005714417, 5.192079067230225], "bottom_cabinet_immwzb_4": [9.850419998168945, -4.241281032562256, 3.2960376739501953], "bottom_cabinet_immwzb_5": [10.275060653686523, -1.0915175676345825, 4.521430492401123], "bottom_cabinet_immwzb_6": [10.915003776550293, -4.182150840759277, 1.0138163566589355], "bottom_cabinet_immwzb_7": [8.642887115478516, -8.671446800231934, 5.797300338745117], "bottom_cabinet_immwzb_8": [10.193904876708984, -5.053056716918945, 1.4389855861663818], "bottom_cabinet_immwzb_9": null, "bottom_cabinet_rvunhj_0": [8.611616134643555, -5.298377990722656, 4.6648054122924805], "bottom_cabinet_rvunhj_1": [8.574942588806152, -8.164875984191895, 1.8153284788131714], "bottom_cabinet_rvunhj_2": [8.428157806396484, -3.3190882205963135, 0.36243295669555664], "bottom_cabinet_rvunhj_3": [7.782533645629883, -1.477854609489441, 5.168962001800537], "bottom_cabinet_rvunhj_4": [8.553360939025879, 0.5657449960708618, 5.483940124511719], "bottom_cabinet_rvunhj_5": [8.372148513793945, 1.0650663375854492, 5.28664493560791], "conference_table_fpkmyw_0": [5.612115859985352, 16.898794174194336, 6.17991304397583], "swivel_chair_gfixyb_0": [16.07147789001465, -11.734319686889648, 3.002861499786377], "swivel_chair_gfixyb_1": [9.515349388122559, 2.485945224761963, 1.3648601770401], "swivel_chair_gfixyb_2": [15.658379554748535, -11.336224555969238, 5.850203514099121], "swivel_chair_gfixyb_3": [15.772832870483398, -4.116688251495361, 0.825878381729126], "swivel_chair_gfixyb_4": null, "swivel_chair_gfixyb_5": [15.75886058807373, -10.630064964294434, 1.1457380056381226], "swivel_chair_gfixyb_6": [17.599504470825195, -8.58688735961914, 4.467189788818359], "swivel_chair_gfixyb_7": [9.826757431030273, 2.7742903232574463, 1.0515532493591309], "swivel_chair_ryznxk_0": [10.33251667022705, 0.4426973760128021, 3.067370653152466], "swivel_chair_ryznxk_1": [11.25959587097168, -6.8078413009643555, 3.8261430263519287], "swivel_chair_ryznxk_2": [9.655152320861816, -0.8616369962692261, 4.718833923339844], "swivel_chair_ryznxk_3": [9.810379981994629, 0.2169659286737442, 0.28481411933898926], "swivel_chair_ryznxk_4": [10.375287055969238, -4.031304836273193, 2.1676177978515625], "swivel_chair_ryznxk_5": [9.6078462600708, -5.374882698059082, 1.0744764804840088], "swivel_chair_ryznxk_6": [11.400816917419434, -2.2011725902557373, 1.034407377243042], "swivel_chair_ryznxk_7": [11.663665771484375, -3.6101975440979004, 4.701552391052246], "swivel_chair_ryznxk_8": [9.3291015625, -7.257417678833008, 0.8407027721405029], "swivel_chair_ryznxk_9": [11.21828556060791, -5.329275608062744, 2.0393495559692383], "swivel_chair_ucawqa_0": null, "swivel_chair_ucawqa_1": [6.857898712158203, 13.476893424987793, 5.754300594329834], "swivel_chair_ucawqa_2": [7.093389511108398, 14.930750846862793, 1.2020777463912964], "swivel_chair_ucawqa_3": [6.7319135665893555, 11.348461151123047, 1.3014887571334839], "swivel_chair_ucawqa_4": [5.411706447601318, 13.428646087646484, 4.493869781494141], "swivel_chair_ucawqa_5": [5.1971940994262695, 15.767330169677734, 5.739927291870117], "swivel_chair_ucawqa_6": [5.474063873291016, 12.267016410827637, 1.4933067560195923], "swivel_chair_ucawqa_7": [6.946242809295654, 11.623848915100098, 2.2013707160949707], "swivel_chair_ucawqa_8": [5.288938522338867, 14.591367721557617, 5.349400997161865], "swivel_chair_ucawqa_9": [7.153319835662842, 12.550005912780762, 3.9374704360961914], "bottom_cabinet_jhymlr_0": [9.609760284423828, -9.337390899658203, 5.559421539306641], "cubicle_deceti_0": [12.88877010345459, -5.641574859619141, 3.5846292972564697], "cubicle_deceti_1": [11.2294282913208, -0.0652916356921196, 2.981487512588501], "cubicle_deceti_2": [10.143057823181152, -4.120787143707275, 2.23742413520813], "cubicle_deceti_3": [7.5625224113464355, -1.9422167539596558, 6.006270885467529], "cubicle_hzalfx_0": [7.728557109832764, -3.3156309127807617, 0.015253782272338867], "cubicle_hzalfx_1": [11.057252883911133, -2.334892749786377, 4.1604180335998535], "cubicle_hzalfx_2": [8.363937377929688, -0.1367582380771637, 2.2164711952209473], "cubicle_hzalfx_3": [9.767255783081055, -0.060098469257354736, 1.903440237045288], "cubicle_hzalfx_4": [10.95467758178711, -8.356012344360352, 0.04121851921081543], "cubicle_hzalfx_5": [12.309831619262695, -7.188882827758789, 5.147136211395264], "projection_screen_zsquya_0": [0.3581377863883972, 17.406639099121094, 3.948122978210449], "projection_screen_zsquya_1": [19.496158599853516, -7.809259414672852, 2.164828300476074], "projection_screen_zsquya_2": null, "projection_screen_zsquya_3": null, "projection_screen_zsquya_4": [-0.8586735129356384, 17.58363151550293, 4.70103120803833], "projection_screen_zsquya_5": null, "projection_screen_zsquya_6": null, "projection_screen_zsquya_7": [4.4083967208862305, 17.02578353881836, 0.38017702102661133], "projection_screen_zsquya_8": null, "projection_screen_zsquya_9": null, "top_cabinet_oztrra_0": null, "swivel_chair_lhkkri_0": [16.096698760986328, -14.720674514770508, 2.0259084701538086], "swivel_chair_lhkkri_1": [9.818359375, 6.288443565368652, 5.2411699295043945], "swivel_chair_lhkkri_2": [17.158910751342773, -6.247661590576172, 2.325995922088623], "swivel_chair_lhkkri_3": [16.958223342895508, -8.106706619262695, 0.9894704818725586], "countertop_epaijd_0": [6.751107215881348, -8.430336952209473, 4.0731916427612305], "desk_mdhelw_0": [16.299230575561523, -13.52222728729248, 5.4014811515808105], "desk_mdhelw_1": [14.413713455200195, -7.326711654663086, 6.019482612609863], "desk_mdhelw_3": null, "elevator_door_yazaic_0": [-2.3089993000030518, -3.9157001972198486, 4.11606502532959], "elevator_door_yazaic_1": [-0.13638919591903687, -2.4003593921661377, 6.0571088790893555], "elevator_door_yazaic_2": [0.7430999875068665, -6.04933500289917, 5.4645586013793945], "elevator_door_yazaic_3": null, "elevator_door_yazaic_4": [-3.7195894718170166, -9.539734840393066, 0.9636356830596924], "elevator_door_yazaic_5": [0.7145525217056274, -10.25265121459961, 4.468133926391602], "projection_screen_ubdmvn_0": [18.99569320678711, -13.073963165283203, 0.9702548980712891], "toilet_udiezm_0": [21.767824172973633, 5.108323574066162, 1.3491863012313843], "toilet_udiezm_1": [20.8552188873291, 6.174837589263916, 1.6709619760513306], "toilet_udiezm_2": [21.476577758789062, 7.834572792053223, 0.7515580654144287], "toilet_udiezm_3": [21.472719192504883, 9.510071754455566, 3.0602569580078125], "toilet_udiezm_4": [21.336870193481445, 7.140140056610107, 5.568974494934082], "pot_plant_ttijye_0": [18.914793014526367, 4.994163990020752, 4.200392723083496], "countertop_zkhelh_0": [21.168779373168945, 9.480273246765137, 0.01245570182800293], "hand_dryer_jblykn_0": [15.008871078491211, 9.536981582641602, 4.564620018005371], "handle_apdvez_0": [20.4822940826416, 4.967995643615723, 4.112834930419922], "l_shaped_handle_xksaux_0": [21.55545997619629, 5.701979160308838, 3.0030269622802734], "mirror_hnadel_0": [19.722177505493164, 9.094225883483887, 1.8699069023132324], "mirror_hnadel_1": [15.09351921081543, 9.306733131408691, 0.6828715801239014], "mirror_hnadel_2": [15.611315727233887, 10.153894424438477, 4.838101387023926], "mirror_hnadel_3": [17.034095764160156, 9.267513275146484, 0.6975977420806885], "mirror_hnadel_4": [18.119539260864258, 9.908635139465332, 5.055574893951416],