{"desk_nafjjg_9": [5.559384346008301, 4.921492576599121, 1.4599056243896484], "stapler_wheosp_1": [5.213195238113404, 4.59941930770874, 0], "periodic_table_mhwwtu_1": [5.587109727859498, -2.131041507720947, 0], "cabinet_base_dcmhhh_1": [1.3429299831390389, -3.2473888397216792, 0], "notebook_aanuhi_1": [1.592016077041626, -3.4964749336242673, 0], "shelf_iwziew_1": [1.3429299831390389, -4.741905403137207, 0], "armchair_ihhodt_0": [-0.6233848333358765, -2.7749900817871094, 1.3398113250732422], "coffee_table_wzyqgx_0": [-1.8880702257156372, 0.8539406061172485, 5.85106897354126], "desk_nafjjg_0": [-7.55708646774292, 9.94016170501709, 5.00526762008667], "desk_nafjjg_1": [0.43200623989105225, 4.266314506530762, 1.0106544494628906], "desk_nafjjg_10": [-2.7370567321777344, 9.693387985229492, 4.252909183502197], "desk_nafjjg_11": [4.244459629058838, 7.384082317352295, 6.215188503265381], "desk_nafjjg_12": null, "desk_nafjjg_13": [-2.868542194366455, 5.774608612060547, 5.452609539031982], "desk_nafjjg_14": [-0.07745522260665894, 8.965015411376953, 3.2707557678222656], "desk_nafjjg_15": null, "desk_nafjjg_16": [1.5598019361495972, 10.64200210571289, 1.8560868501663208], "desk_nafjjg_17": [-2.4048895835876465, 6.854425430297852, 1.171100378036499], "desk_nafjjg_18": [3.5777554512023926, 11.259424209594727, 4.700263023376465], "desk_nafjjg_19": [7.614633560180664, 4.335042476654053, 0.6087255477905273], "desk_nafjjg_2": [-7.758067607879639, 8.255240440368652, 2.0482521057128906], "desk_nafjjg_20": [-7.67117977142334, 4.6215596199035645, 5.975671768188477], "desk_nafjjg_21": [4.452055931091309, 8.809358596801758, 1.2131503820419312], "desk_nafjjg_22": [9.489150047302246, 5.339097499847412, 4.97930383682251], "desk_nafjjg_23": [-4.82585334777832, 4.862529754638672, 2.324951648712158], "desk_nafjjg_24": [4.114683628082275, 9.468388557434082, 1.751036524772644], "desk_nafjjg_25": [8.580449104309082, 4.685393810272217, 4.139307975769043], "desk_nafjjg_26": [-6.69854211807251, 5.630169868469238, 0.13576030731201172], "desk_nafjjg_27": [8.092581748962402, 9.357415199279785, 1.119281530380249], "desk_nafjjg_28": [9.757035255432129, 9.058914184570312, 4.034047603607178], "desk_nafjjg_29": [8.516059875488281, 7.7522358894348145, 1.6272742748260498], "desk_nafjjg_3": [1.2737150192260742, 5.641489028930664, 5.525918483734131], "desk_nafjjg_30": [10.659934997558594, 8.136238098144531, 0.6588008403778076], "desk_nafjjg_31": [10.102171897888184, 8.42016315460205, 1.9506666660308838], "desk_nafjjg_32": [12.049739837646484, 8.608153343200684, 0.9427163600921631], "desk_nafjjg_4": [-6.813729286193848, 10.075228691101074, 5.972845554351807], "desk_nafjjg_5": [1.390413522720337, 7.186267375946045, 1.2285287380218506], "desk_nafjjg_6": [-3.756714105606079, 10.765944480895996, 4.761743545532227], "desk_nafjjg_7": [4.065714359283447, 7.744286060333252, 4.497903823852539], "desk_nafjjg_8": [-3.1488656997680664, 9.287064552307129, 3.7812540531158447], "pedestal_table_gkkxaj_0": [-2.9626352787017822, -0.11391696333885193, 5.354247570037842], "rocking_chair_zgmspi_0": [-1.7516469955444336, -1.0070304870605469, 3.102276563644409], "rocking_chair_zgmspi_1": [-2.171386480331421, -0.3851902484893799, 5.513960361480713], "sofa_kupqto_0": [2.04410457611084, 4.318063259124756, 4.595643043518066], "taboret_zxoexh_0": [-3.431568145751953, -1.0156359672546387, 0.638655424118042], "taboret_zxoexh_1": [-4.154147624969482, 0.8218490481376648, 5.853887557983398], "swivel_chair_zvwpfc_0": [-8.155309677124023, 10.28843879699707, 4.747366428375244], "swivel_chair_zvwpfc_1": [-0.03327406942844391, 6.0666913986206055, 1.8559112548828125], "swivel_chair_zvwpfc_10": [2.6774239540100098, 10.262676239013672, 4.894914150238037], "swivel_chair_zvwpfc_11": [-3.171492576599121, 6.108841896057129, 5.9751996994018555], "swivel_chair_zvwpfc_12": [3.8823235034942627, 9.494377136230469, 5.054172992706299], "swivel_chair_zvwpfc_13": [7.700591087341309, 6.1073102951049805, 2.250602960586548], "swivel_chair_zvwpfc_14": [-7.114165306091309, 5.088826656341553, 3.658170461654663], "swivel_chair_zvwpfc_15": [4.937862873077393, 10.40159797668457, 2.074395179748535], "swivel_chair_zvwpfc_16": [8.032054901123047, 5.655496120452881, 0.3705439567565918], "swivel_chair_zvwpfc_17": [-5.533608436584473, 5.102457523345947, 2.9719152450561523], "swivel_chair_zvwpfc_18": [7.243314266204834, 8.78412914276123, 5.585446834564209], "swivel_chair_zvwpfc_19": [9.923160552978516, 9.76296329498291, 2.148514986038208], "swivel_chair_zvwpfc_2": [-5.440851211547852, 10.441192626953125, 1.3823002576828003], "swivel_chair_zvwpfc_20": [9.366521835327148, 9.74126148223877, 5.6711745262146], "swivel_chair_zvwpfc_21": [12.379008293151855, 8.345074653625488, 1.2949472665786743], "swivel_chair_zvwpfc_3": [0.963309109210968, 6.675556182861328, 0.2092139720916748], "swivel_chair_zvwpfc_4": [-4.6802520751953125, 9.382769584655762, 0.9161860942840576], "swivel_chair_zvwpfc_5": [1.8171414136886597, 5.922121047973633, 0.04901695251464844], "swivel_chair_zvwpfc_6": [-2.333787679672241, 9.494683265686035, 5.388434886932373], "swivel_chair_zvwpfc_7": null, "swivel_chair_zvwpfc_8": [-0.975227415561676, 9.540594100952148, 5.5867695808410645], "swivel_chair_zvwpfc_9": [-3.2614924907684326, 6.021772384643555, 6.0945539474487305], "painting_dacihj_0": [2.2321648597717285, -1.5244033336639404, 2.251119375228882], "painting_ixbmia_0": [2.09450101852417, -0.2697252333164215, 5.141343116760254], "painting_jayvqq_0": [1.9186272621154785, 0.24606384336948395, 5.760955333709717], "painting_pefmap_0": null, "painting_twvyzs_0": [2.364506244659424, 0.8809711337089539, 3.044617176055908], "pillar_komgra_0": null, "pillar_komgra_1": null, "pillar_komgra_2": [9.457600593566895, 10.736185073852539, 1.1206648349761963], "pillar_komgra_3": [16.75152015686035, 9.810724258422852, 1.5218894481658936], "pillar_komgra_4": [-4.050862789154053, 2.9720356464385986, 1.5076477527618408], "pillar_komgra_5": [2.8133366107940674, 2.4013612270355225, 2.0750091075897217], "pillar_komgra_6": null, "pillar_komgra_7": null, "vending_machine_wogoig_0": [4.949784278869629, 10.907743453979492, 0.6867020130157471], "vending_machine_wogoig_1": [15.790091514587402, 11.450451850891113, 2.074922561645508], "Light_test": null, "robot0": null}