{"nextto": {"booth_xzrpar_1": [[-2.127038583755493, 3.15456937789917, 0]], "kale_kjyfdx_1": [[-1.55491868019104, 4.928141078948975, 0]], "burner_lfyqat_1": [[-1.6693426609039306, 5.214201030731201, 0]], "electric_cauldron_qmdgct_1": [[-2.192676959037781, 7.119832601547241, 0]]}, "ontop": {}, "inside": {"kale_kjyfdx_1": {"electric_cauldron_qmdgct_1": [[-0.8259769678115845, 7.580430030822754, 1.193785309791565], [0.6391817927360535, -0.29617834091186523, -0.2476910501718521, 0.6651121377944946]]}}}