{"nextto": {"toaster_oven_ctrngh_1": [[-2.8885214996337893, -8.450299606323242, 0]], "bap_pabfde_1": [[-2.8885214996337893, -8.450299606323242, 0]], "breakfast_table_jruvif_3": [-3.8859119415283203, -0.5320881009101868, 6.126802444458008]}, "ontop": {"bap_pabfde_1": {"breakfast_table_jruvif_3": [[-4.296596527099609, -1.1013259887695312, 1.0793253183364868], [0.0007554918411187828, -0.00011800898937508464, -0.028775803744792938, 0.9995856285095215]]}}, "inside": {}}