{"nextto": {"hutch_vsqsuy_1": [[-7.2032025837898255, 5.037955210208893, 0]], "waffle_gjwper_1": [[-7.2032025837898255, 5.037955210208893, 0]], "toaster_oven_ctrngh_1": [[-1.418118553161621, 7.308848328590393, 0]], "desk_cnewsu_1": [[-2.1388387489318847, 7.164704289436341, 0]]}, "ontop": {"waffle_gjwper_1": {"desk_cnewsu_1": [[-0.5411872267723083, 9.07976245880127, 0.7456856369972229], [-0.0004429536347743124, 0.00045293825678527355, -0.21264106035232544, 0.977130115032196]]}}, "inside": {}}