{
    "nextto": {
        "shelf_iwziew_1": [
            [
                -0.729546383395791,
                2.5937447619438174,
                0
            ]
        ],
        "canteen_ttxunv_1": [
            [
                -0.729546383395791,
                3.2342447590827943,
                0
            ]
        ],
        "router_tokdic_1": [
            [
                -12.977514839172363,
                -0.4114530219323933,
                0
            ]
        ],
        "coffee_table_gpkbiw_0": [
            -9.968481063842773,
            -2.0854592323303223,
            0.3774685859680176
        ]
    },
    "ontop": {
        "canteen_ttxunv_1": {
            "coffee_table_gpkbiw_0": [
                [
                    -9.487929344177246,
                    -0.18528558313846588,
                    0.41423434019088745
                ],
                [
                    8.25676615932025e-05,
                    0.0001452834694646299,
                    -0.008090664632618427,
                    0.9999672174453735
                ]
            ]
        }
    },
    "inside": {}
}