{"armchair_tcxiue_0": [-12.09305477142334, -2.7723984718322754, 0.3666214942932129], "breakfast_table_idnnmz_0": [-7.603693962097168, -0.6498133540153503, 0.49147677421569824], "breakfast_table_skczfi_0": [-4.864191055297852, -0.7530196905136108, 6.258851528167725], "coffee_table_fqluyq_0": [-10.909178733825684, 1.0919045209884644, 0.024567604064941406], "guitar_cybisc_0": [-4.061071872711182, -2.2017321586608887, 4.436686038970947], "guitar_cybisc_1": [-2.196279764175415, -2.3987553119659424, 5.991055965423584], "monitor_rbqanz_0": [-8.78243637084961, -1.8138916492462158, 0.2908976078033447], "monitor_rbqanz_1": [-4.9733099937438965, -0.20352205634117126, 0.43912601470947266], "standing_tv_udotid_0": [-10.210702896118164, -3.1686062812805176, 0.6429648399353027], "swivel_chair_lafeot_0": [-8.984299659729004, -1.2638343572616577, 0.11771655082702637], "bathtub_fdjykf_0": [-0.5435866117477417, 2.7556354999542236, 5.351916313171387], "bed_mpgavt_0": [-5.15684175491333, -1.6318869590759277, 1.7409064769744873], "bed_zrumze_0": [-2.7472145557403564, -1.9678876399993896, 3.4549925327301025], "bottom_cabinet_jhymlr_0": [-5.657168865203857, -0.35897645354270935, 5.810639381408691], "bottom_cabinet_no_top_spojpj_0": [-8.65620231628418, 1.0274168252944946, 5.4064555168151855], "bottom_cabinet_no_top_spojpj_1": [-7.11879301071167, 1.3043081760406494, 6.154558181762695], "countertop_tpuwys_0": [-8.59461498260498, 0.6533297300338745, 2.4741551876068115], "electric_switch_wseglt_0": [-1.7470959424972534, 2.1858673095703125, 2.533111572265625], "electric_switch_wseglt_1": [-3.344038486480713, 1.3403900861740112, 6.000062465667725], "electric_switch_wseglt_10": [-6.801193714141846, -3.0849108695983887, 1.1957249641418457], "electric_switch_wseglt_11": [-6.600621700286865, 2.549445390701294, 5.652775764465332], "electric_switch_wseglt_2": [-1.7814359664916992, 1.3094085454940796, 3.474388360977173], "electric_switch_wseglt_3": [-1.233048915863037, 0.3152519762516022, 0.6910598278045654], "electric_switch_wseglt_4": [-2.3044919967651367, 2.4204461574554443, 0.3064534664154053], "electric_switch_wseglt_5": [-2.540311336517334, 2.381035566329956, 0.2700831890106201], "electric_switch_wseglt_6": [-4.29763650894165, 0.2149128019809723, 1.6203627586364746], "electric_switch_wseglt_7": [-6.197146415710449, 2.7806735038757324, 4.482829570770264], "electric_switch_wseglt_8": [-5.082740306854248, 0.8701936602592468, 5.6778564453125], "electric_switch_wseglt_9": [-12.09285831451416, -2.960480213165283, 2.9809038639068604], "picture_cltbty_0": null, "picture_ytxhyl_0": null, "shelf_njwsoa_0": [-0.7861822247505188, 1.8472650051116943, 4.960876941680908], "shelf_njwsoa_1": [-12.874349594116211, 1.635668396949768, 3.191115379333496], "shelf_njwsoa_2": [-10.35218620300293, -2.8035988807678223, 0.013344764709472656], "shelf_njwsoa_3": [-5.454573154449463, -0.08068855106830597, 0.4227180480957031], "shelf_njwsoa_4": [-4.647355556488037, -2.6531360149383545, 3.714834451675415], "shelf_owvfik_0": [-10.547207832336426, -2.162137269973755, 2.474533796310425], "shelf_owvfik_1": [-7.8003315925598145, -2.792506694793701, 4.601641654968262], "shelf_owvfik_2": [-9.221623420715332, 0.4823756814002991, 5.518123626708984], "shelf_vgzdul_0": [-15.28609848022461, 2.332639217376709, 1.2519830465316772], "shelf_vgzdul_1": [-8.633877754211426, 0.43766623735427856, 0.587104082107544], "shelf_vgzdul_2": [-13.215453147888184, -1.8391978740692139, 5.149456024169922], "shelf_vgzdul_3": [-7.800553798675537, 1.0600522756576538, 2.488924741744995], "shelf_vgzdul_4": [1.2032973766326904, -0.3776453733444214, 4.947534561157227], "sink_zexzrc_0": [0.6805073618888855, 3.5078299045562744, 6.201426029205322], "sofa_mnfbbh_0": [-10.228804588317871, 0.5626195073127747, 0.315138578414917], "straight_chair_vkgbbl_0": [-12.264020919799805, 1.74359130859375, 0.3921949863433838], "toilet_wusctd_0": [0.8560178279876709, 2.864274740219116, 3.3190128803253174], "robot0": null, "recycling_bin_106": [-5.939816951751709, -1.0748403072357178, 0.7962791919708252], "legal_document_107": [-5.879797458648682, -0.31323060393333435, 0.6383969783782959], "legal_document_108": [-6.218592166900635, -0.6935136318206787, 0.8519270420074463], "legal_document_109": [-8.100530624389648, -1.9792031049728394, 0.698505163192749]}