{
    "nextto": {
        "console_table_tzkfqa_1": [
            [
                -10.026344923973083,
                -1.922253804206848,
                0
            ]
        ],
        "mug_fapsrj_1": [
            [
                -9.780944933891297,
                -1.676853814125061,
                0
            ]
        ],
        "microwave_abzvij_1": [
            [
                -3.2404454350471497,
                1.6690463423728943,
                0
            ]
        ],
        "coffee_table_fqluyq_0": [
            -10.397849082946777,
            1.47178053855896,
            5.066017150878906
        ]
    },
    "ontop": {
        "mug_fapsrj_1": {
            "coffee_table_fqluyq_0": [
                [
                    -10.799901962280273,
                    0.48622843623161316,
                    0.44082942605018616
                ],
                [
                    -0.0003977122250944376,
                    -0.00034826635965146124,
                    -0.023290110751986504,
                    0.9997286796569824
                ]
            ]
        }
    },
    "inside": {}
}