{
    "nextto": {
        "reception_desk_kjmhgc_1": [
            [
                -4.5622963714599605,
                -3.467704634666443,
                0
            ]
        ],
        "celery_rqvtqi_1": [
            [
                -4.5622963714599605,
                -3.467704634666443,
                0
            ]
        ],
        "stove_kfhkqp_1": [
            [
                -3.897296371459961,
                -1.9477046346664428,
                0
            ]
        ],
        "stockpot_gxiqbw_1": [
            [
                -0.729546383395791,
                1.2700447678565978,
                0
            ]
        ]
    },
    "ontop": {},
    "inside": {
        "celery_rqvtqi_1": {
            "stockpot_gxiqbw_1": [
                [
                    0.6814930438995361,
                    2.013902425765991,
                    0.9558062553405762
                ],
                [
                    -7.375492714345455e-07,
                    -0.0003634559689089656,
                    -0.07349098473787308,
                    0.9972957372665405
                ]
            ]
        }
    }
}