{
    "nextto": {
        "bed_mpgavt_0": [
            [
                -4.030745754241944,
                -0.3441543912887571,
                0
            ]
        ],
        "backpack_gvbiwl_1": [
            [
                -4.030745754241944,
                -0.3441543912887571,
                0
            ]
        ],
        "desk_cnewsu_1": [
            [
                -7.541996173858642,
                -0.1624038743972777,
                0
            ]
        ],
        "table_lamp_ehjsdz_1": [
            [
                -7.469196186065673,
                -0.1624038743972777,
                0
            ]
        ]
    },
    "ontop": {
        "backpack_gvbiwl_1": {
            "desk_cnewsu_1": [
                [
                    -5.467859745025635,
                    -0.0034760944545269012,
                    1.006130576133728
                ],
                [
                    -0.4791579842567444,
                    -0.26558446884155273,
                    -0.7322273850440979,
                    0.4046177864074707
                ]
            ]
        }
    },
    "inside": {}
}