{
    "nextto": {
        "shelf_iwziew_1": [
            [
                -4.586495916843414,
                3.471696779727936,
                0
            ]
        ],
        "wine_bottle_vjdkci_1": [
            [
                -4.586495916843414,
                2.718096811771393,
                0
            ]
        ],
        "cooler_pnkiag_1": [
            [
                -4.5236959195137025,
                2.718096811771393,
                0
            ]
        ],
        "space_heater_kxzqpr_1": [
            [
                -7.68759614944458,
                -0.1624038743972777,
                0
            ]
        ]
    },
    "ontop": {},
    "inside": {
        "wine_bottle_vjdkci_1": {
            "cooler_pnkiag_1": [
                [
                    -2.884834051132202,
                    3.038705825805664,
                    0.18338535726070404
                ],
                [
                    -0.0028991089202463627,
                    4.3628388084471226e-05,
                    -0.00851687602698803,
                    0.9999595284461975
                ]
            ]
        }
    }
}