{
    "nextto": {
        "shelf_iwziew_1": [
            [
                -4.586495916843414,
                2.718096811771393,
                0
            ]
        ],
        "snack_rack_ytrmpz_1": [
            [
                -4.586495916843414,
                2.718096811771393,
                0
            ]
        ],
        "coffee_table_fqluyq_0": [
            -9.32558822631836,
            1.2146618366241455,
            4.695586204528809
        ]
    },
    "ontop": {
        "snack_rack_ytrmpz_1": {
            "coffee_table_fqluyq_0": [
                [
                    -10.603565216064453,
                    0.5294054746627808,
                    0.5643706321716309
                ],
                [
                    0.027999505400657654,
                    0.056326452642679214,
                    -0.44292062520980835,
                    0.894351601600647
                ]
            ]
        }
    },
    "inside": {}
}