{"shelf_iwziew_1": [-4.052695939540863, 3.0634967970848086, 0], "water_bottle_ackxiy_1": [-3.9270959448814393, 2.9378968024253846, 0], "coffee_table_fqluyq_0": [-11.31704330444336, 0.522609293460846, 4.765524387359619], "package_mvvnqm_1": [-11.498744864463806, -0.08175387859344485, 0], "desk_cnewsu_1": [-7.396396198272705, -2.4920034837722778, 0], "armchair_tcxiue_0": [-11.401445388793945, 0.11868162453174591, 5.842907905578613], "breakfast_table_idnnmz_0": [-7.098272323608398, -1.5323715209960938, 2.4930307865142822], "breakfast_table_skczfi_0": [-5.238918781280518, 0.24700266122817993, 0.10047602653503418], "guitar_cybisc_0": [-4.842416286468506, -2.996324300765991, 5.672971725463867], "guitar_cybisc_1": [-1.6418824195861816, -2.1906192302703857, 4.11635684967041], "monitor_rbqanz_0": [-8.41922664642334, -1.6347110271453857, 1.6892986297607422], "monitor_rbqanz_1": [-4.589565753936768, 0.4592020511627197, 5.352730751037598], "standing_tv_udotid_0": [-8.206271171569824, -2.451617479324341, 1.7033718824386597], "swivel_chair_lafeot_0": [-8.093483924865723, -1.3868309259414673, 3.154075860977173], "bathtub_fdjykf_0": [-0.28495144844055176, 2.4390299320220947, 2.5304665565490723], "bed_mpgavt_0": [-4.052011966705322, 0.6336865425109863, 4.406895160675049], "bed_zrumze_0": [1.5398666858673096, -1.2476840019226074, 4.4853715896606445], "bottom_cabinet_jhymlr_0": [-5.397165298461914, -2.1260623931884766, 0.3461792469024658], "bottom_cabinet_no_top_spojpj_0": [-8.603277206420898, -0.10287296772003174, 1.165974497795105], "bottom_cabinet_no_top_spojpj_1": [-6.730288505554199, 0.6248604655265808, 1.39490807056427], "countertop_tpuwys_0": [-8.626076698303223, 1.3662410974502563, 4.236931324005127], "electric_switch_wseglt_0": [-1.87497878074646, 2.6826677322387695, 4.754500389099121], "electric_switch_wseglt_1": [-3.405369281768799, 1.738735318183899, 5.3820881843566895], "electric_switch_wseglt_10": [-7.252449989318848, -2.635782480239868, 5.830296993255615], "electric_switch_wseglt_11": [-6.53821325302124, 1.7292038202285767, 0.7295396327972412], "electric_switch_wseglt_2": [-1.6873788833618164, 0.6886299848556519, 1.978261113166809], "electric_switch_wseglt_3": [-0.7292352914810181, 0.9313499331474304, 4.473215103149414], "electric_switch_wseglt_4": [-2.2072999477386475, 2.0807394981384277, 1.06563401222229], "electric_switch_wseglt_5": [-2.067753791809082, 2.200821876525879, 1.4086508750915527], "electric_switch_wseglt_6": [-4.40337610244751, 0.7403411269187927, 4.210665702819824], "electric_switch_wseglt_7": [-6.516584396362305, 1.9863803386688232, 0.4519493579864502], "electric_switch_wseglt_8": [-4.664936065673828, 1.0958671569824219, 3.6651358604431152], "electric_switch_wseglt_9": [-12.15719985961914, -2.930469512939453, 2.739919424057007], "picture_cltbty_0": null, "picture_ytxhyl_0": null, "shelf_njwsoa_0": [-1.5809130668640137, 1.1561132669448853, 0.34734416007995605], "shelf_njwsoa_1": [-13.645350456237793, 2.3269948959350586, 5.921855926513672], "shelf_njwsoa_2": [-10.467113494873047, -2.7543082237243652, 5.089644432067871], "shelf_njwsoa_3": [-5.614112377166748, 0.4700120687484741, 5.3595871925354], "shelf_njwsoa_4": [-5.2811970710754395, -1.806004524230957, 0.4438285827636719], "shelf_owvfik_0": [-8.182827949523926, -1.820758581161499, 5.651317596435547], "shelf_owvfik_1": [-8.641966819763184, -2.967024326324463, 2.402494192123413], "shelf_owvfik_2": [-9.004779815673828, -0.1453743278980255, 0.7201066017150879], "shelf_vgzdul_0": [-4.533529281616211, 2.9961531162261963, 5.156249523162842], "shelf_vgzdul_1": null, "shelf_vgzdul_2": [-13.347517013549805, 3.985633373260498, 6.07500696182251], "shelf_vgzdul_3": [-8.053616523742676, 1.4075907468795776, 5.505849361419678], "shelf_vgzdul_4": [0.5441620349884033, -1.505242109298706, 5.0444440841674805], "sink_zexzrc_0": [-2.698021650314331, 3.6053850650787354, 1.9484686851501465], "sofa_mnfbbh_0": [-10.27214527130127, 2.291627883911133, 0.3971092700958252], "straight_chair_vkgbbl_0": [-12.531577110290527, 2.232402801513672, 2.310988664627075], "toilet_wusctd_0": [0.735854983329773, 3.709655284881592, 5.518743515014648], "Light_test": null, "robot0": null}