{
    "nextto": {
        "toolbox_rrmzvc_1": [
            [
                -2.6398454308509827,
                1.7782463431358337,
                1.5707963267948966
            ]
        ],
        "carafe_ocjcgp_1": [
            [
                -2.6398454308509827,
                1.7782463431358337,
                1.5707963267948966
            ]
        ],
        "cooler_pnkiag_1": [
            [
                -4.586495916843414,
                3.660096771717072,
                0
            ]
        ]
    },
    "ontop": {},
    "inside": {
        "carafe_ocjcgp_1": {
            "cooler_pnkiag_1": [
                [
                    -3.9139859676361084,
                    3.2895689010620117,
                    0.20867808163166046
                ],
                [
                    0.028626948595046997,
                    -0.01612946018576622,
                    -0.014498250558972359,
                    0.999354898929596
                ]
            ]
        }
    }
}