{"sandal_chgcrm_1": [-2.7510457634925847, 2.9288461661338805, 0], "sandal_chgcrm_2": [-2.9575457453727725, 2.8049461770057675, 0], "pillow_vbgcmf_1": [-1.6708459424972533, -1.798953831195831, 0], "sofa_lugrhk_1": [-6.1650454664230345, 3.325546641349792, 0], "armchair_bslhmj_0": [-3.489041328430176, -2.936642646789551, 4.992992401123047], "armchair_vzhxuf_0": [-3.7476999759674072, -0.09762410074472427, 2.405329942703247], "breakfast_table_skczfi_0": [-2.2930023670196533, 3.7292537689208984, 6.080766201019287], "breakfast_table_skczfi_1": [-0.15838634967803955, 2.6742544174194336, 3.8603317737579346], "floor_lamp_vdxlda_0": [0.4068654179573059, 2.5614476203918457, 5.382821559906006], "pot_plant_udqjui_0": [-7.4657697677612305, 1.6340911388397217, 4.912917137145996], "pot_plant_udqjui_1": [-0.01813247799873352, 0.3515261113643646, 0.3145124912261963], "pot_plant_udqjui_2": [0.47571679949760437, 0.10370326042175293, 4.5295257568359375], "standing_tv_udotid_0": [0.8058561682701111, 1.5034589767456055, 5.9345574378967285], "bathtub_fdjykf_0": [1.3315277099609375, 4.871001243591309, 3.139251232147217], "bed_mpgavt_0": [1.2968974113464355, -1.8493214845657349, 0.9409949779510498], "bottom_cabinet_rntwkg_0": [-1.3960119485855103, -2.9110493659973145, 0.2607553005218506], "bottom_cabinet_no_top_qohxjq_0": [-0.0989006906747818, 1.546851396560669, 5.3885722160339355], "bottom_cabinet_no_top_qohxjq_1": [0.9702867269515991, 3.934743881225586, 4.34798002243042], "electric_switch_wseglt_0": [-3.035658359527588, 2.645681619644165, 3.959486961364746], "electric_switch_wseglt_1": [-4.309962749481201, -0.4683975577354431, 4.866089344024658], "electric_switch_wseglt_2": [-4.746181488037109, 0.7253015041351318, 0.4027714729309082], "electric_switch_wseglt_3": [-4.220932483673096, 1.0978326797485352, 6.0900115966796875], "electric_switch_wseglt_4": [-1.7024271488189697, 2.8704137802124023, 1.587812066078186], "electric_switch_wseglt_5": [-2.7876393795013428, 2.712541341781616, 5.129551410675049], "electric_switch_wseglt_6": [-4.792149066925049, 1.1075129508972168, 0.03936338424682617], "mirror_pevdqu_0": [1.6761374473571777, 1.6688530445098877, 6.043064117431641], "mirror_pevdqu_1": [0.9478307366371155, 3.191699981689453, 4.991436958312988], "shelf_owvfik_0": [-1.636878490447998, 0.6807708740234375, 1.9338651895523071], "shelf_vgzdul_0": [-2.820683240890503, -2.694070339202881, 2.781986951828003], "shower_stall_invgma_0": [-2.6987226009368896, 3.804358720779419, 2.0459578037261963], "sink_ksecxq_0": [0.8021717667579651, 1.9113210439682007, 4.600320816040039], "sink_ksecxq_1": [1.0721927881240845, 3.881412982940674, 0.500572919845581], "toilet_wusctd_0": [-2.242741107940674, 3.4425840377807617, 4.149654388427734], "top_cabinet_dmwxyl_0": [-1.839690923690796, 4.817788124084473, 4.0176615715026855], "Light_test": null, "robot0": null}