{
    "nextto": {
        "reception_desk_kjmhgc_1": [
            [
                -4.5622963714599605,
                -0.5227046346664429,
                0
            ]
        ],
        "garlic_bread_kjhxsq_1": [
            [
                -4.5622963714599605,
                -0.5227046346664429,
                0
            ]
        ],
        "stove_kfhkqp_1": [
            [
                -4.087296371459961,
                -0.5227046346664429,
                0
            ]
        ],
        "breakfast_table_uhrsex_1": [
            [
                -11.442954826354981,
                1.5323229943029582,
                0
            ]
        ]
    },
    "ontop": {
        "garlic_bread_kjhxsq_1": {
            "breakfast_table_uhrsex_1": [
                [
                    -9.181384086608887,
                    1.031674861907959,
                    0.46694496273994446
                ],
                [
                    0.002225380390882492,
                    0.01581450179219246,
                    -0.1288217306137085,
                    0.9915392398834229
                ]
            ]
        }
    },
    "inside": {}
}