{
    "nextto": {
        "coffee_table_gpkbiw_0": [
            [
                -10.624522819519044,
                -1.2298850287683307,
                0
            ]
        ],
        "desk_phone_kpxrpb_1": [
            [
                -10.624522819519044,
                -1.2298850287683307,
                0
            ]
        ],
        "console_table_tzkfqa_1": [
            [
                -5.074644513130187,
                -0.6260556602478025,
                0
            ]
        ],
        "room_light_htznln_1": [
            0.4129983186721802,
            -2.7885732650756836,
            5.144802093505859
        ]
    },
    "ontop": {
        "desk_phone_kpxrpb_1": {
            "console_table_tzkfqa_1": [
                [
                    -4.3162522315979,
                    -2.5210773944854736,
                    0.8453004360198975
                ],
                [
                    0.010819248855113983,
                    -0.02129676379263401,
                    -0.385390967130661,
                    0.9224441647529602
                ]
            ]
        }
    },
    "inside": {}
}