{
    "nextto": {
        "reception_desk_kjmhgc_1": [
            [
                -4.5622963714599605,
                -3.467704634666443,
                0
            ]
        ],
        "trout_kqpeke_1": [
            [
                -3.6122963714599607,
                -3.467704634666443,
                0
            ]
        ],
        "cooler_pnkiag_1": [
            -0.8286001086235046,
            0.48212990164756775,
            3.629382610321045
        ]
    },
    "ontop": {},
    "inside": {
        "trout_kqpeke_1": {
            "cooler_pnkiag_1": [
                [
                    0.16393586993217468,
                    0.027420468628406525,
                    0.1621626913547516
                ],
                [
                    0.02976723574101925,
                    0.08029720932245255,
                    -0.11711935698986053,
                    0.989418625831604
                ]
            ]
        }
    }
}