{
    "nextto": {
        "breakfast_table_uhrsex_1": [
            [
                -8.965017952919007,
                8.517147860527038,
                0
            ]
        ],
        "teacup_zdvgol_1": [
            [
                -8.826385884284974,
                8.239883723258972,
                0
            ]
        ],
        "cooler_pnkiag_1": [
            [
                -5.4906751465797425,
                2.393085901737213,
                0
            ]
        ],
        "desk_cnewsu_1": [
            [
                -2.1388387489318847,
                6.94848846912384,
                0
            ]
        ],
        "laptop_sngiih_1": [
            [
                -2.1388387489318847,
                7.380920586585998,
                0
            ]
        ]
    },
    "ontop": {},
    "inside": {
        "teacup_zdvgol_1": {
            "cooler_pnkiag_1": [
                [
                    -3.8049614429473877,
                    3.0069193840026855,
                    0.12544147670269012
                ],
                [
                    -0.0009999657049775124,
                    -2.8437934815883636e-05,
                    -0.015632499009370804,
                    0.9998773336410522
                ]
            ]
        }
    }
}