{
    "nextto": {
        "shelf_iwziew_1": [
            [
                -4.75619704246521,
                2.328994951248169,
                0
            ]
        ],
        "carton_hhlmbi_1": [
            [
                -4.75619704246521,
                2.328994951248169,
                0
            ]
        ],
        "coffee_table_gpkbiw_0": [
            -9.22972583770752,
            0.9276001453399658,
            2.1783037185668945
        ]
    },
    "ontop": {
        "carton_hhlmbi_1": {
            "coffee_table_gpkbiw_0": [
                [
                    -9.851037979125977,
                    -0.09353381395339966,
                    0.3946537375450134
                ],
                [
                    8.805422112345695e-06,
                    -2.008862793445587e-06,
                    -0.060034602880477905,
                    0.9981963634490967
                ]
            ]
        }
    },
    "inside": {}
}