{
    "nextto": {
        "pedestal_table_oqclwq_1": [
            [
                -5.490453352928162,
                5.118450598716736,
                0
            ]
        ],
        "chocolate_biscuit_xhmpht_1": [
            [
                -5.490453352928162,
                5.118450598716736,
                0
            ]
        ],
        "reception_desk_kjmhgc_1": [
            [
                -3.5341030240058897,
                3.438839967250824,
                0
            ]
        ],
        "plate_qtfzeq_1": [
            [
                -5.4906751465797425,
                2.393085901737213,
                0
            ]
        ],
        "toaster_oven_ctrngh_1": [
            [
                -3.5003690218925474,
                2.393085901737213,
                0
            ]
        ]
    },
    "ontop": {
        "chocolate_biscuit_xhmpht_1": {
            "plate_qtfzeq_1": [
                [
                    -4.061028480529785,
                    2.7371034622192383,
                    0.8297834992408752
                ],
                [
                    -0.024384107440710068,
                    0.07862872630357742,
                    -0.02236936427652836,
                    0.9963546991348267
                ]
            ]
        },
        "plate_qtfzeq_1": {
            "reception_desk_kjmhgc_1": [
                [
                    -4.613243579864502,
                    3.0333781242370605,
                    0.819420576095581
                ],
                [
                    1.593944034539163e-07,
                    -7.146663847379386e-07,
                    -0.12709517776966095,
                    0.9918906092643738
                ]
            ]
        }
    },
    "inside": {}
}