{"sink_zexzrc_1": [-3.7580060958862305, 1.6843668222427368, 6.003758430480957], "water_bottle_ackxiy_1": [-3.7703468894958494, 2.9339454460144045, 0], "coffee_table_gpkbiw_0": [-10.053964614868164, 1.1118584871292114, 6.264897346496582], "paperback_book_dbmzmo_1": [-10.317610816955566, -1.1275810279138385, 0], "desk_cnewsu_1": [-2.607944312095642, 0.24454441070556648, 0], "armchair_vzhxuf_0": [-11.173643112182617, 1.831972599029541, 4.394575119018555], "armchair_vzhxuf_1": [-12.05005931854248, -1.096153974533081, 2.443246841430664], "breakfast_table_dnsjnv_0": [-9.19722843170166, -3.2749040126800537, 1.0028769969940186], "breakfast_table_uhrsex_0": [-0.3478977680206299, -2.5612473487854004, 5.497211456298828], "coffee_table_gcollb_0": [-11.911172866821289, 0.020379409193992615, 4.029311180114746], "pot_plant_udqjui_0": [1.0908769369125366, -3.91489577293396, 2.942979335784912], "straight_chair_eospnr_0": null, "straight_chair_eospnr_1": [-2.089878559112549, -1.426654577255249, 5.132922172546387], "straight_chair_eospnr_2": null, "straight_chair_eospnr_3": [-1.9870007038116455, -2.4298949241638184, 1.3324642181396484], "straight_chair_pmpwwi_0": [0.07569420337677002, -0.7852155566215515, 4.756521224975586], "straight_chair_pmpwwi_1": [-0.6862406730651855, -2.5115222930908203, 2.445746660232544], "bottom_cabinet_bamfsz_0": [-2.632453203201294, 2.6972503662109375, 3.6380157470703125], "bottom_cabinet_jrhgeu_0": [-2.5506393909454346, 0.31497612595558167, 5.954802513122559], "bottom_cabinet_no_top_bmsclc_0": [-4.111496925354004, -2.404677391052246, 5.356213569641113], "bottom_cabinet_no_top_bmsclc_1": [-4.906757831573486, -2.7392258644104004, 1.8760844469070435], "bottom_cabinet_no_top_pluwfl_0": [0.7893563508987427, -0.6145239472389221, 4.8830742835998535], "bottom_cabinet_no_top_qohxjq_0": [-5.536954402923584, -1.4649155139923096, 0.686995267868042], "bottom_cabinet_no_top_qohxjq_1": [0.6329764127731323, 1.2730363607406616, 1.4932194948196411], "bottom_cabinet_no_top_spojpj_0": [-0.22455179691314697, 1.3193905353546143, 5.702455997467041], "bottom_cabinet_no_top_spojpj_1": [0.1684177815914154, 1.93365478515625, 1.0344336032867432], "bottom_cabinet_no_top_ufhpbn_0": [-2.646113634109497, -1.5350909233093262, 4.2657790184021], "bottom_cabinet_no_top_vdedzt_0": [-0.48976296186447144, 0.4101578891277313, 4.18654727935791], "bottom_cabinet_no_top_vzzafs_0": [-3.534363269805908, -0.5550852417945862, 6.026177406311035], "burner_pmntxh_0": [-3.0115129947662354, -1.8482024669647217, 1.259745478630066], "countertop_tpuwys_0": [-1.9439603090286255, 0.3039030432701111, 1.6901817321777344], "countertop_tpuwys_1": [1.13750159740448, -0.20905917882919312, 0.2973775863647461], "countertop_tpuwys_2": [-3.5839121341705322, -2.523007869720459, 2.316399097442627], "countertop_tpuwys_3": [-4.715033531188965, -1.7996189594268799, 5.332243919372559], "countertop_tpuwys_4": [-2.312642812728882, 0.9969260692596436, 4.78084659576416], "countertop_tpuwys_5": [-2.5073249340057373, -2.581493616104126, 4.4365715980529785], "countertop_tpuwys_6": [1.019484281539917, 2.784210681915283, 1.7168114185333252], "dishwasher_dngvvi_0": [-4.938204288482666, -2.1170427799224854, 2.2385940551757812], "clothes_dryer_zlmnfg_0": [-1.4114084243774414, 4.834249496459961, 4.032308578491211], "electric_switch_wseglt_0": [-9.704894065856934, -3.0056471824645996, 0.3576033115386963], "electric_switch_wseglt_1": [-0.8357684016227722, 0.49879029393196106, 1.988372802734375], "electric_switch_wseglt_2": [-4.952493667602539, -0.8494130969047546, 5.963736534118652], "electric_switch_wseglt_3": [-0.8764040470123291, 0.8604618906974792, 1.5838651657104492], "electric_switch_wseglt_4": [-1.0287877321243286, 1.6039440631866455, 1.6467936038970947], "electric_switch_wseglt_5": [-3.579667806625366, 2.2944796085357666, 5.71018123626709], "electric_switch_wseglt_6": [-4.748880386352539, 2.2189548015594482, 6.027922630310059], "electric_switch_wseglt_7": [-4.591081142425537, 1.4261757135391235, 4.292328834533691], "electric_switch_wseglt_8": [-7.4303202629089355, -3.3905608654022217, 1.3866831064224243], "fridge_xyejdx_0": [-3.4635772705078125, 0.37332630157470703, 1.6127939224243164], "fridge_xyejdx_1": [1.248331904411316, 3.2144815921783447, 5.065645217895508], "microwave_bfbeeb_0": [-3.2587971687316895, 0.0678742527961731, 4.919496536254883], "mirror_pevdqu_0": [-3.234269380569458, 3.787492036819458, 5.955931186676025], "oven_fexqbj_0": [-3.9263339042663574, 1.236074686050415, 5.644838809967041], "oven_fexqbj_1": [-3.428950548171997, 1.0760022401809692, 2.834986925125122], "oven_fexqbj_2": [-2.88867449760437, -2.1898558139801025, 5.715221405029297], "picture_qavxsz_0": [-12.747787475585938, -0.47669902443885803, 2.7252824306488037], "picture_rciuob_0": [-13.141356468200684, 2.1060831546783447, 5.208673477172852], "picture_tlwjpv_0": null, "picture_zsirgc_0": [-8.486499786376953, 2.8374056816101074, 2.2793352603912354], "shelf_owvfik_0": [-12.57032585144043, -2.61045241355896, 0.08175349235534668], "shelf_owvfik_1": [-13.22413444519043, 2.226651668548584, 5.699769020080566], "shelf_vgzdul_0": [-5.808004379272461, -2.117562770843506, 0.5483379364013672], "sink_ksecxq_0": [-2.5880167484283447, 3.093571901321411, 3.5403482913970947], "sink_zexzrc_0": [-3.994335174560547, -1.5544872283935547, 5.146186351776123], "toilet_kfmkbm_0": [-3.6436660289764404, 3.437438726425171, 5.759810924530029], "top_cabinet_dmwxyl_0": [-2.494009494781494, -0.29628658294677734, 1.2724000215530396], "top_cabinet_dmwxyl_1": [-4.647505283355713, -0.1804472953081131, 5.049360275268555], "top_cabinet_dmwxyl_2": null, "top_cabinet_dmwxyl_3": null, "top_cabinet_fqhdne_0": [1.0197759866714478, 3.141446113586426, 3.5117342472076416], "top_cabinet_lsyzkh_0": null, "top_cabinet_lsyzkh_1": null, "top_cabinet_lsyzkh_2": null, "washer_omeuop_0": [-3.6038174629211426, 4.276653289794922, 5.792977809906006], "Light_test": null, "robot0": null}