{
    "nextto": {
        "packing_box_cjhskr_1": [
            [
                -5.4906751465797425,
                3.1352339482307436,
                0
            ]
        ],
        "biscuit_dough_vbhtbo_1": [
            [
                -5.4906751465797425,
                3.1352339482307436,
                0
            ]
        ],
        "cooler_pnkiag_1": [
            [
                -5.15333512544632,
                3.067765944004059,
                0
            ]
        ],
        "coffee_maker_fwlabx_1": [
            [
                -1.418118553161621,
                6.804344429969787,
                0
            ]
        ]
    },
    "ontop": {},
    "inside": {
        "biscuit_dough_vbhtbo_1": {
            "cooler_pnkiag_1": [
                [
                    -3.2313926219940186,
                    3.146878719329834,
                    0.14249423146247864
                ],
                [
                    -0.004123441409319639,
                    0.0028029519598931074,
                    -0.046745289117097855,
                    0.9988943934440613
                ]
            ]
        }
    }
}