{"notebook_aanuhi_1": [-1.6708459424972533, -2.2217537808418277, 0], "pen_hiyeki_1": [-4.892895669937134, -1.3415037965774534, 0], "desk_cnewsu_1": [-5.867545475959778, 1.4215467023849488, 0], "armchair_bslhmj_0": [-3.1198458671569824, -1.5047903060913086, 1.4664733409881592], "armchair_vzhxuf_0": [-3.1989080905914307, 0.6825910210609436, 1.045750379562378], "breakfast_table_skczfi_0": [-1.5203500986099243, 4.99931526184082, 5.7231974601745605], "breakfast_table_skczfi_1": [-0.07192763686180115, 2.4460294246673584, 3.5324559211730957], "floor_lamp_vdxlda_0": [0.663243293762207, 1.0512148141860962, 6.0914716720581055], "pot_plant_udqjui_0": [-7.36374568939209, 1.0933891534805298, 1.8314982652664185], "pot_plant_udqjui_1": [-1.5242235660552979, -0.04214125871658325, 0.6371700763702393], "pot_plant_udqjui_2": null, "standing_tv_udotid_0": [-0.30866968631744385, 0.9220322370529175, 3.5981857776641846], "bathtub_fdjykf_0": [-0.947937548160553, 6.367549896240234, 3.095017910003662], "bed_mpgavt_0": [-2.315049171447754, -1.3844112157821655, 1.1368381977081299], "bottom_cabinet_rntwkg_0": [-1.23280930519104, -2.161904811859131, 5.007589340209961], "bottom_cabinet_no_top_qohxjq_0": [0.1763286590576172, 1.2019519805908203, 2.718003273010254], "bottom_cabinet_no_top_qohxjq_1": [0.022757619619369507, 2.913010358810425, 0.8976614475250244], "electric_switch_wseglt_0": [-4.136358261108398, 2.3661792278289795, 6.090534687042236], "electric_switch_wseglt_1": [-4.283635139465332, -0.3955972194671631, 4.811468601226807], "electric_switch_wseglt_2": [-4.302326679229736, 1.2172822952270508, 4.696878433227539], "electric_switch_wseglt_3": [-4.294525623321533, 0.9225881099700928, 0.6481513977050781], "electric_switch_wseglt_4": [-2.165954828262329, 2.9773049354553223, 0.42746639251708984], "electric_switch_wseglt_5": [-2.5153374671936035, 1.9630435705184937, 1.4074723720550537], "electric_switch_wseglt_6": [-4.355892658233643, 1.513644814491272, 4.861916542053223], "mirror_pevdqu_0": [0.0033555906265974045, 1.4930541515350342, 1.7078299522399902], "mirror_pevdqu_1": [0.7211802005767822, 2.1033504009246826, 1.0089471340179443], "shelf_owvfik_0": [-0.5579302310943604, -0.22444093227386475, 1.2368394136428833], "shelf_vgzdul_0": [-1.4324394464492798, -3.0183560848236084, 0.34060072898864746], "shower_stall_invgma_0": [-3.203875780105591, 3.345316171646118, 0.7662575244903564], "sink_ksecxq_0": [-0.15054267644882202, 1.5443172454833984, 0.22261834144592285], "sink_ksecxq_1": [0.5341496467590332, 3.012448787689209, 6.1444926261901855], "toilet_wusctd_0": [-2.3526902198791504, 4.312342166900635, 4.955592632293701], "top_cabinet_dmwxyl_0": [-2.1805455684661865, 3.769418716430664, 1.0231869220733643], "Light_test": null, "robot0": null}