{
    "nextto": {
        "hutch_vsqsuy_1": [
            [
                -7.2032025837898255,
                5.037955210208893,
                0
            ]
        ],
        "waffle_gjwper_1": [
            [
                -7.2032025837898255,
                5.037955210208893,
                0
            ]
        ],
        "toaster_oven_ctrngh_1": [
            [
                -1.418118553161621,
                7.308848328590393,
                0
            ]
        ],
        "desk_cnewsu_1": [
            [
                -2.1388387489318847,
                7.164704289436341,
                0
            ]
        ]
    },
    "ontop": {
        "waffle_gjwper_1": {
            "desk_cnewsu_1": [
                [
                    -0.5293726325035095,
                    8.682280540466309,
                    0.7458471655845642
                ],
                [
                    -0.0005061976262368262,
                    0.0005271167028695345,
                    -0.1991385668516159,
                    0.9799710512161255
                ]
            ]
        }
    },
    "inside": {}
}