{
    "nextto": {
        "shelf_iwziew_1": [
            [
                -0.729546383395791,
                2.5937447619438174,
                0
            ]
        ],
        "basil_dkuhvb_1": [
            [
                -0.729546383395791,
                3.063444759845734,
                0
            ]
        ],
        "cooler_pnkiag_1": [
            [
                -4.75619704246521,
                2.328994951248169,
                0
            ]
        ]
    },
    "ontop": {},
    "inside": {
        "basil_dkuhvb_1": {
            "cooler_pnkiag_1": [
                [
                    -4.659785270690918,
                    3.6611974239349365,
                    0.11419805884361267
                ],
                [
                    0.0002831472083926201,
                    -0.003399051958695054,
                    -0.027381038293242455,
                    0.9996192455291748
                ]
            ]
        }
    }
}