{
    "nextto": {
        "reception_desk_kjmhgc_1": [
            [
                -4.5622963714599605,
                -3.467704634666443,
                0
            ]
        ],
        "chicken_leg_nhfiuh_1": [
            [
                -1.3322963714599607,
                -3.467704634666443,
                0
            ]
        ],
        "microwave_bfbeeb_0": [
            -4.178340911865234,
            0.3963509798049927,
            3.441208839416504
        ]
    },
    "ontop": {},
    "inside": {
        "chicken_leg_nhfiuh_1": {
            "microwave_bfbeeb_0": [
                [
                    -3.5147039890289307,
                    0.5418041944503784,
                    1.5173321962356567
                ],
                [
                    -0.01658686250448227,
                    0.013298792764544487,
                    -0.03183832764625549,
                    0.9992669224739075
                ]
            ]
        }
    }
}