{
    "nextto": {
        "reception_desk_kjmhgc_1": [
            [
                -4.5622963714599605,
                -0.5227046346664429,
                0
            ]
        ],
        "bagel_zlxkry_1": [
            [
                -4.467296371459961,
                -0.5227046346664429,
                0
            ]
        ],
        "oven_fexqbj_2": [
            -2.395343065261841,
            -0.15237706899642944,
            5.32642936706543
        ]
    },
    "ontop": {},
    "inside": {
        "bagel_zlxkry_1": {
            "oven_fexqbj_2": [
                [
                    -2.4314651489257812,
                    -1.2486379146575928,
                    0.14933691918849945
                ],
                [
                    0.0009260796941816807,
                    -0.0014950884506106377,
                    -0.04941394552588463,
                    0.998776912689209
                ]
            ]
        }
    }
}