{
    "nextto": {
        "plate_qtfzeq_1": [
            [
                -4.586495916843414,
                2.718096811771393,
                0
            ]
        ],
        "sugar_cookie_feirtr_1": [
            [
                -4.586495916843414,
                2.718096811771393,
                0
            ]
        ],
        "shelf_iwziew_1": [
            [
                -4.38414571762085,
                0.9516454744338994,
                0
            ]
        ],
        "coffee_table_fqluyq_0": [
            -11.339923858642578,
            0.31120380759239197,
            5.153132915496826
        ],
        "window_ulnafj_1": [
            -4.62312126159668,
            -3.2383017539978027,
            1.0980818271636963
        ]
    },
    "ontop": {
        "sugar_cookie_feirtr_1": {
            "coffee_table_fqluyq_0": [
                [
                    -11.33932113647461,
                    0.6794947981834412,
                    0.4116918742656708
                ],
                [
                    0.0016737420810386539,
                    -0.00267403619363904,
                    -0.014235405251383781,
                    0.9998936653137207
                ]
            ]
        }
    },
    "inside": {}
}