{
    "nextto": {
        "shelf_iwziew_1": [
            [
                -0.729546383395791,
                2.551044762134552,
                0
            ]
        ],
        "pizza_dough_jguwbv_1": [
            [
                -0.729546383395791,
                2.7645447611808778,
                0
            ]
        ],
        "coffee_table_gpkbiw_0": [
            [
                -10.624522819519044,
                -1.2298850287683307,
                0
            ]
        ],
        "wine_bottle_vjdkci_1": [
            [
                -10.624522819519044,
                -1.2298850287683307,
                0
            ]
        ],
        "cooler_pnkiag_1": [
            [
                -3.327296371459961,
                -0.6177046346664427,
                0
            ]
        ]
    },
    "ontop": {},
    "inside": {
        "pizza_dough_jguwbv_1": {
            "cooler_pnkiag_1": [
                [
                    -1.4618830680847168,
                    0.3151378929615021,
                    0.1438465118408203
                ],
                [
                    -0.008833869360387325,
                    0.0011981572024524212,
                    -0.07015529274940491,
                    0.9974962472915649
                ]
            ]
        },
        "wine_bottle_vjdkci_1": {
            "cooler_pnkiag_1": [
                [
                    -1.3960931301116943,
                    0.638738214969635,
                    0.1835932433605194
                ],
                [
                    0.0004015490703750402,
                    -0.002499941736459732,
                    -0.009201924316585064,
                    0.9999544620513916
                ]
            ]
        }
    }
}