{
    "nextto": {
        "carton_hhlmbi_1": [
            [
                -4.011195411682129,
                2.4681959772109985,
                0
            ]
        ],
        "kiwi_khupqq_1": [
            [
                -4.011195411682129,
                2.4681959772109985,
                0
            ]
        ],
        "cooler_pnkiag_1": [
            [
                -2.04569571018219,
                3.3642959594726562,
                0
            ]
        ]
    },
    "ontop": {},
    "inside": {
        "kiwi_khupqq_1": {
            "carton_hhlmbi_1": [
                [
                    -3.48661732673645,
                    2.7620720863342285,
                    0.04742330312728882
                ],
                [
                    0.08594512194395065,
                    0.0688561350107193,
                    -0.0010175015777349472,
                    0.9939171075820923
                ]
            ]
        },
        "carton_hhlmbi_1": {
            "cooler_pnkiag_1": [
                [
                    -1.5848300457000732,
                    2.2316176891326904,
                    0.1323775053024292
                ],
                [
                    0.004698419477790594,
                    -0.0016681770794093609,
                    -0.13130158185958862,
                    0.9913300275802612
                ]
            ]
        }
    }
}