{
    "nextto": {
        "coffee_table_fqluyq_0": [
            [
                -12.112244839668275,
                -0.44985386371612557,
                0
            ]
        ],
        "toy_box_pmhcse_1": [
            [
                -12.112244839668275,
                -0.44985386371612557,
                0
            ]
        ],
        "shopping_basket_vsxhsv_1": [
            [
                -2.6944454312324524,
                1.7782463431358337,
                1.5707963267948966
            ]
        ],
        "window_ulnafj_3": [
            -1.8950897455215454,
            4.416769504547119,
            5.1388397216796875
        ]
    },
    "ontop": {},
    "inside": {
        "toy_box_pmhcse_1": {
            "shopping_basket_vsxhsv_1": [
                [
                    -1.0916812419891357,
                    1.2059118747711182,
                    0.1563103348016739
                ],
                [
                    -0.11177965253591537,
                    -0.27749910950660706,
                    -0.7050307989120483,
                    0.6429860591888428
                ]
            ]
        }
    }
}