{
    "nextto": {
        "reception_desk_kjmhgc_1": [
            [
                -2.8280959916114803,
                3.660096771717072,
                0
            ]
        ],
        "buttermilk_pancake_ogghhf_1": [
            [
                -3.3618959689140318,
                3.691496770381928,
                0
            ]
        ],
        "electric_cauldron_qmdgct_1": [
            [
                -3.3618959689140318,
                3.691496770381928,
                0
            ]
        ],
        "breakfast_table_uhrsex_1": [
            [
                -8.431244988441469,
                1.390646061897278,
                0
            ]
        ]
    },
    "ontop": {
        "buttermilk_pancake_ogghhf_1": {
            "breakfast_table_uhrsex_1": [
                [
                    -6.708555221557617,
                    0.7138510942459106,
                    0.45874008536338806
                ],
                [
                    -0.006474640686064959,
                    -0.0126117542386055,
                    0.3863474726676941,
                    0.9222443699836731
                ]
            ]
        }
    },
    "inside": {}
}