{
    "nextto": {
        "pedestal_table_oqclwq_1": [
            [
                -7.68759614944458,
                -0.1624038743972777,
                0
            ]
        ],
        "desk_phone_kpxrpb_1": [
            [
                -7.68759614944458,
                -0.1624038743972777,
                0
            ]
        ],
        "desk_cnewsu_1": [
            [
                -7.469196186065673,
                -0.1624038743972777,
                0
            ]
        ],
        "calculator_kwmmty_1": [
            [
                -7.396396198272705,
                -0.5992038011550901,
                0
            ]
        ],
        "shelf_vgzdul_4": [
            0.36567753553390503,
            1.3542797565460205,
            0.33721375465393066
        ]
    },
    "ontop": {
        "desk_phone_kpxrpb_1": {
            "shelf_vgzdul_4": [
                [
                    0.9013587236404419,
                    -0.9920475482940674,
                    2.221635103225708
                ],
                [
                    -0.0017124461010098457,
                    -0.014843041077256203,
                    -0.009168149903416634,
                    0.999846339225769
                ]
            ]
        }
    },
    "inside": {}
}