{
    "nextto": {
        "shelf_iwziew_1": [
            [
                -5.4906751465797425,
                2.393085901737213,
                0
            ]
        ],
        "cauliflower_genkom_1": [
            [
                -5.4906751465797425,
                2.393085901737213,
                0
            ]
        ],
        "cooler_pnkiag_1": [
            [
                -5.4906751465797425,
                2.393085901737213,
                0
            ]
        ]
    },
    "ontop": {},
    "inside": {
        "cauliflower_genkom_1": {
            "cooler_pnkiag_1": [
                [
                    -3.6658477783203125,
                    2.3718085289001465,
                    0.1897180825471878
                ],
                [
                    0.06754171848297119,
                    0.04379522055387497,
                    -0.13779474794864655,
                    0.9871841669082642
                ]
            ]
        }
    }
}