{
    "nextto": {
        "shopping_basket_vsxhsv_1": [
            [
                -0.729546383395791,
                1.2700447678565978,
                0
            ]
        ],
        "spinach_uxhqeq_1": [
            [
                -0.729546383395791,
                1.2700447678565978,
                0
            ]
        ],
        "cooler_pnkiag_1": [
            -0.003467857837677002,
            0.9655661582946777,
            4.852143287658691
        ]
    },
    "ontop": {},
    "inside": {
        "spinach_uxhqeq_1": {
            "cooler_pnkiag_1": [
                [
                    -0.17177708446979523,
                    -0.026757150888442993,
                    0.118845134973526
                ],
                [
                    0.5581165552139282,
                    -0.29693159461021423,
                    -0.325222373008728,
                    0.7032552361488342
                ]
            ]
        }
    }
}