{
    "nextto": {
        "shelf_iwziew_1": [
            [
                -6.343545460700989,
                1.3620467042922975,
                0
            ]
        ],
        "reception_desk_kjmhgc_1": [
            -0.3117591440677643,
            -1.3979593515396118,
            5.88420295715332
        ],
        "mint_sivqgq_1": [
            0.024599045515060425,
            -0.41677263379096985,
            2.8987913131713867
        ],
        "cooler_pnkiag_1": [
            0.9713379144668579,
            0.4156454801559448,
            3.563985824584961
        ],
        "carton_hhlmbi_1": [
            -0.16413864493370056,
            0.9640871286392212,
            5.286928653717041
        ]
    },
    "ontop": {
        "carton_hhlmbi_1": {
            "shelf_iwziew_1": [
                [
                    -4.754744529724121,
                    1.5517579317092896,
                    0.5443387031555176
                ],
                [
                    0.005975557491183281,
                    0.00014537398237735033,
                    -0.016949500888586044,
                    0.9998385310173035
                ]
            ]
        }
    },
    "inside": {
        "mint_sivqgq_1": {
            "cooler_pnkiag_1": [
                [
                    0.15850676596164703,
                    0.26917773485183716,
                    0.793632447719574
                ],
                [
                    0.2913901209831238,
                    0.6542940735816956,
                    0.22855907678604126,
                    0.6593572497367859
                ]
            ]
        }
    }
}