{
    "nextto": {
        "eames_chair_mmqvnh_1": [
            [
                -7.032396259307861,
                -0.08960388660430865,
                0
            ]
        ],
        "magazine_ymfwaz_1": [
            [
                -6.668396320343017,
                0.05599608898162853,
                0
            ]
        ],
        "space_heater_kxzqpr_1": [
            [
                -7.68759614944458,
                -0.1624038743972777,
                0
            ]
        ],
        "backpack_gvbiwl_1": [
            -0.13766920566558838,
            0.16250553727149963,
            6.138909816741943
        ]
    },
    "ontop": {},
    "inside": {
        "magazine_ymfwaz_1": {
            "backpack_gvbiwl_1": [
                [
                    0.2146325707435608,
                    -0.07084431499242783,
                    0.17679333686828613
                ],
                [
                    0.19764859974384308,
                    -0.06805940717458725,
                    0.8327916264533997,
                    0.5126020908355713
                ]
            ]
        }
    }
}