{
    "nextto": {
        "coffee_table_fqluyq_0": [
            [
                -12.112244839668275,
                -0.44985386371612557,
                0
            ]
        ],
        "peppermint_qvszrs_1": [
            [
                -12.112244839668275,
                -0.44985386371612557,
                0
            ]
        ],
        "cooler_pnkiag_1": [
            [
                -3.4246959662437435,
                3.691496770381928,
                0
            ]
        ],
        "dustpan_espzwv_1": [
            [
                -3.7700959515571593,
                3.691496770381928,
                0
            ]
        ]
    },
    "ontop": {},
    "inside": {
        "peppermint_qvszrs_1": {
            "cooler_pnkiag_1": [
                [
                    -3.803180456161499,
                    2.915125608444214,
                    0.09797476977109909
                ],
                [
                    0.026478424668312073,
                    -0.00542802270501852,
                    0.00025806319899857044,
                    0.9996345639228821
                ]
            ]
        }
    }
}