{
    "nextto": {
        "desk_cnewsu_1": [
            [
                -7.68759614944458,
                -0.1624038743972777,
                0
            ]
        ],
        "laptop_sngiih_1": [
            [
                -7.68759614944458,
                -0.1624038743972777,
                0
            ]
        ],
        "shelf_vgzdul_3": [
            [
                -7.68759614944458,
                -0.1624038743972777,
                0
            ]
        ],
        "folder_wauyns_1": [
            [
                -7.68759614944458,
                -0.1624038743972777,
                0
            ]
        ],
        "table_lamp_ehjsdz_1": [
            [
                -7.68759614944458,
                -0.1624038743972777,
                0
            ]
        ]
    },
    "ontop": {
        "laptop_sngiih_1": {
            "folder_wauyns_1": [
                [
                    -6.765295028686523,
                    0.8205429315567017,
                    2.0054304599761963
                ],
                [
                    0.008298257365822792,
                    -0.009606448002159595,
                    0.6614463329315186,
                    0.7498851418495178
                ]
            ]
        }
    },
    "inside": {}
}