{
    "nextto": {
        "shelf_iwziew_1": [
            [
                -0.729546383395791,
                2.508344762325287,
                0
            ]
        ],
        "pizza_dough_jguwbv_1": [
            [
                -0.729546383395791,
                2.4229447627067566,
                0
            ]
        ],
        "cooler_pnkiag_1": [
            [
                -3.897296371459961,
                -1.9477046346664428,
                0
            ]
        ]
    },
    "ontop": {},
    "inside": {
        "pizza_dough_jguwbv_1": {
            "cooler_pnkiag_1": [
                [
                    -3.8753323554992676,
                    -1.8988784551620483,
                    0.24005916714668274
                ],
                [
                    0.5992205739021301,
                    -0.030255228281021118,
                    -0.08075358718633652,
                    -0.7959261536598206
                ]
            ]
        }
    }
}