{
    "nextto": {
        "reception_desk_kjmhgc_1": [
            [
                -0.729546383395791,
                3.3196447587013247,
                0
            ]
        ],
        "waffle_gjwper_1": [
            [
                -0.729546383395791,
                3.2342447590827943,
                0
            ]
        ],
        "microwave_bfbeeb_0": [
            -3.315242290496826,
            -0.05111470818519592,
            2.9819183349609375
        ]
    },
    "ontop": {},
    "inside": {}
}