{"cabinet_base_dcmhhh_1": [-3.9617469215393064, 3.3167455101013186, 0], "bar_soap_lyigsj_1": [-4.337433338165283, 2.9091219902038574, 5.717471122741699], "sofa_lugrhk_1": [-11.85217082977295, 1.5323229943029582, 0], "security_camera_tiscsa_1": [-11.749866828918456, 2.453059001993388, 0], "booth_xzrpar_1": [-4.467296371459961, -0.5227046346664429, 0], "armchair_vzhxuf_0": [-11.90849781036377, 0.4938916563987732, 5.78928804397583], "armchair_vzhxuf_1": [-11.708478927612305, -1.4741061925888062, 5.769123077392578], "breakfast_table_dnsjnv_0": [-7.676568508148193, -2.7277002334594727, 0.7581734657287598], "breakfast_table_uhrsex_0": [-2.5160422325134277, -3.0276999473571777, 0.22456145286560059], "coffee_table_gcollb_0": [-12.232778549194336, 0.16664406657218933, 0.19343018531799316], "coffee_table_gpkbiw_0": [-9.99070930480957, -2.124647855758667, 1.0500037670135498], "pot_plant_udqjui_0": [0.7501206994056702, -1.967841386795044, 5.968614101409912], "straight_chair_eospnr_0": [-1.3154407739639282, -0.812764048576355, 3.8247199058532715], "straight_chair_eospnr_1": [-1.3533358573913574, -0.6663919687271118, 4.513358116149902], "straight_chair_eospnr_2": [-2.143348217010498, -1.8921539783477783, 1.55037522315979], "straight_chair_eospnr_3": [-2.1964993476867676, -2.492846727371216, 1.2946667671203613], "straight_chair_pmpwwi_0": [-2.2966248989105225, -2.768232583999634, 6.06256628036499], "straight_chair_pmpwwi_1": [0.34994256496429443, -3.7522871494293213, 2.339783191680908], "bottom_cabinet_bamfsz_0": [-1.7586289644241333, 2.2074849605560303, 1.9544780254364014], "bottom_cabinet_jrhgeu_0": [-2.1747138500213623, 0.03738017380237579, 1.4047354459762573], "bottom_cabinet_no_top_bmsclc_0": [-4.1027655601501465, -3.3438382148742676, 2.357466459274292], "bottom_cabinet_no_top_bmsclc_1": [-4.09733247756958, -1.935697317123413, 3.7917871475219727], "bottom_cabinet_no_top_pluwfl_0": [0.13414543867111206, 0.8650949597358704, 0.10461854934692383], "bottom_cabinet_no_top_qohxjq_0": [-4.9827799797058105, -1.6671901941299438, 5.770617485046387], "bottom_cabinet_no_top_qohxjq_1": [1.5870788097381592, 2.7856101989746094, 4.1679253578186035], "bottom_cabinet_no_top_spojpj_0": [-0.8663363456726074, 0.9495736360549927, 5.487215995788574], "bottom_cabinet_no_top_spojpj_1": [0.5703985691070557, 2.506732225418091, 5.496455669403076], "bottom_cabinet_no_top_ufhpbn_0": [-3.407548189163208, -2.349569082260132, 0.6062302589416504], "bottom_cabinet_no_top_vdedzt_0": [-1.0683661699295044, 0.8410589694976807, 0.6141180992126465], "bottom_cabinet_no_top_vzzafs_0": [-2.6453323364257812, -0.6669338941574097, 1.6186168193817139], "burner_pmntxh_0": [-2.4098758697509766, -2.0330443382263184, 4.375140190124512], "countertop_tpuwys_0": [2.3870630264282227, 0.16036158800125122, 2.317949056625366], "countertop_tpuwys_1": [1.250744104385376, 0.1432962715625763, 5.392136573791504], "countertop_tpuwys_2": [-3.570664644241333, -1.1168688535690308, 3.2663698196411133], "countertop_tpuwys_3": [-4.221710681915283, -2.392634868621826, 4.294862270355225], "countertop_tpuwys_4": [-2.0701487064361572, -4.355535984039307, 1.4460184574127197], "countertop_tpuwys_5": [-3.2037017345428467, -3.544328451156616, 1.697490930557251], "countertop_tpuwys_6": [1.0566504001617432, 0.48840564489364624, 3.7707362174987793], "dishwasher_dngvvi_0": [-4.7324442863464355, -2.2955400943756104, 5.4889421463012695], "clothes_dryer_zlmnfg_0": [-0.6420608162879944, 3.9455621242523193, 2.230614185333252], "electric_switch_wseglt_0": [-9.628070831298828, -2.597154140472412, 4.814689636230469], "electric_switch_wseglt_1": [-1.0164737701416016, 0.9082425832748413, 4.702958583831787], "electric_switch_wseglt_2": [-5.2942795753479, -1.2889186143875122, 0.7353992462158203], "electric_switch_wseglt_3": [-1.1486899852752686, 0.9418532848358154, 0.432220458984375], "electric_switch_wseglt_4": [-1.0185903310775757, 1.8928959369659424, 2.032958984375], "electric_switch_wseglt_5": [-3.305422067642212, 1.9685876369476318, 0.9889168739318848], "electric_switch_wseglt_6": [-3.966334819793701, 1.9001408815383911, 2.619595527648926], "electric_switch_wseglt_7": [-4.669779300689697, 1.5356264114379883, 4.241523742675781], "electric_switch_wseglt_8": [-7.800642967224121, -2.531559944152832, 5.473879337310791], "fridge_xyejdx_0": [-4.62924861907959, 1.384332299232483, 6.018161296844482], "fridge_xyejdx_1": [1.3142048120498657, 2.1946818828582764, 1.4015637636184692], "microwave_bfbeeb_0": [-4.277864933013916, 0.07187780737876892, 1.5573893785476685], "mirror_pevdqu_0": [-2.8142635822296143, 2.0953195095062256, 1.3819613456726074], "oven_fexqbj_0": [-4.437296390533447, 0.8344509601593018, 5.86731481552124], "oven_fexqbj_1": [-4.632875919342041, 0.666074812412262, 5.5053582191467285], "oven_fexqbj_2": [-3.2858357429504395, -1.2786424160003662, 5.394318103790283], "picture_qavxsz_0": [-13.022726058959961, -1.5603430271148682, 0.785088062286377], "picture_rciuob_0": [-13.04116439819336, 3.8149573802948, 5.059207916259766], "picture_tlwjpv_0": [0.9111679196357727, 0.9500384330749512, 4.8507304191589355], "picture_zsirgc_0": [-8.618219375610352, 3.2109932899475098, 4.736110210418701], "shelf_owvfik_0": [-13.53063678741455, -2.3180899620056152, 5.982460975646973], "shelf_owvfik_1": [-12.510371208190918, 2.7327499389648438, 5.557826995849609], "shelf_vgzdul_0": [-5.189562797546387, 0.187883198261261, 4.2384843826293945], "sink_ksecxq_0": [-2.9184443950653076, 3.5814530849456787, 6.15172815322876], "sink_zexzrc_0": [-3.2695822715759277, -2.0376758575439453, 0.08084344863891602], "sink_zexzrc_1": [-3.561066150665283, 2.0347952842712402, 1.4895784854888916], "toilet_kfmkbm_0": [-3.864290475845337, 3.6295218467712402, 0.975208044052124], "top_cabinet_dmwxyl_0": [-2.1426854133605957, 0.26129060983657837, 3.371953248977661], "top_cabinet_dmwxyl_1": [-4.818256378173828, -0.9526610970497131, 5.970994472503662], "top_cabinet_dmwxyl_2": null, "top_cabinet_dmwxyl_3": [-2.699979782104492, 2.439361810684204, 4.223985195159912], "top_cabinet_fqhdne_0": [0.5932044386863708, 0.26805955171585083, 0.6004230976104736], "top_cabinet_lsyzkh_0": null, "top_cabinet_lsyzkh_1": null, "top_cabinet_lsyzkh_2": null, "washer_omeuop_0": [-1.4019476175308228, 3.7308170795440674, 1.763195276260376], "Light_test": null, "robot0": null}