{
    "nextto": {
        "console_table_tzkfqa_1": [
            [
                -5.4906751465797425,
                2.393085901737213,
                0
            ]
        ],
        "auricularia_coecnm_1": [
            [
                -5.4906751465797425,
                2.393085901737213,
                0
            ]
        ],
        "cooler_pnkiag_1": [
            [
                -5.018399116992951,
                2.5280219101905823,
                0
            ]
        ],
        "dehumidifier_ppadfd_1": [
            [
                1.8451593255996703,
                7.820922255516052,
                0
            ]
        ]
    },
    "ontop": {},
    "inside": {
        "auricularia_coecnm_1": {
            "cooler_pnkiag_1": [
                [
                    -3.095430374145508,
                    2.962493896484375,
                    0.10892963409423828
                ],
                [
                    -0.011692281812429428,
                    -0.23734982311725616,
                    -0.004988755099475384,
                    0.971341073513031
                ]
            ]
        }
    }
}