{
    "nextto": {
        "desk_cnewsu_1": [
            [
                -2.1388387489318847,
                6.732272410392762,
                0
            ]
        ],
        "lunch_box_adxzhe_1": [
            [
                -2.571270866394043,
                5.795336155891419,
                0
            ]
        ],
        "cooler_pnkiag_1": [
            [
                -5.4906751465797425,
                2.393085901737213,
                0
            ]
        ],
        "vacuum_bdmsbr_1": [
            [
                1.0567232561111448,
                3.3531178617477417,
                0
            ]
        ]
    },
    "ontop": {},
    "inside": {
        "lunch_box_adxzhe_1": {
            "cooler_pnkiag_1": [
                [
                    -4.072457313537598,
                    2.771528720855713,
                    0.13102485239505768
                ],
                [
                    -0.002536601386964321,
                    -5.505690933205187e-05,
                    -0.020679982379078865,
                    0.999782919883728
                ]
            ]
        }
    }
}