{
    "nextto": {
        "coffee_table_fqluyq_0": [
            [
                -12.112244839668275,
                0.1636461114883423,
                0
            ]
        ],
        "chocolate_biscuit_xhmpht_1": [
            [
                -12.112244839668275,
                0.1636461114883423,
                0
            ]
        ],
        "lunch_box_adxzhe_1": [
            [
                -2.9128454327583313,
                1.8874463438987732,
                0
            ]
        ],
        "ceiling_fan_xtmacj_1": [
            1.0239278078079224,
            0.20174315571784973,
            4.307236671447754
        ]
    },
    "ontop": {},
    "inside": {
        "chocolate_biscuit_xhmpht_1": {
            "lunch_box_adxzhe_1": [
                [
                    -1.348588228225708,
                    2.2192771434783936,
                    0.008159494958817959
                ],
                [
                    0.014007238671183586,
                    -0.0018259704811498523,
                    -0.015454752370715141,
                    0.9997808337211609
                ]
            ]
        }
    }
}