{"toy_box_pmhcse_1": [-11.007944884300231, 2.3722460222244264, 0], "soccer_ball_ikagkc_1": [0.2352396845817566, -0.12454307079315186, 2.8552844524383545], "table_lamp_ehjsdz_1": [-0.1373454546928406, 0.9757463240623476, 0], "water_bottle_ackxiy_1": [0.04595454931259163, 0.9757463240623476, 0], "armchair_tcxiue_0": [-12.727974891662598, -1.9250749349594116, 1.7382819652557373], "breakfast_table_idnnmz_0": [-7.713273525238037, 0.2812404930591583, 2.5525238513946533], "breakfast_table_skczfi_0": [-4.640956878662109, -1.0517146587371826, 1.383579134941101], "coffee_table_fqluyq_0": [-11.085651397705078, 0.703593373298645, 1.2038618326187134], "guitar_cybisc_0": [-5.060410022735596, -2.588505268096924, 5.1403350830078125], "guitar_cybisc_1": [-2.9947540760040283, -2.560817241668701, 5.201365947723389], "monitor_rbqanz_0": [-8.651710510253906, -0.150581955909729, 6.009941101074219], "monitor_rbqanz_1": [-4.6638264656066895, 0.2687150835990906, 5.3334856033325195], "standing_tv_udotid_0": [-8.619017601013184, -1.8648053407669067, 5.513852596282959], "swivel_chair_lafeot_0": [-7.940048694610596, -0.9030852317810059, 0.5178132057189941], "bathtub_fdjykf_0": [-1.5843515396118164, 2.2325620651245117, 4.588706016540527], "bed_mpgavt_0": [-3.5851168632507324, -4.481357097625732, 1.2180893421173096], "bed_zrumze_0": [-1.5239194631576538, 0.6133978366851807, 5.196459770202637], "bottom_cabinet_jhymlr_0": [-5.213077545166016, -3.055394172668457, 1.3590145111083984], "bottom_cabinet_no_top_spojpj_0": [-8.11875057220459, 0.7168313264846802, 5.1757354736328125], "bottom_cabinet_no_top_spojpj_1": [-7.534195423126221, 0.2211335003376007, 6.158912658691406], "countertop_tpuwys_0": [-7.972578525543213, 1.5780314207077026, 5.929435729980469], "electric_switch_wseglt_0": [-1.6541131734848022, 2.4694669246673584, 3.606922149658203], "electric_switch_wseglt_1": [-2.869156837463379, 1.2218084335327148, 2.7307865619659424], "electric_switch_wseglt_10": [-7.189829349517822, -2.6044397354125977, 5.675008296966553], "electric_switch_wseglt_11": [-6.373291015625, 2.277547836303711, 5.665893077850342], "electric_switch_wseglt_2": [-1.6882147789001465, 1.500144362449646, 3.883859395980835], "electric_switch_wseglt_3": [-1.0475341081619263, 1.0271912813186646, 5.346105575561523], "electric_switch_wseglt_4": [-1.5515772104263306, 2.129180669784546, 2.1262805461883545], "electric_switch_wseglt_5": [-2.4397759437561035, 3.059399366378784, 5.54952335357666], "electric_switch_wseglt_6": [-4.417551040649414, 0.22477251291275024, 1.314306616783142], "electric_switch_wseglt_7": [-6.2934651374816895, 2.370112657546997, 4.860569000244141], "electric_switch_wseglt_8": [-5.022204875946045, 1.1164577007293701, 5.044021129608154], "electric_switch_wseglt_9": [-12.661595344543457, -2.5064730644226074, 5.516371726989746], "picture_cltbty_0": null, "picture_ytxhyl_0": null, "shelf_njwsoa_0": null, "shelf_njwsoa_1": [-13.066362380981445, 3.5518999099731445, 5.661776542663574], "shelf_njwsoa_2": [-10.738336563110352, -2.44096302986145, 5.364351272583008], "shelf_njwsoa_3": [-5.022746562957764, -1.4041966199874878, 5.144468784332275], "shelf_njwsoa_4": [-5.408572196960449, -1.7330536842346191, 0.21797919273376465], "shelf_owvfik_0": [-9.766663551330566, -3.3491203784942627, 0.2387096881866455], "shelf_owvfik_1": [-8.561077117919922, -3.2506637573242188, 0.46949028968811035], "shelf_owvfik_2": [-7.7881340980529785, -0.25093984603881836, 4.943631172180176], "shelf_vgzdul_0": [-15.589396476745605, 2.9303014278411865, 0.03703022003173828], "shelf_vgzdul_1": [-8.091113090515137, -1.0172357559204102, 3.2783241271972656], "shelf_vgzdul_2": [-12.602508544921875, 0.3797116279602051, 0.4320366382598877], "shelf_vgzdul_3": [-5.74811315536499, 0.46290895342826843, 0.8712611198425293], "shelf_vgzdul_4": [0.878969132900238, 1.8182768821716309, 4.819884777069092], "sink_zexzrc_0": [-2.7175118923187256, 3.3689935207366943, 2.0484254360198975], "sofa_mnfbbh_0": null, "straight_chair_vkgbbl_0": [-12.601743698120117, 3.360025405883789, 5.469674110412598], "toilet_wusctd_0": [-0.09694331139326096, 3.744859457015991, 5.920124053955078], "Light_test": null, "robot0": null}