{
    "nextto": {
        "bagel_dough_iuembm_1": [
            [
                -1.3322963714599607,
                0.04729536533355695,
                0
            ]
        ],
        "reception_desk_kjmhgc_1": [
            -0.758560836315155,
            -1.6985431909561157,
            1.398500680923462
        ],
        "oven_fexqbj_2": [
            -2.046729326248169,
            -0.7393484115600586,
            2.0940351486206055
        ]
    },
    "ontop": {},
    "inside": {}
}