{
    "nextto": {
        "countertop_zkhelh_1": [
            [
                -3.784845690727234,
                1.5834457659721373,
                0
            ]
        ],
        "sugar_cookie_feirtr_1": [
            [
                -1.2480459928512573,
                1.7948457407951357,
                0
            ]
        ],
        "cooler_pnkiag_1": [
            -0.32454437017440796,
            0.21839505434036255,
            0.47325563430786133
        ]
    },
    "ontop": {},
    "inside": {
        "sugar_cookie_feirtr_1": {
            "cooler_pnkiag_1": [
                [
                    0.3104656934738159,
                    -0.1617460548877716,
                    0.2658849060535431
                ],
                [
                    0.9038029313087463,
                    0.42764824628829956,
                    -0.011875082738697529,
                    -0.010781766846776009
                ]
            ]
        }
    }
}