{
    "nextto": {
        "hutch_vsqsuy_1": [
            [
                -6.760045447349548,
                1.8380466890335083,
                0
            ]
        ],
        "snapper_wmiodz_1": [
            [
                -6.760045447349548,
                1.8380466890335083,
                0
            ]
        ],
        "cooler_pnkiag_1": [
            0.023866355419158936,
            0.7077438235282898,
            6.228785991668701
        ]
    },
    "ontop": {},
    "inside": {
        "snapper_wmiodz_1": {
            "cooler_pnkiag_1": [
                [
                    0.26543429493904114,
                    0.06737019866704941,
                    0.1333046704530716
                ],
                [
                    0.8205211162567139,
                    -0.015584684908390045,
                    -0.056487154215574265,
                    0.5686047673225403
                ]
            ]
        }
    }
}