{
    "nextto": {
        "reception_desk_kjmhgc_1": [
            [
                -4.5622963714599605,
                -3.467704634666443,
                0
            ]
        ],
        "pomegranate_tldskr_1": [
            [
                -4.372296371459961,
                -3.467704634666443,
                0
            ]
        ],
        "cooler_pnkiag_1": [
            [
                -0.729546383395791,
                1.2700447678565978,
                0
            ]
        ]
    },
    "ontop": {},
    "inside": {
        "pomegranate_tldskr_1": {
            "cooler_pnkiag_1": [
                [
                    -0.6958708763122559,
                    2.831912040710449,
                    0.13044947385787964
                ],
                [
                    0.06027109920978546,
                    -0.0932195633649826,
                    -0.019299957901239395,
                    0.9936322569847107
                ]
            ]
        }
    }
}