{
    "nextto": {
        "shelf_iwziew_1": [
            [
                -0.729546383395791,
                1.2700447678565978,
                0
            ]
        ],
        "chocolate_cookie_dough_csnixa_1": [
            [
                -0.729546383395791,
                1.2700447678565978,
                0
            ]
        ],
        "cooler_pnkiag_1": [
            [
                -4.75619704246521,
                3.5301945400238037,
                0
            ]
        ]
    },
    "ontop": {},
    "inside": {
        "chocolate_cookie_dough_csnixa_1": {
            "cooler_pnkiag_1": [
                [
                    -4.631088733673096,
                    2.7782320976257324,
                    0.14242130517959595
                ],
                [
                    -0.007629907224327326,
                    -0.0017788989935070276,
                    -0.07958749681711197,
                    0.9967970848083496
                ]
            ]
        }
    }
}