{
    "nextto": {
        "reception_desk_kjmhgc_1": [
            [
                -4.5622963714599605,
                -3.467704634666443,
                0
            ]
        ],
        "bread_slice_yedlgq_1": [
            [
                -4.467296371459961,
                -3.467704634666443,
                0
            ]
        ],
        "toaster_oven_ctrngh_1": [
            [
                -1.8072963714599608,
                0.23729536533355733,
                0
            ]
        ]
    },
    "ontop": {},
    "inside": {
        "bread_slice_yedlgq_1": {
            "toaster_oven_ctrngh_1": [
                [
                    -0.04678763076663017,
                    0.7013564109802246,
                    1.0242546796798706
                ],
                [
                    0.0005873003974556923,
                    0.024940110743045807,
                    -0.029143186286091805,
                    0.9992639422416687
                ]
            ]
        }
    }
}