{
    "nextto": {
        "reception_desk_kjmhgc_1": [
            [
                -4.5622963714599605,
                -3.467704634666443,
                0
            ]
        ],
        "bell_pepper_ukkycp_1": [
            [
                -1.237296371459961,
                -3.467704634666443,
                0
            ]
        ],
        "blender_eyedvd_1": [
            [
                -3.517296371459961,
                -1.7577046346664427,
                0
            ]
        ],
        "pedestal_table_oqclwq_1": [
            [
                -11.033738822937012,
                1.5323229943029582,
                0
            ]
        ],
        "mixing_bowl_deudkt_1": [
            [
                -10.93143482208252,
                1.5323229943029582,
                0
            ]
        ]
    },
    "ontop": {},
    "inside": {
        "bell_pepper_ukkycp_1": {
            "mixing_bowl_deudkt_1": [
                [
                    -9.338589668273926,
                    1.1350539922714233,
                    0.5166213512420654
                ],
                [
                    0.0025319955311715603,
                    0.010907305404543877,
                    -0.19042345881462097,
                    0.9816382527351379
                ]
            ]
        }
    }
}