{
    "nextto": {
        "tupperware_mkstwr_1": [
            [
                -4.5608456993103035,
                0.9516454744338994,
                0
            ]
        ],
        "strawberry_ntxofi_1": [
            [
                -4.5608456993103035,
                0.9516454744338994,
                0
            ]
        ],
        "toaster_kjwqav_1": [
            [
                -7.68759614944458,
                -0.1624038743972777,
                0
            ]
        ]
    },
    "ontop": {},
    "inside": {}
}