{
    "nextto": {
        "mop_bucket_xjzyfc_1": [
            [
                -5.4906751465797425,
                2.393085901737213,
                0
            ]
        ],
        "urinal_pfzmpd_1": [
            [
                -8.405992097854615,
                3.592688674926758,
                0
            ]
        ],
        "space_heater_kxzqpr_1": [
            [
                -6.2192172527313225,
                2.9526570129394534,
                0
            ]
        ]
    },
    "ontop": {},
    "inside": {}
}