{
    "nextto": {
        "radiator_lnvush_1": [
            [
                -2.7530443239212032,
                -2.657455825805664,
                0
            ]
        ],
        "shelf_iwziew_1": [
            [
                -0.729546383395791,
                2.4229447627067566,
                0
            ]
        ],
        "liquid_carton_ykfkyq_1": [
            [
                -0.729546383395791,
                2.465644762516022,
                0
            ]
        ],
        "cooler_pnkiag_1": [
            [
                -3.327296371459961,
                -0.4277046346664427,
                0
            ]
        ]
    },
    "ontop": {},
    "inside": {
        "liquid_carton_ykfkyq_1": {
            "cooler_pnkiag_1": [
                [
                    -1.50413179397583,
                    0.5017942190170288,
                    0.23210042715072632
                ],
                [
                    0.010023943148553371,
                    0.0021379110403358936,
                    -0.0658375546336174,
                    0.9977777004241943
                ]
            ]
        }
    }
}