{
    "nextto": {
        "reception_desk_kjmhgc_1": [
            [
                -4.5622963714599605,
                -3.467704634666443,
                0
            ]
        ],
        "hamburger_fyswch_1": [
            [
                -3.9922963714599606,
                -3.467704634666443,
                0
            ]
        ],
        "microwave_bfbeeb_0": [
            -3.172562599182129,
            -0.1339394599199295,
            1.4485976696014404
        ],
        "breakfast_table_uhrsex_0": [
            -1.2946014404296875,
            -2.4504554271698,
            1.4644408226013184
        ]
    },
    "ontop": {
        "hamburger_fyswch_1": {
            "breakfast_table_uhrsex_0": [
                [
                    -0.5587781071662903,
                    -1.9065581560134888,
                    0.8354031443595886
                ],
                [
                    -0.0006620295462198555,
                    0.00018416158854961395,
                    -0.01715128682553768,
                    0.9998526573181152
                ]
            ]
        }
    },
    "inside": {}
}