{
    "nextto": {
        "pizza_dough_jguwbv_1": [
            [
                -1.7122963714599606,
                0.04729536533355695,
                0
            ]
        ],
        "cooler_pnkiag_1": [
            [
                -0.729546383395791,
                2.3802447628974917,
                0
            ]
        ],
        "reception_desk_kjmhgc_1": [
            -0.13622863590717316,
            0.48637622594833374,
            3.2730491161346436
        ]
    },
    "ontop": {},
    "inside": {
        "pizza_dough_jguwbv_1": {
            "cooler_pnkiag_1": [
                [
                    0.43422719836235046,
                    3.9331257343292236,
                    0.14316776394844055
                ],
                [
                    -0.006563208065927029,
                    0.00030651933047920465,
                    -0.07501670718193054,
                    0.9971606731414795
                ]
            ]
        }
    }
}