{
    "nextto": {
        "reception_desk_kjmhgc_1": [
            [
                -5.4906751465797425,
                2.393085901737213,
                0
            ]
        ],
        "watermelon_fxhiqs_1": [
            [
                -5.4906751465797425,
                2.393085901737213,
                0
            ]
        ],
        "cooler_pnkiag_1": [
            [
                1.5823473024368286,
                7.952328267097473,
                0
            ]
        ],
        "vacuum_bdmsbr_1": [
            [
                2.633595395088196,
                7.820922255516052,
                0
            ]
        ]
    },
    "ontop": {},
    "inside": {
        "watermelon_fxhiqs_1": {
            "cooler_pnkiag_1": [
                [
                    3.397597074508667,
                    8.881233215332031,
                    0.167841374874115
                ],
                [
                    -0.1284605711698532,
                    -0.05798469856381416,
                    -0.08721975982189178,
                    0.9861685633659363
                ]
            ]
        }
    }
}