{
    "nextto": {
        "shelf_iwziew_1": [
            [
                -5.4906751465797425,
                3.168967950344086,
                0
            ]
        ],
        "patty_ejbije_1": [
            [
                -5.4906751465797425,
                3.0340319418907167,
                0
            ]
        ],
        "toaster_oven_ctrngh_1": [
            [
                1.4509412908554078,
                5.1928020238876345,
                0
            ]
        ],
        "radiator_lnvush_1": [
            [
                1.7137533140182495,
                7.820922255516052,
                0
            ]
        ]
    },
    "ontop": {},
    "inside": {
        "patty_ejbije_1": {
            "toaster_oven_ctrngh_1": [
                [
                    3.386955499649048,
                    5.7142815589904785,
                    0.513404905796051
                ],
                [
                    0.00444189365953207,
                    -0.0050689601339399815,
                    -0.019256532192230225,
                    0.9997918605804443
                ]
            ]
        }
    }
}