{
    "nextto": {
        "desk_cnewsu_1": [
            [
                -6.886796283721924,
                -0.6720037889480587,
                0
            ]
        ],
        "table_lamp_ehjsdz_1": [
            [
                -6.886796283721924,
                -0.08960388660430865,
                0
            ]
        ],
        "console_table_tzkfqa_1": [
            [
                -8.676644978523255,
                -2.6584537744522097,
                0
            ]
        ],
        "sofa_mnfbbh_0": [
            -8.760637283325195,
            1.0706924200057983,
            1.2479522228240967
        ]
    },
    "ontop": {
        "table_lamp_ehjsdz_1": {
            "console_table_tzkfqa_1": [
                [
                    -6.829154014587402,
                    -2.5139541625976562,
                    1.2875949144363403
                ],
                [
                    -0.002284672809764743,
                    0.0004913702141493559,
                    -0.025533605366945267,
                    0.9996711611747742
                ]
            ]
        }
    },
    "inside": {}
}