{
    "nextto": {
        "reception_desk_kjmhgc_1": [
            [
                -1.3085849523544313,
                3.3531178617477417,
                0
            ]
        ],
        "cheesecake_epmobi_1": [
            [
                -0.5201488828659058,
                3.3531178617477417,
                0
            ]
        ],
        "toaster_oven_ctrngh_1": [
            [
                -1.418118553161621,
                6.804344429969787,
                0
            ]
        ],
        "desk_cnewsu_1": [
            [
                -2.1388387489318847,
                7.380920586585998,
                0
            ]
        ]
    },
    "ontop": {
        "cheesecake_epmobi_1": {
            "desk_cnewsu_1": [
                [
                    -0.584586501121521,
                    8.947427749633789,
                    0.7479548454284668
                ],
                [
                    0.003569152671843767,
                    -0.0015302585670724511,
                    -0.019849035888910294,
                    0.9997954368591309
                ]
            ]
        }
    },
    "inside": {}
}