{
    "nextto": {
        "shelf_iwziew_1": [
            [
                -4.303895928859711,
                2.718096811771393,
                0
            ]
        ],
        "vidalia_onion_ldeuli_1": [
            [
                -4.303895928859711,
                2.718096811771393,
                0
            ]
        ],
        "microwave_abzvij_1": [
            [
                -7.68759614944458,
                -0.1624038743972777,
                0
            ]
        ]
    },
    "ontop": {},
    "inside": {
        "vidalia_onion_ldeuli_1": {
            "microwave_abzvij_1": [
                [
                    -7.203516483306885,
                    -0.4713003933429718,
                    0.08279108256101608
                ],
                [
                    0.055767059326171875,
                    -0.25891393423080444,
                    -0.015404611825942993,
                    0.9641661047935486
                ]
            ]
        }
    }
}