{
    "nextto": {
        "lunch_box_adxzhe_1": [
            [
                -5.4906751465797425,
                2.393085901737213,
                0
            ]
        ],
        "banana_bread_outrja_1": [
            [
                -5.4906751465797425,
                2.393085901737213,
                0
            ]
        ],
        "microwave_abzvij_1": [
            [
                -5.4906751465797425,
                3.3713719630241394,
                0
            ]
        ],
        "desk_cnewsu_1": [
            [
                -2.571270866394043,
                6.011552214622498,
                0
            ]
        ]
    },
    "ontop": {
        "banana_bread_outrja_1": {
            "desk_cnewsu_1": [
                [
                    -0.8768719434738159,
                    7.092052936553955,
                    0.7718674540519714
                ],
                [
                    0.00661834143102169,
                    0.0039301663637161255,
                    -0.03754250332713127,
                    0.9992653727531433
                ]
            ]
        }
    },
    "inside": {}
}