{
    "nextto": {
        "countertop_tpuwys_5": [
            [
                -4.27729637145996,
                -3.372704634666443,
                0
            ]
        ],
        "casserole_ncbsee_1": [
            [
                -4.27729637145996,
                -3.372704634666443,
                0
            ]
        ],
        "breakfast_table_uhrsex_1": [
            [
                -11.442954826354981,
                1.5323229943029582,
                0
            ]
        ],
        "oven_fexqbj_2": [
            -2.955206871032715,
            -1.5311766862869263,
            4.642814636230469
        ]
    },
    "ontop": {
        "casserole_ncbsee_1": {
            "breakfast_table_uhrsex_1": [
                [
                    -9.311771392822266,
                    1.0580196380615234,
                    0.4919675290584564
                ],
                [
                    0.0008175912080332637,
                    0.00010317907435819507,
                    -0.16695740818977356,
                    0.9859638214111328
                ]
            ]
        }
    },
    "inside": {}
}