{
    "nextto": {
        "reception_desk_kjmhgc_1": [
            [
                -5.4906751465797425,
                2.393085901737213,
                0
            ]
        ],
        "dumpling_upqcop_1": [
            [
                -5.389473140239716,
                2.4268199038505553,
                0
            ]
        ],
        "microwave_abzvij_1": [
            [
                -5.4906751465797425,
                3.303903958797455,
                0
            ]
        ]
    },
    "ontop": {},
    "inside": {
        "dumpling_upqcop_1": {
            "microwave_abzvij_1": [
                [
                    -3.798333168029785,
                    3.543006181716919,
                    0.08823637664318085
                ],
                [
                    -0.0023299099411815405,
                    0.0029347522649914026,
                    -0.004865090362727642,
                    0.9999811053276062
                ]
            ]
        }
    }
}