{
    "nextto": {
        "shelf_iwziew_1": [
            [
                -0.729546383395791,
                1.611644766330719,
                0
            ]
        ],
        "olive_gtitsg_1": [
            [
                -0.729546383395791,
                1.910544764995575,
                0
            ]
        ],
        "mixing_bowl_deudkt_1": [
            [
                -1.1422963714599608,
                -3.467704634666443,
                0
            ]
        ],
        "oven_fexqbj_2": [
            -1.9493422508239746,
            -1.1106634140014648,
            0.12075448036193848
        ]
    },
    "ontop": {},
    "inside": {
        "olive_gtitsg_1": {
            "mixing_bowl_deudkt_1": [
                [
                    -0.3462817668914795,
                    -2.048549175262451,
                    0.818556010723114
                ],
                [
                    0.08182640373706818,
                    -0.7225310206413269,
                    0.24470168352127075,
                    0.6413847208023071
                ]
            ]
        }
    }
}