{
    "nextto": {
        "shelf_iwziew_1": [
            [
                -0.729546383395791,
                2.465644762516022,
                0
            ]
        ],
        "cinnamon_roll_xjlptd_1": [
            [
                -0.5587463841587305,
                3.490444757938385,
                0
            ]
        ],
        "burner_pmntxh_0": [
            -2.8103158473968506,
            -1.871354341506958,
            2.3357465267181396
        ],
        "countertop_tpuwys_5": [
            -3.269418239593506,
            -3.5864930152893066,
            0.9386308193206787
        ]
    },
    "ontop": {
        "cinnamon_roll_xjlptd_1": {
            "countertop_tpuwys_5": [
                [
                    -2.842503547668457,
                    -2.6962010860443115,
                    0.9359205365180969
                ],
                [
                    -0.06644079834222794,
                    0.8104929327964783,
                    0.08616755902767181,
                    0.5755536556243896
                ]
            ]
        }
    },
    "inside": {}
}