{
    "nextto": {
        "toaster_oven_ctrngh_1": [
            [
                -1.3460465335845946,
                7.3088485670089725,
                0
            ]
        ],
        "reception_desk_kjmhgc_1": [
            -1.3235752582550049,
            0.6591201424598694,
            6.217176914215088
        ],
        "bread_slice_yedlgq_1": [
            -1.3235752582550049,
            0.6591201424598694,
            6.217176914215088
        ]
    },
    "ontop": {},
    "inside": {
        "bread_slice_yedlgq_1": {
            "toaster_oven_ctrngh_1": [
                [
                    0.38745224475860596,
                    7.6881184577941895,
                    0.8019880056381226
                ],
                [
                    0.011876747943460941,
                    0.04593031853437424,
                    -0.041053034365177155,
                    0.9980301856994629
                ]
            ]
        }
    }
}