{
    "nextto": {
        "shelf_iwziew_1": [
            [
                -0.729546383395791,
                2.4229447627067566,
                0
            ]
        ],
        "salad_nffvob_1": [
            [
                -0.729546383395791,
                2.5937447619438174,
                0
            ]
        ],
        "reception_desk_kjmhgc_1": [
            [
                -4.5622963714599605,
                -0.5227046346664429,
                0
            ]
        ],
        "microwave_bfbeeb_0": [
            -5.1778788566589355,
            0.7975237369537354,
            5.955692768096924
        ]
    },
    "ontop": {
        "salad_nffvob_1": {
            "reception_desk_kjmhgc_1": [
                [
                    -3.328409194946289,
                    -0.6882681250572205,
                    0.8335031270980835
                ],
                [
                    -0.005318630486726761,
                    -0.004577090032398701,
                    -0.04477955773472786,
                    0.9989722371101379
                ]
            ]
        }
    },
    "inside": {}
}