{
    "nextto": {
        "hutch_vsqsuy_1": [
            [
                -4.586495916843414,
                2.718096811771393,
                0
            ]
        ],
        "broccoli_wsxavx_1": [
            [
                -4.586495916843414,
                2.718096811771393,
                0
            ]
        ],
        "coffee_table_fqluyq_0": [
            [
                -12.112244839668275,
                -0.44985386371612557,
                0
            ]
        ],
        "plate_qtfzeq_1": [
            [
                -12.112244839668275,
                -0.44985386371612557,
                0
            ]
        ],
        "rice_cooker_qatgeb_1": [
            [
                -12.112244839668275,
                -0.44985386371612557,
                0
            ]
        ]
    },
    "ontop": {
        "broccoli_wsxavx_1": {
            "plate_qtfzeq_1": [
                [
                    -11.180923461914062,
                    0.47132155299186707,
                    0.4341266453266144
                ],
                [
                    -0.41133469343185425,
                    -0.2422603964805603,
                    -0.13729050755500793,
                    0.8679083585739136
                ]
            ]
        }
    },
    "inside": {}
}