{
    "nextto": {
        "reception_desk_kjmhgc_1": [
            [
                -4.5622963714599605,
                -3.467704634666443,
                0
            ]
        ],
        "green_bean_dyjvwv_1": [
            [
                -3.9922963714599606,
                -3.467704634666443,
                0
            ]
        ],
        "stove_kfhkqp_1": [
            [
                -4.5622963714599605,
                -0.5227046346664429,
                0
            ]
        ],
        "saucepan_fsinsu_1": [
            [
                -4.5622963714599605,
                -0.5227046346664429,
                0
            ]
        ]
    },
    "ontop": {
        "saucepan_fsinsu_1": {
            "reception_desk_kjmhgc_1": [
                [
                    -2.465655565261841,
                    -2.9190030097961426,
                    0.9887210130691528
                ],
                [
                    0.10235429555177689,
                    0.04878726229071617,
                    -0.16966742277145386,
                    0.9789568781852722
                ]
            ]
        }
    },
    "inside": {
        "green_bean_dyjvwv_1": {
            "saucepan_fsinsu_1": [
                [
                    -3.0323235988616943,
                    -0.5092744827270508,
                    0.8230436444282532
                ],
                [
                    -0.04530320689082146,
                    -0.0002023714769165963,
                    0.006069084629416466,
                    -0.9989547729492188
                ]
            ]
        }
    }
}