{
    "nextto": {
        "toaster_oven_ctrngh_1": [
            [
                -2.8885214996337893,
                -8.450299606323242,
                0
            ]
        ],
        "bap_pabfde_1": [
            [
                -2.8885214996337893,
                -8.450299606323242,
                0
            ]
        ],
        "breakfast_table_jruvif_3": [
            -4.429786682128906,
            -0.5277639627456665,
            6.178928852081299
        ]
    },
    "ontop": {
        "bap_pabfde_1": {
            "breakfast_table_jruvif_3": [
                [
                    -3.653965711593628,
                    -1.0937669277191162,
                    1.0793228149414062
                ],
                [
                    0.0007529295398853719,
                    -0.0001374635612592101,
                    -0.05569235607981682,
                    0.9984477758407593
                ]
            ]
        }
    },
    "inside": {}
}