{"countertop_zkhelh_1": [-4.777837600708008, -11.389235763549804, 0], "water_bottle_ackxiy_1": [-4.567913589477539, -11.074349746704101, 0], "cabinet_base_dcmhhh_1": [4.2879445703327645, 8.24192436695099, 0], "sanitary_napkin_axqfpb_1": [4.2879445703327645, 8.461572365760803, 0], "serving_cart_lwgmcc_1": [0.5539285905659201, -6.035195555686951, 0], "fridge_jtqazu_0": [-4.978513240814209, -12.622241020202637, 5.573486328125], "fridge_juwaoh_0": [1.8946983814239502, -11.508318901062012, 4.904350757598877], "top_cabinet_lsyzkh_0": [-6.619464874267578, -12.218008041381836, 5.803941249847412], "ceiling_rack_ratlvl_0": [1.1671767234802246, -10.24332046508789, 0.9839992523193359], "breakfast_table_bhszwe_0": [1.8909626007080078, -5.031525611877441, 0.08266639709472656], "breakfast_table_bhszwe_1": [4.834841251373291, -4.2173004150390625, 1.6610732078552246], "breakfast_table_bhszwe_10": [-1.5972262620925903, 0.740606963634491, 0.24083876609802246], "breakfast_table_bhszwe_11": [0.4627818763256073, 1.7459980249404907, 1.4496572017669678], "breakfast_table_bhszwe_12": [0.4280559718608856, 4.546002388000488, 4.883053779602051], "breakfast_table_bhszwe_13": [0.46466079354286194, 6.247429847717285, 4.827226638793945], "breakfast_table_bhszwe_2": [5.658569812774658, -0.5366038084030151, 5.700723171234131], "breakfast_table_bhszwe_3": [5.952692031860352, 1.2880040407180786, 1.5597532987594604], "breakfast_table_bhszwe_4": [2.2195546627044678, 4.138813018798828, 0.24888920783996582], "breakfast_table_bhszwe_5": [3.04518461227417, 4.91583251953125, 0.759150505065918], "breakfast_table_bhszwe_6": [1.4899909496307373, -2.1120386123657227, 1.5834587812423706], "breakfast_table_bhszwe_7": [1.7895762920379639, 4.05410099029541, 4.671901702880859], "breakfast_table_bhszwe_8": [0.7594039440155029, 2.0994629859924316, 6.2565178871154785], "breakfast_table_bhszwe_9": [1.2822203636169434, 4.345636367797852, 4.731710910797119], "breakfast_table_jruvif_0": [-3.548881769180298, 3.899705171585083, 2.03015398979187], "breakfast_table_jruvif_1": [-3.0663681030273438, 2.503246307373047, 3.8671798706054688], "breakfast_table_jruvif_2": [-4.3797101974487305, 0.3264068067073822, 4.297914981842041], "breakfast_table_jruvif_3": [-5.663215160369873, -1.449184536933899, 0.8551433086395264], "commercial_kitchen_table_hmwzxn_0": [-5.0600481033325195, -9.232583999633789, 0.8890571594238281], "commercial_kitchen_table_wodpss_0": [-3.5177769660949707, -9.920865058898926, 1.1884684562683105], "grill_drcurn_0": [-0.9260571002960205, -5.14518928527832, 5.8160810470581055], "jar_lvuvbf_0": [-3.6555261611938477, -12.597240447998047, 2.00465989112854], "jar_lvuvbf_1": [-4.290948867797852, -12.612791061401367, 0.5456888675689697], "jar_lvuvbf_2": [-4.6031036376953125, -12.099839210510254, 5.65986442565918], "room_divider_vzwwqo_0": [3.8492002487182617, -7.077408790588379, 0.5540955066680908], "stand_vyrick_0": [-4.300557613372803, -11.636880874633789, 0.35771894454956055], "taboret_ehaclu_0": [-4.836099624633789, 5.544547080993652, 3.4969987869262695], "taboret_ehaclu_1": [-3.412753105163574, 4.761895179748535, 3.29533314704895], "taboret_ehaclu_10": [-4.5847673416137695, 0.09118407964706421, 0.671635627746582], "taboret_ehaclu_11": [-3.7512834072113037, 0.5781561732292175, 1.2263917922973633], "taboret_ehaclu_12": [-4.38662052154541, 0.0172845721244812, 4.0258965492248535], "taboret_ehaclu_13": [-2.9840993881225586, -1.1953966617584229, 1.8535746335983276], "taboret_ehaclu_14": [-5.076198577880859, -1.4561378955841064, 5.036296367645264], "taboret_ehaclu_15": [-3.3612990379333496, -2.4996180534362793, 1.7407076358795166], "taboret_ehaclu_2": [-4.088252067565918, 3.7116622924804688, 3.148780584335327], "taboret_ehaclu_3": [-4.158090591430664, 4.741518020629883, 0.09642577171325684], "taboret_ehaclu_4": [-4.409387111663818, 2.779578924179077, 1.7651227712631226], "taboret_ehaclu_5": [-3.8246963024139404, 2.844472646713257, 0.1621544361114502], "taboret_ehaclu_6": [-5.205690860748291, 2.4789156913757324, 0.6446168422698975], "taboret_ehaclu_7": [-3.5103070735931396, 2.48659086227417, 4.540432453155518], "taboret_ehaclu_8": [-4.234592437744141, 1.3659740686416626, 5.784757137298584], "taboret_ehaclu_9": [-4.002348899841309, 2.38012433052063, 5.736372947692871], "straight_chair_dzrlfn_0": [-1.7750524282455444, -0.8302760124206543, 5.850698471069336], "straight_chair_dzrlfn_1": [-1.1322853565216064, 0.3419446349143982, 2.5536699295043945], "straight_chair_dzrlfn_10": [0.6571797132492065, 4.24201774597168, 0.4356954097747803], "straight_chair_dzrlfn_11": [-0.08342155814170837, 2.3097479343414307, 1.2078132629394531], "straight_chair_dzrlfn_12": null, "straight_chair_dzrlfn_13": [1.7178865671157837, 1.0024750232696533, 3.506455421447754], "straight_chair_dzrlfn_14": null, "straight_chair_dzrlfn_15": [1.6012378931045532, 1.1584718227386475, 5.604513645172119], "straight_chair_dzrlfn_16": [1.0902442932128906, 2.8415753841400146, 5.562961101531982], "straight_chair_dzrlfn_17": [2.1630430221557617, 4.185644149780273, 1.413217306137085], "straight_chair_dzrlfn_18": [4.246782302856445, 5.440163612365723, 1.2876155376434326], "straight_chair_dzrlfn_19": [4.2214765548706055, 1.2919015884399414, 3.5949301719665527], "straight_chair_dzrlfn_2": [-1.1428782939910889, 0.5828559994697571, 1.4631993770599365], "straight_chair_dzrlfn_20": [3.5187721252441406, -0.9714645147323608, 0.3914976119995117], "straight_chair_dzrlfn_21": [3.2560245990753174, -3.7463512420654297, 0.9117715358734131], "straight_chair_dzrlfn_22": [5.070008754730225, -2.4162492752075195, 2.000917434692383], "straight_chair_dzrlfn_23": [3.9556586742401123, -0.3369766175746918, 5.4090776443481445], "straight_chair_dzrlfn_24": [3.8780856132507324, -3.452064275741577, 5.57368278503418], "straight_chair_dzrlfn_25": [3.234851360321045, -4.904130458831787, 0.6338446140289307], "straight_chair_dzrlfn_26": [3.1505911350250244, -5.268200874328613, 0.374053955078125], "straight_chair_dzrlfn_27": [5.144067764282227, -5.2074456214904785, 5.424230575561523], "straight_chair_dzrlfn_3": [-0.38338109850883484, 2.3780617713928223, 0.5419697761535645], "straight_chair_dzrlfn_4": [-1.0721142292022705, 3.806760549545288, 5.846312999725342], "straight_chair_dzrlfn_5": [-1.1660178899765015, 4.50460958480835, 2.8947408199310303], "straight_chair_dzrlfn_6": [-1.551671028137207, 5.948129653930664, 0.16907835006713867], "straight_chair_dzrlfn_7": [-1.0517082214355469, 5.925987720489502, 0.4740574359893799], "straight_chair_dzrlfn_8": [-1.2229981422424316, 5.894704341888428, 2.0646708011627197], "straight_chair_dzrlfn_9": [1.134490728378296, 5.761940956115723, 2.525002956390381], "straight_chair_qkyfxr_0": [-1.5055466890335083, -1.5737736225128174, 2.078052282333374], "straight_chair_qkyfxr_1": [-0.14601293206214905, 6.516263961791992, 4.64350700378418], "straight_chair_qkyfxr_10": [-1.988706111907959, 1.7992591857910156, 6.148532390594482], "straight_chair_qkyfxr_11": [-1.0443072319030762, 2.2376954555511475, 6.037997722625732], "straight_chair_qkyfxr_12": [-0.994596004486084, 1.3800537586212158, 0.04115486145019531], "straight_chair_qkyfxr_13": [-1.3332116603851318, -0.23814401030540466, 1.1838512420654297], "straight_chair_qkyfxr_14": [-1.1377545595169067, 0.062372565269470215, 0.2539248466491699], "straight_chair_qkyfxr_15": [1.0270999670028687, 0.247704416513443, 4.234180927276611], "straight_chair_qkyfxr_16": [0.736271321773529, -0.13542652130126953, 5.657955646514893], "straight_chair_qkyfxr_17": [2.5025393962860107, 0.700232982635498, 3.676654577255249], "straight_chair_qkyfxr_18": [1.4841498136520386, 0.3931565284729004, 5.740533828735352], "straight_chair_qkyfxr_19": [1.5203474760055542, 1.7324481010437012, 5.433578968048096], "straight_chair_qkyfxr_2": [-1.1272804737091064, 6.301193714141846, 0.013929128646850586], "straight_chair_qkyfxr_20": [0.1793181300163269, 2.1917896270751953, 5.669139862060547],