{"booth_xzrpar_1": [-11.323770990371704, 1.6619062519073486, 0], "platter_ekjpdj_1": [-11.323770990371704, 1.9493342685699464, 0], "cooler_pnkiag_1": [-3.662803843021393, -3.3226939702034, 0], "liquid_carton_ykfkyq_1": [-2.4115068912506104, -3.430293321609497, 1.506301760673523], "breakfast_table_wdbwhc_9": [1.2288274765014648, -10.125160217285156, 1.2708001136779785], "sink_ekkwsy_0": [-2.53804874420166, -12.500190734863281, 1.2950018644332886], "sink_ekkwsy_1": [-2.5980207920074463, -6.811151504516602, 0.8025937080383301], "sofa_ggaqxz_0": [9.122899055480957, 4.603516578674316, 2.180816173553467], "sofa_hzzthj_0": [4.044033050537109, -5.655482769012451, 6.150584697723389], "sofa_uonbcs_0": [-1.4799165725708008, -2.7100915908813477, 5.647288799285889], "sofa_yiniqe_0": [-1.7518112659454346, -1.5348429679870605, 0.6275944709777832], "bar_hhltqq_0": [-3.5569939613342285, 1.086893081665039, 5.902079105377197], "hook_hewhtl_2": [-4.498628616333008, 4.233425617218018, 0.02762913703918457], "shelf_vndvrn_0": null, "wine_fridge_tgcuwh_0": [-3.7927372455596924, -6.2997918128967285, 6.171545505523682], "armchair_irzlby_0": [6.693028450012207, -5.012460231781006, 0.3095576763153076], "armchair_irzlby_1": [4.418814182281494, 4.630158424377441, 4.037306785583496], "armchair_irzlby_10": [0.3439018726348877, -8.650157928466797, 0.4427978992462158], "armchair_irzlby_11": [0.35743626952171326, -10.934967994689941, 0.021603822708129883], "armchair_irzlby_12": [3.878170967102051, -10.50429630279541, 0.9412143230438232], "armchair_irzlby_13": [3.3346235752105713, -8.467839241027832, 0.7450218200683594], "armchair_irzlby_14": [3.2954025268554688, -6.355494022369385, 5.216048717498779], "armchair_irzlby_15": [4.147965431213379, -4.3014655113220215, 5.534103870391846], "armchair_irzlby_16": [7.681591033935547, -6.162544250488281, 1.9709919691085815], "armchair_irzlby_17": [7.640980243682861, -0.14421027898788452, 4.645071983337402], "armchair_irzlby_18": [6.828059673309326, -1.1534028053283691, 0.5485086441040039], "armchair_irzlby_19": [8.597883224487305, -0.0518331378698349, 3.112429141998291], "armchair_irzlby_2": [6.350252628326416, 4.720119476318359, 4.835454940795898], "armchair_irzlby_20": [9.551142692565918, -10.457690238952637, 1.7963147163391113], "armchair_irzlby_21": [7.7852654457092285, -10.788681030273438, 0.11306548118591309], "armchair_irzlby_22": [5.549699306488037, -10.886905670166016, 0.3483574390411377], "armchair_irzlby_23": [4.562419891357422, -12.80094051361084, 2.0645499229431152], "armchair_irzlby_24": [2.670870304107666, -12.678328514099121, 5.815009593963623], "armchair_irzlby_25": [1.779307246208191, -13.263192176818848, 5.380726337432861], "armchair_irzlby_26": [2.485241174697876, -7.549905300140381, 2.047096014022827], "armchair_irzlby_27": [3.9692413806915283, -4.200343132019043, 1.9210214614868164], "armchair_irzlby_28": [5.784304618835449, -4.9368486404418945, 1.2434049844741821], "armchair_irzlby_29": [2.201852560043335, -5.1548542976379395, 1.5433820486068726], "armchair_irzlby_3": [2.7747528553009033, 0.8939303159713745, 5.703674793243408], "armchair_irzlby_30": [5.3921332359313965, -10.23751449584961, 1.5415717363357544], "armchair_irzlby_31": [5.599701881408691, -9.905803680419922, 4.156714916229248], "armchair_irzlby_32": [5.691519737243652, -9.60030460357666, 1.8987305164337158], "armchair_irzlby_33": [7.755387783050537, -7.847601413726807, 6.11899471282959], "armchair_irzlby_34": [5.624540328979492, -7.448948860168457, 6.0373148918151855], "armchair_irzlby_35": [8.102846145629883, -9.114291191101074, 2.5325236320495605], "armchair_irzlby_36": [6.116828441619873, -6.9424238204956055, 4.6295976638793945], "armchair_irzlby_37": [4.566542625427246, -8.064582824707031, 4.354828834533691], "armchair_irzlby_38": [4.063281059265137, -8.25350284576416, 0.1034393310546875], "armchair_irzlby_39": [8.352991104125977, -6.496414661407471, 2.7106285095214844], "armchair_irzlby_4": null, "armchair_irzlby_40": [8.130839347839355, -5.827803611755371, 5.004588603973389], "armchair_irzlby_41": [-1.6706171035766602, 3.8287837505340576, 0.4571096897125244], "armchair_irzlby_42": [-2.875978708267212, 5.201869964599609, 5.966689109802246], "armchair_irzlby_43": [2.341886281967163, 4.417339324951172, 5.657500743865967], "armchair_irzlby_44": [3.766125440597534, 4.315114974975586, 5.613888740539551], "armchair_irzlby_45": [5.750117778778076, 3.741361379623413, 5.583807468414307], "armchair_irzlby_46": [7.636163711547852, 3.228644371032715, 2.0080759525299072], "armchair_irzlby_47": [3.743260622024536, 0.05186355113983154, 0.1557447910308838], "armchair_irzlby_48": [3.3778932094573975, -0.394942969083786, 0.026347637176513672], "armchair_irzlby_49": [7.196292877197266, 1.4006876945495605, 5.710459232330322], "armchair_irzlby_5": [-0.4004109501838684, -0.5795727968215942, 5.650904655456543], "armchair_irzlby_50": [7.443821430206299, 1.9759975671768188, 0.6338999271392822], "armchair_irzlby_6": [0.08894606679677963, -2.948716878890991, 1.829343318939209], "armchair_irzlby_7": [-0.5066925883293152, -4.007158279418945, 0.3650979995727539], "armchair_irzlby_8": [-0.38300931453704834, -4.877172470092773, 5.7045440673828125], "armchair_irzlby_9": [1.016418218612671, -6.485009670257568, 1.5825738906860352], "beer_glass_lymciz_0": [-2.601322650909424, -9.209196090698242, 0.45276665687561035], "beer_glass_lymciz_1": [-2.235609292984009, -9.230141639709473, 1.6064918041229248], "beer_glass_lymciz_2": [-2.2217249870300293, -9.065683364868164, 3.741342544555664], "beer_glass_lymciz_3": [-2.1072330474853516, -8.988568305969238, 4.013920783996582], "beer_glass_lymciz_4": [-2.1996803283691406, -8.654349327087402, 4.88956880569458], "breakfast_table_wdbwhc_0": [7.142572402954102, -1.0348137617111206, 4.755192756652832], "breakfast_table_wdbwhc_1": [1.7558860778808594, -10.014533996582031, 6.056525230407715], "breakfast_table_wdbwhc_10": [0.10278057307004929, 4.685925006866455, 1.6913011074066162], "breakfast_table_wdbwhc_11": [6.337317943572998, -11.684348106384277, 5.4819207191467285], "breakfast_table_wdbwhc_12": [2.1710376739501953, 3.449615955352783, 5.952459335327148], "breakfast_table_wdbwhc_13": [2.290287733078003, -10.01010513305664, 0.0037560462951660156], "breakfast_table_wdbwhc_14": [0.15708404779434204, -2.319269895553589, 0.41577982902526855], "breakfast_table_wdbwhc_15": [4.402157783508301, 3.988621950149536, 0.18805503845214844], "breakfast_table_wdbwhc_16": [7.934434413909912, 3.149726629257202, 0.7175910472869873], "breakfast_table_wdbwhc_17": [7.954653739929199, -5.397838115692139, 0.8493824005126953], "breakfast_table_wdbwhc_18": [4.941773414611816, -3.6335885524749756, 2.2083404064178467], "breakfast_table_wdbwhc_19": [3.7725605964660645, -0.4508246183395386, 2.4537978172302246], "breakfast_table_wdbwhc_2": [3.186718225479126, -7.440505027770996, 1.5311061143875122], "breakfast_table_wdbwhc_20": [4.300241470336914, -0.6698282361030579, 5.681240081787109], "breakfast_table_wdbwhc_21": [3.9795422554016113, -1.0958940982818604, 2.214042901992798], "breakfast_table_wdbwhc_22": [8.847087860107422, 1.085874319076538, 4.870673179626465], "breakfast_table_wdbwhc_23": [7.495296478271484, -0.786091685295105, 6.047266960144043], "breakfast_table_wdbwhc_3": null, "breakfast_table_wdbwhc_4": [9.599394798278809, -10.085599899291992, 4.5255303382873535], "breakfast_table_wdbwhc_5": [-1.6625641584396362, 5.833112716674805, 0.11290216445922852], "breakfast_table_wdbwhc_6": [6.652451038360596, 3.1156883239746094, 1.2029012441635132], "breakfast_table_wdbwhc_7": [-0.9739439487457275, -0.25680673122406006, 0.3423764705657959], "breakfast_table_wdbwhc_8": [0.19339698553085327, -5.095836639404297, 1.2437663078308105], "pedestal_table_swgvxs_0": [8.701040267944336, -5.6393232345581055, 5.941579341888428], "pedestal_table_swgvxs_1": [7.69349479675293, -7.844334125518799, 0.44141602516174316],