{
    "nextto": {
        "booth_xzrpar_1": [
            [
                6.1203395271301275,
                14.958249645233154,
                0
            ]
        ],
        "chocolate_cake_wpeesw_1": [
            [
                6.372611484527588,
                14.958249645233154,
                0
            ]
        ],
        "cooler_pnkiag_1": [
            [
                5.741931591033936,
                16.47188138961792,
                0
            ]
        ]
    },
    "ontop": {},
    "inside": {
        "chocolate_cake_wpeesw_1": {
            "cooler_pnkiag_1": [
                [
                    7.843929290771484,
                    17.12941551208496,
                    0.1348685622215271
                ],
                [
                    -0.022900067269802094,
                    -0.01708868145942688,
                    -0.011804611422121525,
                    0.9995220303535461
                ]
            ]
        }
    }
}