{
    "nextto": {
        "booth_xzrpar_1": [
            [
                2.083988208770752,
                12.183258113861084,
                1.5707963267948966
            ]
        ],
        "cheesecake_epmobi_1": [
            [
                2.083988208770752,
                15.210521602630616,
                0
            ]
        ],
        "microwave_abzvij_1": [
            [
                7.381699314117432,
                15.462793560028077,
                0
            ]
        ]
    },
    "ontop": {},
    "inside": {
        "cheesecake_epmobi_1": {
            "microwave_abzvij_1": [
                [
                    9.056085586547852,
                    16.115474700927734,
                    0.9761518836021423
                ],
                [
                    0.0029743979685008526,
                    -0.0018086361233144999,
                    -0.005506062880158424,
                    0.9999788999557495
                ]
            ]
        }
    }
}