{"nextto": {"chorizo_kfeuep_1": [[-5.156919378489256, -1.6422355794906616, 0]], "oven_wuinhm_1": [[0.050414657592773686, -8.450299606323242, 0]], "breakfast_table_jruvif_3": [-3.007997751235962, -1.231235146522522, 5.436853408813477]}, "ontop": {}, "inside": {}}