{"console_table_tzkfqa_1": [-11.643124818801878, -5.454853487014771, 0], "teacup_zdvgol_1": [-11.062874746322631, -5.57090350151062, 0], "booth_xzrpar_1": [4.043897366523743, -2.133707302808762, 0], "packing_box_cjhskr_1": [4.187611365318299, -1.8462793052196504, 0], "breakfast_table_wnrior_9": [6.87837553024292, -5.445805072784424, 5.855427265167236], "hanging_hpbdid_0": [-10.210829734802246, -13.702715873718262, 4.082040786743164], "room_divider_ispwfg_0": [9.252876281738281, -14.874470710754395, 5.025134086608887], "room_divider_oufvle_0": [3.151512861251831, -4.848997116088867, 0.9680774211883545], "armchair_bdgwkg_0": [-5.869024753570557, -15.015361785888672, 1.834607720375061], "armchair_bdgwkg_1": [-6.653709411621094, -13.755999565124512, 0.15828418731689453], "armchair_bdgwkg_10": [-6.765088081359863, -6.285578727722168, 4.234699249267578], "armchair_bdgwkg_11": [-6.1576080322265625, -6.421647548675537, 1.5733156204223633], "armchair_bdgwkg_12": [-8.228532791137695, -8.889925956726074, 5.69171667098999], "armchair_bdgwkg_13": [-7.838632106781006, -8.543760299682617, 1.8079420328140259], "armchair_bdgwkg_14": [-8.277681350708008, -7.268423557281494, 0.3876762390136719], "armchair_bdgwkg_15": [-7.934713363647461, -6.400432586669922, 1.0496461391448975], "armchair_bdgwkg_2": [-6.848595142364502, -12.460516929626465, 6.235748767852783], "armchair_bdgwkg_3": [-6.1233086585998535, -12.070542335510254, 1.3714046478271484], "armchair_bdgwkg_4": [-8.39456558227539, -15.107187271118164, 1.2494640350341797], "armchair_bdgwkg_5": [-7.566776275634766, -15.218810081481934, 1.9525736570358276], "armchair_bdgwkg_6": [-7.725846290588379, -11.878042221069336, 4.847448348999023], "armchair_bdgwkg_7": [-7.883495330810547, -12.365351676940918, 4.527815341949463], "armchair_bdgwkg_8": [-6.179953575134277, -8.818536758422852, 5.075946807861328], "armchair_bdgwkg_9": [-6.447858810424805, -7.6224045753479, 4.689816474914551], "armchair_esfrjm_0": [-2.5827465057373047, -13.619291305541992, 1.0708889961242676], "armchair_esfrjm_1": [-2.3463988304138184, -10.813414573669434, 5.288140296936035], "armchair_esfrjm_10": [-0.5648736953735352, -7.6200971603393555, 0.9588754177093506], "armchair_esfrjm_11": [0.06918704509735107, -7.231199264526367, 4.790651321411133], "armchair_esfrjm_12": [-0.3633284568786621, -7.086982727050781, 4.178369998931885], "armchair_esfrjm_13": [-1.9880318641662598, -6.733929634094238, 4.524252414703369], "armchair_esfrjm_14": [2.099799633026123, -11.800134658813477, 4.516031265258789], "armchair_esfrjm_15": [-0.9171227812767029, -11.6397705078125, 4.996496200561523], "armchair_esfrjm_16": null, "armchair_esfrjm_17": [0.9809019565582275, -14.101908683776855, 3.0776138305664062], "armchair_esfrjm_18": [-2.9076850414276123, -14.074870109558105, 0.42754364013671875], "armchair_esfrjm_19": [-4.4899396896362305, -13.785545349121094, 5.770279884338379], "armchair_esfrjm_2": [-2.474957227706909, -11.828715324401855, 0.8143408298492432], "armchair_esfrjm_20": [-1.332708477973938, -15.322840690612793, 5.25538969039917], "armchair_esfrjm_21": null, "armchair_esfrjm_22": [-1.317141056060791, -14.263354301452637, 0.49531102180480957], "armchair_esfrjm_23": [2.0624780654907227, -15.40418815612793, 4.1440606117248535], "armchair_esfrjm_24": [-0.36102819442749023, -16.159740447998047, 4.785150051116943], "armchair_esfrjm_25": [1.9971847534179688, -14.480637550354004, 4.733924865722656], "armchair_esfrjm_3": [-2.053816080093384, -12.422297477722168, 0.16850900650024414], "armchair_esfrjm_4": [-3.162431478500366, -6.023733615875244, 5.905747413635254], "armchair_esfrjm_5": [1.1032813787460327, -6.481736660003662, 1.872646450996399], "armchair_esfrjm_6": [-2.7471940517425537, -5.468611717224121, 0.4146463871002197], "armchair_esfrjm_7": [-1.1828229427337646, -6.6971306800842285, 1.2041783332824707], "armchair_esfrjm_8": [-0.6767314672470093, -6.180055141448975, 5.508806228637695], "armchair_esfrjm_9": [-0.288665771484375, -6.342304229736328, 6.021173477172852], "armchair_zoamsi_0": [-14.925154685974121, -12.744521141052246, 5.632134914398193], "armchair_zoamsi_1": [-15.347036361694336, -10.341254234313965, 3.882312536239624], "breakfast_table_qjiray_0": [0.7546905279159546, -5.360821723937988, 4.41754150390625], "breakfast_table_wnrior_0": [-5.589328765869141, -13.033804893493652, 5.920173168182373], "breakfast_table_wnrior_1": [-6.160608768463135, -12.105849266052246, 2.2556934356689453], "breakfast_table_wnrior_2": [-9.254279136657715, -14.52187442779541, 4.62665319442749], "breakfast_table_wnrior_3": null, "breakfast_table_wnrior_4": [-4.871809482574463, -8.91086196899414, 1.0760846138000488], "breakfast_table_wnrior_5": [-4.487977981567383, -5.814432144165039, 4.202572822570801], "breakfast_table_wnrior_6": [-7.863471508026123, -8.142203330993652, 1.1080377101898193], "breakfast_table_wnrior_7": [-8.355504989624023, -4.542341232299805, 0.4501049518585205], "breakfast_table_wnrior_8": [6.334366321563721, -15.473174095153809, 4.921555995941162], "coffee_table_lyhpbr_0": [-14.624940872192383, -11.84119987487793, 6.25725793838501], "coffee_table_zehult_0": [-11.280083656311035, -9.144979476928711, 4.717979907989502], "pedestal_table_jdilum_0": [-0.533557653427124, -12.728206634521484, 3.806025505065918], "pedestal_table_jdilum_1": [-2.684377431869507, -16.374713897705078, 2.3287131786346436], "pedestal_table_jdilum_2": [-0.6122466921806335, -15.244064331054688, 2.2097015380859375], "pedestal_table_jdilum_3": [-2.9628746509552, -14.240274429321289, 1.4344147443771362], "bench_sfglvm_0": [-4.9514079093933105, -2.765868663787842, 1.6140164136886597], "bench_sfglvm_1": [-4.711273670196533, -18.11956024169922, 1.3354119062423706], "bench_sfglvm_2": [-10.50953197479248, -9.128643035888672, 1.0371859073638916], "bench_sfglvm_3": [-9.838260650634766, -9.22513484954834, 5.927074432373047], "bench_yldwmi_0": [5.314206123352051, -12.207147598266602, 1.6406022310256958], "bench_yldwmi_1": [6.704349517822266, -14.439629554748535, 4.196033477783203], "bench_yldwmi_2": [5.139178276062012, -4.227536201477051, 0.19909882545471191], "bench_yldwmi_3": [6.745129108428955, -6.189500331878662, 4.381419658660889], "reception_desk_ukonss_0": [-12.054367065429688, -10.933465957641602, 6.201198577880859], "painting_cjrilr_0": [4.096588134765625, -4.8554182052612305, 0.8021857738494873], "painting_pwklyc_0": [-7.343405723571777, -15.417356491088867, 4.790896415710449], "painting_pwklyc_1": null, "picture_verboh_0": [-3.957972526550293, -12.748787879943848, 0.3237168788909912], "picture_verboh_1": null, "painting_xxmpoi_0": null, "painting_xxmpoi_1": [-1.3078275918960571, -15.659514427185059, 4.5544023513793945], "picture_sjmxgo_0": [6.665660381317139, -5.280450344085693, 2.0548253059387207], "picture_sjmxgo_1": [6.301440715789795, -15.387941360473633, 4.682621955871582], "picture_vkjonm_0": [5.933027744293213, -4.822612762451172, 0.5878229141235352], "picture_vkjonm_1": [6.542415618896484, -15.85643482208252, 6.121556282043457], "picture_vzomxk_0": [6.759207248687744, -5.1288251876831055, 1.2858830690383911], "picture_vzomxk_1": [5.955748081207275, -15.955865859985352, 1.8970844745635986], "room_divider_ngwbgo_0": [1.3179006576538086, -8.47470760345459, 2.4232254028320312], "room_divider_ngwbgo_1": [-3.3360702991485596, -8.57862377166748, 0.8087794780731201], "sofa_wjytsn_0": [-11.578400611877441, -8.362648010253906, 2.5775716304779053], "hand_dryer_cdyffs_0": [1.8095574378967285, -18.005516052246094, 0.4466109275817871], "hand_dryer_cdyffs_1": [6.326400279998779, -17.75787353515625, 2.9809420108795166], "hand_dryer_cdyffs_2": [5.26814079284668, -17.710887908935547, 5.828886032104492], "radiator_sxsljf_0": [0.8784898519515991, -19.381885528564453, 3.3158702850341797], "radiator_sxsljf_1": [7.841769218444824, -19.614233016967773, 5.361681938171387], "mirror_vibcfd_0": [0.03089040517807007, -17.844318389892578, 5.9133405685424805],