{"nextto": {"electric_kettle_hkdsla_1": [[-3.073485050201416, -14.537531452178957, 0]], "reception_desk_kjmhgc_1": [[-5.804051570892335, -13.53153326034546, 0]], "watermelon_fxhiqs_1": [[-3.648341159820557, -13.387819232940675, 0]], "cooler_pnkiag_1": [[-3.648341159820557, -13.100391178131105, 0]], "shelf_xurqal_0": [-3.924455404281616, -15.303224563598633, 3.223170757293701]}, "ontop": {}, "inside": {"watermelon_fxhiqs_1": {"cooler_pnkiag_1": [[-2.718322277069092, -13.227584838867188, 0.14855383336544037], [-0.1365581452846527, -0.03617004677653313, -0.043442852795124054, 0.989017903804779]]}}}