{"breakfast_table_jruvif_3": [-4.386492729187012, -1.9267218112945557, 6.071720123291016], "soup_ladle_rqnufc_1": [-5.156919378489256, -1.422587580680847, 0], "booth_xzrpar_1": [-0.5793573760986325, -8.555261611938477, 0], "olive_gtitsg_1": [-3.938141555786133, -9.289995651245118, 0], "snack_rack_ytrmpz_1": [3.887582263946533, 9.424311618804932, 0], "fridge_jtqazu_0": [-5.840797424316406, -12.446490287780762, 1.5787261724472046], "fridge_juwaoh_0": [0.575404942035675, -10.84939193725586, 5.806491851806641], "top_cabinet_lsyzkh_0": null, "ceiling_rack_ratlvl_0": null, "breakfast_table_bhszwe_0": [2.6384615898132324, -5.0977983474731445, 3.171245574951172], "breakfast_table_bhszwe_1": [5.484005928039551, -3.0795421600341797, 5.742400646209717], "breakfast_table_bhszwe_10": [-1.131994605064392, -1.0601580142974854, 0.444016695022583], "breakfast_table_bhszwe_11": [0.3583398461341858, 1.9390758275985718, 0.26138806343078613], "breakfast_table_bhszwe_12": [-1.231089472770691, 3.123131275177002, 2.79341983795166], "breakfast_table_bhszwe_13": [0.18241074681282043, 6.382625102996826, 5.700758934020996], "breakfast_table_bhszwe_2": [5.802198886871338, -0.812464714050293, 5.928788661956787], "breakfast_table_bhszwe_3": [2.4477577209472656, 1.888735055923462, 1.9722083806991577], "breakfast_table_bhszwe_4": [1.9688873291015625, 4.055547714233398, 0.6991522312164307], "breakfast_table_bhszwe_5": [5.692953109741211, 6.025224208831787, 5.6497368812561035], "breakfast_table_bhszwe_6": [1.098286509513855, 1.688345193862915, 0.9090697765350342], "breakfast_table_bhszwe_7": [0.2773360311985016, 2.141568899154663, 5.756943702697754], "breakfast_table_bhszwe_8": [1.907923936843872, 4.884103775024414, 5.80401086807251], "breakfast_table_bhszwe_9": [2.3271169662475586, 4.845745086669922, 3.0737979412078857], "breakfast_table_jruvif_0": [-5.392277240753174, 5.020334243774414, 4.592357635498047], "breakfast_table_jruvif_1": [-5.5688300132751465, 2.9978158473968506, 0.753615140914917], "breakfast_table_jruvif_2": [-5.891340255737305, 0.9007437229156494, 5.95702600479126], "commercial_kitchen_table_hmwzxn_0": [-7.779370307922363, -7.762672424316406, 0.37100911140441895], "commercial_kitchen_table_wodpss_0": [-2.3789281845092773, -9.714141845703125, 2.0494508743286133], "grill_drcurn_0": [-0.21647973358631134, -5.008518218994141, 4.167956352233887], "jar_lvuvbf_0": [-3.5002472400665283, -12.058838844299316, 4.697920799255371], "jar_lvuvbf_1": [-3.664870262145996, -12.214661598205566, 3.7105188369750977], "jar_lvuvbf_2": [-3.8502068519592285, -11.787734985351562, 3.9065792560577393], "room_divider_vzwwqo_0": [1.1538419723510742, -6.540640830993652, 0.2841672897338867], "stand_vyrick_0": [-4.372038841247559, -11.912413597106934, 1.2142548561096191], "taboret_ehaclu_0": [-4.720709800720215, 5.445006370544434, 2.8704469203948975], "taboret_ehaclu_1": [-4.451466083526611, 5.38165283203125, 0.3717637062072754], "taboret_ehaclu_10": [-3.990992307662964, 0.1945040374994278, 5.740739822387695], "taboret_ehaclu_11": [-3.4161479473114014, -0.10612252354621887, 0.8636081218719482], "taboret_ehaclu_12": [-4.1552510261535645, -0.5637374520301819, 6.09635591506958], "taboret_ehaclu_13": [-3.1586384773254395, -0.593720555305481, 0.5319843292236328], "taboret_ehaclu_14": [-4.334455966949463, -2.012047529220581, 4.824091911315918], "taboret_ehaclu_15": [-3.811868906021118, -2.587062120437622, 0.499131441116333], "taboret_ehaclu_2": [-4.87540864944458, 4.269057273864746, 4.353468418121338], "taboret_ehaclu_3": [-3.5435853004455566, 4.442999362945557, 1.0067274570465088], "taboret_ehaclu_4": [-4.655780792236328, 2.5600197315216064, 1.3910940885543823], "taboret_ehaclu_5": [-2.9796555042266846, 3.4980976581573486, 4.117884159088135], "taboret_ehaclu_6": [-4.900696754455566, 2.030416965484619, 1.8956835269927979], "taboret_ehaclu_7": [-3.5767064094543457, 1.7250853776931763, 2.1926305294036865], "taboret_ehaclu_8": [-3.9057374000549316, 1.2504128217697144, 4.552852630615234], "taboret_ehaclu_9": [-3.203298807144165, 1.2107568979263306, 0.8718400001525879], "straight_chair_dzrlfn_0": [-1.6779873371124268, 0.22516673803329468, 5.581732273101807], "straight_chair_dzrlfn_1": [-2.153285264968872, -0.0719599649310112, 1.4612343311309814], "straight_chair_dzrlfn_10": [1.0414297580718994, 4.524082660675049, 3.8251419067382812], "straight_chair_dzrlfn_11": [0.8425630331039429, 2.348951816558838, 0.5740635395050049], "straight_chair_dzrlfn_12": [0.968575656414032, 0.33263468742370605, 1.2838674783706665], "straight_chair_dzrlfn_13": [0.9623600244522095, 1.3721891641616821, 5.3068766593933105], "straight_chair_dzrlfn_14": [1.505624532699585, 0.4962497353553772, 3.9909350872039795], "straight_chair_dzrlfn_15": [1.6473538875579834, 0.43264445662498474, 1.3673795461654663], "straight_chair_dzrlfn_16": [2.396442413330078, 2.549567699432373, 1.9182426929473877], "straight_chair_dzrlfn_17": null, "straight_chair_dzrlfn_18": [3.3875041007995605, 6.332163333892822, 0.6192893981933594], "straight_chair_dzrlfn_19": [3.6077373027801514, 1.878688097000122, 2.5267386436462402], "straight_chair_dzrlfn_2": [-1.5040420293807983, 1.586696982383728, 4.705342769622803], "straight_chair_dzrlfn_20": [4.216343879699707, -0.8237060308456421, 0.6418564319610596], "straight_chair_dzrlfn_21": [4.0236053466796875, -3.0556511878967285, 1.2893565893173218], "straight_chair_dzrlfn_22": [4.885085582733154, -2.5870203971862793, 6.022343158721924], "straight_chair_dzrlfn_23": [4.140038967132568, -1.4194066524505615, 5.738712787628174], "straight_chair_dzrlfn_24": [4.8077192306518555, -3.7432973384857178, 0.03218245506286621], "straight_chair_dzrlfn_25": [4.763454437255859, -4.749913692474365, 2.3125503063201904], "straight_chair_dzrlfn_26": [3.4157235622406006, -5.439918518066406, 0.9996671676635742], "straight_chair_dzrlfn_27": [4.806297779083252, -4.770377159118652, 3.691132068634033], "straight_chair_dzrlfn_3": [-0.8645999431610107, 2.2702903747558594, 4.600356578826904], "straight_chair_dzrlfn_4": [-1.1251752376556396, 3.8980236053466797, 2.3546571731567383], "straight_chair_dzrlfn_5": [-2.263190507888794, 4.223478317260742, 2.014047145843506], "straight_chair_dzrlfn_6": [-1.7001022100448608, 5.192803859710693, 5.686286449432373], "straight_chair_dzrlfn_7": [-1.6743241548538208, 5.797695159912109, 6.1710524559021], "straight_chair_dzrlfn_8": [-1.693838357925415, 7.165173053741455, 4.278848648071289], "straight_chair_dzrlfn_9": [0.8671764135360718, 6.440424919128418, 4.981509685516357], "straight_chair_qkyfxr_0": [-2.4946048259735107, -0.6385425329208374, 5.445531368255615], "straight_chair_qkyfxr_1": [-1.113478422164917, 5.7441935539245605, 0.11625981330871582], "straight_chair_qkyfxr_10": [-1.417407751083374, 0.9453228712081909, 1.5189526081085205], "straight_chair_qkyfxr_11": [-0.9354085922241211, 1.5991500616073608, 5.573475360870361], "straight_chair_qkyfxr_12": [-0.5120806694030762, 0.701850175857544, 4.221968650817871], "straight_chair_qkyfxr_13": [-0.714921236038208, 0.45225805044174194, 4.2781147956848145], "straight_chair_qkyfxr_14": [-0.7256158590316772, -0.23269903659820557, 5.0165324211120605], "straight_chair_qkyfxr_15": [1.180956244468689, -0.45350563526153564, 1.577805995941162], "straight_chair_qkyfxr_16": [1.0448020696640015, -0.06153586506843567, 4.429174900054932], "straight_chair_qkyfxr_17": [1.7824205160140991, 0.55370032787323, 0.3541135787963867], "straight_chair_qkyfxr_18": [2.5796494483947754, -0.623259425163269, 2.7760372161865234], "straight_chair_qkyfxr_19": [1.3088312149047852, 0.9346335530281067, 0.9520516395568848], "straight_chair_qkyfxr_2": [-1.6580864191055298, 6.2244062423706055, 5.500287055969238], "straight_chair_qkyfxr_20": [1.2053791284561157, 2.736931800842285, 4.595802307128906], "straight_chair_qkyfxr_21": [0.5923396944999695, 3.622976779937744, 1.80642831325531], "straight_chair_qkyfxr_22": [2.003051996231079, 4.569525718688965, 4.94500207901001],