{"booth_xzrpar_1": [-4.35798957824707, -11.28427375793457, 0], "coffee_maker_fwlabx_1": [-1.9438634490966795, -11.28427375793457, 0], "breakfast_table_jruvif_3": [-4.2750139236450195, -1.7051562070846558, 4.757206916809082], "candy_dispenser_shelf_hrehue_1": [-5.156919378489256, -1.6422355794906616, 0], "serving_cart_lwgmcc_1": [4.068296571522951, 7.3633323717117305, 0], "fridge_jtqazu_0": [-4.989235877990723, -11.28438663482666, 5.942227840423584], "fridge_juwaoh_0": [0.7494504451751709, -10.931892395019531, 4.588650703430176], "top_cabinet_lsyzkh_0": null, "ceiling_rack_ratlvl_0": null, "breakfast_table_bhszwe_0": [5.051111698150635, -5.593338966369629, 3.524106025695801], "breakfast_table_bhszwe_1": [4.87520170211792, -3.4013614654541016, 4.684353351593018], "breakfast_table_bhszwe_10": null, "breakfast_table_bhszwe_11": [-3.0112011432647705, 1.3489854335784912, 1.676046371459961], "breakfast_table_bhszwe_12": [-1.5425195693969727, 4.7741780281066895, 5.948498249053955], "breakfast_table_bhszwe_13": [-1.216641902923584, 4.814177989959717, 0.6396007537841797], "breakfast_table_bhszwe_2": [3.6212875843048096, -1.5884073972702026, 0.811138391494751], "breakfast_table_bhszwe_3": [2.0912983417510986, 1.6001384258270264, 0.1956038475036621], "breakfast_table_bhszwe_4": [2.814486026763916, 4.896494388580322, 0.14752554893493652], "breakfast_table_bhszwe_5": [4.987766742706299, 5.372450828552246, 3.333050489425659], "breakfast_table_bhszwe_6": [1.8174329996109009, 0.9969664812088013, 5.761180877685547], "breakfast_table_bhszwe_7": [1.267406940460205, 4.222962856292725, 4.435676574707031], "breakfast_table_bhszwe_8": [0.48400259017944336, 3.6862456798553467, 0.05344963073730469], "breakfast_table_bhszwe_9": [2.133049964904785, 4.37085485458374, 1.5902433395385742], "breakfast_table_jruvif_0": [-5.8727030754089355, 5.000402927398682, 5.827921390533447], "breakfast_table_jruvif_1": [-4.85906457901001, 3.5138745307922363, 0.8218460083007812], "breakfast_table_jruvif_2": [-4.167922496795654, 1.6938972473144531, 5.1832475662231445], "commercial_kitchen_table_hmwzxn_0": [1.3689583539962769, -8.199396133422852, 6.025846481323242], "commercial_kitchen_table_wodpss_0": [0.695713996887207, -9.636781692504883, 6.076652526855469], "grill_drcurn_0": [-0.6304639577865601, -4.202445030212402, 2.458991050720215], "jar_lvuvbf_0": [-4.218860149383545, -12.468025207519531, 0.13209939002990723], "jar_lvuvbf_1": [-4.0177083015441895, -12.78837776184082, 1.2886210680007935], "jar_lvuvbf_2": [-3.761512041091919, -11.985651969909668, 3.515810251235962], "room_divider_vzwwqo_0": [3.2457289695739746, -5.286501884460449, 5.027667045593262], "stand_vyrick_0": [-3.410046100616455, -12.384267807006836, 4.04472017288208], "taboret_ehaclu_0": [-5.1710662841796875, 5.9707489013671875, 5.163804531097412], "taboret_ehaclu_1": [-4.107911109924316, 5.460611820220947, 0.6731503009796143], "taboret_ehaclu_10": [-4.909414768218994, 0.43659940361976624, 4.984348773956299], "taboret_ehaclu_11": [-3.5820672512054443, 0.8929944634437561, 5.7487897872924805], "taboret_ehaclu_12": [-4.334259510040283, -0.3198103606700897, 2.9297375679016113], "taboret_ehaclu_13": [-3.9019126892089844, -1.6111037731170654, 1.0183360576629639], "taboret_ehaclu_14": [-4.853079795837402, -2.0509824752807617, 5.755066871643066], "taboret_ehaclu_15": [-4.093804359436035, -1.9224797487258911, 1.4283249378204346], "taboret_ehaclu_2": [-3.8227381706237793, 4.579484939575195, 3.8718113899230957], "taboret_ehaclu_3": [-3.45089054107666, 3.4794368743896484, 1.1208546161651611], "taboret_ehaclu_4": [-4.0782012939453125, 2.806201457977295, 1.2668741941452026], "taboret_ehaclu_5": [-3.390629291534424, 2.5865113735198975, 1.6787595748901367], "taboret_ehaclu_6": [-4.771091461181641, 2.2432563304901123, 5.690679550170898], "taboret_ehaclu_7": [-3.302638530731201, 3.115525960922241, 4.3277740478515625], "taboret_ehaclu_8": [-4.024004936218262, 0.2714309096336365, 2.1086692810058594], "taboret_ehaclu_9": [-3.412463426589966, 1.057420253753662, 3.749316930770874], "straight_chair_dzrlfn_0": [-1.8455379009246826, -0.5666747093200684, 5.9593892097473145], "straight_chair_dzrlfn_1": [-2.1882402896881104, 0.28909754753112793, 5.52949857711792], "straight_chair_dzrlfn_10": [1.5685616731643677, 3.9917948246002197, 4.202988147735596], "straight_chair_dzrlfn_11": [-0.06346265226602554, 3.063283920288086, 4.923593997955322], "straight_chair_dzrlfn_12": [0.7837396860122681, 0.739250659942627, 0.5185821056365967], "straight_chair_dzrlfn_13": [0.04615938663482666, 1.3367364406585693, 5.486953258514404], "straight_chair_dzrlfn_14": [2.3857994079589844, 0.181007519364357, 4.175580024719238], "straight_chair_dzrlfn_15": [1.3950546979904175, 0.9260545969009399, 6.013676166534424], "straight_chair_dzrlfn_16": [1.1407344341278076, 2.0800249576568604, 0.04424881935119629], "straight_chair_dzrlfn_17": [1.869313359260559, 4.776119709014893, 5.673285484313965], "straight_chair_dzrlfn_18": [4.198887825012207, 6.627811431884766, 6.234960079193115], "straight_chair_dzrlfn_19": [3.227956771850586, 1.1225117444992065, 2.44260311126709], "straight_chair_dzrlfn_2": [-1.1497972011566162, 2.511173963546753, 4.427774906158447], "straight_chair_dzrlfn_20": [3.801335573196411, -1.1950867176055908, 1.290196180343628], "straight_chair_dzrlfn_21": [4.0220513343811035, -2.59596586227417, 5.0054168701171875], "straight_chair_dzrlfn_22": [5.178889751434326, -2.7071807384490967, 0.9064819812774658], "straight_chair_dzrlfn_23": [4.8438920974731445, -1.240365743637085, 2.255404233932495], "straight_chair_dzrlfn_24": [5.340277194976807, -3.3991777896881104, 4.558701515197754], "straight_chair_dzrlfn_25": [3.8835744857788086, -4.520427227020264, 3.3049919605255127], "straight_chair_dzrlfn_26": [3.130736827850342, -4.690202713012695, 3.8967161178588867], "straight_chair_dzrlfn_27": [4.6529645919799805, -5.163703441619873, 6.058292388916016], "straight_chair_dzrlfn_3": [-0.6437237858772278, 2.714998483657837, 1.5160239934921265], "straight_chair_dzrlfn_4": [-0.9502597451210022, 3.6829071044921875, 5.578066825866699], "straight_chair_dzrlfn_5": [-1.2496572732925415, 4.322260856628418, 3.910996913909912], "straight_chair_dzrlfn_6": [-0.6962605714797974, 4.792845249176025, 1.7227263450622559], "straight_chair_dzrlfn_7": [-0.3628915548324585, 4.677646160125732, 1.854975700378418], "straight_chair_dzrlfn_8": [-2.2702088356018066, 6.613837718963623, 3.7165048122406006], "straight_chair_dzrlfn_9": [0.7639137506484985, 6.327136993408203, 4.060336112976074], "straight_chair_qkyfxr_0": [-2.3976030349731445, -0.8572139739990234, 1.2911100387573242], "straight_chair_qkyfxr_1": [-0.9385148286819458, 6.996718406677246, 5.565666198730469], "straight_chair_qkyfxr_10": [-1.344366192817688, 1.2156200408935547, 1.6350868940353394], "straight_chair_qkyfxr_11": [-0.9317526817321777, 1.4012446403503418, 5.775705814361572], "straight_chair_qkyfxr_12": [-0.3340039849281311, 0.9695191979408264, 0.07751274108886719], "straight_chair_qkyfxr_13": [-1.4031728506088257, -0.16287165880203247, 1.4833365678787231], "straight_chair_qkyfxr_14": [-1.1791983842849731, 0.12923574447631836, 4.489941120147705], "straight_chair_qkyfxr_15": [0.9233731031417847, -0.5997531414031982, 4.847672462463379], "straight_chair_qkyfxr_16": [1.2774714231491089, -0.44529053568840027, 1.1393530368804932], "straight_chair_qkyfxr_17": [2.073124647140503, -0.20926791429519653, 1.9833428859710693], "straight_chair_qkyfxr_18": [2.468691110610962, -0.6273452043533325, 2.7948086261749268], "straight_chair_qkyfxr_19": [1.7574101686477661, 2.5286779403686523, 5.814143657684326], "straight_chair_qkyfxr_2": [-2.185971260070801, 6.271003246307373, 0.47942662239074707], "straight_chair_qkyfxr_20": [0.5981142520904541, 2.528963565826416, 4.282180309295654], "straight_chair_qkyfxr_21": [1.17062509059906, 3.5177621841430664, 2.3691749572753906], "straight_chair_qkyfxr_22": [2.1423754692077637, 3.6496171951293945, 4.2229437828063965],