{"nextto": {"booth_xzrpar_4": [[-6.98731632232666, -5.068000316619873, 0]], "cheese_tart_pyynjg_1": [[-6.861180305480957, -4.815728282928467, 0]], "breakfast_table_uhrsex_1": [[-3.6698871946334837, -7.0303247451782225, 0]], "espresso_machine_qhrtyw_1": [-3.5838353633880615, -8.202081680297852, 0.4563267230987549]}, "ontop": {"cheese_tart_pyynjg_1": {"breakfast_table_uhrsex_1": [[-2.480661630630493, -6.625158309936523, 0.4720226228237152], [0.0017453411128371954, 0.00034053053241223097, -0.09534627199172974, 0.9954425692558289]]}}, "inside": {}}