{
    "nextto": {
        "backpack_gvbiwl_1": [
            [
                1.9904525756835938,
                -1.1970114195346833,
                0
            ]
        ],
        "desk_cnewsu_1": [
            [
                1.9904525756835938,
                -1.6238553869724275,
                0
            ]
        ],
        "test_tube_apybok_1": [
            [
                1.9904525756835938,
                -1.6238553869724275,
                0
            ]
        ]
    },
    "ontop": {},
    "inside": {
        "test_tube_apybok_1": {
            "backpack_gvbiwl_1": [
                [
                    2.5446887016296387,
                    -1.7695637941360474,
                    0.084587961435318
                ],
                [
                    -0.07570652663707733,
                    0.22964772582054138,
                    0.0036709385458379984,
                    0.9703179597854614
                ]
            ]
        }
    }
}