{
    "nextto": {
        "parsley_okmcfy_1": [
            [
                -0.04480847120285039,
                -2.761640117168427,
                0
            ]
        ],
        "reception_desk_kjmhgc_1": [
            0.7566165328025818,
            -0.39188459515571594,
            3.456827402114868
        ],
        "mixing_bowl_deudkt_1": [
            0.7566165328025818,
            -0.39188459515571594,
            3.456827402114868
        ],
        "breakfast_table_skczfi_1": [
            -0.9698134660720825,
            3.499361753463745,
            0.6368401050567627
        ]
    },
    "ontop": {
        "mixing_bowl_deudkt_1": {
            "breakfast_table_skczfi_1": [
                [
                    -0.0510360449552536,
                    3.231950283050537,
                    0.8106696009635925
                ],
                [
                    3.8510188460350037e-07,
                    1.5572150005027652e-06,
                    -0.12180598825216293,
                    0.9925540685653687
                ]
            ]
        }
    },
    "inside": {
        "parsley_okmcfy_1": {
            "mixing_bowl_deudkt_1": [
                [
                    -0.1475350707769394,
                    0.2906651794910431,
                    0.835299015045166
                ],
                [
                    0.09402981400489807,
                    0.14742009341716766,
                    -0.5800577998161316,
                    0.7955870032310486
                ]
            ]
        }
    }
}