{
    "nextto": {
        "radish_vztgpr_1": [
            [
                -0.1632424759864808,
                -2.68268411397934,
                1.5707963267948966
            ]
        ],
        "reception_desk_kjmhgc_1": [
            1.2713325023651123,
            -1.3313515186309814,
            1.9846277236938477
        ],
        "recycling_bin_duugbb_1": [
            0.3060075044631958,
            0.39413848519325256,
            5.513830184936523
        ]
    },
    "ontop": {},
    "inside": {
        "radish_vztgpr_1": {
            "recycling_bin_duugbb_1": [
                [
                    0.047076690942049026,
                    0.8137112855911255,
                    0.07550569623708725
                ],
                [
                    0.5807503461837769,
                    -0.10409027338027954,
                    -0.040415208786726,
                    0.8063876628875732
                ]
            ]
        }
    }
}