{
    "nextto": {
        "countertop_tpuwys_0": [
            [
                -0.6369784951210022,
                -2.8405961203575134,
                0
            ]
        ],
        "lasagna_eovigz_1": [
            [
                -0.6369784951210022,
                -2.8405961203575134,
                0
            ]
        ],
        "oven_wuinhm_0": [
            1.8336808681488037,
            -2.1796350479125977,
            5.064593315124512
        ],
        "room_light_htznln_1": [
            -2.0820281505584717,
            2.8212108612060547,
            0.9749441146850586
        ]
    },
    "ontop": {},
    "inside": {
        "lasagna_eovigz_1": {
            "oven_wuinhm_0": [
                [
                    1.3595682382583618,
                    -2.479142427444458,
                    0.7748637795448303
                ],
                [
                    -0.012145902030169964,
                    -0.019868353381752968,
                    0.0050192116759717464,
                    0.9997162222862244
                ]
            ]
        }
    }
}