{
    "nextto": {
        "saucepan_fsinsu_1": [
            [
                -0.6369784951210022,
                -2.8405961203575134,
                0
            ]
        ],
        "reception_desk_kjmhgc_1": [
            -0.549033522605896,
            -1.6907895803451538,
            0.27576375007629395
        ],
        "pea_pod_qntgxe_1": [
            -0.549033522605896,
            -1.6907895803451538,
            0.27576375007629395
        ],
        "microwave_abzvij_0": [
            1.6419154405593872,
            -3.4031078815460205,
            0.2902100086212158
        ]
    },
    "ontop": {},
    "inside": {
        "pea_pod_qntgxe_1": {
            "saucepan_fsinsu_1": [
                [
                    0.8146572709083557,
                    -1.917441964149475,
                    1.0931766033172607
                ],
                [
                    -0.023826949298381805,
                    -0.10023949295282364,
                    -0.008787881582975388,
                    0.9946391582489014
                ]
            ]
        }
    }
}