{
    "nextto": {
        "mailbox_bktljr_1": [
            [
                -2.003903970718384,
                -3.6585650968551637,
                0
            ]
        ],
        "letter_igvnic_1": [
            [
                -2.003903970718384,
                -3.6585650968551637,
                0
            ]
        ],
        "coffee_table_fqluyq_0": [
            0.07364898920059204,
            0.9025404453277588,
            0.558995246887207
        ]
    },
    "ontop": {
        "letter_igvnic_1": {
            "coffee_table_fqluyq_0": [
                [
                    0.2254452258348465,
                    0.7336972951889038,
                    0.399919718503952
                ],
                [
                    -0.0004311390803195536,
                    0.00034006702480837703,
                    -0.14574088156223297,
                    0.9893226027488708
                ]
            ]
        }
    },
    "inside": {}
}