{
    "nextto": {
        "pedestal_table_oqclwq_1": [
            [
                -0.6369784951210022,
                -2.8405961203575134,
                0
            ]
        ],
        "club_sandwich_ablfyd_1": [
            [
                -0.6369784951210022,
                -2.8405961203575134,
                0
            ]
        ],
        "cooler_pnkiag_1": [
            0.7396725416183472,
            -0.30306053161621094,
            0.857133150100708
        ]
    },
    "ontop": {},
    "inside": {
        "club_sandwich_ablfyd_1": {
            "cooler_pnkiag_1": [
                [
                    0.1701447069644928,
                    0.04765348881483078,
                    0.13538199663162231
                ],
                [
                    0.0019180361414328218,
                    -0.0043360283598303795,
                    -0.038244325667619705,
                    0.9992570877075195
                ]
            ]
        }
    }
}