{
    "nextto": {
        "cooler_pnkiag_1": [
            [
                0.5868395543098448,
                -2.959030125141144,
                0
            ]
        ],
        "rib_nzbnqp_1": [
            [
                0.507883551120758,
                -2.959030125141144,
                0
            ]
        ],
        "oven_wuinhm_0": [
            0.8681367635726929,
            -3.1239266395568848,
            5.354930400848389
        ],
        "breakfast_table_skczfi_1": [
            0.10074730217456818,
            3.759547472000122,
            3.0407769680023193
        ]
    },
    "ontop": {
        "rib_nzbnqp_1": {
            "breakfast_table_skczfi_1": [
                [
                    -0.6609429717063904,
                    3.3228037357330322,
                    0.7774937748908997
                ],
                [
                    0.018597470596432686,
                    -0.002598242834210396,
                    -0.04288370534777641,
                    0.9989036321640015
                ]
            ]
        }
    },
    "inside": {}
}