{
    "nextto": {
        "bench_nokayw_1": [
            [
                -2.003903970718384,
                -3.6585650968551637,
                0
            ]
        ],
        "backpack_gvbiwl_1": [
            [
                -2.003903970718384,
                -3.6585650968551637,
                0
            ]
        ],
        "pedestal_table_oqclwq_1": [
            [
                -0.6369784951210022,
                -2.8405961203575134,
                0
            ]
        ],
        "mango_phdamg_1": [
            [
                -0.6369784951210022,
                -2.8405961203575134,
                0
            ]
        ],
        "cooler_pnkiag_1": [
            0.49138516187667847,
            0.8092129230499268,
            3.876105546951294
        ]
    },
    "ontop": {
        "backpack_gvbiwl_1": {
            "pedestal_table_oqclwq_1": [
                [
                    0.13030004501342773,
                    -2.6476800441741943,
                    0.675262451171875
                ],
                [
                    -0.030246693640947342,
                    -0.5266326665878296,
                    -0.01880178414285183,
                    0.8493465781211853
                ]
            ]
        }
    },
    "inside": {
        "mango_phdamg_1": {
            "cooler_pnkiag_1": [
                [
                    0.07139204442501068,
                    0.150248184800148,
                    0.13299031555652618
                ],
                [
                    -0.29111772775650024,
                    -0.20720863342285156,
                    -0.012072332203388214,
                    0.9339000582695007
                ]
            ]
        }
    }
}