{
    "nextto": {
        "backpack_gvbiwl_1": [
            [
                1.9904525756835938,
                -1.6238553869724275,
                0
            ]
        ],
        "bird_feeder_hvlkjx_1": [
            [
                2.029256572723389,
                -1.5462473928928375,
                0
            ]
        ]
    },
    "ontop": {},
    "inside": {
        "bird_feeder_hvlkjx_1": {
            "backpack_gvbiwl_1": [
                [
                    2.7201600074768066,
                    -1.2119061946868896,
                    0.05342526361346245
                ],
                [
                    0.03989506512880325,
                    0.032347872853279114,
                    -0.0029804580844938755,
                    0.9986756443977356
                ]
            ]
        }
    }
}