{
    "nextto": {
        "board_fxugbm_1": [
            [
                -1.3154278993606567,
                -0.06159458875656136,
                0
            ]
        ],
        "shelf_iwziew_1": [
            [
                -0.6369784951210022,
                -2.8405961203575134,
                0
            ]
        ],
        "water_glass_lvqgvn_1": [
            [
                -0.6369784951210022,
                -2.8405961203575134,
                0
            ]
        ],
        "table_lamp_xbfgjc_0": [
            -0.39023131132125854,
            3.0487170219421387,
            1.4376299381256104
        ]
    },
    "ontop": {
        "water_glass_lvqgvn_1": {
            "board_fxugbm_1": [
                [
                    0.29622432589530945,
                    -0.7967511415481567,
                    0.08608802407979965
                ],
                [
                    0.0007190583273768425,
                    0.0010512794833630323,
                    -0.008794725872576237,
                    0.9999605417251587
                ]
            ]
        }
    },
    "inside": {}
}