{
    "nextto": {
        "breakfast_table_skczfi_1": [
            [
                -1.9585960817337038,
                2.1894940495491024,
                0
            ]
        ],
        "platter_ekjpdj_1": [
            [
                -1.9585960817337038,
                2.1894940495491024,
                0
            ]
        ],
        "reception_desk_kjmhgc_1": [
            -1.1107571125030518,
            0.9667393565177917,
            0.5146934986114502
        ],
        "green_onion_ljynzg_1": [
            -1.1107571125030518,
            0.9667393565177917,
            0.5146934986114502
        ],
        "oven_wuinhm_0": [
            1.3316787481307983,
            -1.4597378969192505,
            4.455421447753906
        ]
    },
    "ontop": {
        "green_onion_ljynzg_1": {
            "platter_ekjpdj_1": [
                [
                    -1.0722934007644653,
                    3.2278807163238525,
                    0.7897601127624512
                ],
                [
                    0.10251955687999725,
                    -0.185501366853714,
                    -0.43642494082450867,
                    0.8744210600852966
                ]
            ]
        }
    },
    "inside": {}
}