{
    "nextto": {
        "eames_chair_mmqvnh_1": [
            [
                1.9904525756835938,
                -1.6238553869724275,
                0
            ]
        ],
        "towel_rack_kqrmrh_1": [
            2.224139451980591,
            -4.261639595031738,
            0.31853723526000977
        ],
        "bath_towel_thmepr_1": [
            -1.7570120096206665,
            -0.6038542985916138,
            2.06343150138855
        ],
        "radiator_lnvush_1": [
            -0.4668155610561371,
            0.6582828164100647,
            0.19866371154785156
        ]
    },
    "ontop": {
        "bath_towel_thmepr_1": {
            "eames_chair_mmqvnh_1": [
                [
                    2.5820999145507812,
                    -1.2297582626342773,
                    1.5204854011535645
                ],
                [
                    0.6652116179466248,
                    0.04044555127620697,
                    0.24331213533878326,
                    0.7047388553619385
                ]
            ]
        }
    },
    "inside": {}
}