{
    "nextto": {
        "coffee_table_fqluyq_0": [
            -0.9000681638717651,
            0.6981588006019592,
            0.2867453098297119
        ],
        "loudspeaker_bmpdyv_0": [
            -2.709240674972534,
            2.5432260036468506,
            0.1953880786895752
        ],
        "reception_desk_kjmhgc_1": [
            -0.08896401524543762,
            -1.5759884119033813,
            3.380995988845825
        ]
    },
    "ontop": {
        "loudspeaker_bmpdyv_0": {
            "reception_desk_kjmhgc_1": [
                [
                    -0.4397267997264862,
                    0.35402747988700867,
                    0.9301809072494507
                ],
                [
                    -3.6694109439849854e-07,
                    -1.9853177946060896e-07,
                    -0.15809319913387299,
                    0.9874241352081299
                ]
            ]
        }
    },
    "inside": {}
}