{
    "nextto": {
        "coffee_table_fqluyq_0": [
            [
                -1.5566159677505493,
                2.269890072345733,
                0
            ]
        ],
        "lettuce_orsjxq_1": [
            [
                -1.5566159677505493,
                2.269890072345733,
                0
            ]
        ],
        "bucket_lsmlzi_1": [
            [
                -1.9585960817337038,
                2.269890072345733,
                0
            ]
        ],
        "fairy_light_waitum_1": [
            -0.28877198696136475,
            -4.210400581359863,
            0.2604026794433594
        ]
    },
    "ontop": {},
    "inside": {
        "lettuce_orsjxq_1": {
            "bucket_lsmlzi_1": [
                [
                    -1.6185503005981445,
                    2.827763080596924,
                    0.11984290927648544
                ],
                [
                    -0.005818577483296394,
                    0.08076846599578857,
                    -0.24279919266700745,
                    0.9666908383369446
                ]
            ]
        }
    }
}