{
    "nextto": {
        "urinal_pfzmpd_1": [
            [
                -2.6812406253814696,
                2.4528351092338565,
                0
            ]
        ],
        "mop_bucket_xjzyfc_1": [
            0.7536938190460205,
            -3.3870317935943604,
            0.5659036636352539
        ],
        "water_cooler_essxzr_1": [
            0.49524205923080444,
            -0.9988623857498169,
            5.302719593048096
        ]
    },
    "ontop": {},
    "inside": {}
}