{"coffee_table_fqluyq_0": [0.23990395665168762, -1.301030158996582, 4.135143756866455], "magazine_ymfwaz_1": [0.5330910772085192, -1.9042689323425293, 0], "sink_ksecxq_0": [-2.2912256717681885, 2.9742870330810547, 0.23818373680114746], "bar_soap_lyigsj_1": [-2.6812406253814696, 2.3752271151542668, 0], "reception_desk_kjmhgc_1": [-0.19502563774585724, -0.04685589671134949, 1.3684052228927612], "bottom_cabinet_bamfsz_0": [-1.9298896789550781, -0.38537827134132385, 0.9605863094329834], "bottom_cabinet_dajebq_0": [-3.2697322368621826, 1.5967144966125488, 3.096029758453369], "bottom_cabinet_jhymlr_0": null, "breakfast_table_skczfi_0": [1.3136491775512695, 0.8720622658729553, 1.158880591392517], "breakfast_table_skczfi_1": [0.23972252011299133, -4.59235954284668, 0.6428170204162598], "floor_lamp_vdxlda_0": [-1.5061712265014648, 0.16025583446025848, 4.25134801864624], "laptop_nvulcs_0": [-1.0804556608200073, -1.3668639659881592, 6.07572078704834], "loudspeaker_bmpdyv_0": [1.7793344259262085, -1.1935415267944336, 1.4811971187591553], "pot_plant_jatssq_0": [-0.44757771492004395, -1.1035929918289185, 0.7949783802032471], "pot_plant_jatssq_1": [2.005796194076538, -2.4941442012786865, 1.9587632417678833], "pot_plant_udqjui_0": [-1.922094702720642, -0.3453253507614136, 4.635247230529785], "shelf_njwsoa_0": [2.21565842628479, -4.167177200317383, 1.9599567651748657], "shelf_njwsoa_1": [-1.270169734954834, -4.0113525390625, 1.670546293258667], "shelf_owvfik_0": [-0.34675294160842896, -4.005466461181641, 0.8934862613677979], "sofa_mnfbbh_0": [-3.1539433002471924, -2.15995454788208, 6.121090888977051], "standing_tv_udotid_0": [1.6282944679260254, -1.0602911710739136, 1.9378178119659424], "ottoman_ycfbsd_0": [-0.57213294506073, -1.8745760917663574, 1.7952324151992798], "straight_chair_amgwaw_0": [1.635617971420288, 1.1864795684814453, 5.8578715324401855], "straight_chair_amgwaw_1": [1.2650361061096191, -0.6604012250900269, 1.983080267906189], "straight_chair_amgwaw_2": [0.3062998652458191, 0.01370452344417572, 6.013898849487305], "straight_chair_eospnr_0": [-0.2523610293865204, 1.1368961334228516, 3.5297913551330566], "straight_chair_eospnr_1": [-1.1810383796691895, 0.7187604308128357, 3.36080265045166], "swivel_chair_qtqitn_0": [0.1775534301996231, -3.7193379402160645, 3.8547332286834717], "table_lamp_xbfgjc_0": [-0.567126452922821, -3.728306770324707, 5.084800720214844], "trash_can_zotrbg_0": [-2.0673470497131348, 2.740186929702759, 5.304544925689697], "bed_zrumze_0": [-1.2537120580673218, -0.30869320034980774, 3.7076897621154785], "bottom_cabinet_bamfsz_1": [-2.1591994762420654, 3.7416539192199707, 4.168692588806152], "bottom_cabinet_slgzfc_0": [1.347381591796875, 2.167910575866699, 3.2057271003723145], "bottom_cabinet_slgzfc_1": [-1.9076168537139893, 1.6034702062606812, 6.1298604011535645], "countertop_tpuwys_0": [-1.2381635904312134, 2.0061051845550537, 5.470314979553223], "dishwasher_xlmier_0": [-2.498668670654297, 3.7177069187164307, 0.09978938102722168], "electric_switch_wseglt_0": [-2.6625850200653076, 1.909391164779663, 5.841781139373779], "electric_switch_wseglt_1": [1.5554457902908325, 1.13816499710083, 2.1187849044799805], "electric_switch_wseglt_2": [-2.2948527336120605, 0.23059797286987305, 0.3727989196777344], "electric_switch_wseglt_3": [-0.21241337060928345, 2.0177154541015625, 5.598752975463867], "electric_switch_wseglt_4": [1.1938490867614746, 3.4887115955352783, 6.172454833984375], "electric_switch_wseglt_5": [-2.221280097961426, 0.1954384297132492, 0.9302411079406738], "fridge_xyejdx_0": [0.46086829900741577, 2.2671093940734863, 3.090047836303711], "microwave_abzvij_0": [-2.070030689239502, 3.76139235496521, 0.021779775619506836], "mirror_pevdqu_0": [-2.1496129035949707, 2.964721918106079, 1.0160329341888428], "oven_wuinhm_0": [-1.452430248260498, 2.370619297027588, 1.9970999956130981], "picture_etixod_0": [-3.19364595413208, -1.78482985496521, 3.808450937271118], "picture_hhxttu_0": [1.721264362335205, 0.2589116096496582, 0.8426358699798584], "picture_jpfyrq_0": [-2.0740737915039062, -2.2334847450256348, 1.442577838897705], "shower_stall_invgma_0": [-2.4194273948669434, 1.5552027225494385, 1.696882724761963], "sink_zexzrc_0": [-1.1323747634887695, 2.348968029022217, 1.0529999732971191], "toilet_vtqdev_0": [-3.5942840576171875, 3.6080315113067627, 3.51431941986084], "top_cabinet_fqhdne_0": [-1.5627236366271973, 1.5006415843963623, 4.090518951416016], "top_cabinet_lsyzkh_0": null, "top_cabinet_lsyzkh_1": null, "top_cabinet_lsyzkh_2": null, "top_cabinet_lsyzkh_3": null, "towel_rack_kqrmrh_0": [-1.8324031829833984, 2.9475202560424805, 2.545067071914673], "towel_rack_kqrmrh_1": [-3.2835187911987305, 3.2531425952911377, 2.954601287841797], "Light_test": null, "robot0": null}