{"sink_ksecxq_0": [-2.4130353927612305, 3.6585628986358643, 3.2162487506866455], "toothbrush_nbgpwg_1": [-2.610461473464966, 3.2000160217285156, 0.7814064025878906], "wicker_basket_unasxd_1": [-0.954667444229126, 2.231806182861328, 0], "apple_agveuv_1": [-1.646947979927063, 2.1138970851898193, 5.357999324798584], "apple_agveuv_2": [-1.1347473859786987, 1.3498919010162354, 1.7411187887191772], "apple_agveuv_3": [-1.1734793186187744, 0.7976308465003967, 1.7706546783447266], "shelf_owvfik_0": [-0.7170753479003906, -3.2001709938049316, 4.496658802032471], "bottom_cabinet_bamfsz_0": [-1.7729685306549072, -0.35057082772254944, 6.13911771774292], "bottom_cabinet_dajebq_0": [-3.7522027492523193, 1.6769862174987793, 6.059335231781006], "bottom_cabinet_jhymlr_0": [1.4764039516448975, -1.092711329460144, 0.05160212516784668], "breakfast_table_skczfi_0": [0.5511959195137024, -0.07845395803451538, 1.2643072605133057], "breakfast_table_skczfi_1": [0.08488493412733078, -4.41922664642334, 1.2971916198730469], "coffee_table_fqluyq_0": [-0.3978675901889801, -2.691581964492798, 2.016179323196411], "floor_lamp_vdxlda_0": [-1.8878685235977173, 0.046099502593278885, 6.100694179534912], "laptop_nvulcs_0": [-0.6025636792182922, -1.7134093046188354, 0.7124910354614258], "loudspeaker_bmpdyv_0": [2.020214080810547, -1.6730691194534302, 2.3601863384246826], "pot_plant_jatssq_0": [0.08526817709207535, -0.5306462049484253, 4.304922103881836], "pot_plant_jatssq_1": [1.3171709775924683, -2.3556160926818848, 0.8378570079803467], "pot_plant_udqjui_0": [-1.9543650150299072, -0.40161463618278503, 6.282525062561035], "shelf_njwsoa_0": [1.5664879083633423, -3.9130921363830566, 4.391611099243164], "shelf_njwsoa_1": [-1.480480432510376, -3.440059185028076, 0.9208207130432129], "sofa_mnfbbh_0": [-2.9245059490203857, -2.4539175033569336, 0.15979313850402832], "standing_tv_udotid_0": [1.3314529657363892, -2.1741204261779785, 5.659665107727051], "ottoman_ycfbsd_0": null, "straight_chair_amgwaw_0": [0.9022038578987122, 0.515533447265625, 1.309240698814392], "straight_chair_amgwaw_1": [1.1006017923355103, -0.5994398593902588, 1.6415897607803345], "straight_chair_amgwaw_2": [0.8765893578529358, 0.37830644845962524, 3.227464199066162], "straight_chair_eospnr_0": [-0.7005515098571777, 0.604745090007782, 2.064807891845703], "straight_chair_eospnr_1": [-1.108579397201538, 1.2339742183685303, 4.532115459442139], "swivel_chair_qtqitn_0": [0.4244598150253296, -3.6184685230255127, 0.2466747760772705], "table_lamp_xbfgjc_0": [0.2115131914615631, -4.077410697937012, 3.2053444385528564], "trash_can_zotrbg_0": null, "bed_zrumze_0": [-1.5766066312789917, -1.6849366426467896, 1.2805994749069214], "bottom_cabinet_bamfsz_1": [-1.734362006187439, 3.9851138591766357, 4.933907508850098], "bottom_cabinet_slgzfc_0": [1.0747883319854736, 2.3055663108825684, 4.653364181518555], "bottom_cabinet_slgzfc_1": [-1.0258539915084839, 1.9288281202316284, 4.593042373657227], "countertop_tpuwys_0": [0.8238446712493896, 1.5683988332748413, 5.762964248657227], "dishwasher_xlmier_0": [-2.572244882583618, 3.451749324798584, 5.206202983856201], "electric_switch_wseglt_0": [-2.4075279235839844, 1.5469473600387573, 0.32846736907958984], "electric_switch_wseglt_1": [1.471482276916504, 0.9693024754524231, 1.6286580562591553], "electric_switch_wseglt_2": [-1.858544945716858, 0.4390920102596283, 3.902106761932373], "electric_switch_wseglt_3": [0.2127409279346466, 1.4285566806793213, 1.2401598691940308], "electric_switch_wseglt_4": [1.8272769451141357, 3.8304128646850586, 4.020901203155518], "electric_switch_wseglt_5": [-2.329777717590332, 0.8559385538101196, 5.160387992858887], "fridge_xyejdx_0": [1.1607011556625366, 2.631533145904541, 2.9869542121887207], "microwave_abzvij_0": [-2.150153160095215, 2.9355061054229736, 2.558037042617798], "mirror_pevdqu_0": [-2.49005389213562, 2.9686784744262695, 5.555239677429199], "oven_wuinhm_0": [-1.2020397186279297, 2.2475340366363525, 6.051271438598633], "picture_etixod_0": [-3.485308885574341, -1.8334392309188843, 5.3948235511779785], "picture_hhxttu_0": [1.7927888631820679, 0.0027168989181518555, 1.1203043460845947], "picture_jpfyrq_0": [-1.967603325843811, -1.9984453916549683, 1.6802167892456055], "shower_stall_invgma_0": [-2.442716121673584, 1.5284183025360107, 1.7018146514892578], "sink_zexzrc_0": [-0.5691323280334473, 4.328265190124512, 5.025877952575684], "toilet_vtqdev_0": [-2.9770514965057373, 2.9795801639556885, 0.3080470561981201], "top_cabinet_fqhdne_0": null, "top_cabinet_lsyzkh_0": null, "top_cabinet_lsyzkh_1": null, "top_cabinet_lsyzkh_2": null, "top_cabinet_lsyzkh_3": null, "towel_rack_kqrmrh_0": [-2.1910624504089355, 3.3375179767608643, 4.883524417877197], "towel_rack_kqrmrh_1": [-3.143012046813965, 4.055403709411621, 5.007387638092041], "Light_test": null, "robot0": null}