{
    "nextto": {
        "bed_zrumze_0": [
            [
                -3.728949105739593,
                0.6279153805971144,
                1.5707963267948966
            ]
        ],
        "toy_box_pmhcse_1": [
            [
                -3.728949105739593,
                0.6279153805971144,
                1.5707963267948966
            ]
        ],
        "radiator_lnvush_1": [
            [
                -1.1552250009775162,
                -0.055160846710205075,
                0
            ]
        ],
        "coffee_table_fqluyq_0": [
            0.22545331716537476,
            -1.5119708776474,
            1.7210928201675415
        ]
    },
    "ontop": {
        "toy_box_pmhcse_1": {
            "coffee_table_fqluyq_0": [
                [
                    -0.2910829186439514,
                    -1.598178744316101,
                    0.4502212703227997
                ],
                [
                    0.0007636434165760875,
                    -0.0008471769979223609,
                    -0.07156126201152802,
                    0.9974355101585388
                ]
            ]
        }
    },
    "inside": {}
}