{"sofa_mnfbbh_0": [-0.6768633127212524, -2.0756428241729736, 0.6323978900909424], "security_camera_tiscsa_1": [-1.2356210047006606, -2.949416980743408, 0], "sandal_chgcrm_1": [1.1412739634513853, 3.0631119847297668, 0], "sandal_chgcrm_2": [0.7494279980659485, 2.008142077922821, 0], "bed_zrumze_0": [-2.9338150024414062, -3.236602544784546, 1.873316764831543], "bottom_cabinet_bamfsz_0": [-1.6873607635498047, -0.054511357098817825, 0.559675931930542], "bottom_cabinet_dajebq_0": [-3.449280261993408, 1.2470197677612305, 4.369439601898193], "bottom_cabinet_jhymlr_0": [1.2214224338531494, -0.12401705980300903, 0.6366391181945801], "breakfast_table_skczfi_0": [1.0179650783538818, 1.29378080368042, 0.3727118968963623], "breakfast_table_skczfi_1": [-1.0636190176010132, -3.5341548919677734, 3.772866725921631], "coffee_table_fqluyq_0": [-1.086625337600708, 0.5203732252120972, 5.456448078155518], "floor_lamp_vdxlda_0": [-1.6551268100738525, -0.531325101852417, 1.9035874605178833], "laptop_nvulcs_0": [-0.5467019081115723, -1.4462629556655884, 1.3800644874572754], "loudspeaker_bmpdyv_0": [1.315760850906372, -1.043027400970459, 1.0981967449188232], "pot_plant_jatssq_0": [-0.5140547752380371, -0.9294152855873108, 0.059311866760253906], "pot_plant_jatssq_1": [1.4782726764678955, -1.9643410444259644, 5.204546928405762], "pot_plant_udqjui_0": [-1.2070121765136719, -0.9479716420173645, 0.2977757453918457], "shelf_njwsoa_0": [1.7406766414642334, -4.529374599456787, 1.849438190460205], "shelf_njwsoa_1": [-2.3106329441070557, -3.0086119174957275, 4.834836483001709], "shelf_owvfik_0": [-2.2732505798339844, -3.853192090988159, 0.3451378345489502], "standing_tv_udotid_0": [1.6285568475723267, -1.9107424020767212, 1.5287054777145386], "ottoman_ycfbsd_0": [-0.8852646350860596, -1.7283827066421509, 0.32570767402648926], "straight_chair_amgwaw_0": [1.6126823425292969, 0.9191094636917114, 0.2224113941192627], "straight_chair_amgwaw_1": [2.1950156688690186, 0.033032625913619995, 4.029512882232666], "straight_chair_amgwaw_2": [0.18546345829963684, 0.7749332785606384, 5.891165256500244], "straight_chair_eospnr_0": [-0.3219817876815796, 0.6861000657081604, 3.100032091140747], "straight_chair_eospnr_1": [-1.439958095550537, 0.9673521518707275, 5.043819904327393], "swivel_chair_qtqitn_0": [0.24499985575675964, -3.196479320526123, 1.956270456314087], "table_lamp_xbfgjc_0": [-0.24239996075630188, -3.640883684158325, 4.105715751647949], "trash_can_zotrbg_0": [-2.2542498111724854, 2.7977352142333984, 5.641053199768066], "bottom_cabinet_bamfsz_1": [-0.8031678199768066, 2.458765745162964, 1.7304730415344238], "bottom_cabinet_slgzfc_0": [0.6679383516311646, 2.8745195865631104, 5.347970008850098], "bottom_cabinet_slgzfc_1": [-1.8392770290374756, 1.349402904510498, 1.1216459274291992], "countertop_tpuwys_0": [-0.6727078557014465, 1.437917709350586, 5.913441181182861], "dishwasher_xlmier_0": [-2.172544240951538, 2.3612940311431885, 0.2203364372253418], "electric_switch_wseglt_0": [-1.9324735403060913, 1.6697468757629395, 3.2890005111694336], "electric_switch_wseglt_1": [1.129412055015564, 1.1797020435333252, 0.848059892654419], "electric_switch_wseglt_2": [-1.9490216970443726, 0.44617754220962524, 3.7314844131469727], "electric_switch_wseglt_3": [0.6198502779006958, 1.48048734664917, 2.5250017642974854], "electric_switch_wseglt_4": [0.9785513877868652, 3.4895145893096924, 0.0142822265625], "electric_switch_wseglt_5": [-2.4301016330718994, 0.0800991952419281, 0.8275923728942871], "fridge_xyejdx_0": [0.04495397210121155, 2.252244710922241, 0.09015655517578125], "microwave_abzvij_0": [-0.8977572917938232, 2.9708824157714844, 2.6642606258392334], "mirror_pevdqu_0": [-2.0222551822662354, 3.483445167541504, 5.4070963859558105], "oven_wuinhm_0": [-1.2421479225158691, 2.6217517852783203, 5.493149757385254], "picture_etixod_0": [-3.053365707397461, -1.8253986835479736, 3.6926686763763428], "picture_hhxttu_0": [1.7010815143585205, -0.06912507861852646, 0.17332077026367188], "picture_jpfyrq_0": [-1.9248452186584473, -1.6078102588653564, 3.8768012523651123], "shower_stall_invgma_0": [-2.6375892162323, 2.4930708408355713, 5.513925552368164], "sink_ksecxq_0": [-2.271721124649048, 2.4272565841674805, 1.6730142831802368], "sink_zexzrc_0": [-1.0589351654052734, 2.0840444564819336, 1.144334316253662], "toilet_vtqdev_0": [-2.577812433242798, 2.8198797702789307, 2.520472764968872], "top_cabinet_fqhdne_0": null, "top_cabinet_lsyzkh_0": null, "top_cabinet_lsyzkh_1": null, "top_cabinet_lsyzkh_2": null, "top_cabinet_lsyzkh_3": null, "towel_rack_kqrmrh_0": [-1.860180377960205, 1.8996416330337524, 2.1805856227874756], "towel_rack_kqrmrh_1": [-4.6641621589660645, 3.480480194091797, 6.100613117218018], "Light_test": null, "robot0": null}