{
    "nextto": {
        "backpack_gvbiwl_1": [
            [
                0.7494279980659485,
                3.002827990055084,
                0
            ]
        ],
        "saucer_mgbeah_1": [
            [
                0.7494279980659485,
                1.8574320912361144,
                0
            ]
        ],
        "shelf_iwziew_1": [
            [
                0.7494279980659485,
                3.0329699873924256,
                0
            ]
        ],
        "hand_dryer_cdyffs_1": [
            [
                -2.6812406253814696,
                1.948383147716522,
                0
            ]
        ],
        "rag_oocmed_1": [
            [
                -2.6812406253814696,
                1.948383147716522,
                0
            ]
        ]
    },
    "ontop": {
        "backpack_gvbiwl_1": {
            "shelf_iwziew_1": [
                [
                    1.0153652429580688,
                    2.3011856079101562,
                    0.8253087997436523
                ],
                [
                    -0.019652634859085083,
                    -0.010541891679167747,
                    0.8809700608253479,
                    -0.4726461172103882
                ]
            ]
        }
    },
    "inside": {
        "saucer_mgbeah_1": {
            "backpack_gvbiwl_1": [
                [
                    1.7220382690429688,
                    3.2152929306030273,
                    0.42007941007614136
                ],
                [
                    0.2554776072502136,
                    0.529639720916748,
                    0.3435201644897461,
                    0.7322614192962646
                ]
            ]
        }
    }
}