{"towel_rack_kqrmrh_1": [-3.2131807804107666, 2.8482298851013184, 1.4847540855407715], "bath_towel_thmepr_1": [-2.6812406253814696, 1.948383147716522, 0], "table_lamp_ehjsdz_1": [-3.728949105739593, 0.6279153805971144, 1.5707963267948966], "notebook_aanuhi_1": [-3.5737330985069273, 0.7055233842134475, 0], "countertop_tpuwys_0": [-0.9097847938537598, 2.271909236907959, 5.004663944244385], "bottom_cabinet_bamfsz_0": [-2.4597785472869873, -0.28244784474372864, 5.908226013183594], "bottom_cabinet_dajebq_0": [-3.840911865234375, 0.9344977140426636, 2.267974615097046], "bottom_cabinet_jhymlr_0": [0.7491195797920227, -3.40985369682312, 0.3906118869781494], "breakfast_table_skczfi_0": [1.639717936515808, -0.8849802017211914, 1.480875015258789], "breakfast_table_skczfi_1": [1.3812665939331055, -3.5922224521636963, 0.2097928524017334], "coffee_table_fqluyq_0": null, "floor_lamp_vdxlda_0": [-1.7941374778747559, 0.20256853103637695, 1.5381064414978027], "laptop_nvulcs_0": [-1.1278362274169922, -1.665184736251831, 5.942648410797119], "loudspeaker_bmpdyv_0": [1.3394775390625, -0.6662359237670898, 0.5197224617004395], "pot_plant_jatssq_0": [-1.019362211227417, -1.192325234413147, 0.825542688369751], "pot_plant_jatssq_1": [1.2889916896820068, -2.1540932655334473, 0.3689844608306885], "pot_plant_udqjui_0": [-1.5961017608642578, -0.574652373790741, 3.705960988998413], "shelf_njwsoa_0": [1.4422606229782104, -4.061845779418945, 5.418584823608398], "shelf_njwsoa_1": [-1.7335329055786133, -2.3121349811553955, 4.758227825164795], "shelf_owvfik_0": [-2.142094850540161, -3.661052942276001, 5.618884086608887], "sofa_mnfbbh_0": [-2.6321587562561035, -1.7962677478790283, 1.0739326477050781], "standing_tv_udotid_0": [1.7393367290496826, -2.2916674613952637, 3.1671502590179443], "ottoman_ycfbsd_0": [-0.17411644756793976, -1.1346558332443237, 4.638892650604248], "straight_chair_amgwaw_0": [1.2567884922027588, 0.6662428379058838, 6.191064834594727], "straight_chair_amgwaw_1": [1.6083400249481201, -0.07050937414169312, 5.047029495239258], "straight_chair_amgwaw_2": [0.21811458468437195, 0.728718638420105, 5.99660062789917], "straight_chair_eospnr_0": [-0.7991111278533936, 0.8429659008979797, 5.5743231773376465], "straight_chair_eospnr_1": [-2.070568084716797, 0.704208493232727, 0.792133092880249], "swivel_chair_qtqitn_0": [0.1637280434370041, -2.833965301513672, 5.288107395172119], "table_lamp_xbfgjc_0": [-0.4142785966396332, -3.980698585510254, 3.552619457244873], "trash_can_zotrbg_0": null, "bed_zrumze_0": [-1.6782865524291992, -1.8536560535430908, 0.7506742477416992], "bottom_cabinet_bamfsz_1": [-2.743807554244995, 3.459299087524414, 5.492743968963623], "bottom_cabinet_slgzfc_0": [0.9605404734611511, 1.369513988494873, 5.692183017730713], "bottom_cabinet_slgzfc_1": [-2.0558035373687744, 1.3533854484558105, 2.183018684387207], "dishwasher_xlmier_0": [-2.3670449256896973, 2.3072590827941895, 0.2745096683502197], "electric_switch_wseglt_0": [-2.2819459438323975, 1.6440318822860718, 0.713207483291626], "electric_switch_wseglt_1": [1.783003330230713, 1.7105252742767334, 3.9321467876434326], "electric_switch_wseglt_2": [-2.185789108276367, 0.13018350303173065, 0.8342015743255615], "electric_switch_wseglt_3": [0.46236807107925415, 1.5136514902114868, 1.794911503791809], "electric_switch_wseglt_4": [1.5211831331253052, 3.809427499771118, 4.741795539855957], "electric_switch_wseglt_5": [-1.8274495601654053, 0.09575462341308594, 2.4071125984191895], "fridge_xyejdx_0": [0.6089648604393005, 3.8775813579559326, 3.3889262676239014], "microwave_abzvij_0": [-0.9507838487625122, 3.5876286029815674, 4.190552711486816], "mirror_pevdqu_0": [-1.7146780490875244, 3.1184799671173096, 3.200503349304199], "oven_wuinhm_0": [-2.418414831161499, 2.8134922981262207, 4.9595489501953125], "picture_etixod_0": [-3.020768880844116, -2.2541544437408447, 0.8296201229095459], "picture_hhxttu_0": [1.6344228982925415, 0.39627254009246826, 0.11490511894226074], "picture_jpfyrq_0": [-2.382772445678711, -2.4074249267578125, 6.021495342254639], "shower_stall_invgma_0": [-2.253952980041504, 1.6984915733337402, 3.139627695083618], "sink_ksecxq_0": [-2.0715010166168213, 3.0918164253234863, 2.0055065155029297], "sink_zexzrc_0": [-1.4473762512207031, 2.2402045726776123, 0.7376797199249268], "toilet_vtqdev_0": [-4.422024250030518, 3.3126091957092285, 5.083477973937988], "top_cabinet_fqhdne_0": [-1.9495303630828857, 2.3952009677886963, 0.13593077659606934], "top_cabinet_lsyzkh_0": null, "top_cabinet_lsyzkh_1": null, "top_cabinet_lsyzkh_2": null, "top_cabinet_lsyzkh_3": null, "towel_rack_kqrmrh_0": [-2.3045899868011475, 2.7366604804992676, 4.959912300109863], "Light_test": null, "robot0": null}