{"sink_ksecxq_0": [-3.709644317626953, 3.4946181774139404, 5.682929039001465], "hairbrush_bdylnb_1": [-2.6812406253814696, 2.4140311121940616, 0], "countertop_tpuwys_0": [-1.1295825242996216, 2.0233516693115234, 4.28248929977417], "water_glass_lvqgvn_1": [-0.954667444229126, 2.231806182861328, 0], "breakfast_table_skczfi_1": [-0.32407107949256897, -4.272261619567871, 0.017913341522216797], "bottom_cabinet_bamfsz_0": [-2.581395387649536, -0.7469250559806824, 0.14131879806518555], "bottom_cabinet_dajebq_0": [-3.4070613384246826, 1.8643778562545776, 4.994121551513672], "bottom_cabinet_jhymlr_0": [1.779710292816162, -0.06678186357021332, 2.3114283084869385], "breakfast_table_skczfi_0": [2.3889689445495605, 0.482097864151001, 4.114106178283691], "coffee_table_fqluyq_0": [-0.7453055381774902, 0.19543075561523438, 5.833982467651367], "floor_lamp_vdxlda_0": [-1.4665820598602295, 0.38569509983062744, 4.214743137359619], "laptop_nvulcs_0": [-0.4635871648788452, -2.287243127822876, 1.7808910608291626], "loudspeaker_bmpdyv_0": [1.738021731376648, -0.6094475388526917, 3.8508083820343018], "pot_plant_jatssq_0": [-0.09842205047607422, -1.1595429182052612, 3.2531628608703613], "pot_plant_jatssq_1": [2.119520902633667, -2.6025564670562744, 2.042701005935669], "pot_plant_udqjui_0": [-2.005876302719116, -0.6233519911766052, 1.1812843084335327], "shelf_njwsoa_0": [1.498058795928955, -4.1865739822387695, 3.2759861946105957], "shelf_njwsoa_1": [-1.6565850973129272, -2.7578132152557373, 5.691688060760498], "shelf_owvfik_0": [-2.35406494140625, -4.058010101318359, 0.6942400932312012], "sofa_mnfbbh_0": [-0.7370262145996094, -2.2798354625701904, 0.9018144607543945], "standing_tv_udotid_0": [0.7583760619163513, -1.631442904472351, 6.039279460906982], "ottoman_ycfbsd_0": [0.49414247274398804, -2.398334503173828, 1.7161657810211182], "straight_chair_amgwaw_0": [2.0771827697753906, 0.7961311340332031, 2.2053534984588623], "straight_chair_amgwaw_1": [2.353583335876465, 0.41790473461151123, 4.194145679473877], "straight_chair_amgwaw_2": [1.4654079675674438, 0.45030921697616577, 2.193498134613037], "straight_chair_eospnr_0": [-0.4893161654472351, 0.3390490710735321, 0.9024326801300049], "straight_chair_eospnr_1": [-1.340463638305664, 1.0753135681152344, 1.4509915113449097], "swivel_chair_qtqitn_0": [0.01331876590847969, -2.864082098007202, 4.4338908195495605], "table_lamp_xbfgjc_0": [-0.4824999272823334, -3.8301515579223633, 4.29980993270874], "trash_can_zotrbg_0": [-2.015805244445801, 2.3225340843200684, 0.047027587890625], "bed_zrumze_0": [-1.3291701078414917, -1.4124531745910645, 2.0318336486816406], "bottom_cabinet_bamfsz_1": [-0.6225007772445679, 3.090398073196411, 3.8254613876342773], "bottom_cabinet_slgzfc_0": [1.3688879013061523, 0.9155704975128174, 0.7881557941436768], "bottom_cabinet_slgzfc_1": [-0.8850077390670776, 1.6655590534210205, 2.813250780105591], "dishwasher_xlmier_0": [-2.3585925102233887, 3.5032052993774414, 5.059457302093506], "electric_switch_wseglt_0": [-2.452214002609253, 1.710058331489563, 6.2162766456604], "electric_switch_wseglt_1": [0.8987305164337158, 1.701810359954834, 5.924993991851807], "electric_switch_wseglt_2": [-2.362886667251587, 0.9266379475593567, 5.194481372833252], "electric_switch_wseglt_3": [0.4204511046409607, 2.1426146030426025, 4.6021857261657715], "electric_switch_wseglt_4": [1.3419358730316162, 3.5076048374176025, 6.225224018096924], "electric_switch_wseglt_5": [-2.307644844055176, -0.09170377254486084, 1.3052884340286255], "fridge_xyejdx_0": [-1.1349784135818481, 3.131378412246704, 0.29932618141174316], "microwave_abzvij_0": [-2.39935564994812, 2.7281742095947266, 1.0481302738189697], "mirror_pevdqu_0": [-2.276252031326294, 3.1465439796447754, 0.0020780563354492188], "oven_wuinhm_0": [-2.4494340419769287, 1.9565521478652954, 5.580978870391846], "picture_etixod_0": [-3.3575611114501953, -2.0312976837158203, 1.9453356266021729], "picture_hhxttu_0": [1.9485046863555908, 0.16836309432983398, 1.8819416761398315], "picture_jpfyrq_0": [-2.598363161087036, -2.6045074462890625, 0.12922215461730957], "shower_stall_invgma_0": [-2.946929931640625, 0.8416450619697571, 2.0831069946289062], "sink_zexzrc_0": [-1.7945636510849, 3.2724416255950928, 4.9726243019104], "toilet_vtqdev_0": [-4.94085168838501, 2.785529613494873, 0.0853111743927002], "top_cabinet_fqhdne_0": null, "top_cabinet_lsyzkh_0": null, "top_cabinet_lsyzkh_1": null, "top_cabinet_lsyzkh_2": null, "top_cabinet_lsyzkh_3": null, "towel_rack_kqrmrh_0": [-2.471076011657715, 3.005725622177124, 0.5771925449371338], "towel_rack_kqrmrh_1": [-4.393028736114502, 3.6325697898864746, 5.727833271026611], "Light_test": null, "robot0": null}