{
    "nextto": {
        "breakfast_table_skczfi_1": [
            [
                -1.2356210047006606,
                -3.271000995635986,
                0
            ]
        ],
        "mixing_bowl_deudkt_1": [
            [
                -1.2356210047006606,
                -3.271000995635986,
                0
            ]
        ],
        "reception_desk_kjmhgc_1": [
            1.1209336519241333,
            -2.020524501800537,
            0.08470630645751953
        ],
        "broccoli_wsxavx_1": [
            1.1209336519241333,
            -2.020524501800537,
            0.08470630645751953
        ],
        "stove_kfhkqp_1": [
            -0.009727329015731812,
            -3.4956326484680176,
            0.8791518211364746
        ]
    },
    "ontop": {},
    "inside": {
        "broccoli_wsxavx_1": {
            "mixing_bowl_deudkt_1": [
                [
                    -0.2796196937561035,
                    -3.667501449584961,
                    0.7754049897193909
                ],
                [
                    0.19852790236473083,
                    -0.5491758584976196,
                    -0.5158144235610962,
                    0.6268396973609924
                ]
            ]
        }
    }
}