{
    "nextto": {
        "coffee_table_fqluyq_0": [
            [
                -1.3160170084238052,
                0.10563116073608456,
                0
            ]
        ],
        "security_camera_tiscsa_1": [
            [
                -1.3160170084238052,
                0.10563116073608456,
                0
            ]
        ],
        "loudspeaker_bmpdyv_0": [
            0.5375202894210815,
            -0.9652655124664307,
            5.942502975463867
        ]
    },
    "ontop": {
        "security_camera_tiscsa_1": {
            "coffee_table_fqluyq_0": [
                [
                    -0.29265671968460083,
                    -1.4930320978164673,
                    0.44812706112861633
                ],
                [
                    -0.05672255530953407,
                    -0.025058679282665253,
                    -0.057778555899858475,
                    0.9964016079902649
                ]
            ]
        }
    },
    "inside": {}
}