{
    "nextto": {
        "console_table_tzkfqa_1": [
            [
                0.13111105859279645,
                1.0703832054138187,
                0
            ]
        ],
        "coffee_cup_ckkwmj_1": [
            [
                -1.717997027039528,
                0.5076111793518069,
                0
            ]
        ],
        "coffee_maker_fwlabx_1": [
            [
                -0.283541498184204,
                2.231806182861328,
                0
            ]
        ]
    },
    "ontop": {},
    "inside": {
        "coffee_cup_ckkwmj_1": {
            "coffee_maker_fwlabx_1": [
                [
                    -0.7216686010360718,
                    2.6117701530456543,
                    0.3039952218532562
                ],
                [
                    0.0011691711843013763,
                    0.00149112893268466,
                    -0.019085824489593506,
                    0.9998160600662231
                ]
            ]
        }
    }
}