{
    "nextto": {
        "stove_kfhkqp_1": [
            [
                -0.954667444229126,
                2.231806182861328,
                0
            ]
        ],
        "pressure_cooker_otyngn_1": [
            [
                -0.6783214664459228,
                2.231806182861328,
                0
            ]
        ],
        "salmon_glrmfn_1": [
            [
                -0.6783214664459228,
                2.231806182861328,
                0
            ]
        ],
        "breakfast_table_skczfi_1": [
            1.4831956624984741,
            -3.70137095451355,
            5.660248279571533
        ]
    },
    "ontop": {
        "salmon_glrmfn_1": {
            "breakfast_table_skczfi_1": [
                [
                    0.4180750846862793,
                    -3.9424593448638916,
                    0.7676924467086792
                ],
                [
                    1.2744567357003689e-06,
                    -1.0132262104889378e-06,
                    -0.012302495539188385,
                    0.99992436170578
                ]
            ]
        }
    },
    "inside": {}
}