{
    "nextto": {
        "coffee_table_fqluyq_0": [
            [
                -1.1552250009775162,
                -0.055160846710205075,
                0
            ]
        ],
        "space_heater_kxzqpr_1": [
            [
                -1.1552250009775162,
                -0.055160846710205075,
                0
            ]
        ],
        "bathtub_gulceo_1": [
            -1.2822624444961548,
            0.49379822611808777,
            4.699923992156982
        ]
    },
    "ontop": {
        "space_heater_kxzqpr_1": {
            "floors_avvnuv_0": [
                [
                    -2.499213695526123,
                    2.1483752727508545,
                    0.16597846150398254
                ],
                [
                    -0.0015046099433675408,
                    -0.0018272289307788014,
                    -0.11491037160158157,
                    0.993372917175293
                ]
            ]
        }
    },
    "inside": {}
}