{"straight_chair_gxzrim_1": [-3.1856930804252626, 0.7055233842134475, 0], "backpack_gvbiwl_1": [-3.3409090876579284, 0.7443273860216143, 0], "countertop_tpuwys_0": [-2.4458532333374023, 1.272798776626587, 2.538349151611328], "banana_bread_outrja_1": [-0.4809314823150635, 2.231806182861328, 0], "bottom_cabinet_bamfsz_0": [-1.413967490196228, -0.18080013990402222, 5.655298709869385], "bottom_cabinet_dajebq_0": [-4.292483806610107, 1.1704554557800293, 0.18602395057678223], "bottom_cabinet_jhymlr_0": [1.7210936546325684, -1.6881972551345825, 0.5147871971130371], "breakfast_table_skczfi_0": [1.3421307802200317, 1.443251609802246, 6.0262603759765625], "breakfast_table_skczfi_1": [-0.32814615964889526, -4.389407634735107, 0.2260887622833252], "coffee_table_fqluyq_0": [-1.014648675918579, -1.063327670097351, 3.7668206691741943], "floor_lamp_vdxlda_0": [-1.3619296550750732, 0.2859611213207245, 3.6867198944091797], "laptop_nvulcs_0": [-0.8348792195320129, -1.2451765537261963, 4.818364143371582], "loudspeaker_bmpdyv_0": [1.6850506067276, -0.971560537815094, 2.9857165813446045], "pot_plant_jatssq_0": [0.3275502920150757, -0.9052227139472961, 2.4783647060394287], "pot_plant_jatssq_1": [1.3808382749557495, -2.0450007915496826, 5.301111221313477], "pot_plant_udqjui_0": [-1.3865330219268799, -0.37846270203590393, 3.412515640258789], "shelf_njwsoa_0": [1.3130836486816406, -4.879685878753662, 1.3315237760543823], "shelf_njwsoa_1": [-1.5880098342895508, -4.285665035247803, 1.4399327039718628], "shelf_owvfik_0": [-0.8600068092346191, -3.6789026260375977, 1.8749750852584839], "sofa_mnfbbh_0": [-2.495149612426758, 0.4032420814037323, 5.813549995422363], "standing_tv_udotid_0": [1.3143125772476196, -1.5059794187545776, 0.7848858833312988], "ottoman_ycfbsd_0": null, "straight_chair_amgwaw_0": [1.0083659887313843, 1.3506686687469482, 4.721935749053955], "straight_chair_amgwaw_1": [1.6115527153015137, -0.873112678527832, 1.388698697090149], "straight_chair_amgwaw_2": [0.38084161281585693, 0.12664595246315002, 5.824930667877197], "straight_chair_eospnr_0": [-0.16017429530620575, 1.8978062868118286, 5.0355024337768555], "straight_chair_eospnr_1": [-0.9890196919441223, 1.503356695175171, 5.540457725524902], "swivel_chair_qtqitn_0": [-0.18600618839263916, -4.3917083740234375, 0.9684624671936035], "table_lamp_xbfgjc_0": [-0.2741706669330597, -4.268974304199219, 2.348320960998535], "trash_can_zotrbg_0": [-1.602224349975586, 2.990196943283081, 5.13413143157959], "bed_zrumze_0": [-2.444136619567871, 1.5719106197357178, 3.6758580207824707], "bottom_cabinet_bamfsz_1": [-1.670674443244934, 4.0022196769714355, 5.559447288513184], "bottom_cabinet_slgzfc_0": [1.215140461921692, 2.947535514831543, 0.7471988201141357], "bottom_cabinet_slgzfc_1": [-1.5083098411560059, 1.3712828159332275, 1.5803507566452026], "dishwasher_xlmier_0": [-2.0469560623168945, 4.344293594360352, 4.983602523803711], "electric_switch_wseglt_0": [-2.247629165649414, 1.4385730028152466, 1.1007277965545654], "electric_switch_wseglt_1": [1.7288390398025513, 1.6338132619857788, 3.809321165084839], "electric_switch_wseglt_2": [-2.133598804473877, -0.00806814432144165, 1.280555248260498], "electric_switch_wseglt_3": [0.7450453639030457, 1.1637649536132812, 2.140652656555176], "electric_switch_wseglt_4": [1.560052514076233, 3.595438241958618, 4.8444037437438965], "electric_switch_wseglt_5": [-2.0058481693267822, 0.4653679132461548, 3.714909791946411], "fridge_xyejdx_0": [0.8109456896781921, 2.8253445625305176, 1.4281960725784302], "microwave_abzvij_0": [-1.3795446157455444, 3.155764102935791, 0.9779348373413086], "mirror_pevdqu_0": [-2.8656835556030273, 4.199929714202881, 5.556715965270996], "oven_wuinhm_0": [-1.5194618701934814, 1.8792296648025513, 0.30404233932495117], "picture_etixod_0": [-3.720486640930176, -1.5190072059631348, 5.631078243255615], "picture_hhxttu_0": [2.1669633388519287, 0.570743978023529, 3.5890514850616455], "picture_jpfyrq_0": [-2.1935136318206787, -2.5483901500701904, 0.422809362411499], "shower_stall_invgma_0": [-4.426881313323975, 2.1043472290039062, 1.4576345682144165], "sink_ksecxq_0": [-2.8162758350372314, 3.2306580543518066, 3.9844563007354736], "sink_zexzrc_0": [0.32097673416137695, 3.466430187225342, 4.145233154296875], "toilet_vtqdev_0": [-2.5807182788848877, 2.978924036026001, 2.9942190647125244], "top_cabinet_fqhdne_0": [-1.7802389860153198, 3.828840494155884, 4.612408638000488], "top_cabinet_lsyzkh_0": null, "top_cabinet_lsyzkh_1": null, "top_cabinet_lsyzkh_2": null, "top_cabinet_lsyzkh_3": null, "towel_rack_kqrmrh_0": [-2.675492525100708, 2.819467544555664, 5.941951274871826], "towel_rack_kqrmrh_1": [-3.539151906967163, 3.1454339027404785, 0.6186826229095459], "Light_test": null, "robot0": null}