{
    "nextto": {
        "mailbox_bktljr_1": [
            [
                0.7494279980659485,
                2.882260000705719,
                0
            ]
        ],
        "cooler_pnkiag_1": [
            [
                -0.954667444229126,
                2.231806182861328,
                0
            ]
        ],
        "liquid_carton_ykfkyq_1": [
            -0.4237653315067291,
            -0.07142003625631332,
            6.152616024017334
        ]
    },
    "ontop": {},
    "inside": {
        "liquid_carton_ykfkyq_1": {
            "cooler_pnkiag_1": [
                [
                    0.1077226921916008,
                    2.2824275493621826,
                    0.23833248019218445
                ],
                [
                    -0.021913833916187286,
                    -0.002482319250702858,
                    -0.017327794805169106,
                    0.9996065497398376
                ]
            ]
        }
    }
}