{
    "nextto": {
        "breakfast_table_skczfi_1": [
            [
                -1.2356210047006606,
                -3.271000995635986,
                0
            ]
        ],
        "cinnamon_roll_xjlptd_1": [
            [
                -1.2356210047006606,
                -3.271000995635986,
                0
            ]
        ],
        "cooler_pnkiag_1": [
            [
                -0.954667444229126,
                2.231806182861328,
                0
            ]
        ]
    },
    "ontop": {},
    "inside": {
        "cinnamon_roll_xjlptd_1": {
            "cooler_pnkiag_1": [
                [
                    0.04679594933986664,
                    2.2618672847747803,
                    0.1319931447505951
                ],
                [
                    -0.17092223465442657,
                    -0.01942957565188408,
                    -0.02861892431974411,
                    0.9846770763397217
                ]
            ]
        }
    }
}