{
    "nextto": {
        "cheesecake_epmobi_1": [
            [
                -0.08615151405334473,
                2.192328186035156,
                1.5707963267948966
            ]
        ],
        "tray_uekqey_1": [
            [
                -0.323019495010376,
                2.231806182861328,
                0
            ]
        ],
        "cooler_pnkiag_1": [
            [
                -0.954667444229126,
                2.4686741638183594,
                0
            ]
        ],
        "reception_desk_kjmhgc_1": [
            0.8221215605735779,
            0.704213559627533,
            0.8856451511383057
        ],
        "coffee_table_fqluyq_0": [
            -1.3909980058670044,
            -2.022937774658203,
            4.411776065826416
        ]
    },
    "ontop": {
        "tray_uekqey_1": {
            "coffee_table_fqluyq_0": [
                [
                    -0.1897890418767929,
                    -2.336397886276245,
                    0.4085747003555298
                ],
                [
                    0.00048328080447390676,
                    0.005049623548984528,
                    -0.2770738899707794,
                    0.9608352184295654
                ]
            ]
        }
    },
    "inside": {
        "cheesecake_epmobi_1": {
            "cooler_pnkiag_1": [
                [
                    0.06962405890226364,
                    2.300400733947754,
                    0.12076473236083984
                ],
                [
                    -0.027665890753269196,
                    -0.008686389774084091,
                    -0.026833096519112587,
                    0.9992191791534424
                ]
            ]
        }
    }
}