{"desk_cnewsu_1": [-3.728949105739593, 0.6279153805971144, 1.5707963267948966], "water_bottle_ackxiy_1": [-3.6513411021232605, 0.6667193824052812, 0], "toy_box_pmhcse_1": [0.21150706231594082, 0.8291951942443853, 0], "toy_box_pmhcse_2": [1.0154670995473862, -3.0298129844665525, 0], "storage_organizer_hmygav_1": [0.7494279980659485, 2.9726859927177425, 0], "bottom_cabinet_bamfsz_0": [-2.673089027404785, -0.5065001845359802, 0.14005184173583984], "bottom_cabinet_dajebq_0": [-3.926222085952759, 1.5386031866073608, 0.18102478981018066], "bottom_cabinet_jhymlr_0": [1.2680375576019287, -1.6256821155548096, 2.580031156539917], "breakfast_table_skczfi_0": [2.5840325355529785, -0.26748985052108765, 2.231309175491333], "breakfast_table_skczfi_1": [0.5887889862060547, -4.115166187286377, 5.647924900054932], "coffee_table_fqluyq_0": [-0.5534290075302124, -3.0202043056488037, 1.267876386642456], "floor_lamp_vdxlda_0": [-1.76381254196167, 0.35908252000808716, 3.433250665664673], "laptop_nvulcs_0": [-0.49851036071777344, -1.0809600353240967, 4.260367393493652], "loudspeaker_bmpdyv_0": [1.8192588090896606, -1.140110731124878, 2.472468614578247], "pot_plant_jatssq_0": [-0.4374921917915344, -0.04279810190200806, 5.265692234039307], "pot_plant_jatssq_1": [0.895634651184082, -1.8686901330947876, 6.146524429321289], "pot_plant_udqjui_0": [-2.2443299293518066, -0.18853673338890076, 5.484930992126465], "shelf_njwsoa_0": [1.5778487920761108, -3.5937161445617676, 1.2051501274108887], "shelf_njwsoa_1": [-1.9600179195404053, -2.3331260681152344, 5.40576696395874], "shelf_owvfik_0": [-1.8814796209335327, -3.7616376876831055, 1.9251092672348022], "sofa_mnfbbh_0": [-1.6480956077575684, -0.5248305201530457, 1.6367976665496826], "standing_tv_udotid_0": [1.8370392322540283, -1.0331037044525146, 2.7726571559906006], "ottoman_ycfbsd_0": [0.5264560580253601, -2.3240485191345215, 1.8407478332519531], "straight_chair_amgwaw_0": [1.2695024013519287, 0.5380856394767761, 0.31559062004089355], "straight_chair_amgwaw_1": [1.2445766925811768, -0.8328068256378174, 0.606116771697998], "straight_chair_amgwaw_2": [0.8808856010437012, -0.001633375883102417, 5.1223883628845215], "straight_chair_eospnr_0": [-1.2671033143997192, 0.831309974193573, 0.3240785598754883], "straight_chair_eospnr_1": [-1.520385980606079, 1.1056302785873413, 2.746506929397583], "swivel_chair_qtqitn_0": [-0.7373656630516052, -3.5473108291625977, 6.170857906341553], "table_lamp_xbfgjc_0": [-0.06480053067207336, -3.569946050643921, 3.791731834411621], "trash_can_zotrbg_0": [-1.5384228229522705, 2.4258413314819336, 1.2982420921325684], "bed_zrumze_0": [-2.322896957397461, -3.1224911212921143, 2.8072638511657715], "bottom_cabinet_bamfsz_1": [-1.1552501916885376, 2.7634661197662354, 0.6430213451385498], "bottom_cabinet_slgzfc_0": [1.7768269777297974, 2.6649386882781982, 6.195898056030273], "bottom_cabinet_slgzfc_1": [-2.373779535293579, 1.5567352771759033, 1.0605542659759521], "countertop_tpuwys_0": [0.05456745624542236, 1.298069715499878, 1.6817635297775269], "dishwasher_xlmier_0": [-2.305152416229248, 3.680159568786621, 4.75954532623291], "electric_switch_wseglt_0": [-2.6217408180236816, 2.0779972076416016, 5.546869277954102], "electric_switch_wseglt_1": [0.8765633702278137, 1.4633208513259888, 0.05315041542053223], "electric_switch_wseglt_2": [-1.9321178197860718, 0.5531991720199585, 4.465615272521973], "electric_switch_wseglt_3": [0.12571832537651062, 1.4748069047927856, 0.4383578300476074], "electric_switch_wseglt_4": [1.7078176736831665, 3.2205376625061035, 2.3044822216033936], "electric_switch_wseglt_5": [-2.231980085372925, 0.15017543733119965, 1.3319897651672363], "fridge_xyejdx_0": [1.084920883178711, 3.090101957321167, 4.162566184997559], "microwave_abzvij_0": [-1.431533694267273, 2.0602550506591797, 1.917468547821045], "mirror_pevdqu_0": [-2.2702388763427734, 2.489257574081421, 2.1412341594696045], "oven_wuinhm_0": [-2.7673826217651367, 2.0900511741638184, 0.6711933612823486], "picture_etixod_0": [-3.151590347290039, -2.4988322257995605, 1.1609669923782349], "picture_hhxttu_0": [1.3147954940795898, -0.3299696147441864, 0.5416207313537598], "picture_jpfyrq_0": [-2.129509925842285, -2.188359260559082, 0.9319241046905518], "shower_stall_invgma_0": [-4.1524858474731445, 3.1319100856781006, 0.1418626308441162], "sink_ksecxq_0": [-2.340996026992798, 2.61679744720459, 1.7647165060043335], "sink_zexzrc_0": [-1.9743115901947021, 3.092705249786377, 0.5814974308013916], "toilet_vtqdev_0": [-4.265061378479004, 3.8359806537628174, 5.622539520263672], "top_cabinet_fqhdne_0": [-2.254533290863037, 3.751006841659546, 6.206797122955322], "top_cabinet_lsyzkh_0": null, "top_cabinet_lsyzkh_1": null, "top_cabinet_lsyzkh_2": null, "top_cabinet_lsyzkh_3": null, "towel_rack_kqrmrh_0": [-2.267411947250366, 2.383725643157959, 4.711504936218262], "towel_rack_kqrmrh_1": [-3.5232534408569336, 3.242326259613037, 0.3605537414550781], "Light_test": null, "robot0": null}