{
    "nextto": {
        "reception_desk_kjmhgc_1": [
            0.3776572644710541,
            1.0660864114761353,
            6.252807140350342
        ],
        "dumpling_upqcop_1": [
            0.3776572644710541,
            1.0660864114761353,
            6.252807140350342
        ],
        "microwave_abzvij_0": [
            -2.3190391063690186,
            3.3029096126556396,
            4.776731491088867
        ],
        "breakfast_table_skczfi_1": [
            1.2906663417816162,
            -3.908428907394409,
            0.7308499813079834
        ]
    },
    "ontop": {
        "dumpling_upqcop_1": {
            "breakfast_table_skczfi_1": [
                [
                    -0.5050842761993408,
                    -3.9527528285980225,
                    0.7696641087532043
                ],
                [
                    -0.0018775960197672248,
                    0.0029529861640185118,
                    -0.005005477927625179,
                    0.9999814033508301
                ]
            ]
        }
    },
    "inside": {}
}