{
    "nextto": {
        "carton_hhlmbi_1": [
            [
                56.74895952224731,
                1.8104831314086913,
                0
            ]
        ],
        "cooler_pnkiag_1": [
            [
                -25.39661674976349,
                1.367679628133774,
                0
            ]
        ],
        "sugar_cookie_feirtr_1": [
            [
                56.74895952224731,
                1.8104831314086913,
                0
            ]
        ],
        "sink_wavlkt_0": [
            57.642112731933594,
            -1.1893019676208496,
            0.790773868560791
        ]
    },
    "ontop": {},
    "inside": {
        "sugar_cookie_feirtr_1": {
            "cooler_pnkiag_1": [
                [
                    -24.045307159423828,
                    1.6530259847640991,
                    0.10031969845294952
                ],
                [
                    0.005576328840106726,
                    -0.0013928749831393361,
                    0.024975426495075226,
                    0.9996715784072876
                ]
            ]
        }
    }
}