{
    "nextto": {
        "cinnamon_roll_xjlptd_1": [
            [
                -6.214508714675903,
                10.522644872665406,
                0
            ]
        ],
        "cooler_pnkiag_1": [
            [
                2.26792582154274,
                -39.1515061378479,
                0
            ]
        ],
        "backpack_gvbiwl_1": [
            [
                -4.549976315498353,
                0.6261629676818847,
                0
            ]
        ],
        "desk_tmluxa_9": [
            -4.930580139160156,
            10.459944725036621,
            3.903543472290039
        ]
    },
    "ontop": {},
    "inside": {
        "cinnamon_roll_xjlptd_1": {
            "cooler_pnkiag_1": [
                [
                    3.186506748199463,
                    -38.12800598144531,
                    -594.2491455078125
                ],
                [
                    2.8932932764291763e-05,
                    -4.251312930136919e-05,
                    -0.005073890555649996,
                    0.9999870657920837
                ]
            ]
        }
    }
}