{"frail_qdienb_1": [6.4005442714691165, 14.922281293869018, 0], "desk_ctaxkd_0": [2.6618871688842773, 13.265358924865723, 0.0002543926239013672], "goggles_wszdxi_1": [-6.261807978153229, 0.9361390471458435, 0], "shelf_side_yujrmw_1": [2.081826051473618, -21.33990037918091, 0], "display_case_khxpgc_0": [-4.525400161743164, -23.737957000732422, 4.134578227996826], "display_case_khxpgc_1": [-5.272729396820068, -25.74065399169922, 5.6561431884765625], "desk_tmluxa_0": [6.127551555633545, 15.763428688049316, 6.018244743347168], "desk_tmluxa_1": [6.869055271148682, 11.685111999511719, 1.4259366989135742], "desk_tmluxa_10": [7.994560241699219, 13.63916015625, 5.435495376586914], "desk_tmluxa_11": [7.866768836975098, 10.634052276611328, 0.33371758460998535], "desk_tmluxa_12": [8.271550178527832, 15.279960632324219, 0.0383296012878418], "desk_tmluxa_13": [8.142396926879883, 13.607295989990234, 4.335099697113037], "desk_tmluxa_14": [8.017899513244629, 10.867194175720215, 5.745357990264893], "desk_tmluxa_2": [6.665970802307129, 10.737028121948242, 0.01897597312927246], "desk_tmluxa_3": [5.133965969085693, 15.281290054321289, 0.6949591636657715], "desk_tmluxa_4": [5.728024482727051, 12.986098289489746, 6.00965690612793], "desk_tmluxa_5": [5.971673488616943, 10.227375030517578, 0.035372257232666016], "desk_tmluxa_6": [4.953359603881836, 14.214009284973145, 5.715600490570068], "desk_tmluxa_7": [4.906615734100342, 11.74228572845459, 5.5508880615234375], "desk_tmluxa_8": [7.2711076736450195, 13.61526870727539, 1.1590588092803955], "desk_tmluxa_9": [6.923686504364014, 11.973119735717773, 1.2436449527740479], "bench_ftvzzg_0": [1.640776515007019, -21.693145751953125, 1.3544429540634155], "bench_ftvzzg_1": [1.532109022140503, -38.221717834472656, 5.269541263580322], "bench_ftvzzg_2": [2.0586061477661133, -32.893001556396484, 6.0469069480896], "bench_ftvzzg_3": [-1.7781720161437988, -33.47533416748047, 3.6047167778015137], "bench_ftvzzg_4": [-2.595388412475586, -31.84519386291504, 5.7878522872924805], "bench_ftvzzg_5": [2.6385161876678467, -25.5902042388916, 4.409121990203857], "bench_ftvzzg_6": [-3.806899309158325, -27.45679473876953, 1.3390936851501465], "drinking_fountain_xijidt_0": [5.464954853057861, -16.27737808227539, 1.841761589050293], "drinking_fountain_xijidt_1": [-5.482086181640625, -15.44687557220459, 1.1096422672271729], "electric_switch_ldrjoi_0": [2.04811429977417, 7.231926441192627, 5.390499591827393], "electric_switch_ldrjoi_1": [2.318974256515503, 7.085408687591553, 3.2654612064361572], "radiator_bftrar_0": [9.408108711242676, 8.816970825195312, 0.5487179756164551], "radiator_bftrar_1": null, "radiator_bftrar_2": [9.6271390914917, 12.028275489807129, 1.4418872594833374], "radiator_bftrar_3": [9.737078666687012, 14.09572982788086, 4.153439044952393], "radiator_bftrar_4": [9.527827262878418, 14.948022842407227, 5.053014278411865], "locker_gemgfz_0": [1.4367077350616455, 12.694552421569824, 3.317274332046509], "locker_gemgfz_1": [1.8950016498565674, 16.485105514526367, 4.89049768447876], "locker_gemgfz_10": [-1.931678295135498, 15.639859199523926, 5.153437614440918], "locker_gemgfz_11": [0.8998198509216309, 13.985699653625488, 5.580328464508057], "locker_gemgfz_12": [1.6695362329483032, 10.909651756286621, 1.229027271270752], "locker_gemgfz_13": [-1.3504977226257324, 6.563313961029053, 4.5306830406188965], "locker_gemgfz_14": [-1.0865885019302368, 12.672369003295898, 0.7822980880737305], "locker_gemgfz_15": [0.7266668081283569, 10.900634765625, 5.471077919006348], "locker_gemgfz_16": [-2.129768133163452, 16.351320266723633, 0.4639599323272705], "locker_gemgfz_17": [1.0475727319717407, 11.849714279174805, 5.557936191558838], "locker_gemgfz_18": [1.5121853351593018, 16.109052658081055, 4.572609901428223], "locker_gemgfz_19": [-1.5756800174713135, 7.401482105255127, 4.388583183288574], "locker_gemgfz_2": [-1.2414978742599487, 6.3760223388671875, 6.109549522399902], "locker_gemgfz_20": [-1.275831937789917, 12.241580963134766, 5.497799873352051], "locker_gemgfz_21": [-1.9582531452178955, 9.9331693649292, 5.629980087280273], "locker_gemgfz_22": [-1.7968467473983765, 12.984003067016602, 1.4269369840621948], "locker_gemgfz_23": [2.0581252574920654, 10.972881317138672, 1.7676960229873657], "locker_gemgfz_24": [0.7436421513557434, 10.289605140686035, 5.465250492095947], "locker_gemgfz_25": [1.3965284824371338, 13.106240272521973, 5.003183841705322], "locker_gemgfz_26": [1.9787530899047852, 16.134416580200195, 3.175325632095337], "locker_gemgfz_27": [-1.404090166091919, 12.209593772888184, 0.17768263816833496], "locker_gemgfz_28": [-1.3708226680755615, 9.926535606384277, 0.383758544921875], "locker_gemgfz_29": [1.8911584615707397, 10.70412826538086, 0.6889216899871826], "locker_gemgfz_3": [-1.9985160827636719, 15.940642356872559, 0.7735824584960938], "locker_gemgfz_30": [1.567695140838623, 16.80323028564453, 5.300838470458984], "locker_gemgfz_31": [-0.9188919067382812, 11.079136848449707, 3.135976552963257], "locker_gemgfz_32": [-0.8926252126693726, 15.880414009094238, 4.849040508270264], "locker_gemgfz_33": [-2.1616952419281006, 15.815939903259277, 5.761820316314697], "locker_gemgfz_34": [1.9697685241699219, 15.040891647338867, 3.2600443363189697], "locker_gemgfz_35": [-1.2573723793029785, 9.245296478271484, 0.546985387802124], "locker_gemgfz_36": [-1.8338617086410522, 14.602423667907715, 5.997870445251465], "locker_gemgfz_37": [0.723802387714386, 15.09976577758789, 6.029355049133301], "locker_gemgfz_38": [-0.804600179195404, 11.197344779968262, 4.073522090911865], "locker_gemgfz_39": [-1.9028031826019287, 13.75999927520752, 0.2070760726928711], "locker_gemgfz_4": [1.6047446727752686, 9.183671951293945, 5.828915596008301], "locker_gemgfz_40": [1.1225639581680298, 14.556217193603516, 0.739574670791626], "locker_gemgfz_41": [-1.5443732738494873, 9.32538890838623, 6.080074787139893], "locker_gemgfz_42": [-1.3588789701461792, 14.246732711791992, 3.6374120712280273], "locker_gemgfz_43": [1.6859791278839111, 14.476116180419922, 2.0479772090911865], "locker_gemgfz_44": [-1.4638028144836426, 11.916028022766113, 1.597873568534851], "locker_gemgfz_5": [-1.6013469696044922, 17.555889129638672, 4.5526862144470215], "locker_gemgfz_6": [0.6373717784881592, 9.531595230102539, 6.165397644042969], "locker_gemgfz_7": [1.939963936805725, 12.974130630493164, 2.590099334716797], "locker_gemgfz_8": [1.901743769645691, 12.721609115600586, 1.2380517721176147], "locker_gemgfz_9": [-1.3977707624435425, 11.594655990600586, 5.084728717803955], "locker_yhthgr_0": [1.2500042915344238, 5.658022880554199, 0.2257390022277832], "locker_yhthgr_1": [2.4975264072418213, -3.6051721572875977, 4.762588977813721], "locker_yhthgr_10": [1.4968974590301514, -1.787145972251892, 1.1590105295181274], "locker_yhthgr_11": [2.1964468955993652, -8.956807136535645, 6.268909454345703], "locker_yhthgr_12": [-1.9652371406555176, -6.8389177322387695, 1.4737612009048462], "locker_yhthgr_13": [0.7897288799285889, 3.4479784965515137, 0.5833723545074463], "locker_yhthgr_14": [-2.21789288520813, -10.466577529907227, 6.025825500488281], "locker_yhthgr_15": [2.1257987022399902, -0.5305973887443542, 4.29824161529541], "locker_yhthgr_16": [2.047013759613037, -9.1346435546875, 4.6235151290893555], "locker_yhthgr_17": [-1.2552824020385742, -4.226931571960449, 3.2042579650878906], "locker_yhthgr_18": [1.3858795166015625, 3.6858177185058594, 2.3312318325042725], "locker_yhthgr_19": [-1.6809738874435425, -10.498553276062012, 0.3690662384033203], "locker_yhthgr_2": [-1.642149567604065, -9.505403518676758, 2.8937861919403076], "locker_yhthgr_20": [1.6861143112182617, -0.8321664929389954, 2.7644944190979004], "locker_yhthgr_21": [2.0707783699035645, -9.882323265075684, 2.0176215171813965], "locker_yhthgr_22": [2.0300028324127197, -10.874963760375977, 1.776259183883667], "locker_yhthgr_23": [1.3485690355300903, 3.8254003524780273, 2.023193836212158], "locker_yhthgr_24": [-1.8669424057006836, -11.907441139221191, 1.2428443431854248],