{
    "nextto": {
        "shelf_iwziew_1": [
            [
                -6.261807978153229,
                -1.3111876845359802,
                0
            ]
        ],
        "carton_hhlmbi_1": [
            [
                -6.261807978153229,
                -1.3111876845359802,
                0
            ]
        ]
    },
    "ontop": {},
    "inside": {
        "carton_hhlmbi_1": {
            "shelf_iwziew_1": [
                [
                    -6.2263946533203125,
                    -0.09008748829364777,
                    0.3052055239677429
                ],
                [
                    0.00010152836330235004,
                    -0.0023605464957654476,
                    -0.02529592625796795,
                    0.9996773600578308
                ]
            ]
        }
    }
}