{"nextto": {"cooler_pnkiag_1": [[31.367122249603273, -20.0540256690979, 0]], "bathtub_gulceo_1": [[10.704691314697264, 29.432071437835692, 0]], "watermelon_fxhiqs_1": [[31.367122249603273, -20.0540256690979, 0]]}, "ontop": {}, "inside": {"watermelon_fxhiqs_1": {"bathtub_gulceo_1": [[11.825996398925781, 30.070106506347656, 0.13692981004714966], [-0.1429087221622467, -0.035276710987091064, -0.06957545876502991, 0.9866570234298706]]}}}