{"nextto": {"walnut_fbswir_1": [[-41.06798093795776, -6.54623472213745, 0]], "blender_eyedvd_1": [[-18.164109382629395, 1.1437118542194364, 0]], "desk_ztsyqx_9": [-42.28190994262695, -7.10745906829834, 0.024544715881347656]}, "ontop": {}, "inside": {}}