{"periodic_table_mhwwtu_1": [3.286865148544311, 14.143861513137818, 0], "test_tube_rack_ertfpr_1": [3.753917016983032, 15.077965250015259, 0], "shelf_mfyvai_0": [8.47319221496582, 7.769463062286377, 6.001272201538086], "specimen_bottle_vlplhs_1": [2.142183002233505, 12.409535775184631, 0], "display_case_khxpgc_0": [-5.745174407958984, -22.537124633789062, 0.0936739444732666], "display_case_khxpgc_1": [-5.537359237670898, -23.478561401367188, 6.166810035705566], "desk_tmluxa_0": [6.144363880157471, 15.82640552520752, 5.519981861114502], "desk_tmluxa_1": [6.940234661102295, 13.619750022888184, 5.739595413208008], "desk_tmluxa_10": [8.571005821228027, 15.069910049438477, 3.8035006523132324], "desk_tmluxa_11": [7.954573631286621, 12.11824893951416, 6.170194625854492], "desk_tmluxa_12": [7.983221530914307, 14.526400566101074, 1.408424735069275], "desk_tmluxa_13": [7.6888322830200195, 13.996474266052246, 5.463890552520752], "desk_tmluxa_14": [7.459290504455566, 10.390037536621094, 5.288878917694092], "desk_tmluxa_2": [6.126709938049316, 10.248255729675293, 5.297351837158203], "desk_tmluxa_3": [4.698437213897705, 15.478915214538574, 6.132901191711426], "desk_tmluxa_4": [5.553211212158203, 13.343435287475586, 0.4758789539337158], "desk_tmluxa_5": [5.107814311981201, 9.6565523147583, 5.643318176269531], "desk_tmluxa_6": [5.6463494300842285, 13.337835311889648, 1.167712926864624], "desk_tmluxa_7": [5.119894027709961, 11.296107292175293, 1.1092426776885986], "desk_tmluxa_8": [6.876383304595947, 14.527505874633789, 6.056750297546387], "desk_tmluxa_9": [6.459955215454102, 11.072895050048828, 1.638817310333252], "bench_ftvzzg_0": [2.7356789112091064, -23.41717529296875, 2.409205913543701], "bench_ftvzzg_1": [1.4123363494873047, -35.3863525390625, 4.003897666931152], "bench_ftvzzg_2": [1.7393434047698975, -35.809078216552734, 1.2205356359481812], "bench_ftvzzg_3": [-1.7977547645568848, -33.604248046875, 0.3786797523498535], "bench_ftvzzg_4": [-1.4079413414001465, -32.93695068359375, 0.033798933029174805], "bench_ftvzzg_5": [1.2481399774551392, -28.748197555541992, 6.180307865142822], "bench_ftvzzg_6": [-1.3660128116607666, -27.503387451171875, 6.074663162231445], "drinking_fountain_xijidt_0": [4.401304244995117, -14.93294906616211, 5.528768062591553], "drinking_fountain_xijidt_1": [-4.611656188964844, -15.499564170837402, 4.98148250579834], "electric_switch_ldrjoi_0": [1.8291667699813843, 6.755339622497559, 0.9609086513519287], "electric_switch_ldrjoi_1": [1.7404632568359375, 7.027490615844727, 0.08854198455810547], "radiator_bftrar_0": null, "radiator_bftrar_1": [9.657736778259277, 10.085780143737793, 2.383796453475952], "radiator_bftrar_2": [9.029318809509277, 12.05209732055664, 0.809096097946167], "radiator_bftrar_3": [9.039445877075195, 15.539952278137207, 0.22811102867126465], "radiator_bftrar_4": [9.546211242675781, 16.569904327392578, 5.726914882659912], "locker_gemgfz_0": [1.3382470607757568, 12.770098686218262, 1.1130621433258057], "locker_gemgfz_1": [1.138660192489624, 16.414506912231445, 4.78352689743042], "locker_gemgfz_10": [-2.289513349533081, 15.196962356567383, 6.2586541175842285], "locker_gemgfz_11": [1.1670668125152588, 14.154138565063477, 4.757946491241455], "locker_gemgfz_12": [1.245254397392273, 11.959556579589844, 4.614638805389404], "locker_gemgfz_13": [-0.9294987320899963, 5.787257194519043, 1.484104037284851], "locker_gemgfz_14": [-1.2500849962234497, 13.473368644714355, 5.379208087921143], "locker_gemgfz_15": [0.9510465860366821, 9.792261123657227, 0.37235331535339355], "locker_gemgfz_16": [-1.2306256294250488, 15.984967231750488, 0.9272880554199219], "locker_gemgfz_17": [2.2564539909362793, 11.810284614562988, 2.9912102222442627], "locker_gemgfz_18": [1.299269199371338, 17.068727493286133, 5.200902938842773], "locker_gemgfz_19": [-1.3266030550003052, 7.106637001037598, 1.7725391387939453], "locker_gemgfz_2": [-1.5712120532989502, 6.751336574554443, 5.6883416175842285], "locker_gemgfz_20": [-1.0822556018829346, 11.725160598754883, 0.6235740184783936], "locker_gemgfz_21": [-1.7969083786010742, 9.434901237487793, 1.0620672702789307], "locker_gemgfz_22": [-1.7016026973724365, 14.383636474609375, 4.717380046844482], "locker_gemgfz_23": [1.606444239616394, 10.798446655273438, 4.24288272857666], "locker_gemgfz_24": [1.4251223802566528, 10.06532096862793, 5.874717712402344], "locker_gemgfz_25": [1.804410457611084, 11.905487060546875, 0.7005143165588379], "locker_gemgfz_26": [1.4120357036590576, 15.863304138183594, 0.7509009838104248], "locker_gemgfz_27": [-1.3511592149734497, 11.747431755065918, 0.8458530902862549], "locker_gemgfz_28": [-1.1190252304077148, 10.519964218139648, 4.708444595336914], "locker_gemgfz_29": [1.1232507228851318, 10.921621322631836, 0.262850284576416], "locker_gemgfz_3": [-1.2055294513702393, 16.835386276245117, 4.8588547706604], "locker_gemgfz_30": [1.3129292726516724, 17.56157875061035, 4.5136942863464355], "locker_gemgfz_31": [-0.913864254951477, 11.13818359375, 3.386326313018799], "locker_gemgfz_32": [-0.5780683755874634, 15.65325927734375, 2.5663061141967773], "locker_gemgfz_33": [-0.949043869972229, 14.768549919128418, 1.463303804397583], "locker_gemgfz_34": [1.3528231382369995, 14.744821548461914, 0.5991947650909424], "locker_gemgfz_35": [-2.1115660667419434, 9.148594856262207, 0.7692134380340576], "locker_gemgfz_36": [-1.0381120443344116, 14.424156188964844, 1.0165112018585205], "locker_gemgfz_37": [1.3335117101669312, 15.194772720336914, 0.42208266258239746], "locker_gemgfz_38": [-2.0930142402648926, 11.06451416015625, 6.052412509918213], "locker_gemgfz_39": [-1.2158517837524414, 14.246394157409668, 5.969195365905762], "locker_gemgfz_4": [0.5309838652610779, 8.772233963012695, 0.30417799949645996], "locker_gemgfz_40": [1.7052971124649048, 14.083985328674316, 1.6650077104568481], "locker_gemgfz_41": [-2.2217416763305664, 8.75186538696289, 0.6342871189117432], "locker_gemgfz_42": [-1.1162649393081665, 13.36203384399414, 1.7988576889038086], "locker_gemgfz_43": [1.6460849046707153, 14.413780212402344, 2.103229284286499], "locker_gemgfz_44": [-1.8848240375518799, 13.120362281799316, 5.111563682556152], "locker_gemgfz_5": [-1.2742769718170166, 16.720043182373047, 0.4006528854370117], "locker_gemgfz_6": [1.3320831060409546, 9.21745491027832, 1.3477246761322021], "locker_gemgfz_7": [1.5015292167663574, 13.336904525756836, 2.708003044128418], "locker_gemgfz_8": [1.4931062459945679, 13.043380737304688, 3.893549680709839], "locker_gemgfz_9": [-1.2472412586212158, 10.573610305786133, 0.7032797336578369], "locker_yhthgr_0": [1.5964897871017456, 6.429991722106934, 2.1340219974517822], "locker_yhthgr_1": [1.2771220207214355, -3.421090602874756, 6.235567092895508], "locker_yhthgr_10": [1.6979122161865234, -0.76689213514328, 5.37737512588501], "locker_yhthgr_11": [2.4736502170562744, -9.110188484191895, 4.105095386505127], "locker_yhthgr_12": [-2.0321760177612305, -6.34821891784668, 3.527451753616333], "locker_yhthgr_13": [1.492368459701538, 2.7404627799987793, 0.9608948230743408], "locker_yhthgr_14": [-1.7483429908752441, -9.360560417175293, 4.535511493682861], "locker_yhthgr_15": [1.4765270948410034, -0.9138798713684082, 0.07941269874572754], "locker_yhthgr_16": [2.2988595962524414, -9.220365524291992, 3.8035953044891357], "locker_yhthgr_17": [-1.8117473125457764, -4.7564802169799805, 2.1291744709014893], "locker_yhthgr_18": [0.8280971050262451, 4.103140830993652, 0.3585331439971924], "locker_yhthgr_19": [-1.482764720916748, -10.842315673828125, 1.1870476007461548], "locker_yhthgr_2": [-2.646336793899536, -9.821320533752441, 0.04134035110473633], "locker_yhthgr_20": [1.3804374933242798, -0.46511757373809814, 1.043227195739746], "locker_yhthgr_21": [1.672168254852295, -10.322609901428223, 1.1765824556350708], "locker_yhthgr_22": [2.036909580230713, -10.782990455627441, 3.4076387882232666], "locker_yhthgr_23": [2.150290012359619, 4.16392707824707, 3.0104758739471436],