{"caliper_sngjmj_1": [6.4005442714691165, 14.922281293869018, 0], "shelf_mfyvai_0": [8.709128379821777, 7.007328033447266, 0.32511401176452637], "periodic_table_mhwwtu_1": [3.451949571371079, -36.41125909805298, 0], "glass_lantern_otidux_1": [-5.951831877231598, -2.5510920882225037, 0], "display_case_khxpgc_0": [-4.839256763458252, -24.155010223388672, 0.08666872978210449], "display_case_khxpgc_1": [-4.523284435272217, -26.130369186401367, 2.7470686435699463], "desk_tmluxa_0": [6.451761245727539, 14.624281883239746, 0.3808290958404541], "desk_tmluxa_1": [7.182973861694336, 12.138681411743164, 1.0610425472259521], "desk_tmluxa_10": [7.907070636749268, 14.603854179382324, 1.5746432542800903], "desk_tmluxa_11": [8.086193084716797, 11.511110305786133, 1.1286718845367432], "desk_tmluxa_12": [7.414241790771484, 15.254822731018066, 1.2214655876159668], "desk_tmluxa_13": [8.710479736328125, 12.930581092834473, 4.4847259521484375], "desk_tmluxa_14": [7.844542980194092, 10.318378448486328, 3.059185743331909], "desk_tmluxa_2": [6.837993144989014, 9.4457368850708, 5.519198894500732], "desk_tmluxa_3": [5.393815040588379, 15.470297813415527, 2.6966705322265625], "desk_tmluxa_4": [5.909875869750977, 13.362309455871582, 2.382493495941162], "desk_tmluxa_5": null, "desk_tmluxa_6": [5.5172295570373535, 13.883625030517578, 2.3133955001831055], "desk_tmluxa_7": [6.572408199310303, 11.121431350708008, 3.1944079399108887], "desk_tmluxa_8": [6.868844032287598, 15.073307991027832, 3.9852867126464844], "desk_tmluxa_9": [6.737051486968994, 10.851771354675293, 5.666609287261963], "bench_ftvzzg_0": [2.0093493461608887, -21.825647354125977, 2.220366954803467], "bench_ftvzzg_1": [1.9943212270736694, -34.171878814697266, 1.7877097129821777], "bench_ftvzzg_2": [2.6256918907165527, -32.30066680908203, 4.593925952911377], "bench_ftvzzg_3": null, "bench_ftvzzg_4": [-2.5200836658477783, -32.19008255004883, 5.290916919708252], "bench_ftvzzg_5": [1.2748903036117554, -27.114356994628906, 4.7058024406433105], "bench_ftvzzg_6": [-1.281318187713623, -27.148944854736328, 4.938966274261475], "drinking_fountain_xijidt_0": [5.918009281158447, -15.55888843536377, 4.535389423370361], "drinking_fountain_xijidt_1": [-5.5663743019104, -16.451112747192383, 0.9228253364562988], "electric_switch_ldrjoi_0": [2.21419358253479, 6.660979747772217, 1.7291765213012695], "electric_switch_ldrjoi_1": [2.173980712890625, 7.429196357727051, 4.50901460647583], "radiator_bftrar_0": null, "radiator_bftrar_1": [9.428829193115234, 12.229504585266113, 5.71178674697876], "radiator_bftrar_2": [9.526751518249512, 12.801166534423828, 1.2059468030929565], "radiator_bftrar_3": [9.969837188720703, 14.052266120910645, 2.421889543533325], "radiator_bftrar_4": [9.43775749206543, 17.318805694580078, 0.6208844184875488], "locker_gemgfz_0": [1.2947041988372803, 13.333274841308594, 5.37623929977417], "locker_gemgfz_1": [1.2561447620391846, 15.221431732177734, 1.7501462697982788], "locker_gemgfz_10": [-1.0978305339813232, 14.149147033691406, 1.57572340965271], "locker_gemgfz_11": [1.901696801185608, 14.310704231262207, 5.130354881286621], "locker_gemgfz_12": [1.3264578580856323, 12.178413391113281, 5.517127990722656], "locker_gemgfz_13": [-0.7336984872817993, 6.753108024597168, 3.5939362049102783], "locker_gemgfz_14": [-0.6887221336364746, 13.209152221679688, 3.9147918224334717], "locker_gemgfz_15": [1.015126347541809, 10.886907577514648, 6.012171745300293], "locker_gemgfz_16": [-1.4345484972000122, 16.872512817382812, 4.078251838684082], "locker_gemgfz_17": [1.2734997272491455, 11.632136344909668, 5.316771030426025], "locker_gemgfz_18": [1.453083872795105, 15.746929168701172, 0.02242875099182129], "locker_gemgfz_19": [-0.9983458518981934, 6.455587863922119, 2.738492012023926], "locker_gemgfz_2": [-1.3359547853469849, 6.075687885284424, 2.8980908393859863], "locker_gemgfz_20": [-1.1831557750701904, 11.632012367248535, 4.380123615264893], "locker_gemgfz_21": [-1.456822156906128, 9.991307258605957, 6.0652031898498535], "locker_gemgfz_22": [-1.533621907234192, 13.027761459350586, 0.2674729824066162], "locker_gemgfz_23": [0.780178964138031, 11.065546035766602, 0.044730424880981445], "locker_gemgfz_24": [1.03751540184021, 10.031721115112305, 5.07889986038208], "locker_gemgfz_25": [1.6130006313323975, 11.392130851745605, 2.0481116771698], "locker_gemgfz_26": [0.6614624261856079, 16.043598175048828, 0.4939231872558594], "locker_gemgfz_27": [-1.3492059707641602, 12.164762496948242, 5.09559440612793], "locker_gemgfz_28": [-1.823514699935913, 10.662208557128906, 5.2910590171813965], "locker_gemgfz_29": [1.1293048858642578, 10.308653831481934, 0.04766726493835449], "locker_gemgfz_3": [-1.0752642154693604, 15.62702751159668, 2.077744722366333], "locker_gemgfz_30": [1.7194958925247192, 17.120664596557617, 5.700323581695557], "locker_gemgfz_31": [-1.6022239923477173, 12.2000732421875, 5.506083965301514], "locker_gemgfz_32": [-1.2684478759765625, 15.50735092163086, 5.065121650695801], "locker_gemgfz_33": [-1.9245245456695557, 15.104856491088867, 6.1141676902771], "locker_gemgfz_34": [1.72267484664917, 14.974797248840332, 3.0186870098114014], "locker_gemgfz_35": [-1.8793084621429443, 9.729866981506348, 5.501834392547607], "locker_gemgfz_36": [-1.0742748975753784, 14.94868278503418, 2.879096746444702], "locker_gemgfz_37": [1.886784553527832, 14.837154388427734, 4.2015790939331055], "locker_gemgfz_38": [-1.7729120254516602, 11.510933876037598, 6.176777362823486], "locker_gemgfz_39": [-1.5028342008590698, 14.133639335632324, 2.505283832550049], "locker_gemgfz_4": [2.2945823669433594, 9.057826042175293, 3.5895724296569824], "locker_gemgfz_40": [1.6728734970092773, 14.89533805847168, 2.6563799381256104], "locker_gemgfz_41": [-0.8156007528305054, 8.595511436462402, 1.7276519536972046], "locker_gemgfz_42": [-1.5321391820907593, 13.779111862182617, 5.101860046386719], "locker_gemgfz_43": [2.0829126834869385, 14.412054061889648, 4.009937286376953], "locker_gemgfz_44": [-1.7415204048156738, 12.893492698669434, 4.828423976898193], "locker_gemgfz_5": [-1.3461252450942993, 17.32076072692871, 3.8870182037353516], "locker_gemgfz_6": null, "locker_gemgfz_7": [0.9074131846427917, 14.186441421508789, 5.153627872467041], "locker_gemgfz_8": [1.412628412246704, 13.049612045288086, 4.917852878570557], "locker_gemgfz_9": [-1.7056156396865845, 10.332738876342773, 1.5317176580429077], "locker_yhthgr_0": [1.477351188659668, 5.493531227111816, 0.6930394172668457], "locker_yhthgr_1": [2.5657520294189453, -4.5590996742248535, 2.3144800662994385], "locker_yhthgr_10": [1.8925704956054688, -1.404785394668579, 1.109980821609497], "locker_yhthgr_11": [1.7157877683639526, -10.022405624389648, 1.1373755931854248], "locker_yhthgr_12": [-1.8518471717834473, -6.134936332702637, 5.857770919799805], "locker_yhthgr_13": [0.674858033657074, 3.4003894329071045, 0.18830466270446777], "locker_yhthgr_14": [-2.0175323486328125, -10.404755592346191, 5.383905410766602], "locker_yhthgr_15": [0.9876004457473755, -0.3661944568157196, 5.265875816345215], "locker_yhthgr_16": [2.3500306606292725, -10.184430122375488, 3.1785502433776855], "locker_yhthgr_17": [-1.8850746154785156, -4.83772611618042, 1.3651186227798462], "locker_yhthgr_18": [1.769146203994751, 4.635968208312988, 4.245217800140381], "locker_yhthgr_19": [-1.891655683517456, -10.65892505645752, 4.445295810699463], "locker_yhthgr_2": [-2.661803722381592, -9.901639938354492, 6.182401657104492], "locker_yhthgr_20": [1.9113523960113525, -0.8432912230491638, 2.849780559539795], "locker_yhthgr_21": [1.739027738571167, -9.664392471313477, 6.01531457901001], "locker_yhthgr_22": [2.19256854057312, -11.246716499328613, 3.5255305767059326], "locker_yhthgr_23": [1.6811810731887817, 4.495692253112793, 1.033271312713623], "locker_yhthgr_24": [-1.601089596748352, -11.327900886535645, 4.435366630554199], "locker_yhthgr_25": [2.2404568195343018, 0.1293569654226303, 3.5468273162841797],