{"glass_lantern_otidux_1": [4.82207309126854, -12.890805339813232, 0], "desk_ctaxkd_0": [3.4645986557006836, 14.53386116027832, 1.9897633790969849], "mixing_bowl_deudkt_1": [3.5982330608367916, 16.167752943038938, 0], "cabinet_base_dcmhhh_1": [-5.2543856501579285, 0.3161868453025818, 0], "display_case_khxpgc_0": [-5.401037216186523, -22.321056365966797, 5.308256149291992], "display_case_khxpgc_1": [-4.938666343688965, -22.930566787719727, 5.084448337554932], "desk_tmluxa_0": [6.992376804351807, 16.090003967285156, 1.2901842594146729], "desk_tmluxa_1": [6.685011386871338, 11.632946014404297, 0.9115288257598877], "desk_tmluxa_10": [8.40225601196289, 13.45711898803711, 1.13511323928833], "desk_tmluxa_11": null, "desk_tmluxa_12": [7.513228416442871, 15.153763771057129, 0.5672028064727783], "desk_tmluxa_13": [7.189977169036865, 12.16948127746582, 0.7004776000976562], "desk_tmluxa_14": [8.232711791992188, 10.638446807861328, 1.1337294578552246], "desk_tmluxa_2": [6.458876132965088, 10.914896011352539, 5.811294078826904], "desk_tmluxa_3": [5.744159698486328, 16.121337890625, 1.1403634548187256], "desk_tmluxa_4": null, "desk_tmluxa_5": [5.757033348083496, 10.519354820251465, 0.9323203563690186], "desk_tmluxa_6": [4.976902961730957, 14.16716194152832, 5.800680160522461], "desk_tmluxa_7": [5.740845680236816, 12.220417022705078, 5.494401931762695], "desk_tmluxa_8": [7.52741003036499, 13.940618515014648, 2.208627462387085], "desk_tmluxa_9": [6.142986297607422, 10.822779655456543, 0.8197424411773682], "bench_ftvzzg_0": [1.7176902294158936, -21.695301055908203, 1.3221813440322876], "bench_ftvzzg_1": [2.0566158294677734, -38.150150299072266, 5.291173458099365], "bench_ftvzzg_2": [2.0067200660705566, -35.40287399291992, 3.8970072269439697], "bench_ftvzzg_3": [-1.1976995468139648, -35.19223403930664, 5.470747947692871], "bench_ftvzzg_4": [-1.7453058958053589, -35.30449676513672, 3.19800066947937], "bench_ftvzzg_5": [1.5527743101119995, -24.138195037841797, 5.619669437408447], "bench_ftvzzg_6": [-3.1690995693206787, -28.107072830200195, 5.681694984436035], "drinking_fountain_xijidt_0": [4.790637493133545, -15.328655242919922, 4.876969337463379], "drinking_fountain_xijidt_1": [-4.534761428833008, -15.424973487854004, 1.9386330842971802], "electric_switch_ldrjoi_0": [2.240454912185669, 7.741239547729492, 4.412682056427002], "electric_switch_ldrjoi_1": [2.1012842655181885, 6.559553623199463, 1.5360866785049438], "radiator_bftrar_0": [9.446123123168945, 8.070327758789062, 5.16896915435791], "radiator_bftrar_1": [9.259251594543457, 11.527177810668945, 5.645124912261963], "radiator_bftrar_2": [9.625870704650879, 11.739564895629883, 1.4220823049545288], "radiator_bftrar_3": [9.345113754272461, 15.799029350280762, 5.70690393447876], "radiator_bftrar_4": [9.389547348022461, 15.105443954467773, 5.312207221984863], "locker_gemgfz_0": [1.037575125694275, 12.460994720458984, 0.7429065704345703], "locker_gemgfz_1": [1.880313754081726, 15.764687538146973, 5.396223545074463], "locker_gemgfz_10": [-1.6521973609924316, 14.993968963623047, 4.312495708465576], "locker_gemgfz_11": [1.7994455099105835, 14.376249313354492, 3.4749257564544678], "locker_gemgfz_12": [0.7656959295272827, 10.979947090148926, 0.8254797458648682], "locker_gemgfz_13": [-0.7515605688095093, 6.475428581237793, 3.825930595397949], "locker_gemgfz_14": [-1.7672083377838135, 12.767478942871094, 1.3607664108276367], "locker_gemgfz_15": [1.7403119802474976, 10.593772888183594, 5.487013339996338], "locker_gemgfz_16": [-1.525051474571228, 16.423500061035156, 2.190127372741699], "locker_gemgfz_17": [1.5456655025482178, 12.308709144592285, 5.4621992111206055], "locker_gemgfz_18": [1.4886208772659302, 16.017818450927734, 5.463573455810547], "locker_gemgfz_19": [-1.5658631324768066, 7.586277008056641, 5.106504917144775], "locker_gemgfz_2": [-1.7224993705749512, 6.994239330291748, 5.480849266052246], "locker_gemgfz_20": [-1.4917532205581665, 11.267524719238281, 0.5225389003753662], "locker_gemgfz_21": [-0.958935022354126, 9.356659889221191, 1.2668981552124023], "locker_gemgfz_22": [-1.6302952766418457, 13.596139907836914, 4.089202880859375], "locker_gemgfz_23": [1.387208342552185, 11.603972434997559, 5.010609149932861], "locker_gemgfz_24": [1.878693699836731, 9.69002628326416, 0.8285331726074219], "locker_gemgfz_25": [2.118983507156372, 12.5875883102417, 4.433035850524902], "locker_gemgfz_26": [1.21281099319458, 16.72764015197754, 4.619365215301514], "locker_gemgfz_27": [-0.8085078001022339, 12.404128074645996, 4.514008522033691], "locker_gemgfz_28": [-1.3413318395614624, 10.562464714050293, 3.8264107704162598], "locker_gemgfz_29": [1.5795172452926636, 11.163875579833984, 3.8348283767700195], "locker_gemgfz_3": [-0.7561376094818115, 16.325332641601562, 3.9564998149871826], "locker_gemgfz_30": [1.2337646484375, 16.814531326293945, 0.7407445907592773], "locker_gemgfz_31": [-1.3861794471740723, 11.59729290008545, 3.15647554397583], "locker_gemgfz_32": [-1.8104411363601685, 15.827065467834473, 0.4507761001586914], "locker_gemgfz_33": [-0.5991908311843872, 15.678391456604004, 3.8170034885406494], "locker_gemgfz_34": [1.088039517402649, 15.688518524169922, 5.030961513519287], "locker_gemgfz_35": [-1.621909737586975, 9.824484825134277, 4.54841947555542], "locker_gemgfz_36": [-0.9830703139305115, 14.65792465209961, 5.237063407897949], "locker_gemgfz_37": [1.7709060907363892, 14.81372356414795, 3.696533441543579], "locker_gemgfz_38": [-1.4308390617370605, 10.588373184204102, 0.5588195323944092], "locker_gemgfz_39": [-1.2186403274536133, 14.799137115478516, 4.273081302642822], "locker_gemgfz_4": [1.795360803604126, 9.133926391601562, 0.1813523769378662], "locker_gemgfz_40": [0.9981950521469116, 14.842219352722168, 0.3046584129333496], "locker_gemgfz_41": [-2.0227999687194824, 8.777708053588867, 0.4122130870819092], "locker_gemgfz_42": [-1.7353546619415283, 13.642553329467773, 5.945193767547607], "locker_gemgfz_43": [1.357910394668579, 14.508819580078125, 4.230498313903809], "locker_gemgfz_44": [-1.4269933700561523, 12.426432609558105, 3.063917636871338], "locker_gemgfz_5": [-2.134063720703125, 17.453245162963867, 5.428114891052246], "locker_gemgfz_6": [1.2899086475372314, 8.941154479980469, 0.16950559616088867], "locker_gemgfz_7": [1.6540141105651855, 13.128896713256836, 0.8632888793945312], "locker_gemgfz_8": [1.6851292848587036, 13.344505310058594, 3.353687047958374], "locker_gemgfz_9": [-1.6467353105545044, 10.99950122833252, 0.20099163055419922], "locker_yhthgr_0": [2.098145008087158, 5.92923641204834, 1.7785747051239014], "locker_yhthgr_1": [1.8186562061309814, -3.7986035346984863, 0.9244883060455322], "locker_yhthgr_10": [1.1309943199157715, -0.11783313751220703, 5.157627105712891], "locker_yhthgr_11": [1.7746888399124146, -9.386820793151855, 1.924756407737732], "locker_yhthgr_12": [-1.498506784439087, -6.30567741394043, 0.8623092174530029], "locker_yhthgr_13": [1.2335002422332764, 2.8238754272460938, 1.6505390405654907], "locker_yhthgr_14": [-2.602184534072876, -10.511013984680176, 0.6789071559906006], "locker_yhthgr_15": [1.0580440759658813, 0.13192880153656006, 5.340765476226807], "locker_yhthgr_16": null, "locker_yhthgr_17": [-2.322284460067749, -3.6675453186035156, 4.978145122528076], "locker_yhthgr_18": [1.3430721759796143, 3.9022114276885986, 0.16146636009216309], "locker_yhthgr_19": [-2.566460132598877, -10.045363426208496, 5.310359954833984], "locker_yhthgr_2": [-1.4989771842956543, -10.250187873840332, 2.879848003387451], "locker_yhthgr_20": [1.0844192504882812, 0.30213630199432373, 5.832407474517822], "locker_yhthgr_21": [1.147312879562378, -9.755317687988281, 5.807277679443359], "locker_yhthgr_22": [2.3904848098754883, -11.669492721557617, 2.07568097114563], "locker_yhthgr_23": [1.9891715049743652, 4.751498699188232, 3.4458391666412354], "locker_yhthgr_24": [-2.3152923583984375, -11.377665519714355, 0.5725631713867188], "locker_yhthgr_25": [1.1107765436172485, 0.2077564001083374, 5.373611927032471],