{"nextto": {"electric_kettle_hkdsla_1": [[13.23465747833252, -22.012631645202635, 0]], "periodic_table_mhwwtu_1": [[-31.60299812316895, 6.08452423095703, 0]], "recycling_bin_duugbb_1": [[12.026718978881835, -15.819609050750733, 0]], "chocolate_cake_wpeesw_1": [[-31.60299812316895, 6.08452423095703, 0]]}, "ontop": {}, "inside": {"chocolate_cake_wpeesw_1": {"recycling_bin_duugbb_1": [[12.884419441223145, -15.217208862304688, 0.1414928287267685], [0.004390360321849585, -0.010027013719081879, -0.011311333626508713, 0.9998761415481567]]}}}