{"nextto": {"radiator_lnvush_1": [[-0.557219638824463, 1.5295747256278993, 0]], "booth_xzrpar_1": [[-8.096911668777466, 8.14195237159729, 0]], "green_onion_ljynzg_1": [[-8.096911668777466, 9.130025815963744, 0]], "chopping_board_drjnag_1": [[-8.096911668777466, 7.373450803756714, 0]]}, "ontop": {"green_onion_ljynzg_1": {"chopping_board_drjnag_1": [[-8.551033020019531, 8.921006202697754, 1.0081303119659424], [0.06781243532896042, -0.05598021671175957, -0.04084788262844086, 0.9952884912490845]]}}, "inside": {}}