{
    "nextto": {
        "reception_desk_kjmhgc_1": [
            [
                4.5668654632568355,
                11.367451057434083,
                0
            ]
        ],
        "fillet_fqhuey_1": [
            [
                4.756265487670898,
                11.367451057434083,
                0
            ]
        ],
        "pedestal_table_oqclwq_1": [
            [
                1.6311650848388672,
                11.651551094055176,
                0
            ]
        ],
        "cinnamon_roll_xjlptd_1": [
            [
                1.6311650848388672,
                11.651551094055176,
                1.5707963267948966
            ]
        ],
        "cooler_pnkiag_1": [
            [
                -4.3857990026474,
                -4.050800156593323,
                0
            ]
        ],
        "stove_igwqpj_0": [
            6.068917274475098,
            10.110239028930664,
            0.025989770889282227
        ]
    },
    "ontop": {},
    "inside": {
        "cinnamon_roll_xjlptd_1": {
            "cooler_pnkiag_1": [
                [
                    -3.591080904006958,
                    -4.4934983253479,
                    0.10871735960245132
                ],
                [
                    -0.5348042845726013,
                    0.4807696044445038,
                    0.5053649544715881,
                    0.476918488740921
                ]
            ]
        }
    }
}