{
    "nextto": {
        "carton_hhlmbi_1": [
            [
                -3.2972962427139283,
                8.04229787349701,
                0
            ]
        ],
        "roll_dough_plwpgb_1": [
            [
                -3.2972962427139283,
                8.04229787349701,
                0
            ]
        ],
        "cooler_pnkiag_1": [
            [
                0.40240475416183474,
                7.088396861553192,
                0
            ]
        ]
    },
    "ontop": {},
    "inside": {
        "roll_dough_plwpgb_1": {
            "cooler_pnkiag_1": [
                [
                    0.5821876525878906,
                    6.185914516448975,
                    0.14296038448810577
                ],
                [
                    -0.008476832881569862,
                    0.00024231523275375366,
                    -0.11020489037036896,
                    0.9938727021217346
                ]
            ]
        }
    }
}