{
    "nextto": {
        "shelf_iwziew_1": [
            [
                -0.5571850728988647,
                4.492199082374573,
                0
            ]
        ],
        "laptop_sngiih_1": [
            [
                -0.3787850904464717,
                4.492199082374573,
                0
            ]
        ],
        "ceiling_fan_xtmacj_1": [
            -0.20498579740524292,
            2.0741705894470215,
            5.028029441833496
        ],
        "coffee_table_gpkbiw_0": [
            -3.5902366638183594,
            5.992916584014893,
            0.03510260581970215
        ]
    },
    "ontop": {
        "laptop_sngiih_1": {
            "coffee_table_gpkbiw_0": [
                [
                    -2.716954231262207,
                    6.369707107543945,
                    0.39626336097717285
                ],
                [
                    -0.0002766610123217106,
                    -0.0004020729102194309,
                    -0.1316571682691574,
                    0.9912952184677124
                ]
            ]
        }
    },
    "inside": {}
}