{
    "nextto": {
        "reception_desk_kjmhgc_1": [
            [
                -8.09691138267517,
                8.032166223526001,
                0
            ]
        ],
        "butter_cookie_kukrla_1": [
            [
                -7.767553682327271,
                9.130025224685669,
                0
            ]
        ],
        "breakfast_table_zypvuv_0": [
            [
                -2.4249361848831175,
                9.139131121635437,
                0
            ]
        ],
        "plate_qtfzeq_1": [
            [
                -2.4249361848831175,
                9.139131121635437,
                0
            ]
        ],
        "oven_fexqbj_1": [
            -3.4161033630371094,
            6.800756454467773,
            3.1198365688323975
        ]
    },
    "ontop": {
        "butter_cookie_kukrla_1": {
            "plate_qtfzeq_1": [
                [
                    -1.6375254392623901,
                    7.736055850982666,
                    0.5333214402198792
                ],
                [
                    0.006701190955936909,
                    0.04124142974615097,
                    0.001870113774202764,
                    0.9991250038146973
                ]
            ]
        }
    },
    "inside": {}
}