{
    "nextto": {
        "reception_desk_kjmhgc_1": [
            [
                0.40240475416183474,
                5.770797216892242,
                0
            ]
        ],
        "lemon_peel_sdvrmi_1": [
            [
                0.40240475416183474,
                5.770797216892242,
                0
            ]
        ],
        "rice_cooker_qatgeb_1": [
            [
                0.40240475416183474,
                6.453997032642364,
                0
            ]
        ]
    },
    "ontop": {},
    "inside": {
        "lemon_peel_sdvrmi_1": {
            "rice_cooker_qatgeb_1": [
                [
                    1.2989439964294434,
                    7.986728191375732,
                    0.979348361492157
                ],
                [
                    -0.00017227604985237122,
                    -1.4913843187969178e-05,
                    -0.0010147204156965017,
                    0.9999994039535522
                ]
            ]
        }
    }
}