{
    "nextto": {
        "table_lamp_xbfgjc_3": [
            [
                6.236653652191162,
                6.503245820999146,
                0
            ]
        ],
        "coffee_cup_ckkwmj_1": [
            [
                6.236653652191162,
                6.503245820999146,
                0
            ]
        ],
        "microwave_abzvij_1": [
            [
                0.40240475416183474,
                6.258797085285186,
                0
            ]
        ]
    },
    "ontop": {},
    "inside": {
        "coffee_cup_ckkwmj_1": {
            "microwave_abzvij_1": [
                [
                    1.1959284543991089,
                    7.781559944152832,
                    1.0108041763305664
                ],
                [
                    -0.00030299252830445766,
                    9.320094250142574e-06,
                    -0.0189003087580204,
                    0.9998213052749634
                ]
            ]
        }
    }
}