{
    "nextto": {
        "electric_fan_qqphyr_1": [
            [
                -3.187795305252075,
                7.158591480255128,
                0
            ]
        ],
        "toy_box_pmhcse_1": [
            [
                0.3727051544189458,
                -0.727703475952148,
                0
            ]
        ],
        "shelf_iwziew_1": [
            [
                -2.0422948455810546,
                -0.4977034759521485,
                0
            ]
        ]
    },
    "ontop": {
        "toy_box_pmhcse_1": {
            "shelf_iwziew_1": [
                [
                    -0.1862727403640747,
                    0.05377799645066261,
                    0.5605088472366333
                ],
                [
                    -3.139477485092357e-06,
                    -4.825238193006953e-06,
                    -0.17130021750926971,
                    0.9852187633514404
                ]
            ]
        }
    },
    "inside": {}
}