{
    "nextto": {
        "breakfast_table_zypvuv_0": [
            [
                5.977463006973267,
                8.095351552963258,
                0
            ]
        ],
        "granola_bar_iurfsq_1": [
            [
                5.977463006973267,
                8.095351552963258,
                0
            ]
        ],
        "cooler_pnkiag_1": [
            [
                1.6062455439567564,
                7.561531331539154,
                0
            ]
        ]
    },
    "ontop": {},
    "inside": {
        "granola_bar_iurfsq_1": {
            "cooler_pnkiag_1": [
                [
                    1.7909356355667114,
                    8.89910888671875,
                    0.09955933690071106
                ],
                [
                    -0.00885138288140297,
                    -0.0003758194507099688,
                    -0.0030586596112698317,
                    0.9999560713768005
                ]
            ]
        }
    }
}