{
    "nextto": {
        "countertop_tpuwys_7": [
            [
                3.2410652923583987,
                10.231050910949707,
                0
            ]
        ],
        "raspberry_spkers_1": [
            [
                3.2410652923583987,
                10.231050910949707,
                0
            ]
        ],
        "pedestal_table_oqclwq_1": [
            [
                -0.5901846075057976,
                9.808400325775146,
                0
            ]
        ],
        "coffee_cup_ckkwmj_1": [
            [
                -0.28538461208343435,
                12.043600292205811,
                1.5707963267948966
            ]
        ],
        "cooler_pnkiag_1": [
            [
                -4.3857990026474,
                -4.252400135993957,
                0
            ]
        ]
    },
    "ontop": {
        "coffee_cup_ckkwmj_1": {
            "countertop_tpuwys_7": [
                [
                    4.579065322875977,
                    10.624595642089844,
                    0.9539370536804199
                ],
                [
                    -0.00022231903858482838,
                    -0.00011793564772233367,
                    -0.014563746750354767,
                    0.9998939633369446
                ]
            ]
        }
    },
    "inside": {
        "raspberry_spkers_1": {
            "cooler_pnkiag_1": [
                [
                    -3.658579111099243,
                    -4.600691318511963,
                    0.09993179887533188
                ],
                [
                    -0.13841982185840607,
                    0.10291549563407898,
                    0.02271193638443947,
                    0.9847500920295715
                ]
            ]
        }
    }
}