{
    "nextto": {
        "reception_desk_kjmhgc_1": [
            [
                2.8576547813415525,
                10.739546632766723,
                0
            ]
        ],
        "radish_vztgpr_1": [
            [
                3.857554588317871,
                11.0122465801239,
                0
            ]
        ],
        "cooler_pnkiag_1": [
            [
                0.40240475416183474,
                7.088396861553192,
                0
            ]
        ]
    },
    "ontop": {},
    "inside": {
        "radish_vztgpr_1": {
            "cooler_pnkiag_1": [
                [
                    1.082128882408142,
                    6.043160915374756,
                    0.12332648783922195
                ],
                [
                    0.42990899085998535,
                    -0.09591024369001389,
                    -0.03401210904121399,
                    0.8971191048622131
                ]
            ]
        }
    }
}