{
    "nextto": {
        "reception_desk_kjmhgc_1": [
            [
                -8.09691138267517,
                8.032166223526001,
                0
            ]
        ],
        "bread_slice_yedlgq_1": [
            [
                -7.438195981979371,
                9.45938292503357,
                0
            ]
        ],
        "oven_fexqbj_1": [
            -3.3618016242980957,
            7.163020133972168,
            3.881986379623413
        ],
        "breakfast_table_zypvuv_0": [
            -1.624577522277832,
            7.660963535308838,
            0.21187353134155273
        ]
    },
    "ontop": {
        "bread_slice_yedlgq_1": {
            "breakfast_table_zypvuv_0": [
                [
                    -2.6816885471343994,
                    7.773890018463135,
                    0.7732970118522644
                ],
                [
                    0.0022236518561840057,
                    0.03762214630842209,
                    -0.047854531556367874,
                    0.9981430768966675
                ]
            ]
        }
    },
    "inside": {}
}