{"desk_cnewsu_1": [-2.2448492598533627, -5.193349845409393, 0], "paperback_book_dbmzmo_1": [-2.117049262523651, -4.298749864101409, 0], "paperback_book_dbmzmo_2": [-0.32784929990768447, -4.4904498600959775, 0], "paperback_book_dbmzmo_3": [-0.3917492985725403, -4.4904498600959775, 0], "shelf_iwziew_1": [1.6062455439567564, 7.561531331539154, 0], "toy_box_pmhcse_1": [1.6062455439567564, 7.947533304691315, 0], "coffee_table_gpkbiw_0": [-2.914367437362671, 7.387579917907715, 5.821033477783203], "armchair_bslhmj_0": [-2.278614044189453, 4.7619171142578125, 3.5335185527801514], "armchair_xpcheg_0": [-0.6052626371383667, 10.334942817687988, 4.659289836883545], "bottom_cabinet_jrhgeu_0": null, "breakfast_table_dnsjnv_0": [-4.0163397789001465, -2.0270633697509766, 4.6112565994262695], "breakfast_table_dnsjnv_1": [2.645758867263794, 10.658278465270996, 5.955735683441162], "breakfast_table_skczfi_0": [-4.712066173553467, -5.459238052368164, 3.265958309173584], "breakfast_table_skczfi_1": [-3.9241867065429688, -0.5080201625823975, 5.492152214050293], "breakfast_table_skczfi_2": [-3.904919147491455, -1.830979347229004, 0.5606577396392822], "breakfast_table_skczfi_3": [-1.7465484142303467, 8.140501022338867, 0.20269060134887695], "breakfast_table_zypvuv_0": [6.348186016082764, 6.846957206726074, 0.16359663009643555], "cedar_chest_fwstpx_0": [0.6964715123176575, 13.134140014648438, 5.953449726104736], "coffee_table_gpkbiw_1": [-2.148224353790283, 10.417047500610352, 1.703812599182129], "coffee_table_qlmqyy_0": [-4.931707859039307, 13.261218070983887, 5.193208694458008], "coffee_table_qlmqyy_1": [-4.114837646484375, 8.94443416595459, 0.08072638511657715], "console_table_emeeke_0": [-1.4817306995391846, -6.682767391204834, 0.23648285865783691], "console_table_emeeke_1": [-3.134406805038452, -0.9398981332778931, 1.5308446884155273], "console_table_emeeke_2": [-0.7873772978782654, 6.336236476898193, 1.480758547782898], "console_table_emeeke_3": [-1.3636828660964966, 10.53718090057373, 4.946078777313232], "floor_lamp_jqsuky_0": [-3.800600051879883, 4.5285773277282715, 0.5154411792755127], "pot_plant_jatssq_0": [-4.260797500610352, -2.8925960063934326, 6.079018592834473], "pot_plant_jatssq_1": [-1.778939127922058, 10.092041969299316, 5.656136512756348], "pot_plant_kxmvco_0": [5.1017165184021, 6.130878925323486, 2.9535579681396484], "pot_plant_kxmvco_1": [-4.2757158279418945, 9.726253509521484, 4.161770343780518], "pot_plant_udqjui_0": [6.611649036407471, 4.697022438049316, 0.940967321395874], "pot_plant_udqjui_1": [-3.6568124294281006, 8.185418128967285, 4.229846477508545], "pot_plant_udqjui_2": [1.2320867776870728, 12.776497840881348, 1.2315828800201416], "pot_plant_udqjui_3": [-3.741816282272339, 9.540297508239746, 5.232508659362793], "sofa_mnfbbh_0": [-0.5960643887519836, 10.171626091003418, 4.917572975158691], "sofa_uixwiv_0": [0.15335634350776672, 6.099532127380371, 3.5298757553100586], "sofa_uixwiv_1": [-3.365004777908325, 11.724515914916992, 5.989342212677002], "loudspeaker_snbvop_0": [-4.194049835205078, 8.980134010314941, 1.7967593669891357], "loudspeaker_snbvop_1": [-5.006009101867676, 9.803460121154785, 0.3015778064727783], "loudspeaker_snbvop_2": [-4.5080108642578125, 11.528813362121582, 1.6119160652160645], "straight_chair_amgwaw_0": [-1.6677637100219727, -6.59297513961792, 0.4344780445098877], "straight_chair_eospnr_0": [5.290287971496582, 5.228551387786865, 2.802116632461548], "straight_chair_eospnr_1": [4.3625383377075195, 7.274767875671387, 4.471566200256348], "straight_chair_eospnr_2": [5.9166388511657715, 6.781484127044678, 2.3198819160461426], "straight_chair_eospnr_3": [6.214333534240723, 6.042372703552246, 3.4341044425964355], "straight_chair_eospnr_4": [3.5510780811309814, 5.7598748207092285, 2.22967791557312], "straight_chair_eospnr_5": [4.354330062866211, 5.113860130310059, 1.7802772521972656], "straight_chair_psoizi_0": [3.0986857414245605, 10.881132125854492, 4.588632583618164], "straight_chair_psoizi_1": [2.234560251235962, 10.895073890686035, 1.024956464767456], "straight_chair_psoizi_2": [0.6032994985580444, 10.78879451751709, 0.4142732620239258], "straight_chair_psoizi_3": [1.9959893226623535, 9.529815673828125, 0.1589972972869873], "swivel_chair_qtqitn_0": [-4.119893550872803, -6.228490829467773, 2.348803997039795], "table_lamp_xbfgjc_0": [-0.406700998544693, -6.110870838165283, 5.65876579284668], "table_lamp_xbfgjc_1": [-4.1486968994140625, -5.057422637939453, 3.3750622272491455], "table_lamp_xbfgjc_2": [-4.231727123260498, -1.3852956295013428, 1.6943402290344238], "bed_smmmaf_0": [-1.5697076320648193, -5.3431396484375, 5.759666442871094], "bottom_cabinet_bamfsz_0": [6.423126697540283, 8.719147682189941, 0.4150114059448242], "bottom_cabinet_dajebq_0": [-3.5470566749572754, -5.335597515106201, 6.182030200958252], "bottom_cabinet_jhymlr_0": [-1.719481110572815, -2.7598204612731934, 1.1747004985809326], "bottom_cabinet_lwjdmj_0": [6.256577014923096, 5.361644268035889, 5.280526638031006], "bottom_cabinet_lwjdmj_1": null, "bottom_cabinet_no_top_bmsclc_0": [6.175881862640381, 8.908926010131836, 0.7230839729309082], "bottom_cabinet_no_top_pluwfl_0": [7.227754592895508, 10.175308227539062, 1.722944736480713], "bottom_cabinet_no_top_pluwfl_1": [6.525890350341797, 12.18436050415039, 4.706218242645264], "bottom_cabinet_no_top_pluwfl_2": [5.137434959411621, 10.595891952514648, 4.94615364074707], "bottom_cabinet_no_top_qohxjq_0": [7.01555871963501, 12.142574310302734, 1.5727332830429077], "bottom_cabinet_no_top_qohxjq_1": [4.605647563934326, 12.302877426147461, 5.990973949432373], "bottom_cabinet_no_top_qohxjq_2": [4.471501350402832, 9.739123344421387, 0.2939188480377197], "coffee_maker_pyttso_0": [3.969511032104492, 13.135869979858398, 6.178925514221191], "countertop_tpuwys_0": [3.438488483428955, 12.780044555664062, 5.6556172370910645], "countertop_tpuwys_1": [8.263880729675293, 12.513223648071289, 2.3441593647003174], "countertop_tpuwys_2": [7.813223361968994, 11.211135864257812, 3.4416728019714355], "countertop_tpuwys_3": [5.897869110107422, 8.694509506225586, 0.019618988037109375], "countertop_tpuwys_4": [6.885839462280273, 8.554231643676758, 1.2494629621505737], "countertop_tpuwys_5": [5.0958967208862305, 10.28177547454834, 2.4011638164520264], "countertop_tpuwys_6": [4.0447001457214355, 10.044344902038574, 4.613909721374512], "countertop_tpuwys_7": [4.035245418548584, 11.08596420288086, 6.032064914703369], "dishwasher_dngvvi_0": [5.770802974700928, 12.545809745788574, 1.185421109199524], "electric_switch_wseglt_0": [1.7764060497283936, 8.750879287719727, 2.474004030227661], "electric_switch_wseglt_1": [1.280105710029602, 2.5430960655212402, 2.892375946044922], "electric_switch_wseglt_10": [1.2170796394348145, 8.886495590209961, 1.7299340963363647], "electric_switch_wseglt_11": [2.6138815879821777, 9.523407936096191, 4.318121433258057], "electric_switch_wseglt_2": [-1.0009303092956543, -3.5698180198669434, 3.224809408187866], "electric_switch_wseglt_3": [-4.046612739562988, -3.507328748703003, 3.801396608352661], "electric_switch_wseglt_4": [-1.8822963237762451, 0.0515853613615036, 3.589465618133545], "electric_switch_wseglt_5": [-3.3781611919403076, 0.7011846303939819, 5.307032108306885], "electric_switch_wseglt_6": [-2.2586827278137207, 0.09487634897232056, 4.541218280792236], "electric_switch_wseglt_7": [-1.0427974462509155, 1.4437519311904907, 3.750784158706665], "electric_switch_wseglt_8": [2.6356937885284424, 7.252747535705566, 3.2627158164978027], "electric_switch_wseglt_9": [0.834488034248352, 5.233977794647217, 0.406994104385376], "fridge_dszchb_0": [6.177690029144287, 9.012185096740723, 5.056701183319092], "grandfather_clock_veyqcp_0": [-1.1959812641143799, 0.9452844858169556, 1.4804600477218628], "microwave_bfbeeb_0": [5.050032138824463, 8.798367500305176, 5.661941051483154], "mirror_pevdqu_0": [5.450539588928223, 7.995075225830078, 1.767492651939392], "mirror_pevdqu_1": [-4.460809707641602, -0.1930658221244812, 4.197999000549316],