{
    "nextto": {
        "reception_desk_kjmhgc_1": [
            [
                3.7145653533935548,
                11.367451057434083,
                0
            ]
        ],
        "casserole_ncbsee_1": [
            [
                4.377465438842774,
                11.367451057434083,
                0
            ]
        ],
        "pressure_cooker_otyngn_1": [
            [
                4.282765426635742,
                11.462151069641113,
                0
            ]
        ],
        "breakfast_table_zypvuv_0": [
            5.440974712371826,
            7.689098834991455,
            2.453815460205078
        ]
    },
    "ontop": {
        "casserole_ncbsee_1": {
            "breakfast_table_zypvuv_0": [
                [
                    3.95149302482605,
                    6.884103298187256,
                    0.788537859916687
                ],
                [
                    0.00016802112804725766,
                    -0.0006958041922189295,
                    -0.09934648871421814,
                    0.9950526356697083
                ]
            ]
        }
    },
    "inside": {}
}