{"sofa_uixwiv_1": [-4.123432159423828, 13.031439781188965, 0.753180742263794], "magazine_ymfwaz_1": [-0.8949846029281613, 12.85640027999878, 0], "magazine_ymfwaz_2": [-0.8949846029281613, 12.754800281524659, 0], "magazine_ymfwaz_3": [-0.8949846029281613, 12.754800281524659, 0], "console_table_emeeke_1": [-3.104743719100952, -0.2837351858615875, 0.006853580474853516], "vase_kjeudr_1": [-3.2214995288848876, -0.49849968910217257, 0], "breakfast_table_zypvuv_0": [4.922139644622803, 8.210540771484375, 5.004759788513184], "armchair_bslhmj_0": [-3.8420042991638184, 3.4708940982818604, 1.5254870653152466], "armchair_xpcheg_0": [-1.5075353384017944, 11.564545631408691, 4.163032054901123], "bottom_cabinet_jrhgeu_0": [-2.4306814670562744, 4.9641289710998535, 5.8002610206604], "breakfast_table_dnsjnv_0": [-4.086968421936035, -3.1986420154571533, 3.9588663578033447], "breakfast_table_dnsjnv_1": [1.9562352895736694, 11.936455726623535, 5.547651767730713], "breakfast_table_skczfi_0": [-4.014479637145996, -6.638150215148926, 4.377353191375732], "breakfast_table_skczfi_1": [-4.860672950744629, -0.7887530326843262, 1.6115764379501343], "breakfast_table_skczfi_2": [-3.3789188861846924, -2.1181132793426514, 5.833813667297363], "breakfast_table_skczfi_3": [-3.06177020072937, 8.469287872314453, 0.532172679901123], "cedar_chest_fwstpx_0": null, "coffee_table_gpkbiw_0": [-3.0652880668640137, 5.399325370788574, 0.02514815330505371], "coffee_table_gpkbiw_1": [-2.009368658065796, 11.875455856323242, 2.8040401935577393], "coffee_table_qlmqyy_0": [-5.011816501617432, 12.8759126663208, 0.03261089324951172], "coffee_table_qlmqyy_1": [-3.140981674194336, 9.598609924316406, 0.5311315059661865], "console_table_emeeke_0": [-1.1068212985992432, -6.717435836791992, 3.2527191638946533], "console_table_emeeke_2": [-0.3669121265411377, 6.0042619705200195, 0.5142128467559814], "console_table_emeeke_3": [-1.752213954925537, 9.584428787231445, 6.099798679351807], "floor_lamp_jqsuky_0": [-4.474905014038086, 5.752513885498047, 4.919550895690918], "pot_plant_jatssq_0": [-3.9695827960968018, -3.0587785243988037, 1.0578644275665283], "pot_plant_jatssq_1": [-1.3834683895111084, 10.223298072814941, 5.459160804748535], "pot_plant_kxmvco_0": [5.118666172027588, 6.446020126342773, 2.8888275623321533], "pot_plant_kxmvco_1": [-4.083946228027344, 9.123530387878418, 1.196739912033081], "pot_plant_udqjui_0": [6.294699192047119, 4.801663875579834, 0.12741518020629883], "pot_plant_udqjui_1": [-3.786060333251953, 8.256915092468262, 5.117715358734131], "pot_plant_udqjui_2": [-0.9492455720901489, 12.43187427520752, 4.386387825012207], "pot_plant_udqjui_3": [-4.2137908935546875, 8.400068283081055, 1.16629958152771], "sofa_mnfbbh_0": [-2.5396111011505127, 9.229425430297852, 5.6239705085754395], "sofa_uixwiv_0": [-0.8067136406898499, 4.191960334777832, 2.1586854457855225], "loudspeaker_snbvop_0": [-5.034523963928223, 9.071629524230957, 0.5886127948760986], "loudspeaker_snbvop_1": [-3.906304121017456, 9.79499626159668, 2.445958375930786], "loudspeaker_snbvop_2": [-4.402514457702637, 12.305968284606934, 5.689706325531006], "straight_chair_amgwaw_0": [-2.5927462577819824, -6.4046831130981445, 1.7952691316604614], "straight_chair_eospnr_0": [4.927356243133545, 5.1538214683532715, 2.5099985599517822], "straight_chair_eospnr_1": [4.788637638092041, 7.876374244689941, 3.3913214206695557], "straight_chair_eospnr_2": [5.296558856964111, 6.611907958984375, 2.0739004611968994], "straight_chair_eospnr_3": [6.0010600090026855, 5.74883508682251, 2.4563512802124023], "straight_chair_eospnr_4": [3.7673661708831787, 6.165513515472412, 0.660881757736206], "straight_chair_eospnr_5": [4.520310401916504, 6.132480621337891, 5.4331374168396], "straight_chair_psoizi_0": [2.6825685501098633, 11.507079124450684, 4.42816162109375], "straight_chair_psoizi_1": [2.751244306564331, 11.33401870727539, 2.7150344848632812], "straight_chair_psoizi_2": [0.9249716401100159, 10.620027542114258, 5.421199798583984], "straight_chair_psoizi_3": [2.717280864715576, 9.400819778442383, 1.7543883323669434], "swivel_chair_qtqitn_0": [-3.570152759552002, -5.7616987228393555, 5.481966018676758], "table_lamp_xbfgjc_0": [-1.6841187477111816, -6.021810054779053, 5.7943854331970215], "table_lamp_xbfgjc_1": [-4.318980693817139, -4.979390621185303, 4.047502040863037], "table_lamp_xbfgjc_2": [-4.675800323486328, -0.04784712195396423, 5.5505290031433105], "bed_smmmaf_0": [0.4716868996620178, -5.480098247528076, 5.238356590270996], "bottom_cabinet_bamfsz_0": [5.726375102996826, 8.123136520385742, 5.137530326843262], "bottom_cabinet_dajebq_0": [-3.2451834678649902, -4.166699409484863, 5.252535820007324], "bottom_cabinet_jhymlr_0": [-0.4363120198249817, -2.4502084255218506, 2.4740679264068604], "bottom_cabinet_lwjdmj_0": [4.080776214599609, 5.755871772766113, 4.928597450256348], "bottom_cabinet_lwjdmj_1": [-4.783422470092773, 13.33957290649414, 5.869198799133301], "bottom_cabinet_no_top_bmsclc_0": [6.383065223693848, 9.694665908813477, 5.47862434387207], "bottom_cabinet_no_top_pluwfl_0": [7.101063251495361, 10.743162155151367, 4.673527240753174], "bottom_cabinet_no_top_pluwfl_1": [6.282083034515381, 11.383505821228027, 0.940117597579956], "bottom_cabinet_no_top_pluwfl_2": [4.578551769256592, 11.55823040008545, 5.6014790534973145], "bottom_cabinet_no_top_qohxjq_0": [6.471590042114258, 12.198619842529297, 5.110147953033447], "bottom_cabinet_no_top_qohxjq_1": [3.189519166946411, 12.443824768066406, 6.150633335113525], "bottom_cabinet_no_top_qohxjq_2": [4.83470344543457, 10.212069511413574, 5.827690124511719], "coffee_maker_pyttso_0": [4.377681255340576, 12.848823547363281, 5.237771034240723], "countertop_tpuwys_0": [3.775127410888672, 12.610429763793945, 4.7231855392456055], "countertop_tpuwys_1": [4.752030372619629, 12.6900634765625, 0.18964576721191406], "countertop_tpuwys_2": [7.717898368835449, 12.70079517364502, 4.6292033195495605], "countertop_tpuwys_3": [6.6446404457092285, 6.918365478515625, 0.9987971782684326], "countertop_tpuwys_4": [6.8572678565979, 8.281627655029297, 1.044992208480835], "countertop_tpuwys_5": [5.273561000823975, 11.417719841003418, 1.2114546298980713], "countertop_tpuwys_6": [4.683241367340088, 10.879380226135254, 0.7705268859863281], "countertop_tpuwys_7": [4.8363728523254395, 11.016037940979004, 0.05472707748413086], "dishwasher_dngvvi_0": [5.0080413818359375, 12.570884704589844, 0.2891721725463867], "electric_switch_wseglt_0": [0.7131199240684509, 8.942625045776367, 6.189774036407471], "electric_switch_wseglt_1": [0.8438052535057068, 2.4190449714660645, 0.5048713684082031], "electric_switch_wseglt_10": [1.146143913269043, 8.575589179992676, 1.4324722290039062], "electric_switch_wseglt_11": [2.5205416679382324, 8.710142135620117, 1.5378221273422241], "electric_switch_wseglt_2": [-1.1466742753982544, -3.165494441986084, 4.454854965209961], "electric_switch_wseglt_3": [-4.307602882385254, -2.9432458877563477, 5.133028507232666], "electric_switch_wseglt_4": [-2.0931925773620605, -0.38711798191070557, 1.5672805309295654], "electric_switch_wseglt_5": [-2.702096939086914, 0.39343780279159546, 3.9333317279815674], "electric_switch_wseglt_6": [-2.249207019805908, 0.15077881515026093, 4.075068950653076], "electric_switch_wseglt_7": [-0.8422280550003052, 1.3676658868789673, 3.2693071365356445], "electric_switch_wseglt_8": [2.1370396614074707, 7.658603191375732, 5.683736324310303], "electric_switch_wseglt_9": [1.0117251873016357, 5.268479824066162, 0.9349191188812256], "fridge_dszchb_0": [5.4525251388549805, 8.179520606994629, 5.1155571937561035], "grandfather_clock_veyqcp_0": [-1.059770107269287, 0.9948577880859375, 5.965474605560303], "microwave_bfbeeb_0": [5.4198174476623535, 8.294647216796875, 2.071063280105591], "mirror_pevdqu_0": null, "mirror_pevdqu_1": [-4.545191764831543, 0.006049633026123047, 4.692455291748047], "mirror_pevdqu_2": [-0.8785632252693176, 2.4253532886505127, 2.294015884399414],