{
    "nextto": {
        "countertop_tpuwys_7": [
            [
                -7.767553682327271,
                7.3734508228302005,
                0
            ]
        ],
        "beefsteak_tomato_eevvzv_1": [
            [
                -7.767553682327271,
                7.3734508228302005,
                0
            ]
        ],
        "oven_fexqbj_1": [
            -4.975780963897705,
            6.77099609375,
            2.4701640605926514
        ],
        "breakfast_table_zypvuv_0": [
            -2.7604472637176514,
            9.49522590637207,
            5.486623287200928
        ]
    },
    "ontop": {
        "beefsteak_tomato_eevvzv_1": {
            "breakfast_table_zypvuv_0": [
                [
                    -1.7552406787872314,
                    7.140395164489746,
                    0.7784419655799866
                ],
                [
                    -0.20643159747123718,
                    0.03978557884693146,
                    -0.03285868093371391,
                    0.9770994782447815
                ]
            ]
        }
    },
    "inside": {}
}