{
    "nextto": {
        "coffee_table_gpkbiw_0": [
            [
                -4.125184721946716,
                6.00859893321991,
                0
            ]
        ],
        "paperback_book_dbmzmo_1": [
            [
                -4.125184721946716,
                6.00859893321991,
                0
            ]
        ],
        "shelf_iwziew_1": [
            [
                -3.1524995326995846,
                -2.6374995708465576,
                0
            ]
        ],
        "fairy_light_waitum_1": [
            2.4479165077209473,
            2.3298583030700684,
            5.397109508514404
        ]
    },
    "ontop": {
        "paperback_book_dbmzmo_1": {
            "shelf_iwziew_1": [
                [
                    -1.6528868675231934,
                    -1.6306954622268677,
                    0.5232057571411133
                ],
                [
                    -0.07293570041656494,
                    0.05783843994140625,
                    -0.20460961759090424,
                    0.974407434463501
                ]
            ]
        }
    },
    "inside": {}
}