{
    "nextto": {
        "coffee_table_qlmqyy_1": [
            [
                -4.0445845556259155,
                10.316400318145753,
                0
            ]
        ],
        "coffee_cup_ckkwmj_1": [
            [
                -4.0445845556259155,
                10.316400318145753,
                0
            ]
        ],
        "router_tokdic_1": [
            [
                -4.0445845556259155,
                10.316400318145753,
                0
            ]
        ],
        "stand_dbskvf_1": [
            [
                -4.349384551048279,
                13.364400272369386,
                0
            ]
        ],
        "dishwasher_dngvvi_0": [
            6.072036266326904,
            12.510628700256348,
            4.8543219566345215
        ]
    },
    "ontop": {},
    "inside": {
        "coffee_cup_ckkwmj_1": {
            "dishwasher_dngvvi_0": [
                [
                    5.9928693771362305,
                    12.632838249206543,
                    0.7375550866127014
                ],
                [
                    0.15648148953914642,
                    0.9612767100334167,
                    -0.037418924272060394,
                    0.2237417995929718
                ]
            ]
        }
    }
}