{
    "nextto": {
        "scoreboard_oiiyae_1": [
            [
                -4.457294845581054,
                -0.727703475952148,
                0
            ]
        ],
        "shelf_iwziew_1": [
            [
                -4.4522955083847044,
                8.04229787349701,
                0
            ]
        ],
        "carton_hhlmbi_1": [
            [
                -4.4522955083847044,
                8.04229787349701,
                0
            ]
        ],
        "pedestal_table_oqclwq_1": [
            [
                -2.0882948875427245,
                12.531495838165284,
                0
            ]
        ]
    },
    "ontop": {
        "carton_hhlmbi_1": {
            "pedestal_table_oqclwq_1": [
                [
                    -0.5513880252838135,
                    11.31860637664795,
                    0.5101236701011658
                ],
                [
                    6.690126610919833e-05,
                    -2.371380105614662e-06,
                    -0.0708172619342804,
                    0.9974893927574158
                ]
            ]
        }
    },
    "inside": {}
}