{
    "nextto": {
        "reception_desk_kjmhgc_1": [
            [
                -6.120765180587769,
                6.056020021438599,
                0
            ]
        ],
        "lasagna_eovigz_1": [
            [
                -4.3641907787323,
                4.738589220046997,
                0
            ]
        ],
        "oven_fexqbj_1": [
            -5.524333953857422,
            6.8359198570251465,
            0.7193827629089355
        ]
    },
    "ontop": {},
    "inside": {
        "lasagna_eovigz_1": {
            "oven_fexqbj_1": [
                [
                    -4.419142246246338,
                    6.511425018310547,
                    1.1019998788833618
                ],
                [
                    -0.009804364293813705,
                    1.6097910702228546e-05,
                    -0.0016238802345469594,
                    0.999950647354126
                ]
            ]
        }
    }
}