{"picture_frame_lxpxcf_1": [6.37285364151001, 7.0480457782745365, 0], "vase_kjeudr_1": [-1.7648950123786922, 2.6908966445922853, 0], "wardrobe_lrokhl_1": [-2.0882948875427245, 12.628095836639405, 0], "armchair_xqovyv_0": [-2.2327487468719482, 14.005958557128906, 4.738405227661133], "armchair_xqovyv_1": [-2.6628758907318115, 13.946064949035645, 5.345260143280029], "bottom_cabinet_bamfsz_0": [-4.315164566040039, 12.949097633361816, 1.778598666191101], "bottom_cabinet_bamfsz_1": [-4.147456169128418, 10.676653861999512, 4.49740743637085], "bottom_cabinet_jhymlr_0": [5.533961296081543, -0.7326223850250244, 5.029066562652588], "bottom_cabinet_jhymlr_1": [-4.645104885101318, 8.9727201461792, 5.6757659912109375], "breakfast_table_dnsjnv_0": [-0.9897671341896057, -0.22573566436767578, 5.966836452484131], "breakfast_table_skczfi_0": [-3.7477853298187256, -6.70275354385376, 0.38301706314086914], "breakfast_table_skczfi_1": [-4.703305721282959, 0.8132017850875854, 0.9178550243377686], "breakfast_table_skczfi_2": [-2.247744560241699, 13.30756664276123, 0.21993327140808105], "coffee_table_qlmqyy_0": [4.827151775360107, 7.177046298980713, 2.2279014587402344], "coffee_table_qlmqyy_1": [6.362224578857422, 8.123133659362793, 6.173214435577393], "pool_table_atjfhn_0": [-1.4510550498962402, -2.246878147125244, 5.192013263702393], "straight_chair_eospnr_0": [-3.309626340866089, -6.770057201385498, 2.105638027191162], "straight_chair_eospnr_1": [-4.557855129241943, -6.3976335525512695, 0.633394718170166], "straight_chair_psoizi_0": [-1.038093090057373, -1.2205976247787476, 0.8937225341796875], "straight_chair_psoizi_1": [-0.0468745231628418, -0.9808812141418457, 0.7652103900909424], "straight_chair_psoizi_2": [0.21281228959560394, -1.9120991230010986, 2.3352177143096924], "straight_chair_psoizi_3": [-0.19234853982925415, -1.6584559679031372, 4.44138240814209], "swivel_chair_dxusxd_0": [-2.5115857124328613, -0.46880823373794556, 2.3075995445251465], "table_lamp_xbfgjc_0": null, "table_lamp_xbfgjc_1": [5.977507591247559, -0.25387245416641235, 1.458116888999939], "table_lamp_xbfgjc_2": [3.7326500415802, 8.443803787231445, 5.486220836639404], "table_lamp_xbfgjc_3": [5.118497371673584, 7.800965309143066, 0.31986045837402344], "table_lamp_xbfgjc_4": [-4.832884788513184, 13.338443756103516, 5.287327289581299], "table_lamp_xbfgjc_5": [-4.320966720581055, 10.46839427947998, 5.258485794067383], "trash_can_zotrbg_0": [5.274984836578369, 4.566529750823975, 6.211764812469482], "bathtub_fdjykf_0": [-0.3777213394641876, 11.569477081298828, 6.143467903137207], "bed_mpgavt_0": [8.310332298278809, 1.130018711090088, 5.137861728668213], "bed_zrumze_0": [4.8605265617370605, 9.509251594543457, 5.709527015686035], "bed_zrumze_2": [-3.1582672595977783, 9.04724407196045, 0.25702834129333496], "bottom_cabinet_bamfsz_2": [0.6566808223724365, 7.86205530166626, 0.28451108932495117], "bottom_cabinet_immwzb_0": [6.681236743927002, 1.0208113193511963, 0.722362756729126], "bottom_cabinet_nnvyol_0": [-0.53965824842453, 14.190296173095703, 3.9581761360168457], "bottom_cabinet_nnvyol_1": [0.7352584600448608, 8.406730651855469, 0.45961737632751465], "bottom_cabinet_nnvyol_2": [1.8035290241241455, 9.069650650024414, 5.501174449920654], "bottom_cabinet_nnvyol_3": [3.7008399963378906, 9.011506080627441, 5.34350061416626], "bottom_cabinet_nnvyol_4": [4.333442687988281, 8.447237014770508, 5.168085098266602], "bottom_cabinet_nyfebf_0": [7.12589168548584, 0.08756373822689056, 5.887999057769775], "bottom_cabinet_no_top_qohxjq_0": [4.6910400390625, 10.986305236816406, 6.269870758056641], "bottom_cabinet_no_top_qohxjq_1": [4.480682373046875, 12.782281875610352, 5.66672420501709], "countertop_tpuwys_0": [5.373770236968994, 11.672259330749512, 5.724680423736572], "clothes_dryer_xsuyua_0": [0.6962727904319763, 7.37854528427124, 5.47487735748291], "electric_switch_wseglt_0": [1.1912000179290771, 11.719300270080566, 4.739315986633301], "electric_switch_wseglt_1": [0.7421773076057434, 0.5224984884262085, 2.3005716800689697], "electric_switch_wseglt_10": [-1.270946979522705, 5.600930690765381, 4.459588527679443], "electric_switch_wseglt_11": [-1.80777907371521, 7.492054462432861, 1.5603169202804565], "electric_switch_wseglt_12": [-0.6068451404571533, 8.091487884521484, 0.003777742385864258], "electric_switch_wseglt_13": [-0.2949238717556, 9.77499771118164, 0.3043217658996582], "electric_switch_wseglt_14": [4.940248489379883, 10.558938026428223, 1.2308001518249512], "electric_switch_wseglt_2": [2.6552951335906982, 0.47200655937194824, 2.5809926986694336], "electric_switch_wseglt_3": [2.8525826930999756, 1.34307861328125, 1.0127449035644531], "electric_switch_wseglt_4": [2.683866024017334, 2.9664041996002197, 3.861457109451294], "electric_switch_wseglt_5": [3.6430680751800537, 3.143747329711914, 5.925459384918213], "electric_switch_wseglt_6": [2.9328622817993164, 4.733449459075928, 0.31131720542907715], "electric_switch_wseglt_7": [0.9624601602554321, 5.347426414489746, 0.31516265869140625], "electric_switch_wseglt_8": [2.3001465797424316, 3.5076229572296143, 4.957355499267578], "electric_switch_wseglt_9": [-1.4261044263839722, 4.917565822601318, 1.0818078517913818], "mirror_pevdqu_0": [6.115701198577881, 5.218288421630859, 5.277532577514648], "mirror_pevdqu_1": [-2.393540382385254, 8.817826271057129, 5.817838668823242], "mirror_pevdqu_2": [0.8374252915382385, 8.629326820373535, 4.521125316619873], "mirror_pevdqu_3": [3.5048625469207764, 8.502824783325195, 4.2426958084106445], "mirror_pevdqu_4": [5.211708068847656, 11.790595054626465, 5.91856050491333], "picture_cltbty_0": [7.667773723602295, 1.729014277458191, 4.05237340927124], "picture_fhkzlm_0": [7.224623680114746, 1.1135214567184448, 0.3026275634765625], "picture_qavxsz_0": [6.859181880950928, 4.800126075744629, 3.4252185821533203], "picture_rciuob_0": [4.8451738357543945, 8.185118675231934, 5.882385730743408], "picture_tlwjpv_0": [-4.579195022583008, 5.6538519859313965, 2.0428762435913086], "picture_yrgaal_0": [-3.3053841590881348, -6.522411346435547, 6.147597312927246], "picture_ytxhyl_0": [5.078176021575928, 3.050976276397705, 0.033820152282714844], "picture_zsirgc_0": [6.202989101409912, 7.9382829666137695, 2.164712905883789], "shower_stall_invgma_0": [6.893215179443359, 5.422313213348389, 1.3237221240997314], "shower_stall_invgma_1": [0.8805958032608032, 8.961308479309082, 0.9033713340759277], "sink_ksecxq_0": [0.28358936309814453, 6.761293411254883, 0.8490467071533203], "sink_ksecxq_1": [3.6121826171875, 7.825647830963135, 0.8456647396087646], "sink_ksecxq_2": [1.0903061628341675, 9.502776145935059, 4.147421836853027], "sink_xiybkb_0": [3.766430377960205, 4.7324981689453125, 0.8651108741760254], "sink_xiybkb_1": [4.255346298217773, 3.8261098861694336, 1.8041678667068481], "toilet_kfmkbm_0": [5.723485469818115, 5.157084941864014, 5.775293827056885], "top_cabinet_fqhdne_0": [-4.482934951782227, -0.3341723084449768, 2.6284728050231934], "top_cabinet_fqhdne_1": [2.271418571472168, 4.901468753814697, 4.43033504486084], "top_cabinet_fqhdne_2": [1.5980720520019531, 8.304219245910645, 6.035221099853516], "top_cabinet_jvdbxh_0": [-4.2472076416015625, 0.5861071348190308, 2.5981061458587646], "towel_rack_kqrmrh_0": [5.540599346160889, 3.186305522918701, 6.150712013244629], "treadmill_ackppx_0": [-3.5824332237243652, 7.6623077392578125, 0.5697412490844727], "treadmill_ackppx_1": [-2.7395882606506348, 7.276259899139404, 0.6654636859893799], "washer_omeuop_0": [1.7169089317321777, 5.373035907745361, 6.018763065338135], "Light_test": null, "robot0": null}