{
    "nextto": {
        "backpack_gvbiwl_1": [
            [
                -4.3857990026474,
                -4.8908000707626345,
                0
            ]
        ],
        "erlenmeyer_flask_iwwpsf_1": [
            [
                -4.3857990026474,
                -4.8908000707626345,
                0
            ]
        ],
        "coffee_table_gpkbiw_0": [
            -2.381525754928589,
            5.088638782501221,
            1.3933931589126587
        ]
    },
    "ontop": {
        "erlenmeyer_flask_iwwpsf_1": {
            "coffee_table_gpkbiw_0": [
                [
                    -2.6751797199249268,
                    6.089979648590088,
                    0.47057977318763733
                ],
                [
                    0.001962558599188924,
                    -0.007078842725604773,
                    -0.01147651206701994,
                    0.9999071359634399
                ]
            ]
        }
    },
    "inside": {}
}