{
    "nextto": {
        "pedestal_table_oqclwq_1": [
            [
                1.294004398584366,
                0.22259718477725993,
                0
            ]
        ],
        "mango_phdamg_1": [
            [
                1.294004398584366,
                0.22259718477725993,
                0
            ]
        ],
        "cooler_pnkiag_1": [
            [
                -4.4522955083847044,
                8.04229787349701,
                0
            ]
        ],
        "shelf_iwziew_1": [
            [
                0.40240475416183474,
                5.770797216892242,
                0
            ]
        ],
        "rice_cooker_qatgeb_1": [
            [
                0.40240475416183474,
                5.770797216892242,
                0
            ]
        ],
        "reception_desk_kjmhgc_1": [
            [
                1.8664043593406678,
                7.771596677303314,
                0
            ]
        ]
    },
    "ontop": {
        "rice_cooker_qatgeb_1": {
            "reception_desk_kjmhgc_1": [
                [
                    0.7596548795700073,
                    6.680434226989746,
                    1.0133355855941772
                ],
                [
                    -0.0032545130234211683,
                    0.0011951526394113898,
                    -0.1056315153837204,
                    0.9943992495536804
                ]
            ]
        }
    },
    "inside": {
        "mango_phdamg_1": {
            "cooler_pnkiag_1": [
                [
                    -2.352771520614624,
                    8.113119125366211,
                    0.13316534459590912
                ],
                [
                    -0.27628275752067566,
                    -0.2138480246067047,
                    -0.027530856430530548,
                    0.9365783333778381
                ]
            ]
        }
    }
}