{"bucket_lsmlzi_1": [-2.1935504853725436, 1.5291503608226777, 0], "mop_bucket_xjzyfc_1": [-4.11699903011322, -4.28600013256073, 0], "bicycle_rack_mltrbs_1": [-1.2756848096847535, 0.3530999898910522, 0], "armchair_bslhmj_0": [-3.5018627643585205, 5.35306453704834, 0.9613542556762695], "armchair_xpcheg_0": [0.194885715842247, 10.681654930114746, 0.8764820098876953], "bottom_cabinet_jrhgeu_0": null, "breakfast_table_dnsjnv_0": [-3.9340178966522217, -3.195901870727539, 4.053300380706787], "breakfast_table_dnsjnv_1": [2.3394277095794678, 9.967362403869629, 5.59548807144165], "breakfast_table_skczfi_0": [-4.590450763702393, -4.847328186035156, 0.601815938949585], "breakfast_table_skczfi_1": [-4.875098705291748, -0.7357515096664429, 4.7488603591918945], "breakfast_table_skczfi_2": [-3.4255149364471436, -2.288970708847046, 0.15151214599609375], "breakfast_table_skczfi_3": [-2.8268003463745117, 7.605669975280762, 1.32943594455719], "breakfast_table_zypvuv_0": [2.4877498149871826, 7.331757068634033, 5.74821662902832], "cedar_chest_fwstpx_0": [-0.34907445311546326, 13.760553359985352, 6.155404090881348], "coffee_table_gpkbiw_0": [-2.199676752090454, 5.3688483238220215, 0.21499991416931152], "coffee_table_gpkbiw_1": [-0.8678139448165894, 11.004383087158203, 3.603639602661133], "coffee_table_qlmqyy_0": [-4.543081760406494, 13.023252487182617, 0.6678445339202881], "coffee_table_qlmqyy_1": [-3.8537521362304688, 9.747812271118164, 4.322862148284912], "console_table_emeeke_0": [-1.731401801109314, -6.874343395233154, 2.1656737327575684], "console_table_emeeke_1": [-2.2466583251953125, -0.419348806142807, 1.1044445037841797], "console_table_emeeke_2": [-0.5513120889663696, 6.086965084075928, 0.06990218162536621], "console_table_emeeke_3": [-1.689850091934204, 9.881179809570312, 5.898658752441406], "floor_lamp_jqsuky_0": [-4.210840225219727, 5.033495903015137, 0.8066792488098145], "pot_plant_jatssq_0": [-4.531879901885986, -2.9941368103027344, 0.9241073131561279], "pot_plant_jatssq_1": [-1.5566729307174683, 10.173807144165039, 5.208841800689697], "pot_plant_kxmvco_0": [3.658828020095825, 6.306779861450195, 0.28136754035949707], "pot_plant_kxmvco_1": [-3.8258376121520996, 10.068909645080566, 5.559912204742432], "pot_plant_udqjui_0": [6.778075218200684, 5.713830471038818, 3.995795726776123], "pot_plant_udqjui_1": [-3.720862865447998, 7.906768321990967, 1.5741328001022339], "pot_plant_udqjui_2": [1.0289469957351685, 12.3654146194458, 1.7536423206329346], "pot_plant_udqjui_3": [-3.338848829269409, 9.566629409790039, 3.800199270248413], "sofa_mnfbbh_0": [-0.2103452980518341, 9.84216022491455, 3.7661325931549072], "sofa_uixwiv_0": [-0.15615242719650269, 6.9664411544799805, 4.536088943481445], "sofa_uixwiv_1": [-4.673563480377197, 12.846787452697754, 4.585264205932617], "loudspeaker_snbvop_0": [-5.30610466003418, 9.39029598236084, 6.2573137283325195], "loudspeaker_snbvop_1": [-4.167922496795654, 10.02537727355957, 3.9378890991210938], "loudspeaker_snbvop_2": [-4.434505939483643, 12.348633766174316, 0.09510278701782227], "straight_chair_amgwaw_0": [-2.8293097019195557, -6.077205181121826, 6.182112216949463], "straight_chair_eospnr_0": [3.8374526500701904, 6.262027263641357, 5.908814430236816], "straight_chair_eospnr_1": [4.324432849884033, 7.685323238372803, 2.4993715286254883], "straight_chair_eospnr_2": [4.612783908843994, 7.049886703491211, 5.472382068634033], "straight_chair_eospnr_3": [4.904221057891846, 6.037038326263428, 0.9884316921234131], "straight_chair_eospnr_4": [3.590970039367676, 6.632007122039795, 6.057242393493652], "straight_chair_eospnr_5": [3.7806224822998047, 5.7738871574401855, 2.043890953063965], "straight_chair_psoizi_0": [2.8916115760803223, 10.846138954162598, 1.1879116296768188], "straight_chair_psoizi_1": [2.5917410850524902, 11.27686595916748, 1.4968469142913818], "straight_chair_psoizi_2": [1.8727319240570068, 10.419007301330566, 1.403020977973938], "straight_chair_psoizi_3": [1.387559413909912, 10.146454811096191, 0.4289102554321289], "swivel_chair_qtqitn_0": [-4.3860182762146, -5.686812877655029, 0.4712069034576416], "table_lamp_xbfgjc_0": [-0.706518292427063, -5.883842945098877, 5.620323657989502], "table_lamp_xbfgjc_1": [-5.194547176361084, -5.786291122436523, 0.816309928894043], "table_lamp_xbfgjc_2": [-4.700730323791504, -0.30006927251815796, 4.758522033691406], "bed_smmmaf_0": [-1.7024770975112915, -6.155673980712891, 0.8480749130249023], "bottom_cabinet_bamfsz_0": [5.7141194343566895, 9.6605863571167, 5.900712013244629], "bottom_cabinet_dajebq_0": null, "bottom_cabinet_jhymlr_0": [-1.7989649772644043, -0.5858554244041443, 6.174238681793213], "bottom_cabinet_lwjdmj_0": [4.759302139282227, 4.016644477844238, 1.4012248516082764], "bottom_cabinet_lwjdmj_1": [-4.593902111053467, 12.07798957824707, 6.112848281860352], "bottom_cabinet_no_top_bmsclc_0": [6.647705554962158, 8.751816749572754, 5.23123025894165], "bottom_cabinet_no_top_pluwfl_0": [7.674323558807373, 9.515290260314941, 1.6228723526000977], "bottom_cabinet_no_top_pluwfl_1": [6.692513942718506, 10.80439281463623, 5.531491279602051], "bottom_cabinet_no_top_pluwfl_2": [6.04755163192749, 11.09640884399414, 5.231202125549316], "bottom_cabinet_no_top_qohxjq_0": [6.814781665802002, 12.916922569274902, 5.841001987457275], "bottom_cabinet_no_top_qohxjq_1": [4.72820520401001, 13.369973182678223, 5.227625846862793], "bottom_cabinet_no_top_qohxjq_2": [5.3940653800964355, 10.85171890258789, 5.803613662719727], "coffee_maker_pyttso_0": [4.338465213775635, 11.653239250183105, 1.902401328086853], "countertop_tpuwys_0": [4.588877201080322, 11.77452564239502, 6.012496471405029], "countertop_tpuwys_1": [8.474361419677734, 11.677664756774902, 2.1076300144195557], "countertop_tpuwys_2": [7.898621082305908, 11.569351196289062, 2.937608003616333], "countertop_tpuwys_3": [7.683955669403076, 8.135361671447754, 1.65546452999115], "countertop_tpuwys_4": [6.971837997436523, 8.113027572631836, 3.632002115249634], "countertop_tpuwys_5": [5.749162673950195, 9.683450698852539, 3.1401193141937256], "countertop_tpuwys_6": [4.579610347747803, 10.433212280273438, 0.6241443157196045], "countertop_tpuwys_7": [4.924524307250977, 10.868327140808105, 6.2400054931640625], "dishwasher_dngvvi_0": [6.00160026550293, 11.58244800567627, 2.0874826908111572], "electric_switch_wseglt_0": [1.4411488771438599, 8.785470008850098, 2.061025381088257], "electric_switch_wseglt_1": [1.2094523906707764, 2.789210557937622, 4.500103950500488], "electric_switch_wseglt_10": [1.435658574104309, 9.197673797607422, 4.06729793548584], "electric_switch_wseglt_11": [2.53935170173645, 9.025111198425293, 1.957406759262085], "electric_switch_wseglt_2": [-1.7663414478302002, -3.1474483013153076, 5.5863471031188965], "electric_switch_wseglt_3": [-4.349757671356201, -4.162256240844727, 1.1019456386566162], "electric_switch_wseglt_4": [-2.2816901206970215, -0.45452216267585754, 1.3243560791015625], "electric_switch_wseglt_5": [-3.6529057025909424, -0.28760290145874023, 0.6043210029602051], "electric_switch_wseglt_6": [-2.367088794708252, -0.23074045777320862, 1.1625001430511475], "electric_switch_wseglt_7": [-1.2884324789047241, 0.9927813410758972, 1.2638111114501953], "electric_switch_wseglt_8": [2.290403127670288, 6.760796070098877, 1.1062028408050537], "electric_switch_wseglt_9": [1.475534200668335, 5.433422565460205, 3.0049996376037598], "fridge_dszchb_0": [4.99116849899292, 9.240584373474121, 0.6955180168151855], "grandfather_clock_veyqcp_0": [-0.8632813692092896, 0.6384717226028442, 1.1405911445617676], "microwave_bfbeeb_0": [5.591792106628418, 7.8233747482299805, 0.7812039852142334], "mirror_pevdqu_0": [3.511261224746704, 7.912763595581055, 2.742340087890625], "mirror_pevdqu_1": [-4.736705780029297, -0.1896447390317917, 5.450311183929443], "mirror_pevdqu_2": [-0.8528541922569275, 2.6167492866516113, 3.123392105102539], "mirror_pevdqu_3": [0.5910089612007141, 0.2099933922290802, 0.624408483505249],