{
    "nextto": {
        "reception_desk_kjmhgc_1": [
            [
                3.7145653533935548,
                11.367451057434083,
                0
            ]
        ],
        "mango_phdamg_1": [
            [
                4.188065414428712,
                11.367451057434083,
                0
            ]
        ],
        "shelf_owvfik_0": [
            [
                2.7675652313232426,
                9.946950874328614,
                0
            ]
        ],
        "tupperware_mkstwr_1": [
            [
                2.7675652313232426,
                9.946950874328614,
                0
            ]
        ],
        "stove_igwqpj_0": [
            6.602250576019287,
            10.991090774536133,
            3.908559560775757
        ]
    },
    "ontop": {},
    "inside": {
        "mango_phdamg_1": {
            "tupperware_mkstwr_1": [
                [
                    4.4336395263671875,
                    10.386738777160645,
                    0.9656063318252563
                ],
                [
                    -0.2538221478462219,
                    -0.12499154359102249,
                    -0.08478065580129623,
                    0.9553865790367126
                ]
            ]
        }
    }
}