{
    "nextto": {
        "countertop_tpuwys_7": [
            [
                3.33576530456543,
                11.367451057434083,
                0
            ]
        ],
        "orange_nlygru_1": [
            [
                3.33576530456543,
                11.367451057434083,
                0
            ]
        ],
        "oven_fexqbj_1": [
            3.6663293838500977,
            9.638528823852539,
            5.878742218017578
        ]
    },
    "ontop": {},
    "inside": {
        "orange_nlygru_1": {
            "oven_fexqbj_1": [
                [
                    4.054798603057861,
                    8.756190299987793,
                    1.1050407886505127
                ],
                [
                    0.1953224241733551,
                    0.38409504294395447,
                    -0.004881514236330986,
                    0.90238356590271
                ]
            ]
        }
    }
}