{
    "nextto": {
        "reception_desk_kjmhgc_1": [
            [
                4.5668654632568355,
                11.367451057434083,
                0
            ]
        ],
        "bread_slice_yedlgq_1": [
            [
                5.0403655242919925,
                11.367451057434083,
                0
            ]
        ],
        "breakfast_table_zypvuv_0": [
            [
                4.73006329536438,
                8.451751470565796,
                0
            ]
        ],
        "plate_qtfzeq_1": [
            [
                4.73006329536438,
                8.451751470565796,
                0
            ]
        ],
        "oven_fexqbj_1": [
            2.7388432025909424,
            8.57770824432373,
            5.946619510650635
        ]
    },
    "ontop": {
        "bread_slice_yedlgq_1": {
            "plate_qtfzeq_1": [
                [
                    5.37831974029541,
                    6.950987815856934,
                    0.7531023025512695
                ],
                [
                    0.014155624434351921,
                    0.0350475050508976,
                    -0.36076390743255615,
                    0.9318909049034119
                ]
            ]
        }
    },
    "inside": {
        "bread_slice_yedlgq_1": {
            "oven_fexqbj_1": [
                [
                    4.212924003601074,
                    8.606695175170898,
                    0.8678115606307983
                ],
                [
                    -0.010536909103393555,
                    0.035845257341861725,
                    -0.035017456859350204,
                    0.9986881613731384
                ]
            ]
        }
    }
}