{
    "nextto": {
        "bed_zrumze_0": [
            [
                3.921253833770752,
                7.252345762252808,
                0
            ]
        ],
        "backpack_gvbiwl_1": [
            [
                3.921253833770752,
                7.252345762252808,
                0
            ]
        ],
        "strawberry_ntxofi_1": [
            [
                4.329853801727294,
                7.11614577293396,
                0
            ]
        ],
        "cooler_pnkiag_1": [
            [
                0.40240475416183474,
                6.941996901035308,
                0
            ]
        ]
    },
    "ontop": {},
    "inside": {
        "strawberry_ntxofi_1": {
            "cooler_pnkiag_1": [
                [
                    0.996059238910675,
                    6.234513282775879,
                    0.11659165471792221
                ],
                [
                    -0.16427958011627197,
                    -0.8433245420455933,
                    -0.21365544199943542,
                    0.46493789553642273
                ]
            ]
        }
    }
}