{
    "nextto": {
        "shelf_iwziew_1": [
            [
                1.294004398584366,
                -0.8110028833150864,
                0
            ]
        ],
        "kale_kjyfdx_1": [
            [
                1.294004398584366,
                -0.8110028833150864,
                0
            ]
        ],
        "cooler_pnkiag_1": [
            [
                2.236404460668564,
                0.07059717476367959,
                0
            ]
        ]
    },
    "ontop": {},
    "inside": {
        "kale_kjyfdx_1": {
            "cooler_pnkiag_1": [
                [
                    1.50901460647583,
                    -0.8978396058082581,
                    0.09902368485927582
                ],
                [
                    0.6933945417404175,
                    -0.05049959570169449,
                    0.0019723116420209408,
                    0.7187836170196533
                ]
            ]
        }
    }
}