{
    "nextto": {
        "radiator_lnvush_1": [
            [
                -0.557219638824463,
                1.5295747256278993,
                0
            ]
        ],
        "booth_xzrpar_1": [
            [
                -8.096911668777466,
                8.14195237159729,
                0
            ]
        ],
        "green_onion_ljynzg_1": [
            [
                -8.096911668777466,
                9.130025815963744,
                0
            ]
        ],
        "chopping_board_drjnag_1": [
            [
                -8.096911668777466,
                7.373450803756714,
                0
            ]
        ]
    },
    "ontop": {
        "green_onion_ljynzg_1": {
            "chopping_board_drjnag_1": [
                [
                    -8.541631698608398,
                    8.947736740112305,
                    1.0081303119659424
                ],
                [
                    0.06864319741725922,
                    -0.054959215223789215,
                    -0.02594403177499771,
                    0.9957883358001709
                ]
            ]
        }
    },
    "inside": {}
}