{
    "nextto": {
        "cooler_pnkiag_1": [
            [
                3.33576530456543,
                11.367451057434083,
                0
            ]
        ],
        "tenderloin_gbyqap_1": [
            [
                3.33576530456543,
                11.367451057434083,
                0
            ]
        ],
        "coffee_maker_fwlabx_1": [
            [
                5.977463006973267,
                8.095351552963258,
                0
            ]
        ],
        "oven_fexqbj_1": [
            3.1766467094421387,
            8.486145973205566,
            1.5156015157699585
        ]
    },
    "ontop": {},
    "inside": {
        "tenderloin_gbyqap_1": {
            "oven_fexqbj_1": [
                [
                    4.013975620269775,
                    8.724020004272461,
                    0.8803892731666565
                ],
                [
                    -0.008520133793354034,
                    0.01044260524213314,
                    -0.012626690790057182,
                    0.9998294115066528
                ]
            ]
        }
    }
}