{"toy_figure_tjchdg_1": [0.3727051544189458, -0.727703475952148, 0], "pillow_vbgcmf_1": [-3.730494861602783, 9.826695880889893, 0], "bed_zrumze_0": [4.624105453491211, 4.953674793243408, 0.5615601539611816], "armchair_xqovyv_0": [-2.7809016704559326, 14.052895545959473, 5.5384368896484375], "armchair_xqovyv_1": [-0.9318800568580627, 13.050477027893066, 1.7708265781402588], "bottom_cabinet_bamfsz_0": [-4.27801513671875, 13.011100769042969, 5.6536078453063965], "bottom_cabinet_bamfsz_1": [-4.718905448913574, 9.889899253845215, 2.809054374694824], "bottom_cabinet_jhymlr_0": [5.195130825042725, -1.311143159866333, 3.1481077671051025], "bottom_cabinet_jhymlr_1": [-4.412296295166016, 9.160662651062012, 4.247715473175049], "breakfast_table_dnsjnv_0": [0.4249799847602844, -1.6454408168792725, 6.100409030914307], "breakfast_table_skczfi_0": [-4.292834281921387, -7.383899688720703, 1.7172701358795166], "breakfast_table_skczfi_1": [-2.119940996170044, 0.2921496033668518, 0.5980994701385498], "breakfast_table_skczfi_2": [-2.1615941524505615, 13.771086692810059, 2.2419729232788086], "coffee_table_qlmqyy_0": [4.221064567565918, 6.8572797775268555, 0.9264419078826904], "coffee_table_qlmqyy_1": [6.6266279220581055, 7.806733131408691, 5.43259334564209], "pool_table_atjfhn_0": [-2.7809672355651855, -0.8953182101249695, 0.11426472663879395], "straight_chair_eospnr_0": [-3.725792169570923, -5.542647361755371, 5.767299652099609], "straight_chair_eospnr_1": [-4.07159423828125, -5.195909023284912, 3.0773277282714844], "straight_chair_psoizi_0": [-1.4838827848434448, -2.62294602394104, 1.3473018407821655], "straight_chair_psoizi_1": [-0.03543037176132202, -0.39380306005477905, 5.412093639373779], "straight_chair_psoizi_2": [1.027343511581421, -1.4597384929656982, 2.16200852394104], "straight_chair_psoizi_3": [0.15669479966163635, -2.802380323410034, 1.2615591287612915], "swivel_chair_dxusxd_0": [-2.5341227054595947, -0.9775539636611938, 1.8586702346801758], "table_lamp_xbfgjc_0": [5.700229644775391, 2.5963501930236816, 0.5561263561248779], "table_lamp_xbfgjc_1": [5.925344467163086, -0.07879751920700073, 5.18070125579834], "table_lamp_xbfgjc_2": [4.233035087585449, 7.7789106369018555, 5.765471935272217], "table_lamp_xbfgjc_3": [5.978612899780273, 8.00799560546875, 4.872892379760742], "table_lamp_xbfgjc_4": [-4.278301239013672, 13.459457397460938, 0.7306451797485352], "table_lamp_xbfgjc_5": [-4.357817649841309, 9.38383674621582, 2.1978046894073486], "trash_can_zotrbg_0": [5.249039649963379, 5.072600364685059, 5.220316410064697], "bathtub_fdjykf_0": [-0.1355576068162918, 11.24133014678955, 1.1933839321136475], "bed_mpgavt_0": [3.9682774543762207, 0.6979250907897949, 6.182958602905273], "bed_zrumze_2": [-4.789168834686279, 13.2742919921875, 6.022735118865967], "bottom_cabinet_bamfsz_2": [0.1904432773590088, 7.405951023101807, 0.48096489906311035], "bottom_cabinet_immwzb_0": [7.399182319641113, 2.3690848350524902, 5.5870280265808105], "bottom_cabinet_nnvyol_0": [-0.675092339515686, 12.691448211669922, 5.767653942108154], "bottom_cabinet_nnvyol_1": [0.2081475406885147, 8.684759140014648, 3.966486930847168], "bottom_cabinet_nnvyol_2": [1.883048415184021, 9.15113353729248, 3.4551544189453125], "bottom_cabinet_nnvyol_3": [2.9155406951904297, 8.195910453796387, 6.065148830413818], "bottom_cabinet_nnvyol_4": [4.615360736846924, 8.23949909210205, 2.421691656112671], "bottom_cabinet_nyfebf_0": [7.20592737197876, 0.12598471343517303, 5.783557891845703], "bottom_cabinet_no_top_qohxjq_0": [4.783811092376709, 11.298319816589355, 5.665209770202637], "bottom_cabinet_no_top_qohxjq_1": null, "countertop_tpuwys_0": [4.614196300506592, 13.154315948486328, 0.5909912586212158], "clothes_dryer_xsuyua_0": [2.543382167816162, 6.823653697967529, 0.34801554679870605], "electric_switch_wseglt_0": [0.9327479600906372, 11.777770042419434, 5.4956793785095215], "electric_switch_wseglt_1": [0.26416873931884766, 1.0496269464492798, 5.428815841674805], "electric_switch_wseglt_10": [-1.0547839403152466, 5.186586380004883, 3.4009017944335938], "electric_switch_wseglt_11": [-1.846847653388977, 7.415002346038818, 1.3141508102416992], "electric_switch_wseglt_12": [0.03578074648976326, 7.471130847930908, 1.697867751121521], "electric_switch_wseglt_13": [0.2705680727958679, 10.545818328857422, 4.503174304962158], "electric_switch_wseglt_14": [4.654136657714844, 11.058775901794434, 6.231190204620361], "electric_switch_wseglt_2": [2.4373507499694824, 1.3151326179504395, 4.738584518432617], "electric_switch_wseglt_3": [2.9369754791259766, 2.348975658416748, 5.081663131713867], "electric_switch_wseglt_4": [2.8858542442321777, 2.814534902572632, 3.280606746673584], "electric_switch_wseglt_5": [3.060164213180542, 3.067671298980713, 6.280516147613525], "electric_switch_wseglt_6": [3.4492552280426025, 5.232142448425293, 4.962375164031982], "electric_switch_wseglt_7": [1.4891561269760132, 5.2451300621032715, 1.2179518938064575], "electric_switch_wseglt_8": [2.248363494873047, 3.5238327980041504, 5.067260265350342], "electric_switch_wseglt_9": [-1.1053940057754517, 5.204405307769775, 3.7188117504119873], "mirror_pevdqu_0": null, "mirror_pevdqu_1": [-3.6475374698638916, 8.121617317199707, 1.2594083547592163], "mirror_pevdqu_2": [1.253624677658081, 8.517935752868652, 5.486932754516602], "mirror_pevdqu_3": [2.444288969039917, 8.074112892150879, 1.1436280012130737], "mirror_pevdqu_4": [5.840759754180908, 12.72120475769043, 4.45203161239624], "picture_cltbty_0": [7.4771409034729, 1.8062691688537598, 4.681811332702637], "picture_fhkzlm_0": [6.851916790008545, 0.3829708695411682, 0.25740575790405273], "picture_qavxsz_0": [5.250797271728516, 5.254101753234863, 5.198795318603516], "picture_rciuob_0": [4.136441230773926, 7.696817398071289, 0.7297310829162598], "picture_tlwjpv_0": [-5.188165664672852, 6.7389020919799805, 5.866926193237305], "picture_yrgaal_0": [-0.3445669412612915, -6.8457350730896, 1.5443097352981567], "picture_ytxhyl_0": [4.127285480499268, 3.444746494293213, 4.60825777053833], "picture_zsirgc_0": [5.0256452560424805, 8.299784660339355, 5.275419235229492], "shower_stall_invgma_0": [6.6092143058776855, 2.07491135597229, 1.0872242450714111], "shower_stall_invgma_1": [1.1356276273727417, 9.01247501373291, 4.822962760925293], "sink_ksecxq_0": [0.6012932062149048, 7.662390232086182, 5.29893684387207], "sink_ksecxq_1": [4.723544597625732, 8.327144622802734, 0.9604828357696533], "sink_ksecxq_2": [0.7740641832351685, 8.998263359069824, 0.8308484554290771], "sink_xiybkb_0": [4.614518165588379, 3.773549795150757, 2.498183250427246], "sink_xiybkb_1": [5.363500118255615, 5.518360137939453, 4.277500152587891], "toilet_kfmkbm_0": [5.851518154144287, 3.487804412841797, 0.8376362323760986], "top_cabinet_fqhdne_0": [-5.143549919128418, -1.5453180074691772, 0.9763233661651611], "top_cabinet_fqhdne_1": null, "top_cabinet_fqhdne_2": [0.788390040397644, 8.04288101196289, 0.7926485538482666], "top_cabinet_jvdbxh_0": null, "towel_rack_kqrmrh_0": [3.8116672039031982, 3.152430534362793, 3.4046595096588135], "treadmill_ackppx_0": [-3.2099201679229736, 6.169739723205566, 1.0000646114349365], "treadmill_ackppx_1": [-1.8393718004226685, 5.232362270355225, 1.456106185913086], "washer_omeuop_0": [2.871506690979004, 6.301492691040039, 1.5770694017410278], "Light_test": null, "robot0": null}