{
    "nextto": {
        "shelf_iwziew_1": [
            [
                -4.414284482002258,
                4.325263967514038,
                0
            ]
        ],
        "vase_kjeudr_1": [
            [
                -4.414284482002258,
                4.325263967514038,
                0
            ]
        ],
        "spotlight_xwotqa_1": [
            -0.7081695795059204,
            0.7052128314971924,
            4.357543468475342
        ],
        "coffee_table_gpkbiw_0": [
            -3.2085025310516357,
            0.5381775498390198,
            5.858885288238525
        ]
    },
    "ontop": {
        "vase_kjeudr_1": {
            "coffee_table_gpkbiw_0": [
                [
                    -2.2520861625671387,
                    0.28561800718307495,
                    0.4667179584503174
                ],
                [
                    0.0006191864958964288,
                    -0.00027853305800817907,
                    -0.02482663094997406,
                    0.9996915459632874
                ]
            ]
        }
    },
    "inside": {}
}