{
    "nextto": {
        "reception_desk_kjmhgc_1": [
            [
                3.809265365600586,
                9.378750801086426,
                0
            ]
        ],
        "apple_pie_rpdhbr_1": [
            [
                4.945665512084961,
                9.378750801086426,
                0
            ]
        ],
        "stove_igwqpj_0": [
            6.154824256896973,
            10.004595756530762,
            0.7449891567230225
        ],
        "breakfast_table_zypvuv_0": [
            6.200406551361084,
            6.401598930358887,
            6.033008575439453
        ]
    },
    "ontop": {
        "apple_pie_rpdhbr_1": {
            "breakfast_table_zypvuv_0": [
                [
                    5.172296047210693,
                    6.922344207763672,
                    0.7560498714447021
                ],
                [
                    0.001290962565690279,
                    0.0076173520646989346,
                    -0.054514892399311066,
                    0.9984830617904663
                ]
            ]
        }
    },
    "inside": {}
}