{
    "nextto": {
        "chopping_board_drjnag_1": [
            [
                4.5668654632568355,
                11.651551094055176,
                0
            ]
        ],
        "chives_yifjct_1": [
            [
                4.661565475463867,
                11.746251106262207,
                0
            ]
        ],
        "breakfast_table_zypvuv_0": [
            [
                4.73006329536438,
                8.451751470565796,
                0
            ]
        ],
        "plate_qtfzeq_1": [
            [
                4.73006329536438,
                8.451751470565796,
                0
            ]
        ],
        "stove_igwqpj_0": [
            6.193678379058838,
            11.312292098999023,
            4.9892258644104
        ]
    },
    "ontop": {
        "chives_yifjct_1": {
            "plate_qtfzeq_1": [
                [
                    5.367924213409424,
                    6.96824312210083,
                    0.7582480907440186
                ],
                [
                    -0.7202953696250916,
                    -0.30112001299858093,
                    0.5828206539154053,
                    -0.2254357784986496
                ]
            ]
        }
    },
    "inside": {}
}