{
    "nextto": {
        "coffee_table_gpkbiw_0": [
            [
                -4.303584704399109,
                5.830198950767517,
                0
            ]
        ],
        "router_tokdic_1": [
            [
                -4.303584704399109,
                5.830198950767517,
                0
            ]
        ],
        "desk_cnewsu_1": [
            [
                -4.417449214458466,
                -4.937749850749969,
                0
            ]
        ],
        "desktop_computer_tbtham_1": [
            [
                -4.0979492211341855,
                -4.937749850749969,
                0
            ]
        ]
    },
    "ontop": {
        "router_tokdic_1": {
            "desk_cnewsu_1": [
                [
                    -2.4056572914123535,
                    -5.759907245635986,
                    0.7492272853851318
                ],
                [
                    -0.00025739334523677826,
                    -0.0022865424398332834,
                    -0.12060408294200897,
                    0.992698073387146
                ]
            ]
        }
    },
    "inside": {}
}