{
    "nextto": {
        "reception_desk_kjmhgc_1": [
            [
                4.472165451049805,
                11.367451057434083,
                0
            ]
        ],
        "parsnip_osqisk_1": [
            [
                4.85096549987793,
                11.367451057434083,
                0
            ]
        ],
        "shelf_owvfik_0": [
            [
                2.672865219116211,
                9.378750801086426,
                0
            ]
        ],
        "pitcher_mbrlge_1": [
            [
                2.672865219116211,
                9.378750801086426,
                0
            ]
        ],
        "toaster_oven_ctrngh_1": [
            [
                1.6311650848388672,
                9.473450813293457,
                0
            ]
        ],
        "breakfast_table_zypvuv_0": [
            3.5506556034088135,
            5.09049129486084,
            0.4576985836029053
        ]
    },
    "ontop": {
        "pitcher_mbrlge_1": {
            "breakfast_table_zypvuv_0": [
                [
                    4.674750328063965,
                    6.984328746795654,
                    0.8638747930526733
                ],
                [
                    -3.7746503949165344e-06,
                    6.352699710987508e-05,
                    -0.08975870907306671,
                    0.9959635138511658
                ]
            ]
        }
    },
    "inside": {
        "parsnip_osqisk_1": {
            "toaster_oven_ctrngh_1": [
                [
                    2.291419267654419,
                    10.957395553588867,
                    0.8546064496040344
                ],
                [
                    0.1529475450515747,
                    0.163564532995224,
                    -0.0637434720993042,
                    0.9725176095962524
                ]
            ]
        }
    }
}