{
    "nextto": {
        "reception_desk_kjmhgc_1": [
            [
                -8.09691138267517,
                8.032166223526001,
                0
            ]
        ],
        "zucchini_udvfaz_1": [
            [
                -7.6577677822113035,
                9.020239324569701,
                0
            ]
        ],
        "oven_fexqbj_1": [
            -3.8542392253875732,
            6.359275817871094,
            0.6226541996002197
        ],
        "breakfast_table_zypvuv_0": [
            -3.52541184425354,
            7.232651710510254,
            5.097682952880859
        ]
    },
    "ontop": {
        "zucchini_udvfaz_1": {
            "breakfast_table_zypvuv_0": [
                [
                    -2.1421637535095215,
                    7.6359052658081055,
                    0.7966779470443726
                ],
                [
                    0.5701727271080017,
                    -0.4313586354255676,
                    0.31262287497520447,
                    0.6253796219825745
                ]
            ]
        }
    },
    "inside": {}
}