{
    "nextto": {
        "hutch_vsqsuy_1": [
            [
                4.106363439559936,
                8.451751470565796,
                0
            ]
        ],
        "fruitcake_kxckts_1": [
            [
                3.8390635013580323,
                8.451751470565796,
                0
            ]
        ],
        "cooler_pnkiag_1": [
            [
                1.6311650848388672,
                8.526450691223145,
                0
            ]
        ]
    },
    "ontop": {},
    "inside": {
        "fruitcake_kxckts_1": {
            "cooler_pnkiag_1": [
                [
                    3.3252744674682617,
                    9.06545352935791,
                    0.14475160837173462
                ],
                [
                    -0.0007868387037888169,
                    -0.0019339816644787788,
                    -0.08518180251121521,
                    0.9963632822036743
                ]
            ]
        }
    }
}