{
    "nextto": {
        "shelf_iwziew_1": [
            [
                1.294004398584366,
                -0.3550028532743454,
                0
            ]
        ],
        "enchilada_dwvaig_1": [
            [
                1.294004398584366,
                -0.8110028833150864,
                0
            ]
        ],
        "microwave_abzvij_1": [
            [
                0.40240475416183474,
                6.161197111606597,
                0
            ]
        ],
        "breakfast_table_skczfi_2": [
            -3.000645160675049,
            13.204536437988281,
            0.7169604301452637
        ]
    },
    "ontop": {
        "enchilada_dwvaig_1": {
            "breakfast_table_skczfi_2": [
                [
                    -2.238816022872925,
                    13.429059028625488,
                    0.8310723900794983
                ],
                [
                    -1.6047169992816634e-07,
                    -5.616093403659761e-06,
                    -0.00039008224848657846,
                    0.9999999403953552
                ]
            ]
        }
    },
    "inside": {}
}