{
    "nextto": {
        "reception_desk_kjmhgc_1": [
            [
                1.8664043593406678,
                7.771596677303314,
                0
            ]
        ],
        "chocolate_biscuit_xhmpht_1": [
            [
                1.2808045172691347,
                7.137196848392486,
                0
            ]
        ],
        "microwave_abzvij_1": [
            [
                1.2808045172691347,
                7.137196848392486,
                0
            ]
        ]
    },
    "ontop": {},
    "inside": {
        "chocolate_biscuit_xhmpht_1": {
            "microwave_abzvij_1": [
                [
                    1.2906464338302612,
                    7.933192729949951,
                    0.9806526303291321
                ],
                [
                    -0.005404068622738123,
                    0.03664202243089676,
                    -0.01565561071038246,
                    0.9991912841796875
                ]
            ]
        }
    }
}