{
    "nextto": {
        "countertop_tpuwys_7": [
            [
                3.33576530456543,
                10.231050910949707,
                0
            ]
        ],
        "chicken_leg_nhfiuh_1": [
            [
                3.33576530456543,
                10.231050910949707,
                0
            ]
        ],
        "platter_ekjpdj_1": [
            [
                3.3935636043548585,
                8.095351552963258,
                0
            ]
        ],
        "oven_fexqbj_1": [
            3.7812089920043945,
            7.838240146636963,
            0.3005990982055664
        ]
    },
    "ontop": {
        "chicken_leg_nhfiuh_1": {
            "platter_ekjpdj_1": [
                [
                    4.6428046226501465,
                    7.018758773803711,
                    0.7712725400924683
                ],
                [
                    -0.12573698163032532,
                    -0.06745428591966629,
                    0.6373129487037659,
                    0.7572795152664185
                ]
            ]
        }
    },
    "inside": {}
}