{
    "nextto": {
        "sink_zexzrc_0": [
            [
                2.4507611989974976,
                -0.5564639568328857,
                0
            ]
        ],
        "soap_dispenser_edinmg_1": [
            [
                2.4507611989974976,
                -0.5564639568328857,
                0
            ]
        ],
        "booth_xzrpar_1": [
            [
                0.5324859905242919,
                -2.0066512560844423,
                0
            ]
        ]
    },
    "ontop": {
        "soap_dispenser_edinmg_1": {
            "booth_xzrpar_1": [
                [
                    0.5463594198226929,
                    -1.0672913789749146,
                    0.8386821746826172
                ],
                [
                    0.5734677314758301,
                    0.4119449853897095,
                    0.5404927730560303,
                    0.45749711990356445
                ]
            ]
        }
    },
    "inside": {}
}