{
    "nextto": {
        "breakfast_table_zypvuv_0": [
            [
                -2.4249361848831175,
                9.139131121635437,
                0
            ]
        ],
        "plate_qtfzeq_1": [
            [
                -2.4249361848831175,
                9.139131121635437,
                0
            ]
        ],
        "dishwasher_dngvvi_0": [
            -9.277604103088379,
            8.776657104492188,
            2.3002405166625977
        ]
    },
    "ontop": {},
    "inside": {
        "plate_qtfzeq_1": {
            "dishwasher_dngvvi_0": [
                [
                    -8.833985328674316,
                    8.803963661193848,
                    0.23522843420505524
                ],
                [
                    0.010251160711050034,
                    -0.00036287051625549793,
                    -0.116215780377388,
                    0.9931710362434387
                ]
            ]
        }
    }
}