{
    "nextto": {
        "shelf_iwziew_1": [
            [
                1.7500044286251069,
                0.5265972048044205,
                0
            ]
        ],
        "apple_agveuv_1": [
            [
                1.294004398584366,
                0.5265972048044205,
                0
            ]
        ],
        "cooler_pnkiag_1": [
            [
                1.294004398584366,
                0.5265972048044205,
                0
            ]
        ],
        "coffee_cup_ckkwmj_1": [
            [
                0.6952046751976014,
                6.112397124767303,
                0
            ]
        ],
        "microwave_abzvij_1": [
            [
                0.40240475416183474,
                5.770797216892242,
                0
            ]
        ]
    },
    "ontop": {},
    "inside": {
        "apple_agveuv_1": {
            "cooler_pnkiag_1": [
                [
                    2.1966969966888428,
                    -0.3382400870323181,
                    0.14012619853019714
                ],
                [
                    -0.6743576526641846,
                    0.2455371618270874,
                    0.007218035403639078,
                    0.6963483691215515
                ]
            ]
        },
        "coffee_cup_ckkwmj_1": {
            "microwave_abzvij_1": [
                [
                    0.7229426503181458,
                    7.203945636749268,
                    0.11168891936540604
                ],
                [
                    -0.0015025304164737463,
                    0.0015274458564817905,
                    -0.010428892448544502,
                    0.9999433159828186
                ]
            ]
        }
    }
}