{
    "nextto": {
        "desk_cnewsu_1": [
            [
                -4.417449214458466,
                -4.937749850749969,
                0
            ]
        ],
        "laptop_sngiih_1": [
            [
                -3.842349226474762,
                -5.001649849414825,
                0
            ]
        ],
        "room_light_htznln_1": [
            1.4155851602554321,
            0.6751127243041992,
            3.748828649520874
        ],
        "coffee_table_gpkbiw_0": [
            -2.7516634464263916,
            5.5175700187683105,
            3.9587366580963135
        ]
    },
    "ontop": {
        "laptop_sngiih_1": {
            "coffee_table_gpkbiw_0": [
                [
                    -2.335759401321411,
                    6.108704566955566,
                    0.3962366580963135
                ],
                [
                    -0.00033507682383060455,
                    -0.0004607605224009603,
                    -0.25628846883773804,
                    0.9666001200675964
                ]
            ]
        }
    },
    "inside": {}
}