{
    "nextto": {
        "cabinet_base_dcmhhh_1": [
            [
                3.221254711151123,
                11.0122465801239,
                0
            ]
        ],
        "feta_gkaitc_1": [
            [
                3.493954658508301,
                11.0122465801239,
                0
            ]
        ],
        "toaster_oven_ctrngh_1": [
            [
                3.584854640960693,
                10.739546632766723,
                0
            ]
        ],
        "shelf_iwziew_1": [
            [
                0.7314548134803771,
                12.490047504901886,
                0
            ]
        ],
        "grape_uprbwp_1": [
            [
                0.590454819202423,
                12.490047504901886,
                0
            ]
        ],
        "cooler_pnkiag_1": [
            [
                0.40240475416183474,
                6.7955969405174255,
                0
            ]
        ]
    },
    "ontop": {},
    "inside": {}
}