{
    "nextto": {
        "reception_desk_kjmhgc_1": [
            [
                -8.09691138267517,
                8.032166223526001,
                0
            ]
        ],
        "strawberry_ntxofi_1": [
            [
                -7.108838281631471,
                8.690881624221802,
                0
            ]
        ],
        "stove_igwqpj_0": [
            -6.758750915527344,
            9.87442684173584,
            4.637815475463867
        ],
        "breakfast_table_zypvuv_0": [
            -1.5575449466705322,
            7.403658390045166,
            0.23390889167785645
        ]
    },
    "ontop": {
        "strawberry_ntxofi_1": {
            "breakfast_table_zypvuv_0": [
                [
                    -2.749450922012329,
                    8.112592697143555,
                    0.7836577296257019
                ],
                [
                    -0.2536660134792328,
                    -0.799461305141449,
                    -0.0320395790040493,
                    0.5435886383056641
                ]
            ]
        }
    },
    "inside": {}
}