{
    "nextto": {
        "shelf_iwziew_1": [
            [
                -3.3016903257369994,
                4.325263967514038,
                0
            ]
        ],
        "dried_apricot_fasedf_1": [
            [
                -3.5741623640060425,
                4.325263967514038,
                0
            ]
        ],
        "cooler_pnkiag_1": [
            [
                -5.791407480239869,
                5.726662321090698,
                0
            ]
        ]
    },
    "ontop": {},
    "inside": {
        "dried_apricot_fasedf_1": {
            "cooler_pnkiag_1": [
                [
                    -4.1785736083984375,
                    5.876639366149902,
                    0.1354752480983734
                ],
                [
                    0.013474514707922935,
                    -0.003377540037035942,
                    -0.0894489660859108,
                    0.9958944916725159
                ]
            ]
        }
    }
}