{
    "nextto": {
        "reception_desk_kjmhgc_1": [
            [
                3.1463652801513673,
                11.367451057434083,
                0
            ]
        ],
        "sugar_cookie_dough_qewbbb_1": [
            [
                3.7145653533935548,
                11.367451057434083,
                0
            ]
        ],
        "oven_fexqbj_1": [
            4.7075581550598145,
            7.855447292327881,
            2.875596046447754
        ],
        "breakfast_table_zypvuv_0": [
            6.658532619476318,
            6.52409029006958,
            4.516547679901123
        ]
    },
    "ontop": {
        "sugar_cookie_dough_qewbbb_1": {
            "breakfast_table_zypvuv_0": [
                [
                    4.264305114746094,
                    6.375068664550781,
                    0.7859021425247192
                ],
                [
                    -0.00730255339294672,
                    0.0021395268850028515,
                    -0.09663961082696915,
                    0.9952902793884277
                ]
            ]
        }
    },
    "inside": {}
}