{
    "nextto": {
        "backpack_gvbiwl_1": [
            [
                -2.3872948455810543,
                -1.5327034759521485,
                0
            ]
        ],
        "window_ulnafj_2": [
            -5.142651081085205,
            2.9146018028259277,
            5.774272918701172
        ],
        "conference_table_hdomxc_1": [
            0.3656678795814514,
            5.012275695800781,
            0.3834993839263916
        ]
    },
    "ontop": {
        "backpack_gvbiwl_1": {
            "conference_table_hdomxc_1": [
                [
                    -0.48996201157569885,
                    0.6417950987815857,
                    1.004138708114624
                ],
                [
                    0.40574726462364197,
                    -0.7617913484573364,
                    0.21492131054401398,
                    0.4570031464099884
                ]
            ]
        }
    },
    "inside": {}
}