{
    "nextto": {
        "reception_desk_kjmhgc_1": [
            [
                -8.09691138267517,
                8.032166223526001,
                0
            ]
        ],
        "burrito_mqjwjq_1": [
            [
                -7.6577677822113035,
                9.239811124801635,
                0
            ]
        ],
        "oven_fexqbj_1": [
            -4.3310933113098145,
            6.206426620483398,
            4.474465847015381
        ],
        "breakfast_table_zypvuv_0": [
            -2.401421070098877,
            9.369511604309082,
            3.72928524017334
        ]
    },
    "ontop": {
        "burrito_mqjwjq_1": {
            "breakfast_table_zypvuv_0": [
                [
                    -2.358738899230957,
                    6.630206108093262,
                    0.7796114683151245
                ],
                [
                    -0.03770364448428154,
                    0.0030810448806732893,
                    -0.06407763808965683,
                    0.997227668762207
                ]
            ]
        }
    },
    "inside": {}
}