{
    "nextto": {
        "reception_desk_kjmhgc_1": [
            [
                4.5668654632568355,
                11.367451057434083,
                0
            ]
        ],
        "green_bean_dyjvwv_1": [
            [
                4.756265487670898,
                11.367451057434083,
                0
            ]
        ],
        "breakfast_table_zypvuv_0": [
            [
                5.977463006973267,
                8.095351552963258,
                0
            ]
        ],
        "plate_qtfzeq_1": [
            [
                5.977463006973267,
                8.095351552963258,
                0
            ]
        ],
        "stove_igwqpj_0": [
            6.751389503479004,
            12.115442276000977,
            5.48858642578125
        ]
    },
    "ontop": {
        "green_bean_dyjvwv_1": {
            "plate_qtfzeq_1": [
                [
                    5.321374893188477,
                    6.714305400848389,
                    0.750660240650177
                ],
                [
                    0.016742875799536705,
                    0.02242598682641983,
                    0.011866617947816849,
                    0.9995378255844116
                ]
            ]
        }
    },
    "inside": {}
}