{
    "nextto": {
        "reception_desk_kjmhgc_1": [
            [
                -8.09691138267517,
                7.922380323410033,
                0
            ]
        ],
        "dumpling_upqcop_1": [
            [
                -8.09691138267517,
                8.690881624221802,
                0
            ]
        ],
        "oven_fexqbj_1": [
            -4.68294620513916,
            6.077220439910889,
            5.938815593719482
        ],
        "breakfast_table_zypvuv_0": [
            -1.2028238773345947,
            8.08537769317627,
            5.4566216468811035
        ]
    },
    "ontop": {
        "dumpling_upqcop_1": {
            "breakfast_table_zypvuv_0": [
                [
                    -2.6723618507385254,
                    8.066054344177246,
                    0.7742844820022583
                ],
                [
                    -0.0019460832700133324,
                    0.002947760745882988,
                    -0.005545306485146284,
                    0.9999783635139465
                ]
            ]
        }
    },
    "inside": {}
}