{"vacuum_bdmsbr_1": [5.260754837989807, 9.320046734809875, 0], "tissue_dispenser_sqmqyj_1": [5.311954307556151, 10.64864665031433, 0], "shelf_iwziew_1": [2.3931051707267765, 6.571696815490723, 0], "armchair_xqovyv_0": [-2.3912124633789062, 13.213862419128418, 0.8513095378875732], "armchair_xqovyv_1": [-1.725016474723816, 14.542407035827637, 4.764710903167725], "bottom_cabinet_bamfsz_0": [-3.649273157119751, 12.7166748046875, 2.87925386428833], "bottom_cabinet_bamfsz_1": [-4.287746906280518, 10.010416984558105, 6.2693705558776855], "bottom_cabinet_jhymlr_0": [4.770470142364502, 0.3193928003311157, 4.35465145111084], "bottom_cabinet_jhymlr_1": [-2.201465606689453, 9.262011528015137, 0.26979756355285645], "breakfast_table_dnsjnv_0": [0.4489561915397644, -2.957003355026245, 3.131734848022461], "breakfast_table_skczfi_0": [-4.306652545928955, -7.241271018981934, 0.6640346050262451], "breakfast_table_skczfi_1": [-4.5664567947387695, 0.48149192333221436, 0.9476118087768555], "breakfast_table_skczfi_2": [-2.379760503768921, 12.696638107299805, 2.509281873703003], "coffee_table_qlmqyy_0": [4.13325834274292, 7.800674915313721, 3.597736358642578], "coffee_table_qlmqyy_1": null, "pool_table_atjfhn_0": [-3.230325222015381, -5.833492755889893, 4.9492998123168945], "straight_chair_eospnr_0": [-3.84771466255188, -5.801129341125488, 0.07689452171325684], "straight_chair_eospnr_1": [-4.465456485748291, -5.169378757476807, 6.235980033874512], "straight_chair_psoizi_0": [-0.694706916809082, -1.757979393005371, 0.2662801742553711], "straight_chair_psoizi_1": [-0.33468833565711975, -1.757800817489624, 0.9824044704437256], "straight_chair_psoizi_2": [1.2244744300842285, -2.0667831897735596, 1.9946465492248535], "straight_chair_psoizi_3": [-0.8923937678337097, -1.8625515699386597, 6.157195091247559], "swivel_chair_dxusxd_0": [-4.504404544830322, -0.5153714418411255, 5.331053256988525], "table_lamp_xbfgjc_0": [5.801191329956055, 2.9955854415893555, 0.08643651008605957], "table_lamp_xbfgjc_1": [5.821274280548096, -0.7817093133926392, 0.052828073501586914], "table_lamp_xbfgjc_2": [4.549773216247559, 7.808741092681885, 0.22974467277526855], "table_lamp_xbfgjc_3": [5.908944606781006, 7.501094341278076, 1.2249488830566406], "table_lamp_xbfgjc_4": [-4.29268217086792, 13.621489524841309, 5.794644355773926], "table_lamp_xbfgjc_5": [-3.741001844406128, 10.40557861328125, 3.8856263160705566], "trash_can_zotrbg_0": [5.5156683921813965, 4.708302021026611, 5.98096227645874], "bathtub_fdjykf_0": [2.0002074241638184, 10.502948760986328, 2.410775661468506], "bed_mpgavt_0": [3.9803082942962646, 0.889125406742096, 0.25513768196105957], "bed_zrumze_0": [6.647937774658203, 7.91544246673584, 3.6237611770629883], "bed_zrumze_2": [-4.701448440551758, 9.143855094909668, 6.235846519470215], "bottom_cabinet_bamfsz_2": [0.7618504762649536, 8.474626541137695, 6.177122116088867], "bottom_cabinet_immwzb_0": [7.573497772216797, 2.3521196842193604, 1.512832760810852], "bottom_cabinet_nnvyol_0": [0.009732365608215332, 14.063666343688965, 5.249648094177246], "bottom_cabinet_nnvyol_1": [0.5984233021736145, 9.334240913391113, 4.310479164123535], "bottom_cabinet_nnvyol_2": [1.3631795644760132, 9.016067504882812, 0.444596529006958], "bottom_cabinet_nnvyol_3": [3.6857054233551025, 7.846858024597168, 2.1001322269439697], "bottom_cabinet_nnvyol_4": [4.019175052642822, 8.569385528564453, 0.3965127468109131], "bottom_cabinet_nyfebf_0": [6.902735710144043, -0.7284566760063171, 5.9235405921936035], "bottom_cabinet_no_top_qohxjq_0": [5.265922546386719, 11.139762878417969, 0.3606584072113037], "bottom_cabinet_no_top_qohxjq_1": [4.549105644226074, 12.322158813476562, 0.4258863925933838], "countertop_tpuwys_0": [5.089932441711426, 11.576801300048828, 2.288309097290039], "clothes_dryer_xsuyua_0": [1.7337349653244019, 7.785351753234863, 0.21140146255493164], "electric_switch_wseglt_0": [1.3570480346679688, 11.940980911254883, 4.3460693359375], "electric_switch_wseglt_1": [0.49200183153152466, 0.8936298489570618, 5.116664409637451], "electric_switch_wseglt_10": [-1.7676771879196167, 5.325143814086914, 5.798155307769775], "electric_switch_wseglt_11": [-1.6494252681732178, 7.246974945068359, 1.921126365661621], "electric_switch_wseglt_12": [-0.3733966648578644, 7.6011810302734375, 0.8641307353973389], "electric_switch_wseglt_13": [0.17342863976955414, 9.442005157470703, 1.5567729473114014], "electric_switch_wseglt_14": [5.342630386352539, 10.884572982788086, 2.624736785888672], "electric_switch_wseglt_2": [2.480586528778076, 0.9933381080627441, 4.563082695007324], "electric_switch_wseglt_3": [3.132708787918091, 1.3688033819198608, 1.7467824220657349], "electric_switch_wseglt_4": [2.4360342025756836, 3.420438289642334, 4.97307014465332], "electric_switch_wseglt_5": [3.5157229900360107, 2.6424248218536377, 1.0392086505889893], "electric_switch_wseglt_6": [3.8608975410461426, 4.613474369049072, 2.266263723373413], "electric_switch_wseglt_7": [1.0444128513336182, 5.242591857910156, 0.593726634979248], "electric_switch_wseglt_8": [2.5413107872009277, 2.625716209411621, 1.7596614360809326], "electric_switch_wseglt_9": [-1.3206983804702759, 5.0437493324279785, 0.9175348281860352], "mirror_pevdqu_0": [4.243466854095459, 4.859059810638428, 5.832136154174805], "mirror_pevdqu_1": [-2.6981067657470703, 8.795083045959473, 5.543531894683838], "mirror_pevdqu_2": [-0.1960718035697937, 8.606475830078125, 5.981071949005127], "mirror_pevdqu_3": [3.3636980056762695, 8.579362869262695, 5.0218186378479], "mirror_pevdqu_4": [5.8571343421936035, 13.300321578979492, 2.204094171524048], "picture_cltbty_0": [7.668276786804199, 0.4288513660430908, 2.5052220821380615], "picture_fhkzlm_0": [7.459702968597412, 0.8216938972473145, 4.733569145202637], "picture_qavxsz_0": [4.981417179107666, 4.406738758087158, 0.5385146141052246], "picture_rciuob_0": [4.489998817443848, 7.9460768699646, 0.924724817276001], "picture_tlwjpv_0": [-4.826358795166016, 5.5783610343933105, 5.283909320831299], "picture_yrgaal_0": [-3.160600423812866, -6.921298027038574, 0.7905738353729248], "picture_ytxhyl_0": [4.596984386444092, 3.224377393722534, 5.952104568481445], "picture_zsirgc_0": [5.099658489227295, 8.342019081115723, 4.842724800109863], "shower_stall_invgma_0": [7.50635290145874, 4.877596855163574, 5.6740312576293945], "shower_stall_invgma_1": [1.386242389678955, 7.68125057220459, 5.885285377502441], "sink_ksecxq_0": [0.9914989471435547, 7.591615676879883, 0.8718910217285156], "sink_ksecxq_1": [4.173418998718262, 8.19485855102539, 5.747842311859131], "sink_ksecxq_2": [1.8218425512313843, 8.925806045532227, 4.61119270324707], "sink_xiybkb_0": [4.343193531036377, 3.8224215507507324, 2.7408885955810547], "sink_xiybkb_1": [5.960315704345703, 3.994359016418457, 1.4898927211761475], "toilet_kfmkbm_0": [6.392978668212891, 4.32919979095459, 4.344690799713135], "top_cabinet_fqhdne_0": [-4.525583744049072, 2.0474743843078613, 4.553920745849609], "top_cabinet_fqhdne_1": [2.6038053035736084, 6.112387657165527, 4.862049579620361], "top_cabinet_fqhdne_2": null, "top_cabinet_jvdbxh_0": [-3.9592792987823486, 0.41137415170669556, 1.6967527866363525], "towel_rack_kqrmrh_0": [3.5786986351013184, 3.311316728591919, 5.1153564453125], "treadmill_ackppx_0": [-2.772024631500244, 6.740869998931885, 3.945183038711548], "treadmill_ackppx_1": [-3.101323127746582, 7.8073906898498535, 5.234371662139893], "washer_omeuop_0": [1.258304238319397, 6.76060676574707, 4.47976541519165], "Light_test": null, "robot0": null}