{
    "nextto": {
        "reception_desk_kjmhgc_1": [
            [
                4.377465438842774,
                11.367451057434083,
                0
            ]
        ],
        "chili_xhbpqh_1": [
            [
                4.756265487670898,
                11.367451057434083,
                0
            ]
        ],
        "toaster_kjwqav_1": [
            [
                1.6311650848388672,
                11.651551094055176,
                0
            ]
        ],
        "breakfast_table_zypvuv_0": [
            2.2654237747192383,
            7.426921844482422,
            5.362238883972168
        ]
    },
    "ontop": {
        "chili_xhbpqh_1": {
            "breakfast_table_zypvuv_0": [
                [
                    5.504268646240234,
                    6.758519649505615,
                    0.740353524684906
                ],
                [
                    0.7662290334701538,
                    0.02541966550052166,
                    0.018592825159430504,
                    0.64179527759552
                ]
            ]
        }
    },
    "inside": {}
}