{
    "nextto": {
        "coffee_table_qlmqyy_1": [
            [
                -7.176866044998169,
                -1.402210805416107,
                0
            ]
        ],
        "desk_phone_kpxrpb_1": [
            [
                -7.176866044998169,
                -1.402210805416107,
                0
            ]
        ],
        "desk_cnewsu_1": [
            [
                10.815859689712523,
                0.15084942340850824,
                0
            ]
        ]
    },
    "ontop": {
        "desk_phone_kpxrpb_1": {
            "desk_cnewsu_1": [
                [
                    12.629924774169922,
                    0.7983647584915161,
                    0.73451828956604
                ],
                [
                    -0.00027135538402944803,
                    0.0005914873327128589,
                    -0.13944333791732788,
                    0.9902297854423523
                ]
            ]
        }
    },
    "inside": {}
}