{
    "nextto": {
        "reception_desk_kjmhgc_1": [
            [
                -8.09691138267517,
                8.032166223526001,
                0
            ]
        ],
        "bread_slice_yedlgq_1": [
            [
                -8.09691138267517,
                8.471309823989868,
                0
            ]
        ],
        "toaster_kjwqav_1": [
            [
                -8.426269083023072,
                4.738589220046997,
                0
            ]
        ],
        "breakfast_table_zypvuv_0": [
            -1.1022682189941406,
            8.084436416625977,
            4.7326340675354
        ]
    },
    "ontop": {
        "bread_slice_yedlgq_1": {
            "breakfast_table_zypvuv_0": [
                [
                    -1.8109140396118164,
                    7.6953325271606445,
                    0.77330082654953
                ],
                [
                    0.0018470017239451408,
                    0.03764507919549942,
                    -0.03789716958999634,
                    0.9985706806182861
                ]
            ]
        }
    },
    "inside": {}
}