{
    "nextto": {
        "reception_desk_kjmhgc_1": [
            [
                2.1993651580810547,
                12.125051155090333,
                0
            ]
        ],
        "muffin_upcxno_1": [
            [
                2.7675652313232426,
                11.651551094055176,
                0
            ]
        ],
        "platter_ekjpdj_1": [
            [
                5.977463006973267,
                8.095351552963258,
                0
            ]
        ],
        "oven_fexqbj_1": [
            3.5906195640563965,
            7.797653675079346,
            0.24089741706848145
        ]
    },
    "ontop": {
        "muffin_upcxno_1": {
            "platter_ekjpdj_1": [
                [
                    5.449145793914795,
                    6.635369777679443,
                    0.7739477157592773
                ],
                [
                    0.01596064679324627,
                    -0.003938358277082443,
                    0.9998648762702942,
                    -0.0002612769603729248
                ]
            ]
        }
    },
    "inside": {}
}