{
    "nextto": {
        "reception_desk_kjmhgc_1": [
            [
                -6.120765180587769,
                6.056020021438599,
                0
            ]
        ],
        "apple_agveuv_1": [
            [
                -6.010979280471802,
                6.056020021438599,
                0
            ]
        ],
        "cooler_pnkiag_1": [
            [
                8.923282413482667,
                -2.237221736907959,
                1.5707963267948966
            ]
        ]
    },
    "ontop": {},
    "inside": {
        "apple_agveuv_1": {
            "cooler_pnkiag_1": [
                [
                    9.604540824890137,
                    -0.8972004652023315,
                    0.16424612700939178
                ],
                [
                    -0.38443782925605774,
                    -0.3551514744758606,
                    -0.09586784243583679,
                    0.8466902375221252
                ]
            ]
        }
    }
}