{
    "nearby": {
        "booth_xzrpar_1": [
            [
                -3.1166499042510987,
                13.19272458076477,
                0
            ]
        ],
        "fruitcake_kxckts_1": [
            [
                -2.9034499454498293,
                12.9795246219635,
                0
            ]
        ],
        "cooler_pnkiag_1": [
            [
                3.1510591983795164,
                20.90956554412842,
                0
            ]
        ]
    },
    "ontop": {},
    "inside": {
        "fruitcake_kxckts_1": {
            "cooler_pnkiag_1": [
                [
                    4.863944053649902,
                    21.743730545043945,
                    0.14453402161598206
                ],
                [
                    0.002624065615236759,
                    0.0006677806377410889,
                    -0.08098035305738449,
                    0.9967120289802551
                ]
            ]
        }
    },
    "nextto": {},
    "under": {}
}