{
    "nearby": {
        "console_table_tzkfqa_1": [
            [
                -0.9846503162384036,
                14.791724271774292,
                0
            ]
        ],
        "chocolate_chip_cookie_xprsse_1": [
            [
                -0.5582503986358643,
                15.21812418937683,
                0
            ]
        ],
        "chocolate_chip_cookie_xprsse_2": [
            [
                -0.5582503986358643,
                15.004924230575561,
                0
            ]
        ],
        "cooler_pnkiag_1": [
            [
                -3.7562497806549073,
                14.791724271774292,
                0
            ]
        ]
    },
    "ontop": {},
    "inside": {
        "chocolate_chip_cookie_xprsse_1": {
            "cooler_pnkiag_1": [
                [
                    -2.8835811614990234,
                    13.861363410949707,
                    0.1017633005976677
                ],
                [
                    5.518575198948383e-05,
                    -0.0036225500516593456,
                    -0.011008328758180141,
                    0.9999328851699829
                ]
            ]
        },
        "chocolate_chip_cookie_xprsse_2": {
            "cooler_pnkiag_1": [
                [
                    -2.9598023891448975,
                    14.283638000488281,
                    0.1011771708726883
                ],
                [
                    -0.0005069192266091704,
                    -0.0024502414744347334,
                    -0.016904713585972786,
                    0.9998539090156555
                ]
            ]
        }
    },
    "nextto": {},
    "under": {}
}