{
    "nearby": {
        "ceiling_fan_xtmacj_1": [
            -0.9239072203636169,
            1.1227854490280151,
            0.20414972305297852
        ],
        "window_ulnafj_3": [
            -3.225044012069702,
            7.910984039306641,
            3.106576442718506
        ]
    },
    "ontop": {},
    "inside": {},
    "nextto": {},
    "under": {}
}