{
    "nearby": {
        "chopping_board_drjnag_1": [
            [
                -6.04619435787201,
                -2.5746796083450314,
                0
            ]
        ],
        "pineapple_ttviux_1": [
            [
                -5.939594368934632,
                -2.5746796083450314,
                0
            ]
        ],
        "table_knife_eebpap_1": [
            [
                -5.406594424247742,
                -2.468079619407654,
                0
            ]
        ],
        "cooler_pnkiag_1": [
            [
                0.06260615587234494,
                3.988521325588226,
                1.5707963267948966
            ]
        ]
    },
    "ontop": {
        "pineapple_ttviux_1": {
            "chopping_board_drjnag_1": [
                [
                    -4.467463493347168,
                    -1.8599408864974976,
                    1.0364406108856201
                ],
                [
                    -0.04604830965399742,
                    0.015561993233859539,
                    -0.026114920154213905,
                    0.9984765648841858
                ]
            ]
        }
    },
    "inside": {
        "pineapple_ttviux_1": {
            "cooler_pnkiag_1": [
                [
                    1.3339658975601196,
                    3.6302833557128906,
                    0.21927376091480255
                ],
                [
                    -0.07336879521608353,
                    0.09830132871866226,
                    -0.033747598528862,
                    0.9918744564056396
                ]
            ]
        }
    },
    "nextto": {},
    "under": {}
}