{
    "nearby": {
        "desktop_computer_tbtham_1": [
            [
                3.0472126245498656,
                18.595297813415527,
                0
            ]
        ],
        "modem_axqxsv_1": [
            [
                3.7407844781875608,
                17.208154106140135,
                0
            ]
        ]
    },
    "ontop": {},
    "inside": {},
    "nextto": {},
    "under": {}
}