{
    "nearby": {
        "coffee_table_qlmqyy_1": [
            [
                -1.1512959349155427,
                -2.537703585624695,
                0
            ]
        ],
        "security_camera_tiscsa_1": [
            [
                -1.9812959539890287,
                -2.537703585624695,
                0
            ]
        ],
        "shelf_njwsoa_1": [
            1.8912138938903809,
            -2.5097811222076416,
            4.988487243652344
        ]
    },
    "ontop": {
        "security_camera_tiscsa_1": {
            "coffee_table_qlmqyy_1": [
                [
                    -1.897231936454773,
                    -2.047980785369873,
                    0.4544455111026764
                ],
                [
                    -0.05727112665772438,
                    -0.024799512699246407,
                    -0.047647200524806976,
                    0.9969125390052795
                ]
            ],
            "shelf_njwsoa_1": [
                [
                    1.434233546257019,
                    -2.5476672649383545,
                    2.4514026641845703
                ],
                [
                    -0.030187200754880905,
                    -0.04361957311630249,
                    0.9975656867027283,
                    -0.045265112072229385
                ]
            ]
        }
    },
    "inside": {},
    "nextto": {},
    "under": {}
}