{
    "nearby": {
        "shelf_iwziew_1": [
            [
                -4.985843912363052,
                -0.5666295588016509,
                0
            ]
        ],
        "electric_mixer_qornxa_1": [
            [
                -4.985843912363052,
                -0.5666295588016509,
                0
            ]
        ],
        "countertop_jveutp_0": [
            -8.54630184173584,
            -6.012316703796387,
            1.8396793603897095
        ]
    },
    "ontop": {
        "electric_mixer_qornxa_1": {
            "countertop_jveutp_0": [
                [
                    -7.6246466636657715,
                    -5.631443500518799,
                    1.2267483472824097
                ],
                [
                    -0.01003944780677557,
                    -0.01167532242834568,
                    0.9982010722160339,
                    0.05794352665543556
                ]
            ]
        }
    },
    "inside": {},
    "nextto": {},
    "under": {}
}