{
    "nearby": {
        "cooler_pnkiag_1": [
            [
                2.0930543684959413,
                7.8988453698158265,
                0
            ]
        ],
        "chanterelle_rwntzn_1": [
            [
                -0.9935959333181381,
                5.40939612865448,
                0
            ]
        ],
        "chanterelle_rwntzn_2": [
            [
                -1.1951959413290023,
                1.9821959924697876,
                0
            ]
        ],
        "chanterelle_rwntzn_3": [
            [
                -1.2623959439992904,
                4.535796093940735,
                0
            ]
        ],
        "chanterelle_rwntzn_4": [
            [
                -1.1951959413290023,
                1.9821959924697876,
                0
            ]
        ]
    },
    "ontop": {},
    "inside": {
        "chanterelle_rwntzn_1": {
            "cooler_pnkiag_1": [
                [
                    2.2536141872406006,
                    6.889900207519531,
                    0.14725029468536377
                ],
                [
                    0.18338999152183533,
                    0.4131445288658142,
                    0.031393177807331085,
                    0.8914561867713928
                ]
            ]
        },
        "chanterelle_rwntzn_2": {
            "cooler_pnkiag_1": [
                [
                    2.2792794704437256,
                    7.277721881866455,
                    0.15121904015541077
                ],
                [
                    0.44434070587158203,
                    0.23590856790542603,
                    0.11148972809314728,
                    0.8570172190666199
                ]
            ]
        },
        "chanterelle_rwntzn_3": {
            "cooler_pnkiag_1": [
                [
                    2.163341999053955,
                    6.948898792266846,
                    0.14896489679813385
                ],
                [
                    0.13463780283927917,
                    0.41817399859428406,
                    -0.05511397495865822,
                    0.8966413736343384
                ]
            ]
        },
        "chanterelle_rwntzn_4": {
            "cooler_pnkiag_1": [
                [
                    2.284489870071411,
                    7.045640468597412,
                    0.15401050448417664
                ],
                [
                    0.3095673620700836,
                    0.33538731932640076,
                    0.03835856169462204,
                    0.8889386653900146
                ]
            ]
        }
    },
    "nextto": {},
    "under": {}
}