{
    "nearby": {
        "desk_rzyfxk_1": [
            [
                -0.38086543560028074,
                -0.09973662257194518,
                0
            ]
        ],
        "desk_phone_kpxrpb_1": [
            [
                -0.38086543560028074,
                -0.09973662257194518,
                0
            ]
        ],
        "coffee_table_qlmqyy_1": [
            [
                -8.713144016265868,
                1.7353722572326657,
                0
            ]
        ]
    },
    "ontop": {
        "desk_phone_kpxrpb_1": {
            "coffee_table_qlmqyy_1": [
                [
                    -7.071119785308838,
                    2.211430311203003,
                    0.43453249335289
                ],
                [
                    6.01867213845253e-06,
                    0.0001810193934943527,
                    -0.07487622648477554,
                    0.9971927404403687
                ]
            ]
        }
    },
    "inside": {},
    "nextto": {},
    "under": {}
}