{
    "nearby": {
        "desktop_computer_tbtham_1": [
            [
                3.1733165979385376,
                18.84750576019287,
                0
            ]
        ],
        "modem_axqxsv_1": [
            [
                3.7407844781875608,
                18.910557746887207,
                0
            ]
        ]
    },
    "ontop": {},
    "inside": {},
    "nextto": {},
    "under": {}
}