{
    "nearby": {
        "toy_figure_tjchdg_1": [
            [
                -0.31994732618331884,
                8.516945743560791,
                0
            ]
        ],
        "toy_figure_tjchdg_2": [
            [
                0.593252289295197,
                8.516945743560791,
                0
            ]
        ],
        "toy_figure_tjchdg_3": [
            [
                -2.9073462367057803,
                8.897445583343506,
                0
            ]
        ],
        "toy_figure_tjchdg_4": [
            [
                0.44105235338211085,
                8.440845775604249,
                0
            ]
        ],
        "toy_figure_tjchdg_5": [
            [
                -2.3746464610099793,
                6.538346576690674,
                0
            ]
        ],
        "wicker_basket_unasxd_1": [
            [
                -0.023745853602886363,
                -0.6160540950298311,
                0
            ]
        ]
    },
    "ontop": {
        "toy_figure_tjchdg_1": {
            "floors_vlwrdh_0": [
                [
                    -2.4567742347717285,
                    8.752158164978027,
                    0.019328124821186066
                ],
                [
                    0.004660600330680609,
                    0.05433031916618347,
                    -0.042786598205566406,
                    0.997594952583313
                ]
            ]
        }
    },
    "inside": {
        "toy_figure_tjchdg_1": {
            "wicker_basket_unasxd_1": [
                [
                    1.5494394302368164,
                    -0.5611106157302856,
                    0.04529654607176781
                ],
                [
                    0.02336786314845085,
                    -0.02235558070242405,
                    -0.6028496026992798,
                    0.797199010848999
                ]
            ]
        },
        "toy_figure_tjchdg_2": {
            "wicker_basket_unasxd_1": [
                [
                    1.5557565689086914,
                    -0.5251811742782593,
                    0.05976727232336998
                ],
                [
                    -0.1174205094575882,
                    0.21931366622447968,
                    0.35960161685943604,
                    0.8993334174156189
                ]
            ]
        },
        "toy_figure_tjchdg_3": {
            "wicker_basket_unasxd_1": [
                [
                    1.5362073183059692,
                    -0.5346789360046387,
                    0.07926221191883087
                ],
                [
                    0.02434934489428997,
                    -0.20073232054710388,
                    -0.6188704371452332,
                    0.7590211629867554
                ]
            ]
        },
        "toy_figure_tjchdg_4": {
            "wicker_basket_unasxd_1": [
                [
                    1.5774822235107422,
                    -0.62069171667099,
                    0.06687186658382416
                ],
                [
                    0.3141446113586426,
                    0.05246143788099289,
                    0.8197617530822754,
                    0.47597432136535645
                ]
            ]
        },
        "toy_figure_tjchdg_5": {
            "wicker_basket_unasxd_1": [
                [
                    1.5531014204025269,
                    -0.5362866520881653,
                    0.10407785326242447
                ],
                [
                    0.1335073858499527,
                    0.10955016314983368,
                    0.9416016340255737,
                    -0.28906920552253723
                ]
            ]
        }
    },
    "nextto": {},
    "under": {}
}