{
    "nearby": {
        "router_tokdic_1": [
            [
                -0.4439174318313599,
                0.8460433208942415,
                0
            ]
        ],
        "table_lamp_ehjsdz_1": [
            [
                -0.38086543560028074,
                0.15247136235237121,
                0
            ]
        ]
    },
    "ontop": {},
    "inside": {},
    "nextto": {},
    "under": {}
}