{
    "nearby": {
        "booth_xzrpar_1": [
            [
                -0.9846503162384036,
                14.685124292373658,
                0
            ]
        ],
        "radish_vztgpr_1": [
            [
                -0.45165041923522986,
                14.685124292373658,
                0
            ]
        ],
        "radish_vztgpr_2": [
            [
                -0.23845046043396043,
                15.111524209976196,
                0
            ]
        ],
        "radish_vztgpr_3": [
            [
                -0.45165041923522986,
                15.111524209976196,
                0
            ]
        ],
        "cleaver_vpmydv_1": [
            [
                -0.45165041923522986,
                15.004924230575561,
                0
            ]
        ],
        "chopping_board_drjnag_1": [
            [
                -0.8780503368377687,
                15.111524209976196,
                0
            ]
        ]
    },
    "ontop": {
        "radish_vztgpr_1": {
            "chopping_board_drjnag_1": [
                [
                    0.6559370756149292,
                    15.412535667419434,
                    0.8408762812614441
                ],
                [
                    0.4650316536426544,
                    -0.11693784594535828,
                    -0.05832765996456146,
                    0.8755963444709778
                ]
            ]
        },
        "radish_vztgpr_2": {
            "chopping_board_drjnag_1": [
                [
                    0.8086576461791992,
                    15.34489917755127,
                    0.8414444327354431
                ],
                [
                    0.49642258882522583,
                    -0.11260010302066803,
                    -0.06208484619855881,
                    0.8585052490234375
                ]
            ]
        },
        "radish_vztgpr_3": {
            "chopping_board_drjnag_1": [
                [
                    0.7094256281852722,
                    15.479208946228027,
                    0.8413718938827515
                ],
                [
                    0.5158140659332275,
                    -0.10988423973321915,
                    -0.054922088980674744,
                    0.8478472232818604
                ]
            ]
        }
    },
    "inside": {},
    "nextto": {},
    "under": {}
}