{
    "nearby": {
        "console_table_tzkfqa_1": [
            [
                -0.9846503162384036,
                14.791724271774292,
                0
            ]
        ],
        "cleaver_vpmydv_1": [
            [
                -0.7714503574371342,
                15.21812418937683,
                0
            ]
        ],
        "chopping_board_drjnag_1": [
            [
                -6.80409951210022,
                16.157071828842163,
                0
            ]
        ],
        "potato_ljfitc_1": [
            [
                -6.80409951210022,
                16.23157181739807,
                0
            ]
        ]
    },
    "ontop": {},
    "inside": {},
    "nextto": {},
    "under": {}
}