{
    "nearby": {
        "shelf_iwziew_1": [
            [
                -2.0330991744995117,
                16.527073860168457,
                0
            ]
        ],
        "measuring_cup_ahtzhp_1": [
            [
                -2.0330991744995117,
                16.527073860168457,
                0
            ]
        ],
        "potato_ljfitc_1": [
            [
                -2.0330991744995117,
                16.527073860168457,
                0
            ]
        ],
        "cooler_pnkiag_1": [
            [
                -3.7562497806549073,
                14.791724271774292,
                0
            ]
        ]
    },
    "ontop": {},
    "inside": {
        "measuring_cup_ahtzhp_1": {
            "cooler_pnkiag_1": [
                [
                    -2.401170492172241,
                    15.10561752319336,
                    0.15658926963806152
                ],
                [
                    0.002081656828522682,
                    0.0003422826121095568,
                    -0.10580867528915405,
                    0.994384229183197
                ]
            ]
        },
        "potato_ljfitc_1": {
            "cooler_pnkiag_1": [
                [
                    -2.6392252445220947,
                    15.01142692565918,
                    0.12006358057260513
                ],
                [
                    0.09218795597553253,
                    -0.3577435612678528,
                    -0.00580717995762825,
                    0.9292401671409607
                ]
            ]
        }
    },
    "nextto": {},
    "under": {}
}