{
    "nearby": {
        "cooler_pnkiag_1": [
            [
                -0.7714503574371342,
                14.685124292373658,
                0
            ]
        ],
        "water_bottle_ackxiy_1": [
            [
                -3.1166499042510987,
                13.19272458076477,
                0
            ]
        ]
    },
    "ontop": {},
    "inside": {
        "water_bottle_ackxiy_1": {
            "cooler_pnkiag_1": [
                [
                    0.8810344934463501,
                    15.807847023010254,
                    0.20607957243919373
                ],
                [
                    0.004875991027802229,
                    0.004713838454335928,
                    -0.009039411321282387,
                    0.9999361038208008
                ]
            ]
        }
    },
    "nextto": {},
    "under": {}
}