{
    "nearby": {
        "countertop_tpuwys_6": [
            [
                -2.263850069046021,
                14.685124292373658,
                0
            ]
        ],
        "grapefruit_gsjmxa_1": [
            [
                -2.263850069046021,
                14.685124292373658,
                0
            ]
        ],
        "chopping_board_drjnag_1": [
            [
                -2.3704500484466555,
                12.9795246219635,
                0
            ]
        ],
        "cleaver_vpmydv_1": [
            [
                -2.69024998664856,
                14.685124292373658,
                0
            ]
        ],
        "cooler_pnkiag_1": [
            [
                -2.0330991744995117,
                16.527073860168457,
                0
            ]
        ]
    },
    "ontop": {},
    "inside": {
        "grapefruit_gsjmxa_1": {
            "cooler_pnkiag_1": [
                [
                    -1.0562864542007446,
                    16.896268844604492,
                    0.15511532127857208
                ],
                [
                    0.09484948217868805,
                    -0.09649823606014252,
                    -0.008770734071731567,
                    0.9907646775245667
                ]
            ]
        }
    },
    "nextto": {},
    "under": {}
}