{
    "nearby": {
        "backpack_gvbiwl_1": [
            [
                -3.673237037658691,
                1.0439168310165405,
                0
            ]
        ],
        "water_glass_lvqgvn_1": [
            [
                -10.170543994903564,
                5.7952721977233885,
                0
            ]
        ]
    },
    "ontop": {
        "backpack_gvbiwl_1": {
            "floors_dclqap_0": [
                [
                    -1.8707388639450073,
                    2.0596091747283936,
                    0.18405668437480927
                ],
                [
                    -0.20699790120124817,
                    -0.543486475944519,
                    -0.28921306133270264,
                    0.7603484988212585
                ]
            ]
        }
    },
    "inside": {
        "water_glass_lvqgvn_1": {
            "backpack_gvbiwl_1": [
                [
                    -1.7479970455169678,
                    1.9522091150283813,
                    0.23677630722522736
                ],
                [
                    0.7644900679588318,
                    -0.22462980449199677,
                    0.5450230836868286,
                    0.26085665822029114
                ]
            ]
        }
    },
    "nextto": {},
    "under": {}
}