{
    "nearby": {
        "sofa_lugrhk_1": [
            [
                -7.672144031524659,
                1.839472255706787,
                0
            ]
        ],
        "textbook_nloqia_1": [
            [
                -6.318844051361085,
                3.192772235870361,
                0
            ]
        ],
        "textbook_nloqia_2": [
            [
                -6.318844051361085,
                3.192772235870361,
                0
            ]
        ],
        "textbook_nloqia_3": [
            [
                -6.318844051361085,
                3.192772235870361,
                0
            ]
        ],
        "desk_rzyfxk_1": [
            2.2018823623657227,
            0.7683254480361938,
            2.3574397563934326
        ]
    },
    "ontop": {
        "textbook_nloqia_1": {
            "desk_rzyfxk_1": [
                [
                    1.2986013889312744,
                    0.5963969826698303,
                    0.7990441918373108
                ],
                [
                    2.697855234146118e-05,
                    7.944747630972415e-05,
                    -0.2878473699092865,
                    0.9576764106750488
                ]
            ]
        },
        "textbook_nloqia_2": {
            "desk_rzyfxk_1": [
                [
                    1.286133885383606,
                    -0.2083200216293335,
                    0.7990441918373108
                ],
                [
                    2.7769245207309723e-05,
                    8.006307325558737e-05,
                    -0.28802889585494995,
                    0.9576217532157898
                ]
            ]
        },
        "textbook_nloqia_3": {
            "desk_rzyfxk_1": [
                [
                    1.2396478652954102,
                    0.26342517137527466,
                    0.7990440726280212
                ],
                [
                    2.0890962332487106e-05,
                    8.548652840545401e-05,
                    -0.2018909901380539,
                    0.9794080257415771
                ]
            ]
        }
    },
    "inside": {},
    "nextto": {},
    "under": {}
}