{
    "nearby": {
        "shelf_iwziew_1": [
            [
                -4.962143915891647,
                -0.590329555273056,
                0
            ]
        ],
        "backpack_gvbiwl_1": [
            [
                -5.0569439017772675,
                -1.1591294705867767,
                0
            ]
        ],
        "reception_desk_kjmhgc_1": [
            [
                -5.619794402122498,
                -3.0010795640945434,
                0
            ]
        ],
        "pomegranate_tldskr_1": [
            [
                -4.553794512748719,
                -2.8944795751571655,
                0
            ]
        ],
        "desk_rzyfxk_1": [
            0.34618619084358215,
            0.19357514381408691,
            5.525656223297119
        ]
    },
    "ontop": {
        "backpack_gvbiwl_1": {
            "desk_rzyfxk_1": [
                [
                    1.1558271646499634,
                    0.06397838145494461,
                    1.030407428741455
                ],
                [
                    -0.07259032130241394,
                    -0.3830660879611969,
                    -0.17145128548145294,
                    0.9047626852989197
                ]
            ]
        }
    },
    "inside": {
        "pomegranate_tldskr_1": {
            "backpack_gvbiwl_1": [
                [
                    1.4121161699295044,
                    -0.03738350048661232,
                    0.9296888113021851
                ],
                [
                    -0.16778059303760529,
                    0.30141618847846985,
                    0.5738169550895691,
                    -0.7427867650985718
                ]
            ]
        }
    },
    "nextto": {},
    "under": {}
}