{
    "nearby": {
        "wicker_basket_unasxd_1": [
            [
                -9.235144190788269,
                -2.8701288652420045,
                0
            ]
        ],
        "lemon_hoghjl_1": [
            [
                -9.235144190788269,
                -2.8701288652420045,
                0
            ]
        ],
        "console_table_tzkfqa_1": [
            [
                -4.873594479560852,
                -2.787879586219787,
                0
            ]
        ],
        "table_knife_eebpap_1": [
            [
                -4.447194523811341,
                -2.5746796083450314,
                0
            ]
        ],
        "water_bottle_ackxiy_1": [
            [
                -4.766994490623474,
                -2.468079619407654,
                0
            ]
        ]
    },
    "ontop": {},
    "inside": {
        "lemon_hoghjl_1": {
            "water_bottle_ackxiy_1": [
                [
                    -3.2862815856933594,
                    -1.8639147281646729,
                    0.8219783306121826
                ],
                [
                    -0.030706405639648438,
                    -0.02767772227525711,
                    -0.0029377243481576443,
                    0.999140739440918
                ]
            ]
        }
    },
    "nextto": {},
    "under": {}
}