{
    "nearby": {
        "shelf_iwziew_1": [
            [
                -2.0330991744995117,
                16.527073860168457,
                0
            ]
        ],
        "butter_cookie_kukrla_1": [
            [
                -2.0330991744995117,
                16.527073860168457,
                0
            ]
        ],
        "cooler_pnkiag_1": [
            [
                -3.7562497806549073,
                14.791724271774292,
                0
            ]
        ]
    },
    "ontop": {},
    "inside": {
        "butter_cookie_kukrla_1": {
            "cooler_pnkiag_1": [
                [
                    -2.7024683952331543,
                    15.109794616699219,
                    0.09839444607496262
                ],
                [
                    0.001959762768819928,
                    0.001540878671221435,
                    -0.02478928118944168,
                    0.999689519405365
                ]
            ]
        }
    },
    "nextto": {},
    "under": {}
}