{
    "nearby": {
        "coffee_table_qlmqyy_0": [
            [
                -2.2534240317344665,
                -4.606662788391113,
                0
            ]
        ],
        "projector_spedyw_1": [
            [
                -2.2534240317344665,
                -4.606662788391113,
                0
            ]
        ],
        "console_table_tzkfqa_1": [
            [
                -2.341528031826019,
                -3.1088947868347163,
                0
            ]
        ],
        "spirit_lamp_dnyzym_1": [
            [
                -1.989112031459808,
                -3.1088947868347163,
                0
            ]
        ],
        "shelf_iwziew_1": [
            [
                -6.028643757104874,
                -1.1591294705867767,
                0
            ]
        ]
    },
    "ontop": {
        "projector_spedyw_1": {
            "shelf_iwziew_1": [
                [
                    -5.164140701293945,
                    -0.928215503692627,
                    0.5577463507652283
                ],
                [
                    0.0036204045172780752,
                    0.0009802542626857758,
                    0.042576514184474945,
                    0.9990861415863037
                ]
            ]
        }
    },
    "inside": {},
    "nextto": {},
    "under": {}
}