{
    "nearby": {
        "toy_box_pmhcse_1": [
            [
                -2.3746464610099793,
                6.462246608734131,
                0
            ]
        ],
        "toy_box_pmhcse_2": [
            [
                -2.2224465250968937,
                7.375446224212646,
                0
            ]
        ],
        "toy_box_pmhcse_3": [
            [
                -2.3746464610099793,
                6.69054651260376,
                0
            ]
        ],
        "scrub_brush_hsejyi_1": [
            [
                -2.3746464610099793,
                6.462246608734131,
                0
            ]
        ],
        "sink_wzpabm_1": [
            [
                -2.3746464610099793,
                6.462246608734131,
                0
            ]
        ],
        "shelf_owvfik_3": [
            2.5910089015960693,
            8.288505554199219,
            4.070189952850342
        ]
    },
    "ontop": {},
    "inside": {
        "toy_box_pmhcse_1": {
            "shelf_owvfik_3": [
                [
                    2.385406255722046,
                    8.876032829284668,
                    0.06507942825555801
                ],
                [
                    0.00013334040704648942,
                    0.0006253661122173071,
                    -0.0137863764539361,
                    0.9999048709869385
                ]
            ],
            "sink_wzpabm_1": [
                [
                    -0.8118429183959961,
                    6.366572856903076,
                    0.916012167930603
                ],
                [
                    -0.3668227791786194,
                    -0.579226553440094,
                    0.608558177947998,
                    0.39949294924736023
                ]
            ]
        },
        "toy_box_pmhcse_2": {
            "shelf_owvfik_3": [
                [
                    2.395569086074829,
                    9.077974319458008,
                    0.06510163098573685
                ],
                [
                    -5.81514832447283e-05,
                    1.7332728020846844e-05,
                    -0.014810209162533283,
                    0.9998903870582581
                ]
            ],
            "sink_wzpabm_1": [
                [
                    -0.812907874584198,
                    6.321414470672607,
                    0.9084992408752441
                ],
                [
                    0.4725791811943054,
                    0.04729627072811127,
                    0.7138411402702332,
                    0.5146481990814209
                ]
            ]
        },
        "toy_box_pmhcse_3": {
            "shelf_owvfik_3": [
                [
                    2.337902307510376,
                    8.886005401611328,
                    0.3313966691493988
                ],
                [
                    0.0002662388433236629,
                    1.4427844689635094e-05,
                    -0.005297888070344925,
                    0.9999858736991882
                ]
            ],
            "sink_wzpabm_1": [
                [
                    -0.8155905604362488,
                    6.380488872528076,
                    0.904524564743042
                ],
                [
                    0.7372408509254456,
                    -0.6221618056297302,
                    -0.15662388503551483,
                    0.21180076897144318
                ]
            ]
        },
        "scrub_brush_hsejyi_1": {
            "sink_wzpabm_1": [
                [
                    -0.9194991588592529,
                    6.403478145599365,
                    0.9148033261299133
                ],
                [
                    -0.18213875591754913,
                    -0.18389813601970673,
                    0.19014836847782135,
                    0.9470219016075134
                ]
            ]
        }
    },
    "nextto": {},
    "under": {}
}