{
    "nearby": {
        "desk_cnewsu_1": [
            [
                -1.2188458463549614,
                -1.1192540919780731,
                0
            ]
        ],
        "crayon_xmysum_1": [
            [
                -0.8414458486437798,
                -0.6160540950298311,
                0
            ]
        ],
        "crayon_xmysum_2": [
            [
                -0.8414458486437798,
                -0.42735409617424025,
                0
            ]
        ],
        "crayon_xmysum_3": [
            [
                -0.9672458478808404,
                -0.8047540938854219,
                0
            ]
        ],
        "crayon_xmysum_4": [
            [
                -0.21244585245847722,
                -0.6160540950298311,
                0
            ]
        ],
        "crayon_xmysum_5": [
            [
                -0.8414458486437798,
                -0.5531540954113008,
                0
            ]
        ],
        "canister_xchqhl_1": [
            [
                1.1713541391491888,
                -1.1192540919780731,
                0
            ]
        ]
    },
    "ontop": {},
    "inside": {
        "crayon_xmysum_1": {
            "canister_xchqhl_1": [
                [
                    1.561650276184082,
                    -0.08696728199720383,
                    0.5225800275802612
                ],
                [
                    -0.5533909201622009,
                    0.4224366545677185,
                    -0.707453727722168,
                    -0.12171708792448044
                ]
            ]
        },
        "crayon_xmysum_2": {
            "canister_xchqhl_1": [
                [
                    1.6040681600570679,
                    -0.1343776434659958,
                    0.5718090534210205
                ],
                [
                    0.0827803909778595,
                    0.2127932906150818,
                    0.041016895323991776,
                    0.9727199077606201
                ]
            ]
        },
        "crayon_xmysum_3": {
            "canister_xchqhl_1": [
                [
                    1.590256690979004,
                    -0.09265917539596558,
                    0.5238271951675415
                ],
                [
                    0.001454551238566637,
                    -0.6991994380950928,
                    0.6373922824859619,
                    -0.32380411028862
                ]
            ]
        },
        "crayon_xmysum_4": {
            "canister_xchqhl_1": [
                [
                    1.6156985759735107,
                    -0.08123453706502914,
                    0.5246310234069824
                ],
                [
                    0.5697327256202698,
                    -0.4083814322948456,
                    0.47977158427238464,
                    0.5276821851730347
                ]
            ]
        },
        "crayon_xmysum_5": {
            "canister_xchqhl_1": [
                [
                    1.6036577224731445,
                    -0.09224491566419601,
                    0.5291122198104858
                ],
                [
                    0.6146373748779297,
                    0.24300961196422577,
                    -0.015897855162620544,
                    0.7502762675285339
                ]
            ]
        }
    },
    "nextto": {},
    "under": {}
}