{
    "nearby": {
        "peach_wrutgk_1": [
            [
                2.0930543684959413,
                6.417646124362945,
                0
            ]
        ],
        "cooler_pnkiag_1": [
            [
                2.0930543684959413,
                6.417646124362945,
                0
            ]
        ],
        "desk_cnewsu_1": [
            [
                -1.2623959439992904,
                4.535796093940735,
                0
            ]
        ]
    },
    "ontop": {
        "peach_wrutgk_1": {
            "desk_cnewsu_1": [
                [
                    -0.10293909907341003,
                    5.1168293952941895,
                    0.769264817237854
                ],
                [
                    -0.08291465044021606,
                    -0.05525727942585945,
                    -0.017231283709406853,
                    0.9948742985725403
                ]
            ]
        }
    },
    "inside": {
        "peach_wrutgk_1": {
            "cooler_pnkiag_1": [
                [
                    2.2284510135650635,
                    7.641737937927246,
                    0.14323875308036804
                ],
                [
                    -0.09021171927452087,
                    -0.023844875395298004,
                    -0.016876693814992905,
                    0.9954941272735596
                ]
            ]
        }
    },
    "nextto": {},
    "under": {}
}