{
    "nearby": {
        "breakfast_table_dnsjnv_0": [
            [
                -6.655099534988403,
                16.60407176017761,
                0
            ]
        ],
        "edible_cookie_dough_epwkoi_1": [
            [
                -6.655099534988403,
                16.60407176017761,
                0
            ]
        ],
        "cooler_pnkiag_1": [
            [
                -3.7562497806549073,
                14.791724271774292,
                0
            ]
        ]
    },
    "ontop": {},
    "inside": {
        "edible_cookie_dough_epwkoi_1": {
            "cooler_pnkiag_1": [
                [
                    -3.0535287857055664,
                    14.167756080627441,
                    0.14207391440868378
                ],
                [
                    -0.008320626802742481,
                    0.0009871420916169882,
                    -0.10931818932294846,
                    0.9939715266227722
                ]
            ]
        }
    },
    "nextto": {},
    "under": {}
}