{
    "nearby": {
        "console_table_tzkfqa_1": [
            [
                -4.98019446849823,
                -2.468079619407654,
                0
            ]
        ],
        "pitcher_mbrlge_1": [
            [
                -4.873594479560852,
                -2.6812795972824097,
                0
            ]
        ],
        "desk_rzyfxk_1": [
            0.5901675224304199,
            1.41261625289917,
            0.4611070156097412
        ]
    },
    "ontop": {
        "pitcher_mbrlge_1": {
            "console_table_tzkfqa_1": [
                [
                    -3.341306209564209,
                    -1.9359887838363647,
                    0.929411768913269
                ],
                [
                    4.3585896492004395e-07,
                    -5.601905286312103e-07,
                    -0.08228456974029541,
                    0.9966089129447937
                ]
            ],
            "desk_rzyfxk_1": [
                [
                    1.358413815498352,
                    -0.24369464814662933,
                    0.9044888019561768
                ],
                [
                    -1.607462763786316e-06,
                    6.31538568995893e-07,
                    -0.1557503044605255,
                    0.9877964854240417
                ]
            ]
        }
    },
    "inside": {},
    "nextto": {},
    "under": {}
}