{
    "nearby": {
        "countertop_jveutp_0": [
            [
                -7.112194247245789,
                -4.4934794092178345,
                0
            ]
        ],
        "mango_phdamg_1": [
            [
                -7.112194247245789,
                -4.4934794092178345,
                0
            ]
        ],
        "mango_phdamg_2": [
            [
                -7.112194247245789,
                -4.4934794092178345,
                0
            ]
        ],
        "mango_phdamg_3": [
            [
                -7.112194247245789,
                -4.4934794092178345,
                0
            ]
        ],
        "mango_phdamg_4": [
            [
                -7.112194247245789,
                -4.4934794092178345,
                0
            ]
        ],
        "cooler_pnkiag_1": [
            [
                -1.3799518391489982,
                2.6343469619750977,
                0
            ]
        ]
    },
    "ontop": {},
    "inside": {
        "mango_phdamg_1": {
            "cooler_pnkiag_1": [
                [
                    0.3408925533294678,
                    3.4866714477539062,
                    0.1326461136341095
                ],
                [
                    -0.27747347950935364,
                    -0.2052534818649292,
                    -0.023561283946037292,
                    0.938256025314331
                ]
            ]
        },
        "mango_phdamg_2": {
            "cooler_pnkiag_1": [
                [
                    0.36069029569625854,
                    3.271552324295044,
                    0.13755154609680176
                ],
                [
                    -0.3555110692977905,
                    -0.16970360279083252,
                    -0.05050031095743179,
                    0.9177485108375549
                ]
            ]
        },
        "mango_phdamg_3": {
            "cooler_pnkiag_1": [
                [
                    0.45365771651268005,
                    3.227337598800659,
                    0.13345547020435333
                ],
                [
                    -0.27695727348327637,
                    -0.21075224876403809,
                    -0.041442468762397766,
                    0.936568558216095
                ]
            ]
        },
        "mango_phdamg_4": {
            "cooler_pnkiag_1": [
                [
                    0.2798997461795807,
                    3.1138455867767334,
                    0.14344660937786102
                ],
                [
                    -0.2702539563179016,
                    -0.18329298496246338,
                    -0.036223649978637695,
                    0.9444863200187683
                ]
            ]
        }
    },
    "nextto": {},
    "under": {}
}