{
    "nearby": {
        "booth_xzrpar_1": [
            [
                -7.751794180870056,
                -2.8944795751571655,
                0
            ]
        ],
        "chocolate_cake_wpeesw_1": [
            [
                -7.112194247245789,
                -3.320879530906677,
                1.5707963267948966
            ]
        ],
        "cleaver_vpmydv_1": [
            [
                -7.645194191932679,
                -2.8944795751571655,
                0
            ]
        ],
        "breakfast_table_dnsjnv_0": [
            [
                -10.799643750190734,
                -1.6036292219161987,
                0
            ]
        ],
        "plate_qtfzeq_1": [
            [
                -10.799643750190734,
                -1.6036292219161987,
                0
            ]
        ]
    },
    "ontop": {
        "chocolate_cake_wpeesw_1": {
            "plate_qtfzeq_1": [
                [
                    -9.432969093322754,
                    -0.6838443279266357,
                    0.7775012850761414
                ],
                [
                    0.007138935849070549,
                    0.008112347684800625,
                    -0.009877047501504421,
                    0.9998928308486938
                ]
            ]
        }
    },
    "inside": {},
    "nextto": {},
    "under": {}
}