{
    "nearby": {
        "toy_figure_tjchdg_1": [
            [
                -7.047544040679932,
                5.7952721977233885,
                0
            ]
        ],
        "toy_figure_tjchdg_2": [
            [
                -6.110644054412842,
                5.691172199249268,
                1.5707963267948966
            ]
        ],
        "toy_figure_tjchdg_3": [
            [
                -6.110644054412842,
                5.691172199249268,
                1.5707963267948966
            ]
        ],
        "toy_figure_tjchdg_4": [
            [
                -10.170543994903564,
                1.6312722587585449,
                0
            ]
        ],
        "toy_figure_tjchdg_5": [
            [
                -10.170543994903564,
                5.7952721977233885,
                0
            ]
        ],
        "shelf_iwziew_1": [
            [
                -5.9024440574646,
                1.839472255706787,
                0
            ]
        ],
        "wicker_basket_unasxd_1": [
            [
                -5.9024440574646,
                1.839472255706787,
                0
            ]
        ]
    },
    "ontop": {},
    "inside": {
        "toy_figure_tjchdg_1": {
            "wicker_basket_unasxd_1": [
                [
                    -4.334200859069824,
                    1.415110468864441,
                    0.5521199703216553
                ],
                [
                    0.0446014478802681,
                    0.05191956087946892,
                    -0.10476794838905334,
                    0.9921383857727051
                ]
            ]
        },
        "toy_figure_tjchdg_2": {
            "wicker_basket_unasxd_1": [
                [
                    -4.34099006652832,
                    1.4369561672210693,
                    0.5626450777053833
                ],
                [
                    -0.051084253937006,
                    0.19709724187850952,
                    0.9680595397949219,
                    -0.14630025625228882
                ]
            ]
        },
        "toy_figure_tjchdg_3": {
            "wicker_basket_unasxd_1": [
                [
                    -4.303800582885742,
                    1.4126901626586914,
                    0.5754668712615967
                ],
                [
                    0.29671773314476013,
                    0.18518128991127014,
                    0.7786323428153992,
                    0.5209588408470154
                ]
            ]
        },
        "toy_figure_tjchdg_4": {
            "wicker_basket_unasxd_1": [
                [
                    -4.369366645812988,
                    1.4527767896652222,
                    0.5807016491889954
                ],
                [
                    -0.1237473338842392,
                    -0.333604097366333,
                    -0.5172371864318848,
                    0.7783703804016113
                ]
            ]
        },
        "toy_figure_tjchdg_5": {
            "wicker_basket_unasxd_1": [
                [
                    -4.320743560791016,
                    1.4204444885253906,
                    0.610644519329071
                ],
                [
                    0.016207953914999962,
                    -0.028963442891836166,
                    -0.2721981704235077,
                    0.9616686701774597
                ]
            ]
        }
    },
    "nextto": {},
    "under": {}
}