{
    "nearby": {
        "booth_xzrpar_1": [
            [
                -5.619794402122498,
                -3.0010795640945434,
                0
            ]
        ],
        "peppermint_qvszrs_1": [
            [
                -5.086794457435608,
                -3.0010795640945434,
                0
            ]
        ],
        "cooler_pnkiag_1": [
            [
                -7.112194247245789,
                -4.4934794092178345,
                0
            ]
        ],
        "console_table_tzkfqa_1": [
            [
                -1.8941133451461791,
                0.15247136235237121,
                0
            ]
        ],
        "eames_chair_mmqvnh_1": [
            [
                -1.8310613489151002,
                0.15247136235237121,
                0
            ]
        ]
    },
    "ontop": {
        "peppermint_qvszrs_1": {
            "console_table_tzkfqa_1": [
                [
                    -0.49188145995140076,
                    -0.14704900979995728,
                    0.8064567446708679
                ],
                [
                    0.02610306441783905,
                    -0.00548561941832304,
                    -0.005836116150021553,
                    0.9996270537376404
                ]
            ]
        }
    },
    "inside": {
        "peppermint_qvszrs_1": {
            "cooler_pnkiag_1": [
                [
                    -5.676330089569092,
                    -4.578791618347168,
                    0.09886079281568527
                ],
                [
                    0.029726766049861908,
                    -0.005346161313354969,
                    2.7681700885295868e-05,
                    0.9995437860488892
                ]
            ]
        }
    },
    "nextto": {},
    "under": {}
}