{
    "nearby": {
        "countertop_jveutp_0": [
            [
                -7.112194247245789,
                -4.4934794092178345,
                0
            ]
        ],
        "schnitzel_yswhcs_1": [
            [
                -7.112194247245789,
                -4.4934794092178345,
                0
            ]
        ],
        "frying_pan_cprjvq_1": [
            [
                -6.1527943468093875,
                -2.5746796083450314,
                0
            ]
        ],
        "plate_qtfzeq_1": [
            [
                -10.352643876075744,
                -1.4546292638778686,
                0
            ]
        ]
    },
    "ontop": {
        "schnitzel_yswhcs_1": {
            "countertop_jveutp_0": [
                [
                    -7.803783416748047,
                    -5.732680320739746,
                    0.8827143907546997
                ],
                [
                    7.70038750488311e-05,
                    0.0005774489836767316,
                    -0.007142531219869852,
                    0.9999743103981018
                ]
            ],
            "plate_qtfzeq_1": [
                [
                    -8.745274543762207,
                    -1.1740922927856445,
                    0.7569026947021484
                ],
                [
                    0.00016751443035900593,
                    0.00023000632063485682,
                    0.6370128393173218,
                    0.7708531618118286
                ]
            ]
        }
    },
    "inside": {},
    "nextto": {},
    "under": {}
}