{
    "nearby": {
        "desk_rzyfxk_1": [
            [
                3.7407844781875608,
                17.39731006622314,
                0
            ]
        ],
        "paperback_book_dbmzmo_1": [
            [
                3.7407844781875608,
                17.39731006622314,
                0
            ]
        ],
        "desktop_computer_tbtham_1": [
            [
                3.0472126245498656,
                18.784453773498534,
                0
            ]
        ],
        "shelf_iwziew_1": [
            [
                -2.219199619293213,
                23.377374248504637,
                1.5707963267948966
            ]
        ]
    },
    "ontop": {},
    "inside": {
        "paperback_book_dbmzmo_1": {
            "shelf_iwziew_1": [
                [
                    -0.3612304627895355,
                    22.954652786254883,
                    0.3296409845352173
                ],
                [
                    -0.06822353601455688,
                    0.06690321117639542,
                    -0.25090521574020386,
                    0.9632840156555176
                ]
            ]
        }
    },
    "nextto": {},
    "under": {}
}