{
    "nearby": {
        "wicker_basket_unasxd_1": [
            [
                -6.028643757104874,
                -1.1591294705867767,
                0
            ]
        ],
        "sugar_cookie_feirtr_1": [
            [
                -6.028643757104874,
                -1.1591294705867767,
                0
            ]
        ],
        "cooler_pnkiag_1": [
            [
                -7.751794180870056,
                -2.8944795751571655,
                0
            ]
        ]
    },
    "ontop": {},
    "inside": {
        "sugar_cookie_feirtr_1": {
            "cooler_pnkiag_1": [
                [
                    -6.837037563323975,
                    -2.598623514175415,
                    0.09974025934934616
                ],
                [
                    0.0022206304129213095,
                    -0.0028980220668017864,
                    -0.015129266306757927,
                    0.9998788833618164
                ]
            ]
        }
    },
    "nextto": {},
    "under": {}
}