{
    "nearby": {
        "turkey_leg_bqugmh_1": [
            [
                -2.3704500484466555,
                15.21812418937683,
                0
            ]
        ],
        "cooler_pnkiag_1": [
            [
                -3.7562497806549073,
                14.791724271774292,
                0
            ]
        ]
    },
    "ontop": {
        "robot0": {
            "floors_yrwwan_0": [
                [
                    -0.2411932498216629,
                    14.670377731323242,
                    0.0005557388067245483
                ],
                [
                    -0.002083375584334135,
                    -0.012339151464402676,
                    -0.15976035594940186,
                    0.987076461315155
                ]
            ]
        }
    },
    "inside": {
        "turkey_leg_bqugmh_1": {
            "cooler_pnkiag_1": [
                [
                    -2.9085018634796143,
                    15.089306831359863,
                    0.17890216410160065
                ],
                [
                    0.28839707374572754,
                    -0.12767410278320312,
                    -0.016423199325799942,
                    0.9488186240196228
                ]
            ]
        }
    },
    "nextto": {},
    "under": {}
}