{
    "nearby": {
        "booth_xzrpar_1": [
            [
                -2.3704500484466555,
                12.659724683761596,
                0
            ]
        ],
        "bell_pepper_ukkycp_1": [
            [
                -2.050650110244751,
                12.659724683761596,
                0
            ]
        ],
        "table_knife_eebpap_1": [
            [
                -1.8374501514434816,
                12.659724683761596,
                0
            ]
        ],
        "breakfast_table_dnsjnv_0": [
            [
                -6.506099557876587,
                16.60407176017761,
                0
            ]
        ],
        "plate_qtfzeq_1": [
            [
                -6.506099557876587,
                16.60407176017761,
                0
            ]
        ]
    },
    "ontop": {
        "bell_pepper_ukkycp_1": {
            "plate_qtfzeq_1": [
                [
                    -4.825002670288086,
                    16.939971923828125,
                    0.7794924974441528
                ],
                [
                    0.6118018627166748,
                    0.033729515969753265,
                    -0.38451412320137024,
                    0.6904417276382446
                ]
            ]
        }
    },
    "inside": {},
    "nextto": {},
    "under": {}
}