{
    "nearby": {
        "reception_desk_kjmhgc_1": [
            [
                -5.619794402122498,
                -3.0010795640945434,
                0
            ]
        ],
        "brisket_nnnnqw_1": [
            [
                -4.98019446849823,
                -2.8944795751571655,
                0
            ]
        ],
        "brisket_nnnnqw_2": [
            [
                -4.873594479560852,
                -2.468079619407654,
                0
            ]
        ],
        "cooler_pnkiag_1": [
            [
                -7.751794180870056,
                -2.8944795751571655,
                0
            ]
        ]
    },
    "ontop": {},
    "inside": {
        "brisket_nnnnqw_1": {
            "cooler_pnkiag_1": [
                [
                    -6.038033962249756,
                    -2.723778009414673,
                    0.10834480822086334
                ],
                [
                    -0.04276398941874504,
                    -0.006829550489783287,
                    0.04928837716579437,
                    0.9978452920913696
                ]
            ]
        },
        "brisket_nnnnqw_2": {
            "cooler_pnkiag_1": [
                [
                    -6.58364200592041,
                    -2.8063154220581055,
                    0.10195810347795486
                ],
                [
                    0.0073895822279155254,
                    -0.0006329750758595765,
                    -0.011570424772799015,
                    0.9999057054519653
                ]
            ]
        }
    },
    "nextto": {},
    "under": {}
}