{
    "nearby": {
        "cooler_pnkiag_1": [
            [
                -1.3264053151011466,
                2.6343469619750977,
                0
            ]
        ],
        "cucumber_wcvwye_1": [
            [
                -1.3264053151011466,
                2.6343469619750977,
                0
            ]
        ],
        "booth_xzrpar_1": [
            [
                -4.98019446849823,
                -3.0010795640945434,
                0
            ]
        ]
    },
    "ontop": {
        "cucumber_wcvwye_1": {
            "booth_xzrpar_1": [
                [
                    -2.9652090072631836,
                    -2.694354295730591,
                    0.7950476408004761
                ],
                [
                    -0.08503177016973495,
                    0.0023044694680720568,
                    -0.027487386018037796,
                    0.995996356010437
                ]
            ]
        }
    },
    "inside": {
        "cucumber_wcvwye_1": {
            "cooler_pnkiag_1": [
                [
                    0.32129544019699097,
                    2.6086301803588867,
                    0.11762408912181854
                ],
                [
                    -0.057760871946811676,
                    0.0014862570678815246,
                    -0.021448170766234398,
                    0.9980989694595337
                ]
            ]
        }
    },
    "nextto": {},
    "under": {}
}