{
    "nearby": {
        "table_lamp_ehjsdz_1": [
            [
                1.6540196800231934,
                14.577310361862182,
                0
            ]
        ],
        "coffee_table_qlmqyy_0": [
            [
                1.6540196800231934,
                14.577310361862182,
                0
            ]
        ],
        "pitcher_mbrlge_1": [
            [
                1.6502036845684052,
                16.5353601372242,
                0
            ]
        ]
    },
    "ontop": {
        "pitcher_mbrlge_1": {
            "coffee_table_qlmqyy_0": [
                [
                    2.7011919021606445,
                    13.041370391845703,
                    0.5270974040031433
                ],
                [
                    0.000727109843865037,
                    0.001336437650024891,
                    -0.02149583399295807,
                    0.9997677206993103
                ]
            ]
        }
    },
    "inside": {},
    "nextto": {},
    "under": {}
}