{
    "nearby": {
        "countertop_tpuwys_6": [
            [
                -2.263850069046021,
                14.685124292373658,
                0
            ]
        ],
        "chicken_leg_nhfiuh_1": [
            [
                -2.263850069046021,
                14.685124292373658,
                0
            ]
        ],
        "cleaver_vpmydv_1": [
            [
                -3.1166499042510987,
                13.19272458076477,
                0
            ]
        ]
    },
    "ontop": {},
    "inside": {},
    "nextto": {},
    "under": {}
}