{
    "nearby": {
        "reception_desk_kjmhgc_1": [
            [
                -0.6953914034366607,
                0.8531081295013428,
                0
            ]
        ],
        "gravy_boat_krgqwl_1": [
            [
                -0.8119913828372954,
                0.3284082221984864,
                0
            ]
        ],
        "cooler_pnkiag_1": [
            [
                -2.458740909099579,
                -0.2783417296409607,
                0
            ]
        ]
    },
    "ontop": {
        "gravy_boat_krgqwl_1": {
            "reception_desk_kjmhgc_1": [
                [
                    -1.5447219610214233,
                    0.03843928873538971,
                    0.8504873514175415
                ],
                [
                    -1.1891243048012257e-05,
                    3.234297037124634e-05,
                    -0.05421920120716095,
                    0.9985289573669434
                ]
            ]
        }
    },
    "inside": {
        "gravy_boat_krgqwl_1": {
            "cooler_pnkiag_1": [
                [
                    -2.3765838146209717,
                    0.567518949508667,
                    0.1501341313123703
                ],
                [
                    0.09198083728551865,
                    -0.20190325379371643,
                    -0.2690763771533966,
                    0.9372153282165527
                ]
            ]
        }
    },
    "nextto": {},
    "under": {}
}