{
    "nearby": {
        "booth_xzrpar_1": [
            [
                -1.7447912180423735,
                0.5033081912994385,
                0
            ]
        ],
        "waffle_gjwper_1": [
            [
                -1.7447912180423735,
                0.5033081912994385,
                0
            ]
        ],
        "toaster_oven_ctrngh_1": [
            [
                -0.287291475534439,
                0.03690827369689943,
                1.5707963267948966
            ]
        ]
    },
    "ontop": {},
    "inside": {},
    "nextto": {},
    "under": {}
}