{
    "nearby": {
        "paperback_book_dbmzmo_1": [
            [
                0.9499484705924987,
                0.08496254205703734,
                0
            ]
        ],
        "shelf_iwziew_1": [
            [
                0.8890484690666199,
                1.0593625664710997,
                0
            ]
        ]
    },
    "ontop": {
        "paperback_book_dbmzmo_1": {
            "floors_yvuaqk_0": [
                [
                    1.1803765296936035,
                    1.4283921718597412,
                    0.016162391752004623
                ],
                [
                    -0.07425353676080704,
                    0.056137364357709885,
                    -0.1820310801267624,
                    0.9788767695426941
                ]
            ],
            "shelf_iwziew_1": [
                [
                    2.511837959289551,
                    1.6058794260025024,
                    0.5232052206993103
                ],
                [
                    -0.037990886718034744,
                    -0.08497891575098038,
                    0.994733989238739,
                    -0.042890824377536774
                ]
            ]
        }
    },
    "inside": {},
    "nextto": {},
    "under": {}
}