{
    "nearby": {
        "shelf_iwziew_1": [
            [
                -2.458740909099579,
                -0.2783417296409607,
                0
            ]
        ],
        "blackberry_tvpfvb_1": [
            [
                -2.458740909099579,
                -0.07134178400039674,
                0
            ]
        ],
        "cooler_pnkiag_1": [
            [
                -0.7536913931369781,
                0.7948081398010255,
                0
            ]
        ]
    },
    "ontop": {},
    "inside": {
        "blackberry_tvpfvb_1": {
            "cooler_pnkiag_1": [
                [
                    -1.3593120574951172,
                    -0.2531839609146118,
                    0.10668440163135529
                ],
                [
                    -0.45481520891189575,
                    0.5574040412902832,
                    -0.05022304132580757,
                    0.6927636861801147
                ]
            ]
        }
    },
    "nextto": {},
    "under": {}
}