{
    "nearby": {
        "desk_cnewsu_1": [
            [
                0.7063484644889831,
                0.5721625542640686,
                0
            ]
        ],
        "table_lamp_ehjsdz_1": [
            [
                0.46274845838546763,
                0.6330625557899475,
                0
            ]
        ]
    },
    "ontop": {},
    "inside": {},
    "nextto": {},
    "under": {}
}