{
    "nearby": {
        "backpack_gvbiwl_1": [
            [
                0.7672484660148621,
                1.4247625756263733,
                0
            ]
        ],
        "notebook_aanuhi_1": [
            [
                -0.45075156450271603,
                -0.5849374747276306,
                0
            ]
        ],
        "notebook_aanuhi_2": [
            [
                -0.45075156450271603,
                -0.5849374747276306,
                0
            ]
        ]
    },
    "ontop": {},
    "inside": {
        "notebook_aanuhi_1": {
            "backpack_gvbiwl_1": [
                [
                    2.4776830673217773,
                    1.6889705657958984,
                    0.06943338364362717
                ],
                [
                    -0.0075570959597826,
                    -0.6108860373497009,
                    0.006840263027697802,
                    0.7916529178619385
                ]
            ]
        },
        "notebook_aanuhi_2": {
            "backpack_gvbiwl_1": [
                [
                    2.3659303188323975,
                    1.8103601932525635,
                    0.06555184721946716
                ],
                [
                    -0.00737258093431592,
                    0.45110321044921875,
                    -0.0028484975919127464,
                    0.8924368023872375
                ]
            ]
        }
    },
    "nextto": {},
    "under": {}
}