{
    "nearby": {
        "booth_xzrpar_1": [
            [
                -1.6864912283420561,
                -0.6043916130065918,
                0
            ]
        ],
        "water_bottle_ackxiy_1": [
            [
                -1.6864912283420561,
                -0.6043916130065918,
                0
            ]
        ],
        "cooler_pnkiag_1": [
            [
                -2.458740909099579,
                -0.2783417296409607,
                0
            ]
        ]
    },
    "ontop": {},
    "inside": {
        "water_bottle_ackxiy_1": {
            "cooler_pnkiag_1": [
                [
                    -2.4089696407318115,
                    0.3331339657306671,
                    0.21379344165325165
                ],
                [
                    -0.00027966592460870743,
                    0.01040671020746231,
                    -0.022442428395152092,
                    0.9996938705444336
                ]
            ]
        }
    },
    "nextto": {},
    "under": {}
}