{
    "nearby": {
        "recycling_bin_duugbb_1": [
            [
                -0.45075156450271603,
                -0.5849374747276306,
                0
            ]
        ],
        "mailbox_bktljr_1": [
            [
                0.34094845533370977,
                0.937562563419342,
                0
            ]
        ]
    },
    "ontop": {},
    "inside": {},
    "nextto": {},
    "under": {}
}