{
    "nearby": {
        "dehumidifier_ppadfd_1": [
            [
                3.132647967338562,
                -0.21253734230995175,
                0
            ]
        ],
        "bucket_lsmlzi_1": [
            [
                3.132647967338562,
                -0.11383734345436088,
                0
            ]
        ],
        "carton_hhlmbi_1": [
            [
                0.9499484705924987,
                1.5465625786781312,
                0
            ]
        ],
        "bread_slice_yedlgq_1": [
            [
                0.9499484705924987,
                1.5465625786781312,
                0
            ]
        ]
    },
    "ontop": {},
    "inside": {
        "bread_slice_yedlgq_1": {
            "bucket_lsmlzi_1": [
                [
                    3.226414918899536,
                    -0.6696679592132568,
                    0.02753518894314766
                ],
                [
                    -0.0036009531468153,
                    0.051769256591796875,
                    0.036828890442848206,
                    0.9979733824729919
                ]
            ]
        }
    },
    "nextto": {},
    "under": {}
}