{
    "nearby": {
        "wicker_basket_unasxd_1": [
            [
                -2.458740909099579,
                -0.2783417296409607,
                0
            ]
        ],
        "nectarine_frutec_1": [
            [
                -2.458740909099579,
                -0.2783417296409607,
                0
            ]
        ],
        "cooler_pnkiag_1": [
            [
                -0.6953914034366607,
                0.7948081398010255,
                0
            ]
        ]
    },
    "ontop": {},
    "inside": {
        "nectarine_frutec_1": {
            "wicker_basket_unasxd_1": [
                [
                    -2.3299875259399414,
                    0.5596229434013367,
                    0.05790242180228233
                ],
                [
                    0.04517914354801178,
                    -0.007932694628834724,
                    -0.01115498784929514,
                    0.9988851547241211
                ]
            ],
            "cooler_pnkiag_1": [
                [
                    -1.317992091178894,
                    -0.07586325705051422,
                    0.12881802022457123
                ],
                [
                    0.053722020238637924,
                    -0.0180217158049345,
                    -0.016657831147313118,
                    0.9982544779777527
                ]
            ]
        }
    },
    "nextto": {},
    "under": {}
}