{
    "nearby": {
        "table_lamp_ehjsdz_1": [
            [
                -2.2132509541511536,
                -8.09845401763916,
                0
            ]
        ],
        "coffee_table_qlmqyy_1": [
            [
                -3.4602508902549745,
                -4.6093540644645685,
                0
            ]
        ],
        "biscuit_hlyeaq_1": [
            [
                -3.4602508902549745,
                -4.089754016399383,
                0
            ]
        ],
        "toy_box_pmhcse_1": [
            [
                -1.3240013772249222,
                -1.5842045450210571,
                0
            ]
        ]
    },
    "ontop": {},
    "inside": {
        "biscuit_hlyeaq_1": {
            "toy_box_pmhcse_1": [
                [
                    0.1536901891231537,
                    -1.480912208557129,
                    0.09737823158502579
                ],
                [
                    0.9677171111106873,
                    0.24269573390483856,
                    -0.018942853435873985,
                    0.06529566645622253
                ]
            ]
        }
    },
    "nextto": {},
    "under": {}
}