{
    "nearby": {
        "booth_xzrpar_1": [
            [
                -1.7447912180423735,
                0.5033081912994385,
                0
            ]
        ],
        "cleaver_vpmydv_1": [
            [
                -1.7447912180423735,
                0.5033081912994385,
                0
            ]
        ],
        "chopping_board_drjnag_1": [
            [
                0.35400841116905213,
                0.03690827369689943,
                1.5707963267948966
            ]
        ],
        "butternut_squash_swehmg_1": [
            [
                0.29570842146873455,
                0.03690827369689943,
                1.5707963267948966
            ]
        ],
        "butternut_squash_swehmg_2": [
            0.654671311378479,
            0.9544355869293213,
            0.6806638240814209
        ]
    },
    "ontop": {
        "butternut_squash_swehmg_1": {
            "chopping_board_drjnag_1": [
                [
                    0.8447913527488708,
                    1.552509069442749,
                    1.0910738706588745
                ],
                [
                    0.010304263792932034,
                    0.04091070219874382,
                    -0.06155123561620712,
                    0.9972118735313416
                ]
            ]
        },
        "butternut_squash_swehmg_2": {
            "chopping_board_drjnag_1": [
                [
                    0.8018988966941833,
                    1.5325831174850464,
                    1.0898321866989136
                ],
                [
                    0.05991849675774574,
                    -0.0754997506737709,
                    -0.558193564414978,
                    0.8240931034088135
                ]
            ]
        }
    },
    "inside": {},
    "nextto": {},
    "under": {}
}