{
    "nearby": {
        "coffee_table_qlmqyy_1": [
            [
                -3.4602508902549745,
                -1.7082537961006163,
                0
            ]
        ],
        "virginia_ham_jqfkdb_1": [
            [
                -3.4169508862495426,
                -1.2752537560462953,
                0
            ]
        ],
        "cooler_pnkiag_1": [
            [
                -2.2132509541511536,
                -5.245954151153565,
                0
            ]
        ]
    },
    "ontop": {},
    "inside": {
        "virginia_ham_jqfkdb_1": {
            "cooler_pnkiag_1": [
                [
                    -2.1357150077819824,
                    -6.112313270568848,
                    0.15401408076286316
                ],
                [
                    -0.016752196475863457,
                    -0.020503176376223564,
                    -0.012494998052716255,
                    0.9995713829994202
                ]
            ]
        }
    },
    "nextto": {},
    "under": {}
}