{
    "nearby": {
        "serving_cart_lwgmcc_1": [
            [
                -0.45075156450271603,
                0.8157625603675841,
                0
            ]
        ],
        "butternut_squash_swehmg_1": [
            [
                -0.45075156450271603,
                -0.5849374747276306,
                0
            ]
        ],
        "cleaver_vpmydv_1": [
            [
                -0.45075156450271603,
                -0.5849374747276306,
                0
            ]
        ],
        "sink_ksecxq_0": [
            [
                3.132647967338562,
                -0.607337337732315,
                0
            ]
        ],
        "bowl_cypjlv_1": [
            [
                3.132647967338562,
                -0.607337337732315,
                0
            ]
        ]
    },
    "ontop": {},
    "inside": {
        "butternut_squash_swehmg_1": {
            "bowl_cypjlv_1": [
                [
                    4.193983554840088,
                    -0.43508782982826233,
                    0.9743174910545349
                ],
                [
                    0.38691064715385437,
                    -0.15399594604969025,
                    -0.053854938596487045,
                    0.9075708985328674
                ]
            ]
        }
    },
    "nextto": {},
    "under": {}
}