{
    "nearby": {
        "booth_xzrpar_1": [
            [
                0.6946982333064078,
                -0.6993040037155152,
                1.5707963267948966
            ]
        ],
        "hamburger_fyswch_1": [
            [
                -1.239101496040821,
                -0.7579039955139161,
                0
            ]
        ],
        "cooler_pnkiag_1": [
            [
                -3.4775507926940916,
                -8.157754230499268,
                0
            ]
        ]
    },
    "ontop": {},
    "inside": {
        "hamburger_fyswch_1": {
            "cooler_pnkiag_1": [
                [
                    -3.1028950214385986,
                    -6.325760841369629,
                    0.12752597033977509
                ],
                [
                    0.010348653420805931,
                    -0.02744007296860218,
                    -0.011334939859807491,
                    0.9995055794715881
                ]
            ]
        }
    },
    "nextto": {},
    "under": {}
}