{
    "nearby": {
        "shopping_basket_vsxhsv_1": [
            [
                -2.458740909099579,
                -0.2783417296409607,
                0
            ]
        ],
        "bread_slice_yedlgq_1": [
            [
                -2.458740909099579,
                -0.2783417296409607,
                0
            ]
        ],
        "bread_slice_yedlgq_2": [
            [
                -2.458740909099579,
                -0.2783417296409607,
                0
            ]
        ],
        "bread_slice_yedlgq_3": [
            [
                -2.458740909099579,
                -0.2783417296409607,
                0
            ]
        ],
        "bread_slice_yedlgq_4": [
            [
                -2.458740909099579,
                -0.2783417296409607,
                0
            ]
        ],
        "toaster_oven_ctrngh_1": [
            [
                -1.1617913210391997,
                0.5033081912994385,
                0
            ]
        ]
    },
    "ontop": {},
    "inside": {
        "bread_slice_yedlgq_1": {
            "toaster_oven_ctrngh_1": [
                [
                    0.34468892216682434,
                    1.5754668712615967,
                    1.0040525197982788
                ],
                [
                    0.00012625101953744888,
                    0.02419009432196617,
                    -0.003494174452498555,
                    0.9997012615203857
                ]
            ]
        },
        "bread_slice_yedlgq_2": {
            "toaster_oven_ctrngh_1": [
                [
                    0.25979486107826233,
                    1.5082290172576904,
                    1.0155770778656006
                ],
                [
                    0.04437237232923508,
                    -0.03176293894648552,
                    -0.005804324522614479,
                    0.9984931349754333
                ]
            ]
        },
        "bread_slice_yedlgq_3": {
            "toaster_oven_ctrngh_1": [
                [
                    0.2797236740589142,
                    1.5410070419311523,
                    1.0171945095062256
                ],
                [
                    0.009650134481489658,
                    -0.0974249467253685,
                    0.0076563493348658085,
                    0.9951667785644531
                ]
            ]
        },
        "bread_slice_yedlgq_4": {
            "toaster_oven_ctrngh_1": [
                [
                    0.287317156791687,
                    1.518951654434204,
                    1.0181208848953247
                ],
                [
                    0.0013169283047318459,
                    -0.0900394394993782,
                    -0.011109733022749424,
                    0.9958754777908325
                ]
            ]
        }
    },
    "nextto": {},
    "under": {}
}