{
    "nearby": {
        "booth_xzrpar_1": [
            [
                -1.6864912283420561,
                -0.6043916130065918,
                0
            ]
        ],
        "cleaver_vpmydv_1": [
            [
                -1.6864912283420561,
                -0.6043916130065918,
                0
            ]
        ],
        "chopping_board_drjnag_1": [
            [
                0.06250846266746514,
                0.27010823249816884,
                0
            ]
        ],
        "steak_ppykkp_1": [
            [
                0.06250846266746514,
                0.03690827369689943,
                0
            ]
        ]
    },
    "ontop": {
        "cleaver_vpmydv_1": {
            "booth_xzrpar_1": [
                [
                    -0.9735748171806335,
                    0.3451293408870697,
                    0.7813092470169067
                ],
                [
                    -0.07772412896156311,
                    -0.06998005509376526,
                    -0.10365567356348038,
                    0.9890992641448975
                ]
            ]
        }
    },
    "inside": {},
    "nextto": {},
    "under": {}
}