{
    "nearby": {
        "booth_xzrpar_1": [
            [
                0.6454484629631042,
                -0.4022374701499939,
                0
            ]
        ],
        "zucchini_udvfaz_1": [
            [
                -0.45075156450271603,
                0.20676254510879521,
                0
            ]
        ],
        "table_knife_eebpap_1": [
            [
                -0.45075156450271603,
                0.5721625542640686,
                0
            ]
        ],
        "chopping_board_drjnag_1": [
            [
                -0.45075156450271603,
                -0.280437467098236,
                0
            ]
        ]
    },
    "ontop": {
        "zucchini_udvfaz_1": {
            "booth_xzrpar_1": [
                [
                    0.46584662795066833,
                    1.316771149635315,
                    0.8024443984031677
                ],
                [
                    0.6652407050132751,
                    0.25723153352737427,
                    -0.4607096314430237,
                    0.5282361507415771
                ]
            ]
        }
    },
    "inside": {},
    "nextto": {},
    "under": {}
}