{
    "nearby": {
        "carton_hhlmbi_1": [
            [
                -2.458740909099579,
                -0.2783417296409607,
                0
            ]
        ],
        "cooler_pnkiag_1": [
            [
                -3.66294127702713,
                0.7984584927558898,
                0
            ]
        ]
    },
    "ontop": {},
    "inside": {
        "carton_hhlmbi_1": {
            "cooler_pnkiag_1": [
                [
                    -3.0031967163085938,
                    1.4492360353469849,
                    0.20566383004188538
                ],
                [
                    0.0018132252153009176,
                    -0.0445709191262722,
                    0.08858956396579742,
                    0.9950688481330872
                ]
            ]
        }
    },
    "nextto": {},
    "under": {}
}