{
    "nearby": {
        "conference_table_hdomxc_1": [
            [
                1.5589484858512879,
                1.3638625741004942,
                0
            ]
        ],
        "kiwi_khupqq_1": [
            [
                1.5589484858512879,
                1.3638625741004942,
                0
            ]
        ],
        "lemon_peel_sdvrmi_1": [
            [
                2.289748504161835,
                1.1811625695228576,
                0
            ]
        ],
        "cooler_pnkiag_1": [
            [
                0.7063484644889831,
                0.5721625542640686,
                0
            ]
        ]
    },
    "ontop": {},
    "inside": {
        "kiwi_khupqq_1": {
            "cooler_pnkiag_1": [
                [
                    2.410053253173828,
                    0.9259428381919861,
                    0.13842323422431946
                ],
                [
                    0.09858416765928268,
                    0.1481689065694809,
                    -0.03237372636795044,
                    0.9835035800933838
                ]
            ]
        },
        "lemon_peel_sdvrmi_1": {
            "cooler_pnkiag_1": [
                [
                    2.2393245697021484,
                    0.9429446458816528,
                    0.10871496796607971
                ],
                [
                    -0.7684903740882874,
                    0.06404323875904083,
                    0.007370520383119583,
                    0.6366055011749268
                ]
            ]
        }
    },
    "nextto": {},
    "under": {}
}