{
    "nearby": {
        "shelf_iwziew_1": [
            [
                -3.66294127702713,
                0.7984584927558898,
                0
            ]
        ],
        "petri_dish_vbiqcq_1": [
            [
                -3.66294127702713,
                0.7984584927558898,
                0
            ]
        ],
        "cooler_pnkiag_1": [
            [
                -2.458740909099579,
                -0.2783417296409607,
                0
            ]
        ]
    },
    "ontop": {},
    "inside": {
        "petri_dish_vbiqcq_1": {
            "cooler_pnkiag_1": [
                [
                    -2.4871017932891846,
                    0.5190759301185608,
                    0.09748603403568268
                ],
                [
                    -0.00014827470295131207,
                    0.0038042902015149593,
                    -0.025584887713193893,
                    0.9996654987335205
                ]
            ]
        }
    },
    "nextto": {},
    "under": {}
}