{
    "nearby": {
        "console_table_tzkfqa_1": [
            [
                -1.7447912180423735,
                0.5033081912994385,
                0
            ]
        ],
        "bratwurst_wuyflp_1": [
            [
                -1.7447912180423735,
                0.5033081912994385,
                0
            ]
        ],
        "cleaver_vpmydv_1": [
            [
                -1.7447912180423735,
                0.5033081912994385,
                0
            ]
        ],
        "microwave_bfbeeb_0": [
            -1.211350679397583,
            1.2050902843475342,
            1.3614671230316162
        ]
    },
    "ontop": {},
    "inside": {
        "bratwurst_wuyflp_1": {
            "microwave_bfbeeb_0": [
                [
                    -0.4662363529205322,
                    1.5350733995437622,
                    1.463916540145874
                ],
                [
                    -0.0023780930787324905,
                    -0.44989341497421265,
                    0.01217564381659031,
                    0.892996072769165
                ]
            ]
        }
    },
    "nextto": {},
    "under": {}
}