{
    "nearby": {
        "booth_xzrpar_1": [
            [
                -0.45075156450271603,
                0.9984625649452209,
                0
            ]
        ],
        "bok_choy_jpkewd_1": [
            [
                -0.45075156450271603,
                -0.5849374747276306,
                0
            ]
        ],
        "cleaver_vpmydv_1": [
            [
                -0.3289515614509583,
                -0.4022374701499939,
                0
            ]
        ],
        "casserole_ncbsee_1": [
            [
                3.132647967338562,
                -0.607337337732315,
                0
            ]
        ]
    },
    "ontop": {},
    "inside": {
        "bok_choy_jpkewd_1": {
            "casserole_ncbsee_1": [
                [
                    3.3518903255462646,
                    -0.009473769925534725,
                    0.10114782303571701
                ],
                [
                    0.1480880230665207,
                    0.11136484146118164,
                    0.9304002523422241,
                    -0.31626445055007935
                ]
            ]
        }
    },
    "nextto": {},
    "under": {}
}