{
    "nearby": {
        "chandelier_qghfol_1": [
            [
                -1.239101496040821,
                -0.7579039955139161,
                0
            ]
        ],
        "window_ithrgo_0": [
            -3.684170722961426,
            1.8682643175125122,
            3.8903942108154297
        ]
    },
    "ontop": {},
    "inside": {},
    "nextto": {},
    "under": {}
}