{
    "nearby": {
        "bed_zrumze_0": [
            [
                -0.6647510266304015,
                -5.40895414352417,
                0
            ]
        ],
        "rag_oocmed_1": [
            [
                -0.6647510266304015,
                -5.40895414352417,
                0
            ]
        ],
        "backpack_gvbiwl_1": [
            [
                -1.3167509961128234,
                -5.571954135894775,
                0
            ]
        ]
    },
    "ontop": {},
    "inside": {
        "rag_oocmed_1": {
            "backpack_gvbiwl_1": [
                [
                    0.5320155620574951,
                    -4.88052225112915,
                    0.24903294444084167
                ],
                [
                    -0.027023950591683388,
                    0.5027370452880859,
                    0.02639518491923809,
                    -0.8636135458946228
                ]
            ]
        }
    },
    "nextto": {},
    "under": {}
}