{
    "nearby": {
        "booth_xzrpar_1": [
            [
                -2.2132509541511536,
                -6.957454071044922,
                0
            ]
        ],
        "muffin_upcxno_1": [
            [
                -2.2132509541511536,
                -6.875954074859619,
                0
            ]
        ],
        "cooler_pnkiag_1": [
            [
                -0.7118511492013933,
                -3.7186543273925783,
                0
            ]
        ]
    },
    "ontop": {},
    "inside": {
        "muffin_upcxno_1": {
            "cooler_pnkiag_1": [
                [
                    0.2471337616443634,
                    -2.882509469985962,
                    0.11319517344236374
                ],
                [
                    -6.658071652054787e-05,
                    3.350479528307915e-05,
                    -0.022117700427770615,
                    0.9997554421424866
                ]
            ]
        }
    },
    "nextto": {},
    "under": {}
}