{
    "nearby": {
        "scrub_brush_hsejyi_1": [
            [
                -0.5720016461610795,
                -1.5842045450210571,
                0
            ]
        ],
        "scrub_brush_hsejyi_2": [
            [
                -1.3240013772249222,
                -1.4882045793533325,
                0
            ]
        ],
        "mop_bucket_xjzyfc_1": [
            [
                -2.748850897550583,
                0.30534590363502506,
                0
            ]
        ],
        "sink_ksecxq_2": [
            -2.803076982498169,
            1.013899326324463,
            4.841516017913818
        ]
    },
    "ontop": {},
    "inside": {
        "scrub_brush_hsejyi_1": {
            "mop_bucket_xjzyfc_1": [
                [
                    -1.903804898262024,
                    0.7277312278747559,
                    0.040525756776332855
                ],
                [
                    -0.022866932675242424,
                    -0.6894766092300415,
                    -0.034770168364048004,
                    0.7231113910675049
                ]
            ],
            "sink_ksecxq_2": [
                [
                    -3.2492308616638184,
                    0.3318460285663605,
                    0.7715961933135986
                ],
                [
                    -0.2622916102409363,
                    -0.6921377778053284,
                    0.6438677906990051,
                    0.19386202096939087
                ]
            ]
        },
        "scrub_brush_hsejyi_2": {
            "mop_bucket_xjzyfc_1": [
                [
                    -1.9036587476730347,
                    0.989459216594696,
                    0.1895553320646286
                ],
                [
                    0.07726297527551651,
                    -0.2931879162788391,
                    -0.13123194873332977,
                    0.943848192691803
                ]
            ],
            "sink_ksecxq_2": [
                [
                    -3.6053929328918457,
                    0.3347177803516388,
                    0.9063389897346497
                ],
                [
                    -0.504310667514801,
                    -0.35345882177352905,
                    0.44078508019447327,
                    0.6530284881591797
                ]
            ]
        }
    },
    "nextto": {},
    "under": {}
}