{
    "nearby": {
        "rag_oocmed_1": [
            [
                -0.31315112173557286,
                -3.275654296875,
                0
            ]
        ],
        "clothes_dryer_smcyys_1": [
            [
                -3.4775507926940916,
                -7.0956542015075685,
                0
            ]
        ],
        "sink_ksecxq_2": [
            -3.843256950378418,
            1.8069260120391846,
            5.11324405670166
        ]
    },
    "ontop": {},
    "inside": {
        "rag_oocmed_1": {
            "clothes_dryer_smcyys_1": [
                [
                    -3.1529228687286377,
                    -7.8590087890625,
                    0.04086863622069359
                ],
                [
                    -0.004296172875910997,
                    -0.00021087226923555136,
                    -0.000215699736145325,
                    0.9999906420707703
                ]
            ],
            "sink_ksecxq_2": [
                [
                    -3.289638042449951,
                    0.34279268980026245,
                    0.7585490345954895
                ],
                [
                    0.021543242037296295,
                    0.03297123312950134,
                    0.7434065937995911,
                    0.6676790714263916
                ]
            ]
        }
    },
    "nextto": {},
    "under": {}
}