{
    "nearby": {
        "booth_xzrpar_1": [
            [
                -3.4602508902549745,
                -4.349554040431976,
                0
            ]
        ],
        "meat_loaf_qdzskd_1": [
            [
                -3.4602508902549745,
                -3.483553960323334,
                0
            ]
        ],
        "cleaver_vpmydv_1": [
            [
                -3.4602508902549745,
                -3.570153968334198,
                0
            ]
        ],
        "casserole_ncbsee_1": [
            [
                -3.4602508902549745,
                -5.345454132556915,
                0
            ]
        ],
        "sink_ksecxq_2": [
            -4.4008660316467285,
            -0.027043446898460388,
            0.3564143180847168
        ]
    },
    "ontop": {},
    "inside": {
        "meat_loaf_qdzskd_1": {
            "casserole_ncbsee_1": [
                [
                    -2.8122928142547607,
                    -5.526067733764648,
                    0.032763730734586716
                ],
                [
                    -0.022271091118454933,
                    0.0022761609870940447,
                    -0.012625389732420444,
                    0.9996696710586548
                ]
            ]
        },
        "cleaver_vpmydv_1": {
            "sink_ksecxq_2": [
                [
                    -3.258354425430298,
                    0.41758111119270325,
                    0.830456554889679
                ],
                [
                    -0.6712113618850708,
                    0.6579421758651733,
                    0.002800513058900833,
                    0.34143754839897156
                ]
            ]
        }
    },
    "nextto": {},
    "under": {}
}