{
    "nearby": {
        "booth_xzrpar_1": [
            [
                3.7589736080169676,
                0.7812995529174793,
                0
            ]
        ],
        "potato_ljfitc_1": [
            [
                4.036177625656128,
                1.612911605834961,
                0
            ]
        ],
        "chopping_board_drjnag_1": [
            [
                0.986933431625366,
                -1.1591285705566412,
                0
            ]
        ],
        "table_knife_eebpap_1": [
            [
                0.986933431625366,
                -1.1591285705566412,
                0
            ]
        ],
        "canister_xchqhl_1": [
            [
                4.313381643295288,
                1.3357075881958005,
                0
            ]
        ]
    },
    "ontop": {},
    "inside": {
        "potato_ljfitc_1": {
            "canister_xchqhl_1": [
                [
                    5.849747180938721,
                    1.5962961912155151,
                    -317.5924987792969
                ],
                [
                    0.0014376118779182434,
                    1.980224624276161e-06,
                    -0.010917485691606998,
                    0.9999393820762634
                ]
            ]
        }
    },
    "nextto": {},
    "under": {}
}