{
    "nearby": {
        "booth_xzrpar_1": [
            [
                -5.220000600814819,
                10.935080785751342,
                0
            ]
        ],
        "cleaver_vpmydv_1": [
            [
                -5.220000600814819,
                10.935080785751342,
                0
            ]
        ],
        "chopping_board_drjnag_1": [
            [
                -5.220000600814819,
                10.935080785751342,
                0
            ]
        ],
        "brussels_sprouts_siodbb_1": [
            [
                -5.220000600814819,
                10.935080785751342,
                0
            ]
        ],
        "brussels_sprouts_siodbb_2": [
            [
                -5.220000600814819,
                10.935080785751342,
                0
            ]
        ],
        "brussels_sprouts_siodbb_3": [
            [
                -5.220000600814819,
                10.935080785751342,
                0
            ]
        ]
    },
    "ontop": {},
    "inside": {},
    "nextto": {},
    "under": {}
}