{
    "nearby": {
        "bucket_lsmlzi_1": [
            [
                9.02584994316101,
                3.2761357116699212,
                0
            ]
        ],
        "olive_gtitsg_1": [
            [
                9.02584994316101,
                3.2761357116699212,
                0
            ]
        ],
        "chopping_board_drjnag_1": [
            [
                0.986933431625366,
                -1.7135366058349624,
                0
            ]
        ],
        "table_knife_eebpap_1": [
            [
                0.986933431625366,
                -1.7135366058349624,
                0
            ]
        ]
    },
    "ontop": {},
    "inside": {},
    "nextto": {},
    "under": {}
}