{
    "nearby": {
        "shelf_iwziew_1": [
            [
                8.47144190788269,
                -4.762780799865723,
                0
            ]
        ],
        "phonograph_record_reunea_1": [
            [
                8.47144190788269,
                -4.208372764587402,
                0
            ]
        ],
        "booth_xzrpar_1": [
            [
                11.384931030273439,
                -4.443842124938965,
                0
            ]
        ]
    },
    "ontop": {
        "phonograph_record_reunea_1": {
            "shelf_iwziew_1": [
                [
                    9.77814769744873,
                    -3.282777786254883,
                    0.5149167776107788
                ],
                [
                    0.039312053471803665,
                    0.01888163946568966,
                    0.9006209373474121,
                    -0.43241164088249207
                ]
            ],
            "booth_xzrpar_1": [
                [
                    10.616403579711914,
                    -5.383039951324463,
                    0.8409149646759033
                ],
                [
                    -0.007217375561594963,
                    -0.043025754392147064,
                    -0.16559040546417236,
                    0.9852291941642761
                ]
            ]
        }
    },
    "inside": {},
    "nextto": {},
    "under": {}
}