{
    "nearby": {
        "shelf_iwziew_1": [
            [
                -5.220000600814819,
                10.935080785751342,
                0
            ]
        ],
        "tissue_dispenser_sqmqyj_1": [
            [
                -5.220000600814819,
                10.935080785751342,
                0
            ]
        ],
        "urinal_pfzmpd_2": [
            -6.393060207366943,
            16.595048904418945,
            5.987035274505615
        ]
    },
    "ontop": {},
    "inside": {},
    "nextto": {},
    "under": {}
}