{
    "nearby": {
        "shelf_iwziew_1": [
            [
                4.036177625656128,
                3.2761357116699212,
                0
            ]
        ],
        "grape_uprbwp_1": [
            [
                4.036177625656128,
                3.2761357116699212,
                0
            ]
        ],
        "shopping_basket_vsxhsv_1": [
            [
                10.680447158813477,
                -5.644073905944825,
                0
            ]
        ]
    },
    "ontop": {
        "grape_uprbwp_1": {
            "shelf_iwziew_1": [
                [
                    5.839791774749756,
                    3.240725517272949,
                    0.5524053573608398
                ],
                [
                    -0.5138224363327026,
                    0.39280661940574646,
                    0.3171783685684204,
                    0.6936047077178955
                ]
            ]
        }
    },
    "inside": {
        "grape_uprbwp_1": {
            "shopping_basket_vsxhsv_1": [
                [
                    11.5042142868042,
                    -5.512169361114502,
                    0.12063244730234146
                ],
                [
                    -0.6876291036605835,
                    0.265104740858078,
                    0.14911015331745148,
                    0.6592812538146973
                ]
            ]
        }
    },
    "nextto": {},
    "under": {}
}