{
    "nearby": {
        "booth_xzrpar_1": [
            [
                7.085421819686889,
                1.05850357055664,
                0
            ]
        ],
        "cleaver_vpmydv_1": [
            [
                7.36262583732605,
                1.05850357055664,
                0
            ]
        ],
        "cauliflower_genkom_1": [
            [
                -2.062310762405396,
                -0.8819245529174806,
                0
            ]
        ],
        "bok_choy_jpkewd_1": [
            [
                -0.39908665657043474,
                -1.7135366058349624,
                0
            ]
        ]
    },
    "ontop": {},
    "inside": {},
    "nextto": {},
    "under": {}
}