{
    "nearby": {
        "shelf_iwziew_1": [
            [
                8.47144190788269,
                -0.05031250000000065,
                0
            ]
        ],
        "olive_gtitsg_1": [
            [
                8.47144190788269,
                0.7812995529174793,
                0
            ]
        ],
        "cooler_pnkiag_1": [
            [
                7.639829854965209,
                1.05850357055664,
                0
            ]
        ]
    },
    "ontop": {},
    "inside": {
        "olive_gtitsg_1": {
            "cooler_pnkiag_1": [
                [
                    2.0597212314605713,
                    1.5645720958709717,
                    -342.6466979980469
                ],
                [
                    2.682514605112374e-06,
                    -9.329058229923248e-06,
                    -9.292198956245556e-05,
                    1.0
                ]
            ]
        }
    },
    "nextto": {},
    "under": {}
}