{
    "nearby": {
        "rag_oocmed_1": [
            [
                16.985790543556213,
                -4.129012722969056,
                0
            ]
        ],
        "rag_oocmed_2": [
            [
                15.839670357704163,
                -4.129012722969056,
                0
            ]
        ],
        "rag_oocmed_3": [
            [
                14.693550171852113,
                -4.129012722969056,
                0
            ]
        ],
        "rag_oocmed_4": [
            [
                13.833960032463073,
                -4.129012722969056,
                0
            ]
        ],
        "rag_oocmed_5": [
            [
                12.401309800148011,
                -3.937992691993714,
                0
            ]
        ],
        "mop_bucket_xjzyfc_1": [
            [
                16.412730450630185,
                -4.702072815895081,
                0
            ]
        ]
    },
    "ontop": {},
    "inside": {},
    "nextto": {},
    "under": {}
}