{
    "nearby": {
        "shelf_iwziew_1": [
            [
                -2.062310762405396,
                -8.366433029174805,
                0
            ]
        ],
        "carton_hhlmbi_1": [
            [
                0.7097294139862058,
                -8.920841064453125,
                0
            ]
        ],
        "cooler_pnkiag_1": [
            [
                10.680447158813477,
                -5.644073905944825,
                0
            ]
        ]
    },
    "ontop": {},
    "inside": {
        "carton_hhlmbi_1": {
            "cooler_pnkiag_1": [
                [
                    11.094552993774414,
                    -4.699580192565918,
                    0.30417096614837646
                ],
                [
                    0.939041793346405,
                    0.14944344758987427,
                    0.07627458870410919,
                    -0.30008283257484436
                ]
            ]
        }
    },
    "nextto": {},
    "under": {}
}