{
    "nearby": {
        "pedestal_table_oqclwq_1": [
            [
                10.680447158813477,
                -5.644073905944825,
                0
            ]
        ],
        "carton_hhlmbi_1": [
            [
                10.680447158813477,
                -5.644073905944825,
                0
            ]
        ],
        "apricot_qmwmwm_1": [
            [
                10.680447158813477,
                -5.435337944030762,
                0
            ]
        ],
        "apricot_qmwmwm_2": [
            [
                10.680447158813477,
                -5.565797920227051,
                0
            ]
        ]
    },
    "ontop": {
        "carton_hhlmbi_1": {
            "pedestal_table_oqclwq_1": [
                [
                    10.896851539611816,
                    -4.527980804443359,
                    0.5762733221054077
                ],
                [
                    3.96121758967638e-05,
                    -2.142856828868389e-06,
                    -0.09802394360303879,
                    0.995184063911438
                ]
            ]
        }
    },
    "inside": {
        "apricot_qmwmwm_1": {
            "carton_hhlmbi_1": [
                [
                    10.946456909179688,
                    -4.509661674499512,
                    0.5905168056488037
                ],
                [
                    0.016199897974729538,
                    -0.018898306414484978,
                    -0.010569571517407894,
                    0.9996342658996582
                ]
            ]
        },
        "apricot_qmwmwm_2": {
            "carton_hhlmbi_1": [
                [
                    10.857135772705078,
                    -4.523360252380371,
                    0.5933141708374023
                ],
                [
                    -0.2540871500968933,
                    -0.02667197585105896,
                    -0.001064474694430828,
                    0.9668129682540894
                ]
            ]
        }
    },
    "nextto": {},
    "under": {}
}