{
    "nearby": {
        "shelf_iwziew_1": [
            [
                -2.3395147800445555,
                -0.8819245529174806,
                0
            ]
        ],
        "gingerbread_hxkcxs_1": [
            [
                -2.3395147800445555,
                -0.8819245529174806,
                0
            ]
        ],
        "reception_desk_kjmhgc_1": [
            [
                -2.8939228153228758,
                -0.60472053527832,
                0
            ]
        ],
        "cleaver_vpmydv_1": [
            [
                -2.616718797683716,
                0.5040955352783187,
                0
            ]
        ]
    },
    "ontop": {},
    "inside": {},
    "nextto": {},
    "under": {}
}