{
    "nearby": {
        "shelf_iwziew_1": [
            [
                -7.223499536514282,
                13.29189658164978,
                0
            ]
        ],
        "scrub_brush_hsejyi_1": [
            [
                -7.223499536514282,
                13.652360677719116,
                0
            ]
        ]
    },
    "ontop": {},
    "inside": {},
    "nextto": {},
    "under": {}
}