{
    "nearby": {
        "booth_xzrpar_1": [
            [
                7.917033872604369,
                1.05850357055664,
                0
            ]
        ],
        "table_knife_eebpap_1": [
            [
                8.19423789024353,
                1.05850357055664,
                0
            ]
        ],
        "shopping_cart_igqaol_1": [
            [
                8.19423789024353,
                -8.920841064453125,
                0
            ]
        ],
        "lettuce_orsjxq_1": [
            0.26217755675315857,
            3.4536709785461426,
            0.06029343605041504
        ]
    },
    "ontop": {},
    "inside": {
        "lettuce_orsjxq_1": {
            "shopping_cart_igqaol_1": [
                [
                    9.996309280395508,
                    -7.812533855438232,
                    0.04847656190395355
                ],
                [
                    0.029665542766451836,
                    -0.35976195335388184,
                    0.7734629511833191,
                    0.5210050344467163
                ]
            ]
        }
    },
    "nextto": {},
    "under": {}
}