{
    "nearby": {
        "printer_kqzshp_1": [
            [
                -2.616718797683716,
                -0.32751651763916123,
                0
            ]
        ],
        "desk_cnewsu_1": [
            [
                7.639829854965209,
                -2.2679446411132815,
                0
            ]
        ]
    },
    "ontop": {},
    "inside": {},
    "nextto": {},
    "under": {}
}