{
    "nearby": {
        "booth_xzrpar_1": [
            [
                8.47144190788269,
                -9.475249099731444,
                0
            ]
        ],
        "cinnamon_roll_xjlptd_1": [
            [
                8.748645925521851,
                -8.366433029174805,
                0
            ]
        ],
        "cooler_pnkiag_1": [
            [
                7.639829854965209,
                1.05850357055664,
                0
            ]
        ]
    },
    "ontop": {},
    "inside": {
        "cinnamon_roll_xjlptd_1": {
            "cooler_pnkiag_1": [
                [
                    9.35340404510498,
                    -0.21078871190547943,
                    -331.1787109375
                ],
                [
                    -0.00014572578947991133,
                    -0.00010715151438489556,
                    -0.006014958489686251,
                    0.9999818205833435
                ]
            ]
        }
    },
    "nextto": {},
    "under": {}
}