{
    "nearby": {
        "booth_xzrpar_1": [
            [
                7.917033872604369,
                -2.2679446411132815,
                0
            ]
        ],
        "rag_oocmed_1": [
            [
                8.19423789024353,
                -2.2679446411132815,
                0
            ]
        ]
    },
    "ontop": {},
    "inside": {},
    "nextto": {},
    "under": {}
}