{
    "nearby": {
        "farm_stand_yoacgd_1": [
            [
                5.4221977138519275,
                -9.475249099731444,
                0
            ]
        ],
        "cherry_lkltpa_1": [
            [
                6.253809766769409,
                -9.475249099731444,
                0
            ]
        ],
        "apricot_qmwmwm_1": [
            [
                9.580257978439331,
                -9.198045082092285,
                0
            ]
        ],
        "booth_xzrpar_1": [
            [
                5.976605749130249,
                0.7812995529174793,
                0
            ]
        ],
        "cleaver_vpmydv_1": [
            [
                6.53101378440857,
                1.3357075881958005,
                0
            ]
        ],
        "chopping_board_drjnag_1": [
            1.5054938793182373,
            0.2262270152568817,
            5.816766738891602
        ],
        "casserole_ncbsee_1": [
            [
                5.4221977138519275,
                -9.475249099731444,
                0
            ]
        ]
    },
    "ontop": {},
    "inside": {
        "cherry_lkltpa_1": {
            "casserole_ncbsee_1": [
                [
                    -0.07964742183685303,
                    -0.00030230110860429704,
                    0.02457362413406372
                ],
                [
                    -0.7086547613143921,
                    -0.32150042057037354,
                    -0.6169213056564331,
                    -0.117702417075634
                ]
            ]
        },
        "apricot_qmwmwm_1": {
            "casserole_ncbsee_1": [
                [
                    -0.2349453866481781,
                    -0.03898606449365616,
                    0.05061021074652672
                ],
                [
                    -0.01967080682516098,
                    -0.06011398509144783,
                    0.24165144562721252,
                    0.9682994484901428
                ]
            ]
        }
    },
    "nextto": {},
    "under": {}
}