{
    "nearby": {
        "booth_xzrpar_1": [
            [
                7.917033872604369,
                -2.2679446411132815,
                0
            ]
        ],
        "cleaver_vpmydv_1": [
            [
                7.36262583732605,
                -1.9907406234741212,
                0
            ]
        ],
        "pool_table_atjfhn_1": [
            [
                -0.39908665657043474,
                -4.762780799865723,
                0
            ]
        ],
        "watermelon_fxhiqs_1": [
            [
                1.2641374492645256,
                -1.9907406234741212,
                0
            ]
        ],
        "watermelon_fxhiqs_2": [
            [
                0.4325253963470457,
                -3.376760711669922,
                0
            ]
        ]
    },
    "ontop": {},
    "inside": {},
    "nextto": {},
    "under": {}
}