{
    "nearby": {
        "booth_xzrpar_1": [
            [
                7.917033872604369,
                -2.2679446411132815,
                0
            ]
        ],
        "apple_agveuv_1": [
            [
                8.47144190788269,
                -4.762780799865723,
                0
            ]
        ],
        "apple_agveuv_2": [
            [
                8.47144190788269,
                -3.9311687469482424,
                0
            ]
        ],
        "apple_agveuv_3": [
            [
                8.47144190788269,
                -4.485576782226563,
                0
            ]
        ],
        "apple_agveuv_4": [
            -2.8253653049468994,
            1.7094433307647705,
            6.238978862762451
        ],
        "table_knife_eebpap_1": [
            -0.8622410893440247,
            -2.2766785621643066,
            4.315783977508545
        ],
        "lunch_box_adxzhe_1": [
            [
                7.917033872604369,
                -2.2679446411132815,
                0
            ]
        ]
    },
    "ontop": {},
    "inside": {
        "apple_agveuv_1": {
            "lunch_box_adxzhe_1": [
                [
                    -0.08522241562604904,
                    0.005798625759780407,
                    0.03392012417316437
                ],
                [
                    -0.5914779305458069,
                    0.1320580393075943,
                    0.2117825597524643,
                    0.7667219638824463
                ]
            ]
        },
        "apple_agveuv_2": {
            "lunch_box_adxzhe_1": [
                [
                    -0.12424196302890778,
                    0.0387234203517437,
                    0.05564151704311371
                ],
                [
                    -0.2773910462856293,
                    -0.610584020614624,
                    -0.5880874395370483,
                    0.4521000385284424
                ]
            ]
        },
        "apple_agveuv_3": {
            "lunch_box_adxzhe_1": [
                [
                    -0.1001783236861229,
                    0.05442900210618973,
                    0.026105687022209167
                ],
                [
                    -0.2868279814720154,
                    -0.29707828164100647,
                    -0.08170703053474426,
                    0.9070821404457092
                ]
            ]
        },
        "apple_agveuv_4": {
            "lunch_box_adxzhe_1": [
                [
                    -0.10361593216657639,
                    0.0013706565368920565,
                    0.027051443234086037
                ],
                [
                    0.1376112699508667,
                    0.5735529661178589,
                    0.1364373117685318,
                    0.7959176301956177
                ]
            ]
        }
    },
    "nextto": {},
    "under": {}
}