{
    "nearby": {
        "wicker_basket_unasxd_1": [
            [
                -1.7851067447662354,
                3.2761357116699212,
                0
            ]
        ],
        "orange_nlygru_1": [
            [
                -1.7851067447662354,
                3.2761357116699212,
                0
            ]
        ],
        "orange_nlygru_2": [
            [
                -1.7851067447662354,
                3.2761357116699212,
                0
            ]
        ],
        "orange_nlygru_3": [
            [
                -1.7851067447662354,
                3.2761357116699212,
                0
            ]
        ],
        "orange_nlygru_4": [
            [
                -1.7851067447662354,
                3.2761357116699212,
                0
            ]
        ],
        "orange_nlygru_5": [
            [
                -1.7851067447662354,
                3.2761357116699212,
                0
            ]
        ],
        "cooler_pnkiag_1": [
            [
                12.878859877586365,
                -5.561662955284119,
                0
            ]
        ]
    },
    "ontop": {},
    "inside": {
        "orange_nlygru_1": {
            "cooler_pnkiag_1": [
                [
                    15.181142807006836,
                    -5.276215553283691,
                    0.21700988709926605
                ],
                [
                    -0.3363444209098816,
                    0.7505284547805786,
                    -0.5654881000518799,
                    -0.06166527420282364
                ]
            ]
        },
        "orange_nlygru_2": {
            "cooler_pnkiag_1": [
                [
                    15.211555480957031,
                    -5.114789962768555,
                    0.19531327486038208
                ],
                [
                    -0.5610309839248657,
                    0.5883135199546814,
                    0.21401965618133545,
                    -0.5415966510772705
                ]
            ]
        },
        "orange_nlygru_3": {
            "cooler_pnkiag_1": [
                [
                    14.829085350036621,
                    -5.101278305053711,
                    0.21753136813640594
                ],
                [
                    -0.6136766672134399,
                    -0.6197801828384399,
                    0.3716091513633728,
                    0.3180881142616272
                ]
            ]
        },
        "orange_nlygru_4": {
            "cooler_pnkiag_1": [
                [
                    14.694526672363281,
                    -5.25349760055542,
                    0.21386662125587463
                ],
                [
                    0.20147211849689484,
                    0.11889945715665817,
                    0.39094579219818115,
                    0.8901872634887695
                ]
            ]
        },
        "orange_nlygru_5": {
            "cooler_pnkiag_1": [
                [
                    14.632368087768555,
                    -5.083527565002441,
                    0.20564286410808563
                ],
                [
                    -0.0344504788517952,
                    0.5325363874435425,
                    0.8409607410430908,
                    -0.08945933729410172
                ]
            ]
        }
    },
    "nextto": {},
    "under": {}
}