{
    "nearby": {
        "board_fxugbm_1": [
            [
                11.738719100952148,
                -15.819609050750733,
                0
            ]
        ],
        "cherry_tomato_eukpfb_1": [
            [
                11.738719100952148,
                -15.819609050750733,
                0
            ]
        ],
        "cooler_pnkiag_1": [
            [
                -3.8441315460205017,
                16.9897932434082,
                0
            ]
        ]
    },
    "ontop": {},
    "inside": {
        "cherry_tomato_eukpfb_1": {
            "cooler_pnkiag_1": [
                [
                    -2.107326030731201,
                    17.03955841064453,
                    0.11779031157493591
                ],
                [
                    0.16002222895622253,
                    0.01991058886051178,
                    -0.005771912634372711,
                    0.9868958592414856
                ]
            ]
        }
    },
    "nextto": {},
    "under": {}
}