{
    "nearby": {
        "breakfast_table_pdpkuw_3": [
            -22.43885612487793,
            -8.521875381469727,
            5.796328067779541
        ],
        "electric_fan_qqphyr_1": [
            -22.43885612487793,
            -8.521875381469727,
            5.796328067779541
        ]
    },
    "ontop": {
        "electric_fan_qqphyr_1": {
            "breakfast_table_pdpkuw_3": [
                [
                    -21.545989990234375,
                    -8.55416488647461,
                    1.4645211696624756
                ],
                [
                    0.00486040161922574,
                    -0.002233821665868163,
                    -0.0009884563041850924,
                    0.9999851584434509
                ]
            ]
        }
    },
    "inside": {},
    "nextto": {},
    "under": {}
}