{
    "nearby": {
        "booth_xzrpar_1": [
            [
                -58.37047660827636,
                8.067300415039062,
                0
            ]
        ],
        "chanterelle_rwntzn_1": [
            [
                -58.37047660827636,
                9.05868850708008,
                0
            ]
        ],
        "cooler_pnkiag_1": [
            [
                11.738719100952148,
                -15.819609050750733,
                0
            ]
        ]
    },
    "ontop": {},
    "inside": {
        "chanterelle_rwntzn_1": {
            "cooler_pnkiag_1": [
                [
                    12.603157997131348,
                    -15.21216869354248,
                    0.13925106823444366
                ],
                [
                    0.3745940625667572,
                    0.33492758870124817,
                    0.06981712579727173,
                    0.8617588877677917
                ]
            ]
        }
    },
    "nextto": {},
    "under": {}
}