{
    "nearby": {
        "conference_table_hdomxc_1": [
            [
                -72.2499098968506,
                30.869226531982424,
                0
            ]
        ],
        "pineapple_ttviux_1": [
            [
                -71.25852180480958,
                32.852002716064455,
                0
            ]
        ],
        "muffin_upcxno_1": [
            [
                -69.27574562072755,
                33.843390808105475,
                0
            ]
        ],
        "table_knife_eebpap_1": [
            [
                -69.27574562072755,
                29.877838439941403,
                0
            ]
        ]
    },
    "ontop": {},
    "inside": {},
    "nextto": {},
    "under": {}
}