{
    "nearby": {
        "shelf_iwziew_1": [
            [
                11.738719100952148,
                -15.819609050750733,
                0
            ]
        ],
        "scrub_brush_hsejyi_1": [
            [
                11.738719100952148,
                -15.819609050750733,
                0
            ]
        ],
        "table_knife_eebpap_1": [
            [
                0.12142082214355299,
                13.024240875244141,
                0
            ]
        ],
        "vase_kjeudr_1": [
            [
                0.12142082214355299,
                13.024240875244141,
                0
            ]
        ],
        "sink_wzpabm_1": [
            [
                13.009466018676767,
                9.05868850708008,
                0
            ]
        ]
    },
    "ontop": {},
    "inside": {
        "vase_kjeudr_1": {
            "sink_wzpabm_1": [
                [
                    13.973682403564453,
                    10.107709884643555,
                    0.07697416841983795
                ],
                [
                    -0.21832275390625,
                    0.5775192379951477,
                    0.7620170712471008,
                    0.19528637826442719
                ]
            ]
        },
        "scrub_brush_hsejyi_1": {
            "sink_wzpabm_1": [
                [
                    13.894290924072266,
                    10.061043739318848,
                    0.08685756474733353
                ],
                [
                    -0.005717503372579813,
                    -0.14020778238773346,
                    0.017113177105784416,
                    0.9899576902389526
                ]
            ]
        }
    },
    "nextto": {},
    "under": {}
}