{
    "nearby": {
        "cooler_pnkiag_1": [
            7.317148685455322,
            -24.72620391845703,
            4.763134956359863
        ],
        "waffle_gjwper_1": [
            7.317148685455322,
            -24.72620391845703,
            4.763134956359863
        ],
        "waffle_gjwper_2": [
            7.317148685455322,
            -24.72620391845703,
            4.763134956359863
        ],
        "microwave_abzvij_1": [
            -11.449185371398926,
            22.916257858276367,
            3.109886646270752
        ]
    },
    "ontop": {},
    "inside": {
        "waffle_gjwper_1": {
            "microwave_abzvij_1": [
                [
                    -11.845224380493164,
                    22.414365768432617,
                    0.9393001198768616
                ],
                [
                    -0.0003483647888060659,
                    -0.00011916625226149336,
                    -0.006787818390876055,
                    0.9999768733978271
                ]
            ]
        },
        "waffle_gjwper_2": {
            "microwave_abzvij_1": [
                [
                    -12.033574104309082,
                    22.497282028198242,
                    0.9409926533699036
                ],
                [
                    0.007083405740559101,
                    0.01989171840250492,
                    -0.008788219653069973,
                    0.9997384548187256
                ]
            ]
        }
    },
    "nextto": {},
    "under": {}
}