{
    "nearby": {
        "shelf_iwziew_1": [
            [
                5.200000723317499,
                36.70676519051195,
                0
            ]
        ],
        "copper_pot_gqemcq_1": [
            [
                6.0000007233175,
                35.90676519051194,
                0
            ]
        ],
        "apple_agveuv_1": [
            [
                16.400000723317497,
                36.70676519051195,
                0
            ]
        ],
        "apple_agveuv_2": [
            [
                16.400000723317497,
                26.306765190511946,
                0
            ]
        ]
    },
    "ontop": {},
    "inside": {
        "apple_agveuv_1": {
            "copper_pot_gqemcq_1": [
                [
                    6.838954925537109,
                    37.30033874511719,
                    0.5354811549186707
                ],
                [
                    -0.3038206398487091,
                    -0.2678273618221283,
                    -0.04564893618226051,
                    0.9131689667701721
                ]
            ]
        },
        "apple_agveuv_2": {
            "copper_pot_gqemcq_1": [
                [
                    6.864756107330322,
                    37.3031120300293,
                    0.5356137752532959
                ],
                [
                    -0.299215704202652,
                    -0.2285270392894745,
                    -0.050603315234184265,
                    0.9250321984291077
                ]
            ]
        }
    },
    "nextto": {},
    "under": {}
}