{
    "nearby": {
        "console_table_tzkfqa_1": [
            [
                -44.49104331970214,
                -4.820744781494141,
                0
            ]
        ],
        "pumpkin_apitmi_1": [
            [
                -44.49104331970214,
                -4.820744781494141,
                0
            ]
        ],
        "conference_table_hdomxc_1": [
            [
                10.035301742553719,
                -1.8465805053710929,
                0
            ]
        ],
        "chopping_board_drjnag_1": [
            [
                14.992242202758794,
                -0.8551924133300773,
                0
            ]
        ],
        "cleaver_vpmydv_1": [
            [
                14.992242202758794,
                -0.8551924133300773,
                0
            ]
        ],
        "bowl_cypjlv_1": [
            [
                13.009466018676767,
                3.110359954833986,
                0
            ]
        ]
    },
    "ontop": {},
    "inside": {
        "pumpkin_apitmi_1": {
            "bowl_cypjlv_1": [
                [
                    13.032207489013672,
                    1.5495331287384033,
                    0.8939099311828613
                ],
                [
                    0.019481629133224487,
                    -0.04347510635852814,
                    0.7313894629478455,
                    0.6802940368652344
                ]
            ]
        }
    },
    "nextto": {},
    "under": {}
}