{
    "nearby": {
        "conference_table_hdomxc_1": [
            [
                12.018077926635746,
                11.04146469116211,
                0
            ]
        ],
        "chocolate_cake_wpeesw_1": [
            [
                12.018077926635746,
                13.024240875244141,
                0
            ]
        ],
        "table_knife_eebpap_1": [
            [
                14.000854110717773,
                31.860614624023437,
                0
            ]
        ]
    },
    "ontop": {
        "chocolate_cake_wpeesw_1": {
            "conference_table_hdomxc_1": [
                [
                    14.642870903015137,
                    13.638225555419922,
                    0.8518877029418945
                ],
                [
                    0.008936859667301178,
                    -0.009786712005734444,
                    -0.008848218247294426,
                    0.9998729825019836
                ]
            ]
        }
    },
    "inside": {},
    "nextto": {},
    "under": {}
}