{
    "nearby": {
        "conference_table_hdomxc_1": [
            [
                2.0000007233174997,
                -30.493234809488058,
                0
            ]
        ],
        "brownie_vqgqja_1": [
            [
                4.400000723317499,
                -27.29323480948806,
                0
            ]
        ],
        "cleaver_vpmydv_1": [
            [
                4.400000723317499,
                -30.493234809488058,
                0
            ]
        ]
    },
    "ontop": {},
    "inside": {},
    "nextto": {},
    "under": {}
}