{
    "nearby": {
        "countertop_zkhelh_1": [
            [
                -0.3999992766824988,
                36.70676519051195,
                0
            ]
        ],
        "cleaver_vpmydv_1": [
            [
                0.40000072331749836,
                36.70676519051195,
                0
            ]
        ],
        "conference_table_hdomxc_1": [
            [
                6.0000007233175,
                -38.49323480948806,
                0
            ]
        ],
        "lime_iwjcjp_1": [
            [
                9.2000007233175,
                -34.49323480948806,
                0
            ]
        ],
        "lime_iwjcjp_2": [
            [
                8.400000723317499,
                -34.49323480948806,
                0
            ]
        ]
    },
    "ontop": {},
    "inside": {},
    "nextto": {},
    "under": {}
}