{
    "nearby": {
        "loudspeaker_snbvop_1": [
            [
                11.738719100952148,
                -15.31560926437378,
                0
            ]
        ],
        "pallet_autwkf_1": [
            [
                12.018077926635746,
                32.852002716064455,
                0
            ]
        ],
        "conference_table_hdomxc_1": [
            [
                10.035301742553719,
                -1.8465805053710929,
                0
            ]
        ]
    },
    "ontop": {
        "pallet_autwkf_1": {
            "conference_table_hdomxc_1": [
                [
                    12.67068099975586,
                    1.4750046730041504,
                    0.8764864206314087
                ],
                [
                    -0.0007451111450791359,
                    -0.0013819747837260365,
                    -0.4797416925430298,
                    0.8774084448814392
                ]
            ]
        }
    },
    "inside": {},
    "nextto": {},
    "under": {}
}