{
    "nearby": {
        "ceiling_fan_xtmacj_1": [
            -1.1842409372329712,
            -1.0816795825958252,
            1.6862879991531372
        ]
    },
    "ontop": {
        "robot0": {
            "floors_hhszec_0": [
                [
                    -70.10089111328125,
                    26.723482131958008,
                    0.0005615502595901489
                ],
                [
                    -0.002321797190234065,
                    -0.012666797265410423,
                    -0.1738581657409668,
                    0.9846864938735962
                ]
            ]
        }
    },
    "inside": {},
    "nextto": {},
    "under": {}
}