{
    "nearby": {
        "carton_hhlmbi_1": [
            [
                15.600000723317502,
                0.7067651905119462,
                0
            ]
        ],
        "fairy_light_waitum_1": [
            -0.6344901919364929,
            -3.69819974899292,
            0.042733192443847656
        ]
    },
    "ontop": {},
    "inside": {},
    "nextto": {},
    "under": {}
}