{
    "nearby": {
        "stand_dbskvf_1": [
            [
                -2.852743453979495,
                31.860614624023437,
                0
            ]
        ],
        "guitar_hpqjrq_1": [
            [
                -0.8699672698974535,
                31.860614624023437,
                0
            ]
        ],
        "conference_table_hdomxc_1": [
            [
                10.035301742553719,
                12.032852783203127,
                0
            ]
        ]
    },
    "ontop": {
        "guitar_hpqjrq_1": {
            "stand_dbskvf_1": [
                [
                    1.0474963188171387,
                    32.72904586791992,
                    0.851022481918335
                ],
                [
                    0.07459970563650131,
                    -0.0009191373246721923,
                    -0.008202503435313702,
                    0.9971793293952942
                ]
            ],
            "conference_table_hdomxc_1": [
                [
                    13.277360916137695,
                    12.707372665405273,
                    1.2174733877182007
                ],
                [
                    0.06353078037500381,
                    -0.0021809337195008993,
                    -0.02563011460006237,
                    0.9976482391357422
                ]
            ]
        }
    },
    "inside": {},
    "nextto": {},
    "under": {}
}