{
    "nearby": {
        "booth_xzrpar_1": [
            [
                13.009466018676767,
                12.032852783203127,
                0
            ]
        ],
        "apple_agveuv_1": [
            [
                13.009466018676767,
                14.015628967285158,
                0
            ]
        ],
        "cooler_pnkiag_1": [
            [
                11.706497077941895,
                -19.433860969543456,
                0
            ]
        ]
    },
    "ontop": {},
    "inside": {
        "apple_agveuv_1": {
            "cooler_pnkiag_1": [
                [
                    13.072792053222656,
                    -17.976701736450195,
                    0.1404859721660614
                ],
                [
                    -0.6562767028808594,
                    0.35824471712112427,
                    0.06620748341083527,
                    0.6607405543327332
                ]
            ]
        }
    },
    "nextto": {},
    "under": {}
}