{
    "nearby": {
        "rib_nzbnqp_1": [
            [
                11.738719100952148,
                -15.063609371185303,
                0
            ]
        ],
        "cooler_pnkiag_1": [
            [
                11.738719100952148,
                -15.819609050750733,
                0
            ]
        ]
    },
    "ontop": {},
    "inside": {
        "rib_nzbnqp_1": {
            "cooler_pnkiag_1": [
                [
                    12.673559188842773,
                    -15.137202262878418,
                    0.11373340338468552
                ],
                [
                    0.002524502109736204,
                    0.005552363581955433,
                    -0.02526029944419861,
                    0.9996623396873474
                ]
            ]
        }
    },
    "nextto": {},
    "under": {}
}