{
    "nearby": {
        "conference_table_hdomxc_1": [
            [
                2.0000007233174997,
                35.10676519051194,
                0
            ]
        ],
        "digital_camera_yptdmt_1": [
            [
                6.0000007233175,
                35.10676519051194,
                0
            ]
        ],
        "backpack_gvbiwl_1": [
            [
                -9.180649013519286,
                -46.744295597076416,
                0
            ]
        ]
    },
    "ontop": {},
    "inside": {
        "digital_camera_yptdmt_1": {
            "backpack_gvbiwl_1": [
                [
                    -8.342071533203125,
                    -46.54377365112305,
                    0.1009741798043251
                ],
                [
                    0.030636049807071686,
                    -0.004123421851545572,
                    -0.001122381305322051,
                    0.9995214343070984
                ]
            ]
        }
    },
    "nextto": {},
    "under": {}
}