{
    "nearby": {
        "poster_dsrcyt_1": [
            [
                11.738719100952148,
                -15.819609050750733,
                0
            ]
        ],
        "conference_table_hdomxc_1": [
            [
                -34.577162399291986,
                20.955345611572266,
                0
            ]
        ]
    },
    "ontop": {
        "poster_dsrcyt_1": {
            "floors_jeufgb_0": [
                [
                    12.013020515441895,
                    -15.463226318359375,
                    0.4439934194087982
                ],
                [
                    -4.4183827412780374e-05,
                    5.096351287647849e-06,
                    -0.10141267627477646,
                    0.994844377040863
                ]
            ],
            "conference_table_hdomxc_1": [
                [
                    -31.57049560546875,
                    23.962085723876953,
                    1.267960548400879
                ],
                [
                    1.5519251974183135e-05,
                    7.94602783571463e-06,
                    -0.13001319766044617,
                    0.9915121793746948
                ]
            ]
        }
    },
    "inside": {},
    "nextto": {},
    "under": {}
}