{
    "nearby": {
        "plate_qtfzeq_1": [
            [
                1.3345445823669435,
                34.685021257400514,
                0
            ]
        ],
        "plate_qtfzeq_2": [
            [
                1.2397036361694338,
                33.16756611824036,
                0
            ]
        ],
        "booth_xzrpar_1": [
            [
                0.3861351203918457,
                34.77986220359802,
                0
            ]
        ],
        "sink_wqjwbx_3": [
            1.7105351686477661,
            31.862573623657227,
            5.805171489715576
        ]
    },
    "ontop": {
        "plate_qtfzeq_1": {
            "booth_xzrpar_1": [
                [
                    1.6799532175064087,
                    36.03151321411133,
                    0.7792262434959412
                ],
                [
                    -0.00023935810895636678,
                    -1.0827749065356329e-05,
                    -0.16530741751194,
                    0.9862420558929443
                ]
            ]
        },
        "plate_qtfzeq_2": {
            "booth_xzrpar_1": [
                [
                    2.5282416343688965,
                    36.31342697143555,
                    0.7791171669960022
                ],
                [
                    -1.7777987523004413e-05,
                    -2.99038874800317e-05,
                    -0.08061917126178741,
                    0.9967449903488159
                ]
            ]
        }
    },
    "inside": {
        "plate_qtfzeq_1": {
            "sink_wqjwbx_3": [
                [
                    2.733654737472534,
                    31.33574676513672,
                    0.8686835169792175
                ],
                [
                    -0.3111345171928406,
                    -0.18981972336769104,
                    0.018552526831626892,
                    -0.9310315251350403
                ]
            ]
        },
        "plate_qtfzeq_2": {
            "sink_wqjwbx_3": [
                [
                    2.8009893894195557,
                    31.485239028930664,
                    0.7952236533164978
                ],
                [
                    0.0011079848045483232,
                    -0.004918368067592382,
                    -0.022033104673027992,
                    0.9997444748878479
                ]
            ]
        }
    },
    "nextto": {},
    "under": {}
}