{
    "nearby": {
        "sink_wqjwbx_3": [
            [
                0.9551807975769042,
                30.322337732315063,
                0
            ]
        ],
        "coffee_cup_ckkwmj_1": [
            [
                0.9551807975769042,
                30.322337732315063,
                0
            ]
        ],
        "shelf_iwziew_1": [
            [
                0.5758170127868654,
                35.34890788078308,
                0
            ]
        ]
    },
    "ontop": {
        "coffee_cup_ckkwmj_1": {
            "shelf_iwziew_1": [
                [
                    2.485978364944458,
                    35.69749069213867,
                    0.5413966774940491
                ],
                [
                    -0.000228475546464324,
                    -0.00012129789683967829,
                    -0.009831391274929047,
                    0.9999516010284424
                ]
            ]
        }
    },
    "inside": {
        "coffee_cup_ckkwmj_1": {
            "sink_wqjwbx_3": [
                [
                    2.6507458686828613,
                    31.45986557006836,
                    0.8213213682174683
                ],
                [
                    0.0003660081420093775,
                    -0.005268997512757778,
                    -0.020507602021098137,
                    0.9997757077217102
                ]
            ]
        }
    },
    "nextto": {},
    "under": {}
}