{
    "nearby": {
        "conference_table_hdomxc_1": [
            [
                14.0000007233175,
                -2.4932348094880568,
                0
            ]
        ],
        "carton_hhlmbi_1": [
            [
                14.800000723317497,
                -0.09323480948805807,
                0
            ]
        ],
        "dumpling_upqcop_1": [
            [
                14.800000723317497,
                -0.09323480948805807,
                0
            ]
        ],
        "dumpling_upqcop_2": [
            [
                14.800000723317497,
                -0.09323480948805807,
                0
            ]
        ],
        "dumpling_upqcop_3": [
            [
                14.800000723317497,
                -0.09323480948805807,
                0
            ]
        ],
        "countertop_zkhelh_1": [
            [
                12.400000723317499,
                36.70676519051195,
                0
            ]
        ],
        "lunch_box_adxzhe_1": [
            [
                13.200000723317503,
                36.70676519051195,
                0
            ]
        ]
    },
    "ontop": {},
    "inside": {
        "dumpling_upqcop_1": {
            "lunch_box_adxzhe_1": [
                [
                    14.501380920410156,
                    37.615135192871094,
                    0.11899734288454056
                ],
                [
                    -7.456443563569337e-05,
                    0.0014032713370397687,
                    -0.005308846011757851,
                    0.9999849200248718
                ]
            ]
        },
        "dumpling_upqcop_2": {
            "lunch_box_adxzhe_1": [
                [
                    14.390331268310547,
                    37.619956970214844,
                    0.12184058874845505
                ],
                [
                    -0.0045369151048362255,
                    -0.01574576459825039,
                    -0.0019764199387282133,
                    0.9998637437820435
                ]
            ]
        },
        "dumpling_upqcop_3": {
            "lunch_box_adxzhe_1": [
                [
                    14.532456398010254,
                    37.56792068481445,
                    0.11887657642364502
                ],
                [
                    0.0019262895220890641,
                    0.002400632482022047,
                    -0.0015563517808914185,
                    0.9999939799308777
                ]
            ]
        }
    },
    "nextto": {},
    "under": {}
}