{
    "nearby": {
        "straight_chair_gxzrim_1": [
            [
                1.1329962623119354,
                28.000647352933886,
                0
            ]
        ],
        "backpack_gvbiwl_1": [
            [
                1.1329962623119354,
                29.171033235788347,
                0
            ]
        ],
        "breakfast_table_pdpkuw_3": [
            -20.601247787475586,
            -9.520773887634277,
            0.9454684257507324
        ],
        "folder_wauyns_1": [
            -20.601247787475586,
            -9.520773887634277,
            0.9454684257507324
        ]
    },
    "ontop": {},
    "inside": {
        "folder_wauyns_1": {
            "backpack_gvbiwl_1": [
                [
                    1.1378445625305176,
                    27.160940170288086,
                    0.3680960237979889
                ],
                [
                    0.40787574648857117,
                    0.11396081000566483,
                    0.8858647346496582,
                    -0.18945753574371338
                ]
            ]
        }
    },
    "nextto": {},
    "under": {}
}