{
    "nearby": {
        "coffee_table_qlmqyy_1": [
            [
                -4.186975359916688,
                -0.9014506077766419,
                0
            ]
        ],
        "orange_nlygru_1": [
            [
                -4.186975359916688,
                -0.7964085984230042,
                0
            ]
        ],
        "table_knife_eebpap_1": [
            [
                -4.186975359916688,
                0.46409551382064806,
                0
            ]
        ],
        "booth_xzrpar_1": [
            [
                -1.3508411073684694,
                -2.161954720020294,
                0
            ]
        ]
    },
    "ontop": {},
    "inside": {},
    "nextto": {},
    "under": {}
}