{
    "nearby": {
        "booth_xzrpar_1": [
            [
                -0.0804367589950561,
                -1.9876144766807557,
                0
            ]
        ],
        "water_glass_lvqgvn_1": [
            [
                -0.0804367589950561,
                -1.9876144766807557,
                0
            ]
        ],
        "wardrobe_lrokhl_1": [
            [
                -5.132353444099427,
                -2.161954720020294,
                0
            ]
        ]
    },
    "ontop": {},
    "inside": {
        "water_glass_lvqgvn_1": {
            "wardrobe_lrokhl_1": [
                [
                    -4.158651828765869,
                    -0.3920588195323944,
                    1.0104808807373047
                ],
                [
                    0.22985756397247314,
                    0.035607822239398956,
                    -0.09572526067495346,
                    0.9678502678871155
                ]
            ]
        }
    },
    "nextto": {},
    "under": {}
}