{
    "nearby": {
        "booth_xzrpar_1": [
            [
                -0.6120097666978838,
                0.9669655084609984,
                0
            ]
        ],
        "table_knife_eebpap_1": [
            [
                -0.3211477595567703,
                0.9669655084609984,
                0
            ]
        ],
        "desk_ohjotf_0": [
            [
                -1.969365800023079,
                -5.238090643882751,
                0
            ]
        ],
        "chopping_board_drjnag_1": [
            [
                -1.969365800023079,
                -5.238090643882751,
                0
            ]
        ],
        "mango_phdamg_1": [
            [
                -1.969365800023079,
                -5.238090643882751,
                0
            ]
        ]
    },
    "ontop": {},
    "inside": {},
    "nextto": {},
    "under": {}
}