{
    "nearby": {
        "board_fxugbm_1": [
            [
                -0.902871773838997,
                0.8700115060806276,
                0
            ]
        ],
        "apple_agveuv_1": [
            [
                -0.6120097666978838,
                0.8700115060806276,
                0
            ]
        ],
        "table_knife_eebpap_1": [
            [
                -0.12723975479602806,
                0.8700115060806276,
                0
            ]
        ],
        "bed_kddswt_1": [
            [
                -1.2906877833604813,
                0.8700115060806276,
                0
            ]
        ],
        "lunch_box_adxzhe_1": [
            [
                -1.2906877833604813,
                0.8700115060806276,
                0
            ]
        ]
    },
    "ontop": {},
    "inside": {
        "apple_agveuv_1": {
            "lunch_box_adxzhe_1": [
                [
                    -0.27643418312072754,
                    0.17415615916252136,
                    0.5579691529273987
                ],
                [
                    -0.22912068665027618,
                    -0.1020267903804779,
                    -0.05285384878516197,
                    0.9665923118591309
                ]
            ]
        }
    },
    "nextto": {},
    "under": {}
}