{
    "nearby": {
        "table_lamp_ehjsdz_1": [
            [
                -5.132353444099427,
                -2.161954720020294,
                0
            ]
        ],
        "kiwi_khupqq_1": [
            [
                -5.132353444099427,
                -2.0569127106666563,
                0
            ]
        ],
        "booth_xzrpar_1": [
            [
                -5.132353444099427,
                -2.161954720020294,
                0
            ]
        ],
        "cleaver_vpmydv_1": [
            [
                -1.455883116722107,
                -1.3216186451911927,
                0
            ]
        ]
    },
    "ontop": {},
    "inside": {},
    "nextto": {},
    "under": {}
}