{
    "nearby": {
        "conference_table_hdomxc_1": [
            [
                -1.969365800023079,
                1.4517355203628541,
                0
            ]
        ],
        "mushroom_zlukhz_1": [
            [
                -1.969365800023079,
                1.4517355203628541,
                0
            ]
        ],
        "booth_xzrpar_1": [
            [
                -1.074350211620331,
                3.7428684139251707,
                0
            ]
        ],
        "table_knife_eebpap_1": [
            [
                -0.25655026197433495,
                4.233548383712768,
                0
            ]
        ],
        "casserole_ncbsee_1": [
            [
                -0.5836702418327335,
                4.1517683887481684,
                0
            ]
        ]
    },
    "ontop": {},
    "inside": {
        "mushroom_zlukhz_1": {
            "casserole_ncbsee_1": [
                [
                    0.9444753527641296,
                    4.621886730194092,
                    0.808583676815033
                ],
                [
                    0.015508575364947319,
                    0.07698427140712738,
                    -0.004135039635002613,
                    0.9969030022621155
                ]
            ]
        }
    },
    "nextto": {},
    "under": {}
}