{
    "nearby": {
        "straight_chair_gxzrim_1": [
            [
                -1.2906877833604813,
                -3.977688612937927,
                0
            ]
        ],
        "desk_ohjotf_0": [
            [
                -1.8724117976427077,
                -5.044182639122009,
                0
            ]
        ],
        "laptop_sngiih_1": [
            [
                -1.8724117976427077,
                -5.044182639122009,
                0
            ]
        ],
        "backpack_gvbiwl_1": [
            0.21276426315307617,
            0.2933189272880554,
            5.6332902908325195
        ]
    },
    "ontop": {},
    "inside": {
        "laptop_sngiih_1": {
            "backpack_gvbiwl_1": [
                [
                    0.10855729877948761,
                    -0.040620073676109314,
                    0.3916949927806854
                ],
                [
                    0.20447437465190887,
                    0.13662372529506683,
                    0.8111891746520996,
                    0.5305622816085815
                ]
            ]
        }
    },
    "nextto": {},
    "under": {}
}