{
    "nearby": {
        "table_lamp_ehjsdz_1": [
            [
                -5.132353444099427,
                -1.951870701313019,
                0
            ]
        ],
        "cabinet_base_dcmhhh_1": [
            [
                -5.132353444099427,
                -2.161954720020294,
                0
            ]
        ],
        "rag_oocmed_1": [
            [
                -5.132353444099427,
                -2.161954720020294,
                0
            ]
        ],
        "sink_wzpabm_1": [
            [
                -1.3508411073684694,
                2.3548516821861267,
                1.5707963267948966
            ]
        ],
        "desk_phone_kpxrpb_1": [
            [
                -4.186975359916688,
                -0.9014506077766419,
                0
            ]
        ]
    },
    "ontop": {},
    "inside": {},
    "nextto": {},
    "under": {}
}