{
    "nearby": {
        "shopping_cart_igqaol_1": [
            [
                -5.115254755020142,
                -17.99361922264099,
                0
            ]
        ],
        "tea_bag_kmvcrb_1": [
            [
                -4.789886293411255,
                -16.583689222335817,
                0
            ]
        ],
        "electric_kettle_hkdsla_1": [
            [
                -9.784616079330444,
                -23.27968638420105,
                0
            ]
        ]
    },
    "ontop": {},
    "inside": {
        "tea_bag_kmvcrb_1": {
            "electric_kettle_hkdsla_1": [
                [
                    -10.276969909667969,
                    -23.852022171020508,
                    0.5298722982406616
                ],
                [
                    0.011565914377570152,
                    0.7403323650360107,
                    -0.0027130506932735443,
                    0.6721360683441162
                ]
            ]
        }
    },
    "nextto": {},
    "under": {}
}