{
    "nearby": {
        "shelf_iwziew_1": [
            [
                -1.646810176372528,
                2.843288469314575,
                0
            ]
        ],
        "liquid_carton_ykfkyq_1": [
            [
                -1.5650301814079288,
                3.333968439102173,
                0
            ]
        ],
        "cooler_pnkiag_1": [
            [
                -1.969365800023079,
                1.8395515298843381,
                0
            ]
        ]
    },
    "ontop": {},
    "inside": {
        "liquid_carton_ykfkyq_1": {
            "cooler_pnkiag_1": [
                [
                    -1.1817840337753296,
                    1.4116781949996948,
                    0.2265956997871399
                ],
                [
                    0.0134512260556221,
                    0.006997954100370407,
                    -0.043291494250297546,
                    0.998947262763977
                ]
            ]
        }
    },
    "nextto": {},
    "under": {}
}