{
    "nearby": {
        "cabinet_base_dcmhhh_1": [
            [
                -3.6617653131484986,
                -1.8468286919593813,
                0
            ]
        ],
        "digital_camera_yptdmt_1": [
            [
                -3.0315132570266723,
                -1.8468286919593813,
                0
            ]
        ]
    },
    "ontop": {},
    "inside": {},
    "nextto": {},
    "under": {}
}