{
    "nearby": {
        "booth_xzrpar_1": [
            [
                -3.28241007566452,
                2.5979484844207765,
                0
            ]
        ],
        "coffee_cup_ckkwmj_1": [
            [
                -2.301050136089325,
                3.7428684139251707,
                0
            ]
        ],
        "coffee_cup_ckkwmj_2": [
            [
                -2.137490146160126,
                3.333968439102173,
                0
            ]
        ],
        "coffee_cup_ckkwmj_3": [
            [
                -2.137490146160126,
                3.333968439102173,
                0
            ]
        ],
        "clothes_dryer_smcyys_1": [
            [
                -0.829010226726532,
                4.315328378677368,
                0
            ]
        ]
    },
    "ontop": {},
    "inside": {
        "coffee_cup_ckkwmj_1": {
            "clothes_dryer_smcyys_1": [
                [
                    1.1653048992156982,
                    3.670131206512451,
                    0.06906015425920486
                ],
                [
                    0.007297600619494915,
                    0.009475717321038246,
                    -0.01527091208845377,
                    0.9998118281364441
                ]
            ]
        },
        "coffee_cup_ckkwmj_2": {
            "clothes_dryer_smcyys_1": [
                [
                    1.111024260520935,
                    3.345041036605835,
                    0.06223549693822861
                ],
                [
                    0.013680067844688892,
                    0.009487787261605263,
                    -0.01441094372421503,
                    0.9997575283050537
                ]
            ]
        },
        "coffee_cup_ckkwmj_3": {
            "clothes_dryer_smcyys_1": [
                [
                    1.0885437726974487,
                    3.7260360717773438,
                    0.07135631889104843
                ],
                [
                    0.007363945711404085,
                    0.009495842270553112,
                    -0.012793910689651966,
                    0.9998460412025452
                ]
            ]
        }
    },
    "nextto": {},
    "under": {}
}