{
    "nearby": {
        "arbor_qewqan_1": [
            [
                -0.6120097666978838,
                1.8395515298843381,
                0
            ]
        ],
        "paperback_book_dbmzmo_1": [
            [
                -0.6120097666978838,
                1.8395515298843381,
                0
            ]
        ],
        "shelf_iwziew_1": [
            [
                -0.09299027204513569,
                3.661088418960571,
                0
            ]
        ],
        "sink_jbborl_0": [
            1.7647247314453125,
            4.676905632019043,
            2.6343488693237305
        ]
    },
    "ontop": {
        "paperback_book_dbmzmo_1": {
            "shelf_iwziew_1": [
                [
                    1.5487195253372192,
                    4.164182662963867,
                    0.523409903049469
                ],
                [
                    -0.06994738429784775,
                    0.061418626457452774,
                    -0.25313296914100647,
                    0.9629426598548889
                ]
            ]
        }
    },
    "inside": {},
    "nextto": {},
    "under": {}
}