{
    "nearby": {
        "desk_ohjotf_0": [
            [
                -1.969365800023079,
                -5.238090643882751,
                0
            ]
        ],
        "carton_hhlmbi_1": [
            [
                -1.969365800023079,
                -5.238090643882751,
                0
            ]
        ],
        "water_bottle_ackxiy_1": [
            [
                -1.969365800023079,
                -5.238090643882751,
                0
            ]
        ],
        "table_lamp_uzrovn_1": [
            -1.4913437366485596,
            -3.4883718490600586,
            0.7235214710235596
        ]
    },
    "ontop": {
        "water_bottle_ackxiy_1": {
            "table_lamp_uzrovn_1": [
                [
                    -1.333907127380371,
                    -3.712841272354126,
                    0.6898698806762695
                ],
                [
                    0.004950716160237789,
                    0.0044111269526183605,
                    -0.022914953529834747,
                    0.9997153282165527
                ]
            ]
        }
    },
    "inside": {},
    "nextto": {},
    "under": {}
}