{
    "nearby": {
        "wicker_basket_unasxd_1": [
            [
                -5.115254755020142,
                -18.047847299575807,
                0
            ]
        ],
        "soft_roll_jelruc_1": [
            [
                -5.115254755020142,
                -18.047847299575807,
                0
            ]
        ],
        "cooler_pnkiag_1": [
            [
                12.750089263916013,
                -5.832847404479981,
                0
            ]
        ]
    },
    "ontop": {},
    "inside": {
        "soft_roll_jelruc_1": {
            "cooler_pnkiag_1": [
                [
                    14.463722229003906,
                    -5.020838260650635,
                    -321.5733642578125
                ],
                [
                    0.00014316069427877665,
                    -0.00011699198512360454,
                    -0.02533099614083767,
                    0.9996791481971741
                ]
            ]
        }
    },
    "nextto": {},
    "under": {}
}