{
    "nearby": {
        "bed_mykwrc_0": [
            [
                -1.3508411073684694,
                2.3548516821861267,
                1.5707963267948966
            ]
        ],
        "backpack_gvbiwl_1": [
            [
                -1.3508411073684694,
                2.3548516821861267,
                1.5707963267948966
            ]
        ]
    },
    "ontop": {},
    "inside": {},
    "nextto": {},
    "under": {}
}