{
    "nearby": {
        "bed_kddswt_1": [
            [
                -1.4845957881212233,
                1.4517355203628541,
                0
            ]
        ],
        "backpack_gvbiwl_1": [
            [
                -1.3876417857408523,
                1.548689522743225,
                0
            ]
        ],
        "tupperware_mkstwr_1": [
            [
                -1.7754577952623367,
                1.9365055322647098,
                0
            ]
        ],
        "desk_ohjotf_0": [
            -1.3639841079711914,
            -5.345826625823975,
            0.24912214279174805
        ]
    },
    "ontop": {
        "tupperware_mkstwr_1": {
            "desk_ohjotf_0": [
                [
                    -0.43885287642478943,
                    -4.523486137390137,
                    0.745201587677002
                ],
                [
                    -6.97156647220254e-05,
                    -0.00014077546074986458,
                    -0.1010933369398117,
                    0.9948769211769104
                ]
            ]
        }
    },
    "inside": {},
    "nextto": {},
    "under": {}
}