{
    "nearby": {
        "backpack_gvbiwl_1": [
            [
                -4.789886293411255,
                -16.909057683944702,
                0
            ]
        ],
        "electric_kettle_hkdsla_1": [
            [
                -13.529403324127198,
                -14.992964649200442,
                0
            ]
        ]
    },
    "ontop": {},
    "inside": {
        "electric_kettle_hkdsla_1": {
            "backpack_gvbiwl_1": [
                [
                    -3.1565825939178467,
                    -16.54880714416504,
                    0.24329419434070587
                ],
                [
                    0.2576182782649994,
                    0.12520551681518555,
                    0.42950254678726196,
                    0.8564367890357971
                ]
            ]
        }
    },
    "nextto": {},
    "under": {}
}