{
    "nearby": {
        "desk_ohjotf_0": [
            [
                -1.969365800023079,
                -5.238090643882751,
                0
            ]
        ],
        "monitor_kmltvq_1": [
            [
                -1.969365800023079,
                -5.238090643882751,
                0
            ]
        ],
        "breakfast_table_uhrsex_1": [
            [
                -0.6120097666978838,
                0.8700115060806276,
                0
            ]
        ],
        "plate_qtfzeq_1": [
            [
                -1.969365800023079,
                1.4517355203628541,
                0
            ]
        ],
        "virginia_ham_jqfkdb_1": [
            [
                -1.969365800023079,
                1.4517355203628541,
                0
            ]
        ],
        "cleaver_vpmydv_1": [
            [
                -1.969365800023079,
                1.4517355203628541,
                0
            ]
        ]
    },
    "ontop": {},
    "inside": {},
    "nextto": {},
    "under": {}
}