{
    "nearby": {
        "reception_desk_kjmhgc_1": [
            [
                -1.969365800023079,
                1.4517355203628541,
                0
            ]
        ],
        "muffin_upcxno_1": [
            [
                -1.969365800023079,
                1.4517355203628541,
                0
            ]
        ],
        "cooler_pnkiag_1": [
            [
                -1.2379102015495302,
                4.560668363571166,
                0
            ]
        ]
    },
    "ontop": {},
    "inside": {
        "muffin_upcxno_1": {
            "cooler_pnkiag_1": [
                [
                    0.3852919340133667,
                    5.242991924285889,
                    0.11555565148591995
                ],
                [
                    -0.0029677387792617083,
                    -0.007742486894130707,
                    -0.01601867564022541,
                    0.9998372793197632
                ]
            ]
        }
    },
    "nextto": {},
    "under": {}
}