{
    "nearby": {
        "shelf_iwziew_1": [
            [
                7.706878433227539,
                -23.592068576812746,
                0
            ]
        ],
        "wine_bottle_vjdkci_1": [
            [
                7.932294387817382,
                -23.197590656280518,
                0
            ]
        ],
        "cooler_pnkiag_1": [
            [
                10.095469665527343,
                -4.505537605285646,
                0
            ]
        ]
    },
    "ontop": {},
    "inside": {
        "wine_bottle_vjdkci_1": {
            "cooler_pnkiag_1": [
                [
                    11.285356521606445,
                    -3.6796071529388428,
                    0.5786076188087463
                ],
                [
                    -0.015592427924275398,
                    0.0023069982416927814,
                    -0.013882365077733994,
                    0.9997794032096863
                ]
            ]
        }
    },
    "nextto": {},
    "under": {}
}