{
    "nearby": {
        "air_conditioner_pekain_1": [
            [
                -0.22419375717639928,
                0.8700115060806276,
                0
            ]
        ],
        "table_lamp_ehjsdz_1": [
            [
                0.31590970277786257,
                3.415748434066772,
                0
            ]
        ],
        "sink_jbborl_0": [
            [
                0.31590970277786257,
                3.415748434066772,
                0
            ]
        ]
    },
    "ontop": {},
    "inside": {},
    "nextto": {},
    "under": {}
}