{
    "nearby": {
        "loudspeaker_snbvop_1": [
            [
                -16.671651248931887,
                -21.866631984710693,
                0
            ]
        ],
        "thermostat_jophec_1": [
            [
                11.347800760269164,
                -20.540417947769164,
                0
            ]
        ]
    },
    "ontop": {},
    "inside": {},
    "nextto": {},
    "under": {}
}