{
    "nearby": {
        "booth_xzrpar_1": [
            [
                -4.502101387977601,
                -1.3216186451911927,
                0
            ]
        ],
        "tray_uekqey_1": [
            [
                -4.292017369270325,
                -1.3216186451911927,
                0
            ]
        ],
        "cinnamon_roll_xjlptd_1": [
            [
                -4.186975359916688,
                -0.6913665890693664,
                0
            ]
        ],
        "table_knife_eebpap_1": [
            [
                -4.186975359916688,
                -0.16615654230117782,
                0
            ]
        ]
    },
    "ontop": {},
    "inside": {},
    "nextto": {},
    "under": {}
}