{
    "nearby": {
        "desk_ohjotf_0": [
            [
                -1.969365800023079,
                -5.238090643882751,
                0
            ]
        ],
        "zucchini_udvfaz_1": [
            [
                -1.7754577952623367,
                -4.462458624839782,
                0
            ]
        ],
        "table_knife_eebpap_1": [
            [
                -1.969365800023079,
                -5.238090643882751,
                0
            ]
        ]
    },
    "ontop": {},
    "inside": {},
    "nextto": {},
    "under": {}
}