{
    "nearby": {
        "shelf_iwziew_1": [
            [
                7.706878433227539,
                -25.282688236236574,
                0
            ]
        ],
        "cleaver_vpmydv_1": [
            [
                7.706878433227539,
                -24.944564304351807,
                0
            ]
        ],
        "booth_xzrpar_1": [
            [
                12.219165344238279,
                -14.32763011932373,
                0
            ]
        ],
        "lemon_hoghjl_1": [
            [
                12.750089263916013,
                -13.265782279968263,
                0
            ]
        ],
        "lemon_hoghjl_2": [
            [
                12.750089263916013,
                -13.265782279968263,
                0
            ]
        ]
    },
    "ontop": {},
    "inside": {},
    "nextto": {},
    "under": {}
}