{
    "nearby": {
        "rag_oocmed_1": [
            [
                6.125512313842774,
                -19.549955558776855,
                0
            ]
        ],
        "rag_oocmed_2": [
            [
                6.29482437133789,
                -18.957363357543944,
                0
            ]
        ],
        "rag_oocmed_3": [
            [
                6.125512313842774,
                -18.957363357543944,
                0
            ]
        ],
        "washer_dobgmu_1": [
            [
                8.664896240234375,
                -23.14123666763306,
                0
            ]
        ]
    },
    "ontop": {},
    "inside": {
        "rag_oocmed_1": {
            "washer_dobgmu_1": [
                [
                    9.23579216003418,
                    -21.37152099609375,
                    0.716126561164856
                ],
                [
                    -1.4561500165655161e-06,
                    2.4741641482250998e-06,
                    -0.01630699634552002,
                    0.9998670220375061
                ]
            ]
        },
        "rag_oocmed_2": {
            "washer_dobgmu_1": [
                [
                    9.236459732055664,
                    -21.37605857849121,
                    0.717519223690033
                ],
                [
                    -5.934871296631172e-07,
                    1.303294538956834e-06,
                    0.7083864808082581,
                    0.7058248519897461
                ]
            ]
        },
        "rag_oocmed_3": {
            "washer_dobgmu_1": [
                [
                    9.231228828430176,
                    -21.36355972290039,
                    0.7189117670059204
                ],
                [
                    3.957446551794419e-06,
                    1.3477485936164157e-06,
                    0.9983904361724854,
                    0.05671525001525879
                ]
            ]
        }
    },
    "nextto": {},
    "under": {}
}