{
    "nearby": {
        "rib_nzbnqp_1": [
            [
                0.01470501422882041,
                2.3548516821861267,
                1.5707963267948966
            ]
        ],
        "oven_wuinhm_1": [
            [
                -4.186975359916688,
                -1.1115346264839174,
                0
            ]
        ]
    },
    "ontop": {},
    "inside": {
        "rib_nzbnqp_1": {
            "oven_wuinhm_1": [
                [
                    -3.2174882888793945,
                    0.47506237030029297,
                    0.40846121311187744
                ],
                [
                    0.005724178161472082,
                    -0.010093378834426403,
                    -0.01847780868411064,
                    0.9997619390487671
                ]
            ]
        }
    },
    "nextto": {},
    "under": {}
}