{
    "nearby": {
        "breakfast_table_uhrsex_1": [
            [
                4.121088628768921,
                1.5879968953132628,
                0
            ]
        ],
        "butter_cookie_kukrla_1": [
            [
                4.378758592605591,
                1.5879968953132628,
                0
            ]
        ],
        "cooler_pnkiag_1": [
            [
                22.644689273834228,
                -1.612972557544708,
                0
            ]
        ]
    },
    "ontop": {},
    "inside": {
        "butter_cookie_kukrla_1": {
            "cooler_pnkiag_1": [
                [
                    23.615135192871094,
                    0.40394914150238037,
                    0.07667795568704605
                ],
                [
                    0.00041734418482519686,
                    0.004034132696688175,
                    -0.01941153220832348,
                    0.999803364276886
                ]
            ]
        }
    },
    "nextto": {},
    "under": {}
}