{
    "nearby": {
        "booth_xzrpar_1": [
            [
                4.121088628768921,
                1.5879968953132628,
                0
            ]
        ],
        "casserole_ncbsee_1": [
            [
                4.121088628768921,
                1.5879968953132628,
                0
            ]
        ],
        "cooler_pnkiag_1": [
            [
                6.096558351516723,
                -1.0745927309989929,
                0
            ]
        ]
    },
    "ontop": {},
    "inside": {
        "casserole_ncbsee_1": {
            "cooler_pnkiag_1": [
                [
                    7.892598628997803,
                    -0.7098270654678345,
                    0.12335474789142609
                ],
                [
                    0.0021951617673039436,
                    0.00037300895201042295,
                    -0.1585078239440918,
                    0.9873552322387695
                ]
            ]
        }
    },
    "nextto": {},
    "under": {}
}