{
    "nearby": {
        "booth_xzrpar_1": [
            [
                20.02336874961853,
                10.000829133987427,
                0
            ]
        ],
        "water_glass_lvqgvn_1": [
            [
                21.383388624191284,
                11.224847021102905,
                0
            ]
        ],
        "wardrobe_lrokhl_1": [
            -1.060497760772705,
            -2.0732576847076416,
            0.025157928466796875
        ]
    },
    "ontop": {},
    "inside": {
        "water_glass_lvqgvn_1": {
            "wardrobe_lrokhl_1": [
                [
                    -0.16639316082000732,
                    -1.0604653358459473,
                    -3.922926187515259
                ],
                [
                    0.042990636080503464,
                    0.48025232553482056,
                    0.02456848695874214,
                    -0.8757315874099731
                ]
            ]
        }
    },
    "nextto": {},
    "under": {}
}