{
    "nearby": {
        "pumpkin_apitmi_1": [
            [
                4.121088628768921,
                1.5879968953132628,
                0
            ]
        ],
        "oven_ffitak_0": [
            9.831395149230957,
            -2.3347084522247314,
            1.3002337217330933
        ]
    },
    "ontop": {},
    "inside": {
        "pumpkin_apitmi_1": {
            "oven_ffitak_0": [
                [
                    8.503029823303223,
                    -1.7601845264434814,
                    1.1240912675857544
                ],
                [
                    -0.01721629872918129,
                    -0.020469361916184425,
                    -0.06543208658695221,
                    0.9974985718727112
                ]
            ]
        }
    },
    "nextto": {},
    "under": {}
}