{
    "nearby": {
        "wicker_basket_unasxd_1": [
            [
                3.113894603848457,
                10.400228581428527,
                0
            ]
        ],
        "orange_nlygru_1": [
            [
                3.113894603848457,
                10.400228581428527,
                0
            ]
        ],
        "cooler_pnkiag_1": [
            [
                2.392285962104797,
                3.688383078575134,
                0
            ]
        ]
    },
    "ontop": {},
    "inside": {
        "orange_nlygru_1": {
            "cooler_pnkiag_1": [
                [
                    4.3130645751953125,
                    4.2647199630737305,
                    0.14093180000782013
                ],
                [
                    0.16840806603431702,
                    0.35734543204307556,
                    -0.007214481942355633,
                    0.9186353087425232
                ]
            ]
        }
    },
    "nextto": {},
    "under": {}
}