{
    "nearby": {
        "brussels_sprouts_siodbb_1": [
            [
                -4.109966878890991,
                4.5107902240753175,
                0
            ]
        ],
        "brussels_sprouts_siodbb_2": [
            [
                -4.109966878890991,
                4.5107902240753175,
                0
            ]
        ],
        "brussels_sprouts_siodbb_3": [
            [
                -4.735566701889039,
                6.465789670944213,
                0
            ]
        ],
        "chopping_board_drjnag_1": [
            [
                -3.171567144393921,
                3.8069904232025147,
                0
            ]
        ],
        "tray_uekqey_1": [
            [
                0.5487948560714722,
                2.9373409700393673,
                0
            ]
        ],
        "table_knife_eebpap_1": [
            [
                0.5487948560714722,
                2.9373409700393673,
                0
            ]
        ]
    },
    "ontop": {
        "brussels_sprouts_siodbb_1": {
            "chopping_board_drjnag_1": [
                [
                    -1.875145673751831,
                    3.3953115940093994,
                    0.9746512770652771
                ],
                [
                    0.20931048691272736,
                    -0.6321078538894653,
                    -0.06395292282104492,
                    0.7433295845985413
                ]
            ]
        },
        "brussels_sprouts_siodbb_2": {
            "chopping_board_drjnag_1": [
                [
                    -1.8443405628204346,
                    3.262402057647705,
                    0.9745549559593201
                ],
                [
                    0.19082657992839813,
                    -0.6265491247177124,
                    -0.06176602840423584,
                    0.7531309723854065
                ]
            ]
        },
        "brussels_sprouts_siodbb_3": {
            "chopping_board_drjnag_1": [
                [
                    -1.7698845863342285,
                    3.341625452041626,
                    0.977868378162384
                ],
                [
                    0.033816415816545486,
                    -0.24096548557281494,
                    -0.003327038139104843,
                    0.9699386954307556
                ]
            ]
        }
    },
    "inside": {},
    "nextto": {},
    "under": {}
}