{
    "nearby": {
        "desktop_computer_tbtham_1": [
            [
                -2.4244689369201664,
                9.0382901763916,
                0
            ]
        ],
        "window_ulnafj_3": [
            4.4249114990234375,
            -8.06374454498291,
            0.19547438621520996
        ]
    },
    "ontop": {},
    "inside": {},
    "nextto": {},
    "under": {}
}