{
    "nearby": {
        "coffee_table_qlmqyy_0": [
            [
                -1.312087938785553,
                0.6884273290634157,
                0
            ]
        ],
        "beer_bottle_nigfha_1": [
            [
                -1.312087938785553,
                0.6884273290634157,
                0
            ]
        ],
        "cooler_pnkiag_1": [
            [
                2.3200279569625852,
                -1.225161271095276,
                0
            ]
        ]
    },
    "ontop": {},
    "inside": {
        "beer_bottle_nigfha_1": {
            "cooler_pnkiag_1": [
                [
                    3.9506068229675293,
                    -0.6912978291511536,
                    0.21035423874855042
                ],
                [
                    -0.006926892325282097,
                    0.03153161332011223,
                    -0.0033831465989351273,
                    0.9994730353355408
                ]
            ]
        }
    },
    "nextto": {},
    "under": {}
}