{
    "nearby": {
        "booth_xzrpar_1": [
            [
                -4.033754043579101,
                6.3475572204589845,
                0
            ]
        ],
        "cleaver_vpmydv_1": [
            [
                -2.967458343505859,
                6.804541091918946,
                0
            ]
        ],
        "chopping_board_drjnag_1": [
            [
                -4.811787528991699,
                1.2706284427642824,
                0
            ]
        ],
        "beefsteak_tomato_eevvzv_1": [
            [
                -4.811787528991699,
                1.4797284221649172,
                0
            ]
        ]
    },
    "ontop": {
        "cleaver_vpmydv_1": {
            "booth_xzrpar_1": [
                [
                    -1.8690743446350098,
                    6.869676113128662,
                    0.7826815247535706
                ],
                [
                    -0.06910842657089233,
                    -0.07356181740760803,
                    -0.05372912064194679,
                    0.9934414625167847
                ]
            ]
        }
    },
    "inside": {},
    "nextto": {},
    "under": {}
}