{
    "nearby": {
        "vacuum_bdmsbr_1": [
            [
                0.5077948522567749,
                5.342340703010559,
                0
            ]
        ],
        "coffee_table_gcollb_0": [
            [
                4.189445853233337,
                0.3557908236980438,
                0
            ]
        ],
        "vase_kjeudr_1": [
            [
                4.189445853233337,
                0.3557908236980438,
                0
            ]
        ],
        "sink_wzpabm_1": [
            [
                0.569045901298523,
                -0.9372091591358185,
                0
            ]
        ],
        "icicle_lights_lbwpka_1": [
            0.3329184055328369,
            1.061366081237793,
            4.7483320236206055
        ],
        "sofa_xhxdqf_0": [
            2.1136929988861084,
            1.0247774124145508,
            0.3522186279296875
        ]
    },
    "ontop": {},
    "inside": {
        "vase_kjeudr_1": {
            "sink_wzpabm_1": [
                [
                    2.1473424434661865,
                    -0.5210663080215454,
                    0.0755055844783783
                ],
                [
                    -0.6711568832397461,
                    0.10742446780204773,
                    0.7265716195106506,
                    -0.1005093976855278
                ]
            ]
        }
    },
    "nextto": {},
    "under": {}
}