{
    "nearby": {
        "booth_xzrpar_1": [
            [
                -3.905687618255615,
                0.6433285045623779,
                0
            ]
        ],
        "zucchini_udvfaz_1": [
            [
                -2.7207877349853513,
                3.0131282711029055,
                0
            ]
        ],
        "zucchini_udvfaz_2": [
            [
                -3.2086876869201655,
                1.1312284564971926,
                1.5707963267948966
            ]
        ],
        "cleaver_vpmydv_1": [
            [
                -3.2783876800537106,
                1.1312284564971926,
                1.5707963267948966
            ]
        ],
        "chopping_board_drjnag_1": [
            [
                -4.811787528991699,
                1.3403284358978274,
                0
            ]
        ]
    },
    "ontop": {
        "zucchini_udvfaz_1": {
            "chopping_board_drjnag_1": [
                [
                    -4.169488430023193,
                    2.7546045780181885,
                    1.0824922323226929
                ],
                [
                    0.5919300317764282,
                    -0.42465877532958984,
                    0.3080579340457916,
                    0.6118692755699158
                ]
            ]
        },
        "zucchini_udvfaz_2": {
            "chopping_board_drjnag_1": [
                [
                    -4.08103084564209,
                    2.6339948177337646,
                    1.0820142030715942
                ],
                [
                    0.6405172348022461,
                    -0.24472986161708832,
                    0.08324036002159119,
                    0.723129391670227
                ]
            ]
        }
    },
    "inside": {},
    "nextto": {},
    "under": {}
}