{
    "nearby": {
        "reception_desk_kjmhgc_1": [
            [
                -3.7662876319885252,
                0.6433285045623779,
                0
            ]
        ],
        "mango_phdamg_1": [
            [
                -3.6268876457214354,
                4.267728147506714,
                0
            ]
        ],
        "cleaver_vpmydv_1": [
            [
                -3.6268876457214354,
                4.267728147506714,
                0
            ]
        ],
        "chopping_board_drjnag_1": [
            [
                -4.811787528991699,
                1.2009284496307375,
                0
            ]
        ]
    },
    "ontop": {},
    "inside": {},
    "nextto": {},
    "under": {}
}