{
    "nearby": {
        "breakfast_table_uhrsex_0": [
            [
                -4.811787528991699,
                1.688828401565552,
                0
            ]
        ],
        "broccoli_wsxavx_1": [
            [
                -4.811787528991699,
                1.688828401565552,
                0
            ]
        ],
        "plate_qtfzeq_1": [
            [
                -4.811787528991699,
                1.7585283946990968,
                0
            ]
        ],
        "table_knife_eebpap_1": [
            [
                -4.733105422854424,
                9.27922857761383,
                0
            ]
        ]
    },
    "ontop": {},
    "inside": {
        "broccoli_wsxavx_1": {
            "plate_qtfzeq_1": [
                [
                    -3.647261381149292,
                    3.0025391578674316,
                    1.0073257684707642
                ],
                [
                    0.15010564029216766,
                    -0.5629096031188965,
                    -0.5332237482070923,
                    0.6134113669395447
                ]
            ]
        }
    },
    "nextto": {},
    "under": {}
}