{
    "nearby": {
        "breakfast_table_uhrsex_0": [
            [
                -4.811787528991699,
                1.7585283946990968,
                0
            ]
        ],
        "brownie_vqgqja_1": [
            [
                -4.811787528991699,
                1.7585283946990968,
                0
            ]
        ],
        "asparagus_xguktb_1": [
            [
                -4.811787528991699,
                2.1767283535003665,
                0
            ]
        ],
        "cooler_pnkiag_1": [
            [
                1.6697059106826782,
                -1.225161271095276,
                0
            ]
        ]
    },
    "ontop": {},
    "inside": {
        "brownie_vqgqja_1": {
            "cooler_pnkiag_1": [
                [
                    2.7164595127105713,
                    -1.262263298034668,
                    0.12781719863414764
                ],
                [
                    0.011708475649356842,
                    0.02685989998281002,
                    -0.012309241108596325,
                    0.9994948506355286
                ]
            ]
        },
        "asparagus_xguktb_1": {
            "cooler_pnkiag_1": [
                [
                    2.7475314140319824,
                    -0.6845446228981018,
                    0.155781090259552
                ],
                [
                    0.003953104373067617,
                    0.20953185856342316,
                    0.012645509093999863,
                    0.977712094783783
                ]
            ]
        }
    },
    "nextto": {},
    "under": {}
}