{
    "nearby": {
        "board_fxugbm_1": [
            [
                -4.188166856765748,
                6.15298975944519,
                0
            ]
        ],
        "pumpkin_apitmi_1": [
            [
                -3.8753669452667237,
                6.074789781570434,
                0
            ]
        ],
        "pumpkin_apitmi_2": [
            [
                -3.5625670337677002,
                6.934989538192748,
                0
            ]
        ],
        "cleaver_vpmydv_1": [
            [
                -1.3729676532745363,
                6.700389604568481,
                0
            ]
        ],
        "stove_kfhkqp_1": [
            [
                -4.735566701889039,
                7.013189516067505,
                0
            ]
        ],
        "crock_pot_lspxjq_1": [
            [
                -4.735566701889039,
                6.465789670944213,
                0
            ]
        ]
    },
    "ontop": {},
    "inside": {
        "pumpkin_apitmi_1": {
            "crock_pot_lspxjq_1": [
                [
                    -3.7742373943328857,
                    7.005401134490967,
                    0.7945285439491272
                ],
                [
                    0.7944409251213074,
                    0.47986042499542236,
                    -0.3513565957546234,
                    -0.1230696439743042
                ]
            ]
        },
        "pumpkin_apitmi_2": {
            "crock_pot_lspxjq_1": [
                [
                    -3.7435176372528076,
                    7.038296699523926,
                    0.8035348057746887
                ],
                [
                    0.9594854116439819,
                    -0.08681860566139221,
                    0.21669533848762512,
                    -0.1577765792608261
                ]
            ]
        }
    },
    "nextto": {},
    "under": {}
}