{
    "nearby": {
        "countertop_tpuwys_6": [
            [
                -3.171567144393921,
                3.8069904232025147,
                0
            ]
        ],
        "electric_kettle_hkdsla_1": [
            [
                -3.171567144393921,
                3.8069904232025147,
                0
            ]
        ]
    },
    "ontop": {
        "electric_kettle_hkdsla_1": {
            "countertop_tpuwys_6": [
                [
                    -1.8889358043670654,
                    3.4446475505828857,
                    0.9348404407501221
                ],
                [
                    -0.003554069437086582,
                    -0.06167381629347801,
                    0.8864232897758484,
                    -0.45873451232910156
                ]
            ]
        }
    },
    "inside": {},
    "nextto": {},
    "under": {}
}