{
    "nearby": {
        "shelf_vgzdul_0": [
            [
                -4.389185943603516,
                5.53514144897461,
                0
            ]
        ],
        "carton_hhlmbi_1": [
            [
                -4.389185943603516,
                5.53514144897461,
                0
            ]
        ],
        "butter_cookie_kukrla_1": [
            [
                -4.389185943603516,
                5.53514144897461,
                0
            ]
        ],
        "cooler_pnkiag_1": [
            [
                1.6697059106826782,
                -1.225161271095276,
                0
            ]
        ]
    },
    "ontop": {},
    "inside": {
        "butter_cookie_kukrla_1": {
            "cooler_pnkiag_1": [
                [
                    3.1147851943969727,
                    -0.8786978721618652,
                    0.10801547020673752
                ],
                [
                    -0.017607420682907104,
                    0.0008876139763742685,
                    -0.016785472631454468,
                    0.9997036457061768
                ]
            ]
        }
    },
    "nextto": {},
    "under": {}
}