{
    "nearby": {
        "desk_cnewsu_1": [
            [
                -1.312087938785553,
                0.6884273290634157,
                0
            ]
        ],
        "table_lamp_ehjsdz_1": [
            [
                -1.1329879593849181,
                0.7481273221969607,
                0
            ]
        ],
        "room_light_htznln_1": [
            -0.7887549996376038,
            1.6689183712005615,
            1.4008623361587524
        ]
    },
    "ontop": {},
    "inside": {},
    "nextto": {},
    "under": {}
}