{
    "nearby": {
        "desk_cnewsu_1": [
            [
                2.5590461444854733,
                5.758590478897094,
                0
            ]
        ],
        "laptop_sngiih_1": [
            [
                2.790046110153198,
                5.758590478897094,
                0
            ]
        ]
    },
    "ontop": {
        "laptop_sngiih_1": {
            "desk_cnewsu_1": [
                [
                    4.418398380279541,
                    5.951504707336426,
                    0.732597827911377
                ],
                [
                    -0.000573821016587317,
                    5.1526552852010354e-05,
                    -0.09121038019657135,
                    0.9958315491676331
                ]
            ]
        }
    },
    "inside": {},
    "nextto": {},
    "under": {}
}