{
    "nearby": {
        "cooler_pnkiag_1": [
            [
                2.6813179826736446,
                -1.225161271095276,
                0
            ]
        ],
        "cold_cuts_zidsvg_1": [
            [
                2.7535759878158568,
                -1.225161271095276,
                0
            ]
        ],
        "cold_cuts_zidsvg_2": [
            [
                2.7535759878158568,
                -1.225161271095276,
                0
            ]
        ],
        "cold_cuts_zidsvg_3": [
            [
                2.7535759878158568,
                -1.225161271095276,
                0
            ]
        ],
        "cold_cuts_zidsvg_4": [
            [
                2.7535759878158568,
                -1.225161271095276,
                0
            ]
        ],
        "console_table_tzkfqa_1": [
            [
                -4.045087604522705,
                0.7130284976959228,
                0
            ]
        ],
        "mixing_bowl_deudkt_1": [
            [
                -3.6965876388549805,
                0.9221284770965577,
                0
            ]
        ]
    },
    "ontop": {},
    "inside": {
        "cold_cuts_zidsvg_1": {
            "mixing_bowl_deudkt_1": [
                [
                    -2.166147470474243,
                    1.511707067489624,
                    0.820015549659729
                ],
                [
                    -0.13089004158973694,
                    -0.03629044443368912,
                    -0.6760823130607605,
                    -0.7241986393928528
                ]
            ]
        },
        "cold_cuts_zidsvg_2": {
            "mixing_bowl_deudkt_1": [
                [
                    -2.1538584232330322,
                    1.5050855875015259,
                    0.8206388354301453
                ],
                [
                    -0.4855879843235016,
                    -0.6799508333206177,
                    -0.2828839421272278,
                    0.4710072875022888
                ]
            ]
        },
        "cold_cuts_zidsvg_3": {
            "mixing_bowl_deudkt_1": [
                [
                    -2.190751552581787,
                    1.4418573379516602,
                    0.8794355392456055
                ],
                [
                    -0.5808457136154175,
                    0.38888055086135864,
                    -0.4910876154899597,
                    -0.5198299884796143
                ]
            ]
        },
        "cold_cuts_zidsvg_4": {
            "mixing_bowl_deudkt_1": [
                [
                    -2.152616500854492,
                    1.4952950477600098,
                    0.8295537829399109
                ],
                [
                    -0.2445916384458542,
                    0.04795636981725693,
                    -0.815833330154419,
                    0.521815299987793
                ]
            ]
        }
    },
    "nextto": {},
    "under": {}
}