{
    "nearby": {
        "cucumber_wcvwye_1": [
            [
                -2.459698486328125,
                6.042901306152344,
                0
            ]
        ],
        "cooler_pnkiag_1": [
            [
                -4.389185943603516,
                5.53514144897461,
                0
            ]
        ]
    },
    "ontop": {},
    "inside": {
        "cucumber_wcvwye_1": {
            "cooler_pnkiag_1": [
                [
                    -3.358289957046509,
                    6.330883502960205,
                    0.11767031252384186
                ],
                [
                    -0.05429411679506302,
                    0.0008999176206998527,
                    -0.015450363978743553,
                    0.9984049797058105
                ]
            ]
        }
    },
    "nextto": {},
    "under": {}
}