{
    "nearby": {
        "enchilada_dwvaig_1": [
            [
                -4.109966878890991,
                4.5107902240753175,
                0
            ]
        ],
        "lab_exhaust_hood_sdlkyk_1": [
            [
                -4.266366834640503,
                6.465789670944213,
                0
            ]
        ],
        "oven_wuinhm_0": [
            -2.0494816303253174,
            5.699326515197754,
            5.730847358703613
        ]
    },
    "ontop": {},
    "inside": {
        "enchilada_dwvaig_1": {
            "oven_wuinhm_0": [
                [
                    -2.507932662963867,
                    5.843319892883301,
                    0.13571961224079132
                ],
                [
                    0.012150771915912628,
                    -0.000840919790789485,
                    -0.04614477977156639,
                    0.9988604784011841
                ]
            ]
        }
    },
    "nextto": {},
    "under": {}
}