{
    "nearby": {
        "cooler_pnkiag_1": [
            [
                0.5077948522567749,
                5.342340703010559,
                0
            ]
        ],
        "durian_mttfyh_1": [
            [
                4.099045915603638,
                5.219590559005737,
                0
            ]
        ]
    },
    "ontop": {},
    "inside": {
        "durian_mttfyh_1": {
            "cooler_pnkiag_1": [
                [
                    1.0408482551574707,
                    6.670530796051025,
                    0.14758794009685516
                ],
                [
                    -0.07779358327388763,
                    0.1328953206539154,
                    -0.029943572357296944,
                    0.9876185655593872
                ]
            ]
        }
    },
    "nextto": {},
    "under": {}
}