{
    "nearby": {
        "breakfast_table_skczfi_0": [
            [
                -2.1471649694442747,
                7.119832601547241,
                0
            ]
        ],
        "chocolate_biscuit_xhmpht_1": [
            [
                -2.1471649694442747,
                7.119832601547241,
                0
            ]
        ],
        "cooler_pnkiag_1": [
            [
                -2.298674554824829,
                2.925721416473389,
                0
            ]
        ]
    },
    "ontop": {},
    "inside": {
        "chocolate_biscuit_xhmpht_1": {
            "cooler_pnkiag_1": [
                [
                    -1.1221929788589478,
                    4.6175055503845215,
                    0.1002049520611763
                ],
                [
                    0.01303559634834528,
                    -0.003726310096681118,
                    -0.016445502638816833,
                    0.9997729063034058
                ]
            ]
        }
    },
    "nextto": {},
    "under": {}
}