{
    "nearby": {
        "dress_shirt_fmapwe_1": [
            [
                2.8373374128341675,
                -6.595372653007507,
                0
            ]
        ],
        "dress_shirt_fmapwe_2": [
            [
                3.3451656103134155,
                -6.595372653007507,
                0
            ]
        ],
        "washer_omeuop_0": [
            6.513782024383545,
            -11.357229232788086,
            2.064650535583496
        ]
    },
    "ontop": {},
    "inside": {
        "dress_shirt_fmapwe_1": {
            "washer_omeuop_0": [
                [
                    5.393192291259766,
                    -11.077722549438477,
                    0.14235004782676697
                ],
                [
                    0.0012588087702170014,
                    0.0006961581530049443,
                    -0.028896808624267578,
                    0.9995812773704529
                ]
            ]
        },
        "dress_shirt_fmapwe_2": {
            "washer_omeuop_0": [
                [
                    5.355512619018555,
                    -10.764552116394043,
                    0.14160966873168945
                ],
                [
                    0.0013756882399320602,
                    -0.0028051245026290417,
                    -0.013133352622389793,
                    0.9999088048934937
                ]
            ]
        }
    },
    "nextto": {},
    "under": {}
}