{
    "nearby": {
        "reception_desk_kjmhgc_1": [
            [
                -1.1215997624397276,
                2.284519896507263,
                0
            ]
        ],
        "pear_vjqkwh_1": [
            [
                -0.8902997612953185,
                3.518119902610779,
                0
            ]
        ],
        "pear_vjqkwh_2": [
            [
                -0.8131997609138488,
                2.515819897651673,
                0
            ]
        ],
        "cleaver_vpmydv_1": [
            [
                -0.6589997601509092,
                3.518119902610779,
                0
            ]
        ],
        "casserole_ncbsee_1": [
            [
                -0.8131997609138488,
                3.1326199007034305,
                0
            ]
        ]
    },
    "ontop": {},
    "inside": {
        "pear_vjqkwh_1": {
            "casserole_ncbsee_1": [
                [
                    0.8116121888160706,
                    3.3488385677337646,
                    0.8824357390403748
                ],
                [
                    -0.09163492918014526,
                    -0.10634036362171173,
                    -0.49620524048805237,
                    0.8567818999290466
                ]
            ]
        },
        "pear_vjqkwh_2": {
            "casserole_ncbsee_1": [
                [
                    0.744456946849823,
                    3.3109164237976074,
                    0.921019971370697
                ],
                [
                    0.7107011675834656,
                    -0.30335310101509094,
                    -0.5239700675010681,
                    0.35824015736579895
                ]
            ]
        }
    },
    "nextto": {},
    "under": {}
}