{
    "nearby": {
        "shelf_iwziew_1": [
            [
                -1.7724997711181643,
                9.0181201171875,
                0
            ]
        ],
        "cleaver_vpmydv_1": [
            [
                -1.7724997711181643,
                9.0181201171875,
                0
            ]
        ],
        "console_table_tzkfqa_1": [
            [
                -2.278099768161774,
                0.5883198881149294,
                0
            ]
        ],
        "tray_uekqey_1": [
            [
                -2.278099768161774,
                0.5883198881149294,
                0
            ]
        ],
        "chocolate_chip_cookie_xprsse_1": [
            [
                -2.278099768161774,
                0.5883198881149294,
                0
            ]
        ],
        "chocolate_chip_cookie_xprsse_2": [
            [
                -2.278099768161774,
                0.5883198881149294,
                0
            ]
        ],
        "kale_kjyfdx_1": [
            [
                -2.278099768161774,
                0.5883198881149294,
                0
            ]
        ]
    },
    "ontop": {},
    "inside": {},
    "nextto": {},
    "under": {}
}