{
    "nearby": {
        "booth_xzrpar_1": [
            [
                -2.298674554824829,
                3.0401453971862793,
                0
            ]
        ],
        "table_knife_eebpap_1": [
            [
                -1.6693426609039306,
                3.326205348968506,
                0
            ]
        ],
        "chopping_board_drjnag_1": [
            [
                -1.6693426609039306,
                5.900744915008544,
                0
            ]
        ],
        "scone_gwdhyj_1": [
            [
                -1.6693426609039306,
                5.900744915008544,
                0
            ]
        ]
    },
    "ontop": {
        "scone_gwdhyj_1": {
            "booth_xzrpar_1": [
                [
                    -0.9648506045341492,
                    5.075536727905273,
                    0.8106694221496582
                ],
                [
                    0.0038579334504902363,
                    0.007597933989018202,
                    -0.19513913989067078,
                    0.9807385802268982
                ]
            ]
        }
    },
    "inside": {},
    "nextto": {},
    "under": {}
}