{
    "nearby": {
        "shelf_owvfik_4": [
            [
                -2.2780996108055116,
                7.5727194094657895,
                0
            ]
        ],
        "hardback_pfvucb_1": [
            [
                -2.2780996108055116,
                7.5727194094657895,
                0
            ]
        ],
        "hardback_pfvucb_2": [
            [
                -2.2780996108055116,
                7.5727194094657895,
                0
            ]
        ],
        "sink_wzpabm_1": [
            [
                -1.8925996327400207,
                4.411619589328766,
                0
            ]
        ],
        "scrub_brush_hsejyi_1": [
            [
                -2.3215996551513673,
                9.0181201171875,
                0
            ]
        ]
    },
    "ontop": {},
    "inside": {
        "hardback_pfvucb_1": {
            "shelf_owvfik_4": [
                [
                    -0.7264158129692078,
                    8.221534729003906,
                    0.06480597704648972
                ],
                [
                    -5.746004171669483e-05,
                    0.0006670799339190125,
                    -0.008691721595823765,
                    0.9999620914459229
                ]
            ],
            "sink_wzpabm_1": [
                [
                    -0.8787534236907959,
                    4.957959175109863,
                    0.030866924673318863
                ],
                [
                    -0.8409072756767273,
                    0.5357679724693298,
                    -0.038832586258649826,
                    -0.06572321057319641
                ]
            ]
        },
        "hardback_pfvucb_2": {
            "shelf_owvfik_4": [
                [
                    -1.0407946109771729,
                    8.208516120910645,
                    0.06477039307355881
                ],
                [
                    -5.607036655419506e-05,
                    0.0006663747481070459,
                    -0.012402431108057499,
                    0.9999229311943054
                ]
            ],
            "sink_wzpabm_1": [
                [
                    -0.8919082283973694,
                    4.9665303230285645,
                    0.03502187132835388
                ],
                [
                    -0.642177939414978,
                    0.7628843784332275,
                    -0.05556623637676239,
                    -0.05027531832456589
                ]
            ]
        },
        "scrub_brush_hsejyi_1": {
            "sink_wzpabm_1": [
                [
                    -0.9994732141494751,
                    5.035349369049072,
                    0.0779992938041687
                ],
                [
                    -0.00637005316093564,
                    -0.09927701950073242,
                    0.0070212846621870995,
                    0.9950146079063416
                ]
            ]
        }
    },
    "nextto": {},
    "under": {}
}