{
    "nearby": {
        "booth_xzrpar_1": [
            [
                1.6261283206939698,
                -12.879272918701172,
                0
            ]
        ],
        "cleaver_vpmydv_1": [
            [
                0.39252816200256346,
                -10.257872581481934,
                0
            ]
        ],
        "chopping_board_drjnag_1": [
            [
                3.0139284992218016,
                -12.879272918701172,
                0
            ]
        ],
        "parsley_okmcfy_1": [
            [
                3.2452285289764404,
                -12.879272918701172,
                0
            ]
        ],
        "shelf_iwziew_1": [
            [
                0.39252816200256346,
                -11.49147274017334,
                0
            ]
        ],
        "lunch_box_adxzhe_1": [
            [
                0.39252816200256346,
                -11.028872680664062,
                0
            ]
        ]
    },
    "ontop": {},
    "inside": {
        "parsley_okmcfy_1": {
            "lunch_box_adxzhe_1": [
                [
                    1.1692601442337036,
                    -9.67398452758789,
                    0.5286694765090942
                ],
                [
                    -0.01583881676197052,
                    0.17304664850234985,
                    -0.010756313800811768,
                    0.9847275614738464
                ]
            ]
        }
    },
    "nextto": {},
    "under": {}
}