{
    "nearby": {
        "booth_xzrpar_1": [
            [
                -2.298674554824829,
                2.8685094261169435,
                0
            ]
        ],
        "watermelon_fxhiqs_1": [
            [
                -2.298674554824829,
                3.0973573875427247,
                0
            ]
        ],
        "chopping_board_drjnag_1": [
            [
                -1.6693426609039306,
                5.729108943939209,
                0
            ]
        ],
        "table_knife_eebpap_1": [
            [
                -1.6693426609039306,
                5.729108943939209,
                0
            ]
        ],
        "breakfast_table_skczfi_0": [
            [
                -2.374724917411804,
                6.710224695205688,
                0
            ]
        ],
        "bowl_cypjlv_1": [
            [
                -2.374724917411804,
                6.710224695205688,
                0
            ]
        ]
    },
    "ontop": {},
    "inside": {
        "watermelon_fxhiqs_1": {
            "bowl_cypjlv_1": [
                [
                    -1.0971581935882568,
                    7.765634059906006,
                    0.9065890312194824
                ],
                [
                    0.008797340095043182,
                    0.07462360709905624,
                    -0.0507475808262825,
                    0.9958808422088623
                ]
            ]
        }
    },
    "nextto": {},
    "under": {}
}