{
    "nearby": {
        "electric_fan_qqphyr_1": [
            [
                -2.2780996108055116,
                7.5727194094657895,
                0
            ]
        ],
        "electric_fan_qqphyr_2": [
            [
                2.1849499940872192,
                7.54086928844452,
                0
            ]
        ]
    },
    "ontop": {},
    "inside": {},
    "nextto": {},
    "under": {}
}