{
    "nearby": {
        "coffee_table_qlmqyy_1": [
            [
                2.1849499940872192,
                7.311669278144837,
                0
            ]
        ],
        "vase_kjeudr_1": [
            [
                2.1849499940872192,
                7.54086928844452,
                0
            ]
        ],
        "sink_xiybkb_0": [
            4.5866498947143555,
            5.313357830047607,
            2.9968206882476807
        ]
    },
    "ontop": {
        "vase_kjeudr_1": {
            "coffee_table_qlmqyy_1": [
                [
                    2.7601418495178223,
                    8.887030601501465,
                    0.454207181930542
                ],
                [
                    0.0009876505937427282,
                    0.00010558782378211617,
                    -0.019501063972711563,
                    0.9998093247413635
                ]
            ]
        }
    },
    "inside": {
        "vase_kjeudr_1": {
            "sink_xiybkb_0": [
                [
                    4.330454349517822,
                    4.738438129425049,
                    0.17154915630817413
                ],
                [
                    9.560168837197125e-05,
                    0.03290489688515663,
                    -0.02516028843820095,
                    0.9991418123245239
                ]
            ]
        }
    },
    "nextto": {},
    "under": {}
}