{
    "nearby": {
        "soccer_ball_ikagkc_1": [
            [
                2.6433500146865847,
                8.075669312477112,
                0
            ]
        ],
        "soccer_ball_ikagkc_2": [
            [
                1.6501499700546265,
                6.700469250679017,
                0
            ]
        ],
        "soccer_ball_ikagkc_3": [
            [
                2.6433500146865847,
                8.45766932964325,
                0
            ]
        ],
        "soccer_ball_ikagkc_4": [
            [
                3.3309500455856327,
                5.860069212913514,
                0
            ]
        ],
        "shopping_basket_vsxhsv_1": [
            [
                -2.3215996551513673,
                9.0181201171875,
                0
            ]
        ]
    },
    "ontop": {},
    "inside": {
        "soccer_ball_ikagkc_1": {
            "shopping_basket_vsxhsv_1": [
                [
                    -2.2680928707122803,
                    9.687688827514648,
                    0.0429394505918026
                ],
                [
                    0.3973079025745392,
                    0.03715655580163002,
                    -0.0254049152135849,
                    0.9165809154510498
                ]
            ]
        },
        "soccer_ball_ikagkc_2": {
            "shopping_basket_vsxhsv_1": [
                [
                    -2.3014094829559326,
                    9.60739803314209,
                    0.04546526074409485
                ],
                [
                    0.04572037607431412,
                    -0.01898442581295967,
                    -0.009439706802368164,
                    0.9987293481826782
                ]
            ]
        },
        "soccer_ball_ikagkc_3": {
            "shopping_basket_vsxhsv_1": [
                [
                    -2.2402265071868896,
                    9.536728858947754,
                    0.04482116177678108
                ],
                [
                    0.12067835032939911,
                    0.048139456659555435,
                    -0.009043946862220764,
                    0.9914826154708862
                ]
            ]
        },
        "soccer_ball_ikagkc_4": {
            "shopping_basket_vsxhsv_1": [
                [
                    -2.2439849376678467,
                    9.612329483032227,
                    0.04490625113248825
                ],
                [
                    0.13187897205352783,
                    0.057352934032678604,
                    -0.01687469705939293,
                    0.989461362361908
                ]
            ]
        }
    },
    "nextto": {},
    "under": {}
}