{
    "nearby": {
        "console_table_tzkfqa_1": [
            [
                -1.6693426609039306,
                3.2689933586120605,
                0
            ]
        ],
        "celery_rqvtqi_1": [
            [
                -1.6693426609039306,
                3.3834173393249514,
                0
            ]
        ],
        "cleaver_vpmydv_1": [
            [
                -1.6693426609039306,
                3.3834173393249514,
                0
            ]
        ],
        "chopping_board_drjnag_1": [
            [
                -1.6693426609039306,
                3.3834173393249514,
                0
            ]
        ],
        "tupperware_mkstwr_1": [
            0.6901897192001343,
            2.434440851211548,
            5.8802490234375
        ],
        "window_ulnafj_5": [
            4.44602632522583,
            16.396282196044922,
            6.194049835205078
        ]
    },
    "ontop": {},
    "inside": {
        "celery_rqvtqi_1": {
            "tupperware_mkstwr_1": [
                [
                    1.068871021270752,
                    2.029287338256836,
                    0.02599397674202919
                ],
                [
                    0.056621138006448746,
                    0.07840652763843536,
                    -0.014974618330597878,
                    0.9951995015144348
                ]
            ]
        }
    },
    "nextto": {},
    "under": {}
}