{
    "nearby": {
        "console_table_tzkfqa_1": [
            [
                -1.6693426609039306,
                3.2689933586120605,
                0
            ]
        ],
        "blender_eyedvd_1": [
            [
                -1.6693426609039306,
                3.3834173393249514,
                0
            ]
        ],
        "breakfast_table_skczfi_0": [
            -1.6590441465377808,
            6.699413776397705,
            0.10358595848083496
        ]
    },
    "ontop": {
        "blender_eyedvd_1": {
            "breakfast_table_skczfi_0": [
                [
                    -0.6398000121116638,
                    7.703090667724609,
                    0.8853530287742615
                ],
                [
                    1.8440186977386475e-07,
                    6.811460480093956e-07,
                    -0.051586516201496124,
                    0.9986684322357178
                ]
            ]
        }
    },
    "inside": {},
    "nextto": {},
    "under": {}
}