{
    "nearby": {
        "booth_xzrpar_1": [
            [
                -2.278099768161774,
                1.8990198945999146,
                0
            ]
        ],
        "potato_ljfitc_1": [
            [
                -2.278099768161774,
                2.824219899177552,
                0
            ]
        ],
        "table_knife_eebpap_1": [
            [
                -2.200999767780304,
                2.978419899940491,
                0
            ]
        ],
        "shelf_iwziew_1": [
            [
                -1.2522998809814454,
                9.0181201171875,
                0
            ]
        ],
        "stockpot_gxiqbw_1": [
            [
                -1.1655998992919923,
                9.104820098876953,
                0
            ]
        ]
    },
    "ontop": {},
    "inside": {
        "potato_ljfitc_1": {
            "stockpot_gxiqbw_1": [
                [
                    0.495795339345932,
                    9.306610107421875,
                    0.5455349087715149
                ],
                [
                    0.09347739070653915,
                    -0.36308789253234863,
                    -0.0001699533313512802,
                    0.9270540475845337
                ]
            ]
        }
    },
    "nextto": {},
    "under": {}
}