{
    "nearby": {
        "carrot_qhmmmx_1": [
            [
                2.5513284397125244,
                -12.879272918701172,
                0
            ]
        ],
        "cleaver_vpmydv_1": [
            [
                4.170428647994996,
                -12.108272819519044,
                0
            ]
        ],
        "booth_xzrpar_1": [
            [
                1.3948282909393313,
                -12.879272918701172,
                0
            ]
        ]
    },
    "ontop": {
        "carrot_qhmmmx_1": {
            "booth_xzrpar_1": [
                [
                    3.404541015625,
                    -12.815860748291016,
                    0.7857227325439453
                ],
                [
                    0.07112888246774673,
                    -0.026578936725854874,
                    -0.04257601499557495,
                    0.9962035417556763
                ]
            ]
        }
    },
    "inside": {},
    "nextto": {},
    "under": {}
}