{
    "nearby": {
        "shelf_iwziew_1": [
            [
                -7.305148959159851,
                -11.980775189399719,
                0
            ]
        ],
        "chocolate_chip_cookie_xprsse_1": [
            [
                -7.305148959159851,
                -11.980775189399719,
                0
            ]
        ],
        "chocolate_chip_cookie_xprsse_2": [
            [
                -7.305148959159851,
                -11.980775189399719,
                0
            ]
        ],
        "chocolate_chip_cookie_xprsse_3": [
            [
                -7.305148959159851,
                -11.980775189399719,
                0
            ]
        ],
        "cooler_pnkiag_1": [
            [
                2.5513284397125244,
                -9.64107250213623,
                0
            ]
        ]
    },
    "ontop": {},
    "inside": {
        "chocolate_chip_cookie_xprsse_1": {
            "cooler_pnkiag_1": [
                [
                    1.1652588844299316,
                    -5.536452293395996,
                    0.3586544692516327
                ],
                [
                    -8.070786134339869e-05,
                    0.0028064337093383074,
                    -0.0180404931306839,
                    0.9998334050178528
                ]
            ]
        },
        "chocolate_chip_cookie_xprsse_2": {
            "cooler_pnkiag_1": [
                [
                    1.1381916999816895,
                    -5.68482780456543,
                    0.35882243514060974
                ],
                [
                    -5.098720430396497e-05,
                    0.002792587038129568,
                    -0.004019269719719887,
                    0.9999880194664001
                ]
            ]
        },
        "chocolate_chip_cookie_xprsse_3": {
            "cooler_pnkiag_1": [
                [
                    1.0168311595916748,
                    -5.514203071594238,
                    0.3594869077205658
                ],
                [
                    -0.00011950175394304097,
                    0.0028070341795682907,
                    -0.03078022599220276,
                    0.9995222091674805
                ]
            ]
        }
    },
    "nextto": {},
    "under": {}
}