{
    "nearby": {
        "booth_xzrpar_1": [
            [
                -2.0467997670173643,
                3.2097199010849002,
                0
            ]
        ],
        "steak_ppykkp_1": [
            [
                -1.5841997647285462,
                3.518119902610779,
                0
            ]
        ],
        "table_knife_eebpap_1": [
            [
                -1.1215997624397276,
                3.518119902610779,
                0
            ]
        ],
        "saucepot_uvzmss_1": [
            [
                -1.5123998260498048,
                9.0181201171875,
                0
            ]
        ]
    },
    "ontop": {},
    "inside": {
        "steak_ppykkp_1": {
            "saucepot_uvzmss_1": [
                [
                    0.11477631330490112,
                    8.996910095214844,
                    0.035745128989219666
                ],
                [
                    -0.0519467294216156,
                    0.07472319900989532,
                    0.9529485106468201,
                    0.28914859890937805
                ]
            ]
        }
    },
    "nextto": {},
    "under": {}
}