{
    "nearby": {
        "oven_wuinhm_1": [
            [
                -1.6693426609039306,
                3.6122653007507326,
                0
            ]
        ],
        "chorizo_kfeuep_1": [
            [
                -1.6693426609039306,
                3.6122653007507326,
                0
            ]
        ]
    },
    "ontop": {},
    "inside": {
        "chorizo_kfeuep_1": {
            "oven_wuinhm_1": [
                [
                    -0.7798336744308472,
                    5.101814270019531,
                    0.0690365806221962
                ],
                [
                    0.0012324261479079723,
                    -0.03988906368613243,
                    -0.03094852901995182,
                    0.9987240433692932
                ]
            ]
        }
    },
    "nextto": {},
    "under": {}
}