{
    "nearby": {
        "reception_desk_kjmhgc_1": [
            [
                -1.6693426609039306,
                4.069961223602294,
                0
            ]
        ],
        "blackberry_tvpfvb_1": [
            [
                -1.6693426609039306,
                3.555053310394287,
                1.5707963267948966
            ]
        ],
        "cooler_pnkiag_1": [
            [
                -1.6693426609039306,
                3.555053310394287,
                1.5707963267948966
            ]
        ]
    },
    "ontop": {
        "blackberry_tvpfvb_1": {
            "reception_desk_kjmhgc_1": [
                [
                    -1.3968515396118164,
                    3.1182961463928223,
                    0.8258580565452576
                ],
                [
                    -0.40475165843963623,
                    0.3555135428905487,
                    -0.1436910629272461,
                    0.8301439881324768
                ]
            ]
        }
    },
    "inside": {
        "blackberry_tvpfvb_1": {
            "cooler_pnkiag_1": [
                [
                    -1.0231294631958008,
                    4.745835304260254,
                    0.11910110712051392
                ],
                [
                    -0.3689713478088379,
                    0.3088833689689636,
                    -0.13612425327301025,
                    0.8659799098968506
                ]
            ]
        }
    },
    "nextto": {},
    "under": {}
}