{
    "nearby": {
        "toy_figure_tjchdg_1": [
            [
                -1.8925996327400207,
                4.951319558620453,
                0
            ]
        ],
        "toy_figure_tjchdg_2": [
            [
                -1.8925996327400207,
                4.411619589328766,
                0
            ]
        ],
        "toy_figure_tjchdg_3": [
            [
                -1.5070996546745299,
                4.411619589328766,
                0
            ]
        ],
        "toy_figure_tjchdg_4": [
            [
                -0.5818997073173522,
                4.642919576168061,
                0
            ]
        ],
        "hamper_dmizts_1": [
            [
                -0.5818997073173522,
                7.187219431400299,
                0
            ]
        ]
    },
    "ontop": {},
    "inside": {
        "toy_figure_tjchdg_1": {
            "hamper_dmizts_1": [
                [
                    0.9575982689857483,
                    7.732664108276367,
                    0.030743207782506943
                ],
                [
                    -0.050255972892045975,
                    -0.02980746515095234,
                    0.877882182598114,
                    -0.4752984642982483
                ]
            ]
        },
        "toy_figure_tjchdg_2": {
            "hamper_dmizts_1": [
                [
                    0.9441149830818176,
                    7.718068599700928,
                    0.05616246163845062
                ],
                [
                    0.2204052358865738,
                    0.042175859212875366,
                    -0.7309328317642212,
                    0.644499659538269
                ]
            ]
        },
        "toy_figure_tjchdg_3": {
            "hamper_dmizts_1": [
                [
                    0.9752991199493408,
                    7.755799770355225,
                    0.06408287584781647
                ],
                [
                    0.05722849443554878,
                    0.25825321674346924,
                    0.9408624768257141,
                    0.21167884767055511
                ]
            ]
        },
        "toy_figure_tjchdg_4": {
            "hamper_dmizts_1": [
                [
                    0.9788865447044373,
                    7.7345662117004395,
                    0.0890180692076683
                ],
                [
                    0.02939882129430771,
                    0.20229628682136536,
                    0.5847882032394409,
                    0.7850062847137451
                ]
            ]
        }
    },
    "nextto": {},
    "under": {}
}