{
    "nearby": {
        "carrot_qhmmmx_1": [
            [
                -2.278099768161774,
                0.6654198884963991,
                0
            ]
        ],
        "strawberry_ntxofi_1": [
            [
                -2.278099768161774,
                0.5883198881149294,
                0
            ]
        ],
        "booth_xzrpar_1": [
            [
                2.1085499906539917,
                4.637669157981873,
                0
            ]
        ],
        "table_knife_eebpap_1": [
            [
                3.1017500352859497,
                5.707269206047059,
                0
            ]
        ],
        "platter_ekjpdj_1": [
            [
                3.1017500352859497,
                5.554469199180604,
                0
            ]
        ]
    },
    "ontop": {
        "carrot_qhmmmx_1": {
            "platter_ekjpdj_1": [
                [
                    4.566302299499512,
                    6.277231216430664,
                    0.7124152183532715
                ],
                [
                    0.05176360160112381,
                    0.4158119857311249,
                    0.9077693819999695,
                    0.019381612539291382
                ]
            ]
        },
        "strawberry_ntxofi_1": {
            "platter_ekjpdj_1": [
                [
                    4.613616466522217,
                    6.283006191253662,
                    0.7368429899215698
                ],
                [
                    0.24046747386455536,
                    0.18604092299938202,
                    -0.9518658518791199,
                    -0.0389285683631897
                ]
            ]
        }
    },
    "inside": {},
    "nextto": {},
    "under": {}
}