{
    "nearby": {
        "desk_cnewsu_1": [
            [
                -0.8131996941566466,
                4.951319558620453,
                0
            ]
        ],
        "pencil_fnlbpu_1": [
            [
                -0.6589997029304504,
                5.568119523525238,
                0
            ]
        ],
        "pencil_fnlbpu_2": [
            [
                -0.6589997029304504,
                5.799419510364532,
                0
            ]
        ],
        "pencil_fnlbpu_3": [
            [
                -0.2734997248649598,
                6.262019484043122,
                1.5707963267948966
            ]
        ],
        "pencil_fnlbpu_4": [
            [
                -0.11929973363876337,
                6.262019484043122,
                1.5707963267948966
            ]
        ],
        "reception_desk_kjmhgc_1": [
            [
                -1.7383997654914856,
                2.978419899940491,
                0
            ]
        ],
        "pencil_box_otcmih_1": [
            [
                -1.1986997628211975,
                3.2097199010849002,
                0
            ]
        ]
    },
    "ontop": {},
    "inside": {
        "pencil_fnlbpu_1": {
            "pencil_box_otcmih_1": [
                [
                    0.3712051808834076,
                    3.5445103645324707,
                    0.852117121219635
                ],
                [
                    0.5264280438423157,
                    -0.6400818824768066,
                    0.5572100877761841,
                    -0.05182197317481041
                ]
            ]
        },
        "pencil_fnlbpu_2": {
            "pencil_box_otcmih_1": [
                [
                    0.36647865176200867,
                    3.5436859130859375,
                    0.853417694568634
                ],
                [
                    -0.18406493961811066,
                    -0.005860433913767338,
                    0.5492147207260132,
                    0.8151374459266663
                ]
            ]
        },
        "pencil_fnlbpu_3": {
            "pencil_box_otcmih_1": [
                [
                    0.3576144278049469,
                    3.5464961528778076,
                    0.8519456386566162
                ],
                [
                    -0.014356655068695545,
                    -0.1624925136566162,
                    0.7462632656097412,
                    0.6453534960746765
                ]
            ]
        },
        "pencil_fnlbpu_4": {
            "pencil_box_otcmih_1": [
                [
                    0.34663236141204834,
                    3.5512523651123047,
                    0.820292055606842
                ],
                [
                    0.7532477378845215,
                    0.5006134510040283,
                    -0.4146156311035156,
                    0.10048858076334
                ]
            ]
        }
    },
    "nextto": {},
    "under": {}
}