{
    "nearby": {
        "reception_desk_kjmhgc_1": [
            [
                -1.6693426609039306,
                3.440629329681397,
                0
            ]
        ],
        "green_onion_ljynzg_1": [
            [
                -1.6693426609039306,
                4.24159719467163,
                0
            ]
        ],
        "cooler_pnkiag_1": [
            [
                -2.298674554824829,
                2.6396614646911623,
                0
            ]
        ]
    },
    "ontop": {},
    "inside": {
        "green_onion_ljynzg_1": {
            "cooler_pnkiag_1": [
                [
                    -1.00752592086792,
                    4.393421173095703,
                    0.10649220645427704
                ],
                [
                    0.07276030629873276,
                    -0.07587981224060059,
                    -0.10893907397985458,
                    0.9884738326072693
                ]
            ]
        }
    },
    "nextto": {},
    "under": {}
}