{
    "nearby": {
        "booth_xzrpar_1": [
            [
                -2.298674554824829,
                3.15456937789917,
                0
            ]
        ],
        "cherry_tomato_eukpfb_1": [
            [
                -2.127038583755493,
                3.15456937789917,
                0
            ]
        ],
        "cooler_pnkiag_1": [
            [
                -2.298674554824829,
                2.6396614646911623,
                0
            ]
        ]
    },
    "ontop": {},
    "inside": {
        "cherry_tomato_eukpfb_1": {
            "cooler_pnkiag_1": [
                [
                    -1.329217791557312,
                    2.882943630218506,
                    0.10590407997369766
                ],
                [
                    -0.6941652894020081,
                    -0.15840476751327515,
                    -0.35425466299057007,
                    0.6062559485435486
                ]
            ]
        }
    },
    "nextto": {},
    "under": {}
}