{
    "nearby": {
        "console_table_tzkfqa_1": [
            [
                2.1044888973236078,
                -15.930155382156372,
                0
            ]
        ],
        "coffee_cup_ckkwmj_1": [
            [
                2.350488920211792,
                -16.053155393600463,
                0
            ]
        ],
        "coffee_cup_ckkwmj_2": [
            [
                2.5964889430999762,
                -15.684155359268189,
                0
            ]
        ],
        "desk_mdhelw_2": [
            9.6886568069458,
            4.73037052154541,
            2.2601959705352783
        ],
        "conference_table_fpkmyw_0": [
            4.904695510864258,
            16.78803253173828,
            0.08298802375793457
        ]
    },
    "ontop": {
        "coffee_cup_ckkwmj_1": {
            "desk_mdhelw_2": [
                [
                    9.427192687988281,
                    4.433837890625,
                    0.8196066617965698
                ],
                [
                    -0.0001052257139235735,
                    -2.483837306499481e-06,
                    -0.01904732547700405,
                    0.9998186230659485
                ]
            ]
        },
        "coffee_cup_ckkwmj_2": {
            "conference_table_fpkmyw_0": [
                [
                    5.685096740722656,
                    14.30321216583252,
                    0.7175081372261047
                ],
                [
                    -0.00016114022582769394,
                    -0.003667977638542652,
                    -0.013268533162772655,
                    0.9999052882194519
                ]
            ]
        }
    },
    "inside": {},
    "nextto": {},
    "under": {}
}