{
    "nearby": {
        "soft_roll_jelruc_1": [
            [
                -1.6461031436920162,
                0.23981647491455185,
                0
            ]
        ],
        "cooler_pnkiag_1": [
            [
                0.3465856075286865,
                -4.243733215332031,
                0
            ]
        ]
    },
    "ontop": {},
    "inside": {
        "soft_roll_jelruc_1": {
            "cooler_pnkiag_1": [
                [
                    0.9879743456840515,
                    -3.428269863128662,
                    0.12137198448181152
                ],
                [
                    0.01042526587843895,
                    0.018800877034664154,
                    -0.03178589046001434,
                    0.9992634654045105
                ]
            ]
        }
    },
    "nextto": {},
    "under": {}
}