{
    "nearby": {
        "conference_table_fpkmyw_0": [
            [
                -8.651312727928161,
                11.18033516407013,
                0
            ]
        ],
        "coffee_cup_ckkwmj_1": [
            [
                -8.651312727928161,
                11.18033516407013,
                0
            ]
        ],
        "coffee_cup_ckkwmj_2": [
            [
                -7.877312779426576,
                15.480334877967834,
                0
            ]
        ],
        "sink_wzpabm_1": [
            [
                -6.587312865257263,
                16.340334820747376,
                0
            ]
        ],
        "dishwasher_xlmier_1": [
            [
                2.08138977050781,
                12.489082107543942,
                0
            ]
        ]
    },
    "ontop": {},
    "inside": {
        "coffee_cup_ckkwmj_1": {
            "dishwasher_xlmier_1": [
                [
                    3.3599610328674316,
                    14.134622573852539,
                    0.33592769503593445
                ],
                [
                    0.006576312705874443,
                    0.0020409338176250458,
                    -0.02064300701022148,
                    0.9997631907463074
                ]
            ],
            "sink_wzpabm_1": [
                [
                    -4.97396183013916,
                    16.83917236328125,
                    0.05300993099808693
                ],
                [
                    -0.3334355652332306,
                    -0.6606230735778809,
                    -0.5791381597518921,
                    0.3420480489730835
                ]
            ]
        },
        "coffee_cup_ckkwmj_2": {
            "dishwasher_xlmier_1": [
                [
                    3.3718979358673096,
                    14.048940658569336,
                    0.1302945911884308
                ],
                [
                    -0.0003604646772146225,
                    0.012670719996094704,
                    -0.01393867190927267,
                    0.9998224973678589
                ]
            ],
            "sink_wzpabm_1": [
                [
                    -4.966614246368408,
                    16.836172103881836,
                    0.05817190557718277
                ],
                [
                    -0.6240612268447876,
                    -0.30202972888946533,
                    -0.21077725291252136,
                    0.6891288161277771
                ]
            ]
        }
    },
    "nextto": {},
    "under": {}
}