{
    "nearby": {
        "desk_mdhelw_2": [
            [
                8.562687339782714,
                2.320343914031983,
                0
            ]
        ],
        "letter_igvnic_1": [
            [
                8.562687339782714,
                2.320343914031983,
                0
            ]
        ],
        "conference_table_hdomxc_1": [
            [
                -0.31934041857719403,
                10.72987211227417,
                0
            ]
        ]
    },
    "ontop": {
        "letter_igvnic_1": {
            "desk_mdhelw_2": [
                [
                    9.672789573669434,
                    4.11500883102417,
                    0.7883267402648926
                ],
                [
                    3.7714428344770567e-06,
                    -1.5422873502757284e-06,
                    -0.05938953533768654,
                    0.9982348084449768
                ]
            ],
            "conference_table_hdomxc_1": [
                [
                    2.3188397884368896,
                    12.26124382019043,
                    0.8269981145858765
                ],
                [
                    1.370001996292558e-06,
                    2.189925726270303e-05,
                    -0.02808413840830326,
                    0.9996054768562317
                ]
            ]
        }
    },
    "inside": {},
    "nextto": {},
    "under": {}
}