{
    "nearby": {
        "conference_table_hdomxc_1": [
            [
                3.7175372791290284,
                -2.8788704872131348,
                0
            ]
        ],
        "kale_kjyfdx_1": [
            [
                6.7088531970977785,
                -1.7571270179748533,
                0
            ]
        ],
        "cooler_pnkiag_1": [
            [
                0.3465856075286865,
                2.730677413940431,
                0
            ]
        ]
    },
    "ontop": {},
    "inside": {
        "kale_kjyfdx_1": {
            "cooler_pnkiag_1": [
                [
                    1.8810011148452759,
                    2.859041929244995,
                    0.10715945810079575
                ],
                [
                    0.667274534702301,
                    -0.2122773677110672,
                    -0.16959311068058014,
                    0.6934847831726074
                ]
            ]
        }
    },
    "nextto": {},
    "under": {}
}