{
    "nearby": {
        "desk_cnewsu_1": [
            [
                -12.211309852600097,
                -10.691809196472168,
                0
            ]
        ],
        "table_lamp_ehjsdz_1": [
            [
                -12.211309852600097,
                -10.629805183410644,
                0
            ]
        ],
        "chandelier_qghfol_1": [
            [
                1.6236631977558138,
                12.950447673797608,
                0
            ]
        ]
    },
    "ontop": {},
    "inside": {},
    "nextto": {},
    "under": {}
}