{
    "nearby": {
        "booth_xzrpar_1": [
            [
                -3.3897058010101317,
                -4.741905403137207,
                0
            ]
        ],
        "lime_iwjcjp_1": [
            [
                -3.3897058010101317,
                -3.7455610275268554,
                0
            ]
        ],
        "cooler_pnkiag_1": [
            [
                0.3465856075286865,
                3.228849601745607,
                0
            ]
        ]
    },
    "ontop": {},
    "inside": {
        "lime_iwjcjp_1": {
            "cooler_pnkiag_1": [
                [
                    2.0975656509399414,
                    2.3622641563415527,
                    0.13180924952030182
                ],
                [
                    -0.13090427219867706,
                    -0.12076263129711151,
                    -0.0037509799003601074,
                    0.9840052723884583
                ]
            ]
        }
    },
    "nextto": {},
    "under": {}
}