{
    "nearby": {
        "desk_cnewsu_1": [
            [
                -0.2479442596435552,
                3.081964755058288,
                0
            ]
        ],
        "legal_document_uchhwn_1": [
            [
                -0.06570625305175799,
                3.9931547880172724,
                0
            ]
        ],
        "coffee_table_qlmqyy_1": [
            [
                -6.0445091342926025,
                9.827634029388427,
                0
            ]
        ]
    },
    "ontop": {
        "legal_document_uchhwn_1": {
            "desk_cnewsu_1": [
                [
                    1.5247174501419067,
                    3.915229082107544,
                    0.8198510408401489
                ],
                [
                    0.00021465038298629224,
                    0.0004274377424735576,
                    -0.018381958827376366,
                    0.999830961227417
                ]
            ],
            "coffee_table_qlmqyy_1": [
                [
                    -4.373815059661865,
                    10.35622787475586,
                    0.49652281403541565
                ],
                [
                    0.0002803668030537665,
                    -0.0001186605149996467,
                    -0.04255042225122452,
                    0.9990943670272827
                ]
            ]
        }
    },
    "inside": {},
    "nextto": {},
    "under": {}
}