{
    "nearby": {
        "digital_camera_yptdmt_1": [
            [
                -12.20033242225647,
                -6.298656187057495,
                0
            ]
        ],
        "conference_table_hdomxc_1": [
            [
                -0.31934041857719403,
                11.146230030059815,
                0
            ]
        ],
        "monitor_kmltvq_1": [
            [
                0.9297333347797403,
                10.45230016708374,
                0
            ]
        ]
    },
    "ontop": {
        "digital_camera_yptdmt_1": {
            "conference_table_hdomxc_1": [
                [
                    3.208845615386963,
                    14.594328880310059,
                    0.8636948466300964
                ],
                [
                    0.0004242006689310074,
                    0.0005447574658319354,
                    -0.019506800919771194,
                    0.9998094439506531
                ]
            ]
        }
    },
    "inside": {},
    "nextto": {},
    "under": {}
}