{
    "nearby": {
        "conference_table_hdomxc_1": [
            [
                -1.397017049789429,
                -8.478196811676026,
                0
            ]
        ],
        "beer_bottle_nigfha_1": [
            [
                -0.898844861984253,
                -4.741905403137207,
                0
            ]
        ],
        "cooler_pnkiag_1": [
            [
                -0.649758768081664,
                2.979763507843018,
                0
            ]
        ]
    },
    "ontop": {},
    "inside": {
        "beer_bottle_nigfha_1": {
            "cooler_pnkiag_1": [
                [
                    1.425752878189087,
                    2.8735058307647705,
                    0.21822115778923035
                ],
                [
                    -0.03194267675280571,
                    -0.007352152839303017,
                    -0.0037125558592379093,
                    0.9994558095932007
                ]
            ]
        }
    },
    "nextto": {},
    "under": {}
}