{
    "nearby": {
        "desk_cnewsu_1": [
            [
                -1.1591342926025396,
                -4.936507534980774,
                0
            ]
        ],
        "poster_dsrcyt_1": [
            [
                -0.9768962860107424,
                -4.389793515205384,
                0
            ]
        ],
        "conference_table_jxixdw_0": [
            -4.500473499298096,
            8.926902770996094,
            0.09152865409851074
        ]
    },
    "ontop": {
        "poster_dsrcyt_1": {
            "desk_cnewsu_1": [
                [
                    0.9519094824790955,
                    -4.057623386383057,
                    1.1683061122894287
                ],
                [
                    0.00042873475467786193,
                    0.00020832972950302064,
                    -0.00889222975820303,
                    0.9999603033065796
                ]
            ],
            "conference_table_jxixdw_0": [
                [
                    -4.634944915771484,
                    8.21726131439209,
                    1.1963539123535156
                ],
                [
                    0.0004624410066753626,
                    -0.000386055646231398,
                    -0.09942115098237991,
                    0.9950451850891113
                ]
            ]
        }
    },
    "inside": {},
    "nextto": {},
    "under": {}
}