{
    "nearby": {
        "console_table_tzkfqa_1": [
            [
                -0.649758768081664,
                2.2325052261352547,
                0
            ]
        ],
        "saucepan_fsinsu_1": [
            [
                -0.4006726741790768,
                2.2325052261352547,
                0
            ]
        ],
        "microwave_abzvij_1": [
            [
                -5.382394552230835,
                -0.2583557128906243,
                0
            ]
        ],
        "kale_kjyfdx_1": [
            [
                -5.382394552230835,
                -0.2583557128906243,
                0
            ]
        ]
    },
    "ontop": {
        "saucepan_fsinsu_1": {
            "console_table_tzkfqa_1": [
                [
                    1.0215113162994385,
                    3.055232524871826,
                    0.8380342125892639
                ],
                [
                    -0.0027388157323002815,
                    0.0005217985599301755,
                    -0.09812025725841522,
                    0.9951707124710083
                ]
            ],
            "microwave_abzvij_1": [
                [
                    -3.5900094509124756,
                    0.07806187123060226,
                    1.0965214967727661
                ],
                [
                    -0.007941133342683315,
                    -0.0019619709346443415,
                    -0.017115794122219086,
                    0.9998201131820679
                ]
            ]
        }
    },
    "inside": {
        "kale_kjyfdx_1": {
            "microwave_abzvij_1": [
                [
                    -3.7044143676757812,
                    0.0653529167175293,
                    0.8454816341400146
                ],
                [
                    0.633198618888855,
                    -0.296611487865448,
                    -0.24463465809822083,
                    0.6717401742935181
                ]
            ]
        }
    },
    "nextto": {},
    "under": {}
}