{
    "nearby": {
        "desk_cnewsu_1": [
            [
                -12.2643323969841,
                -0.1546554997563362,
                0
            ]
        ],
        "carton_hhlmbi_1": [
            [
                -12.2643323969841,
                -0.1546554997563362,
                0
            ]
        ],
        "recycling_bin_duugbb_1": [
            [
                -8.045012412071229,
                6.421844077110291,
                0
            ]
        ]
    },
    "ontop": {},
    "inside": {
        "carton_hhlmbi_1": {
            "recycling_bin_duugbb_1": [
                [
                    -6.357539653778076,
                    6.571957588195801,
                    0.5834922194480896
                ],
                [
                    0.5959988832473755,
                    0.5530665516853333,
                    0.45935311913490295,
                    0.3576274514198303
                ]
            ]
        }
    },
    "nextto": {},
    "under": {}
}