{
    "nearby": {
        "desk_nafjjg_9": [
            [
                2.9697082996368414,
                4.225504817962647,
                0
            ]
        ],
        "envelope_urcigc_1": [
            [
                2.9697082996368414,
                4.225504817962647,
                0
            ]
        ],
        "mailbox_bktljr_1": [
            [
                -3.887877988815307,
                -4.243733215332031,
                0
            ]
        ],
        "envelope_urcigc_2": [
            [
                -3.887877988815307,
                -4.243733215332031,
                0
            ]
        ],
        "envelope_urcigc_3": [
            -1.598060131072998,
            -2.1750595569610596,
            6.170615196228027
        ]
    },
    "ontop": {},
    "inside": {
        "envelope_urcigc_1": {
            "mailbox_bktljr_1": [
                [
                    -1.8988181352615356,
                    -2.4041695594787598,
                    0.424863338470459
                ],
                [
                    -0.0673452615737915,
                    0.6443766951560974,
                    0.32362839579582214,
                    0.6895707249641418
                ]
            ]
        },
        "envelope_urcigc_2": {
            "mailbox_bktljr_1": [
                [
                    -1.9743824005126953,
                    -2.5643725395202637,
                    0.37124204635620117
                ],
                [
                    0.29298916459083557,
                    -0.7149495482444763,
                    0.02288881689310074,
                    0.634413480758667
                ]
            ]
        },
        "envelope_urcigc_3": {
            "mailbox_bktljr_1": [
                [
                    -1.9191722869873047,
                    -2.40018367767334,
                    0.42585062980651855
                ],
                [
                    -0.5197169184684753,
                    -0.26148346066474915,
                    -0.6455199122428894,
                    0.4947974979877472
                ]
            ]
        }
    },
    "nextto": {},
    "under": {}
}