{
    "nearby": {
        "reception_desk_kjmhgc_1": [
            [
                11.755188188552856,
                -6.644447946548461,
                0
            ]
        ],
        "sweet_corn_dacgvr_1": [
            [
                12.215188112258911,
                -5.609448118209838,
                0
            ]
        ],
        "cooler_pnkiag_1": [
            [
                4.78218768119812,
                10.505834264755249,
                0
            ]
        ]
    },
    "ontop": {},
    "inside": {
        "sweet_corn_dacgvr_1": {
            "cooler_pnkiag_1": [
                [
                    6.6489362716674805,
                    10.623231887817383,
                    0.11408144980669022
                ],
                [
                    0.061067864298820496,
                    -0.15657483041286469,
                    0.005140680819749832,
                    0.9857629537582397
                ]
            ]
        }
    },
    "nextto": {},
    "under": {}
}