{
    "nearby": {
        "kiwi_khupqq_1": [
            [
                -2.8915336132049556,
                -7.481852436065674,
                0
            ]
        ],
        "cooler_pnkiag_1": [
            [
                0.3465856075286865,
                -2.251044464111328,
                0
            ]
        ]
    },
    "ontop": {
        "kiwi_khupqq_1": {
            "floors_fazobp_0": [
                [
                    -1.1946319341659546,
                    0.07885975390672684,
                    0.04097210615873337
                ],
                [
                    0.08572817593812943,
                    0.06780590862035751,
                    -0.034662678837776184,
                    0.993403971195221
                ]
            ]
        }
    },
    "inside": {
        "kiwi_khupqq_1": {
            "cooler_pnkiag_1": [
                [
                    1.6733944416046143,
                    -0.712337076663971,
                    0.13636061549186707
                ],
                [
                    0.0851544663310051,
                    0.06512200832366943,
                    -0.02481723576784134,
                    0.9939275979995728
                ]
            ]
        }
    },
    "nextto": {},
    "under": {}
}