{
    "nearby": {
        "shelf_iwziew_1": [
            [
                11.87018816947937,
                -2.849448575973511,
                0
            ]
        ],
        "strawberry_ntxofi_1": [
            [
                11.985188150405882,
                -2.7344485950469974,
                0
            ]
        ],
        "cooler_pnkiag_1": [
            [
                8.577588300704956,
                -10.864745397567749,
                0
            ]
        ]
    },
    "ontop": {},
    "inside": {
        "strawberry_ntxofi_1": {
            "cooler_pnkiag_1": [
                [
                    9.873661994934082,
                    -10.141853332519531,
                    0.12706582248210907
                ],
                [
                    -0.24407149851322174,
                    -0.7150187492370605,
                    -0.0404600128531456,
                    0.6538655161857605
                ]
            ]
        }
    },
    "nextto": {},
    "under": {}
}