{
    "nearby": {
        "sink_wzpabm_1": [
            [
                -5.382394552230835,
                0.7379886627197262,
                0
            ]
        ],
        "scrub_brush_hsejyi_1": [
            [
                -5.382394552230835,
                0.7379886627197262,
                0
            ]
        ],
        "conference_table_hdomxc_1": [
            [
                -5.256410474777222,
                -6.244100894927978,
                0
            ]
        ],
        "mug_fapsrj_1": [
            [
                -4.882495985031128,
                -1.0092980384826662,
                0
            ]
        ],
        "mug_fapsrj_2": [
            [
                -1.5172655773162842,
                -2.5049559974670412,
                0
            ]
        ]
    },
    "ontop": {
        "mug_fapsrj_1": {
            "conference_table_hdomxc_1": [
                [
                    -3.3595638275146484,
                    -0.7148088216781616,
                    1.0243562459945679
                ],
                [
                    0.017099639400839806,
                    0.0009108725935220718,
                    -0.022641822695732117,
                    0.9995970726013184
                ]
            ]
        },
        "mug_fapsrj_2": {
            "conference_table_hdomxc_1": [
                [
                    -3.5968017578125,
                    -0.7272650599479675,
                    1.0078073740005493
                ],
                [
                    0.015625467523932457,
                    0.00018354860367253423,
                    -0.018379250541329384,
                    0.9997089505195618
                ]
            ]
        }
    },
    "inside": {
        "scrub_brush_hsejyi_1": {
            "sink_wzpabm_1": [
                [
                    -4.01148796081543,
                    1.4023547172546387,
                    0.07738346606492996
                ],
                [
                    -0.0018741496605798602,
                    -0.23215822875499725,
                    -0.004742709919810295,
                    0.9726646542549133
                ]
            ]
        },
        "mug_fapsrj_1": {
            "sink_wzpabm_1": [
                [
                    -3.9758334159851074,
                    1.5047767162322998,
                    0.07435376197099686
                ],
                [
                    -0.8529055118560791,
                    0.44202107191085815,
                    -0.26603996753692627,
                    0.07995179295539856
                ]
            ]
        },
        "mug_fapsrj_2": {
            "sink_wzpabm_1": [
                [
                    -3.901731491088867,
                    1.5635473728179932,
                    0.10224766284227371
                ],
                [
                    -0.4645287096500397,
                    -0.12471882253885269,
                    0.7994193434715271,
                    0.35998213291168213
                ]
            ]
        }
    },
    "nextto": {},
    "under": {}
}