{
    "nearby": {
        "shelf_iwziew_1": [
            [
                2.7194889545440675,
                -12.486155061721803,
                0
            ]
        ],
        "taco_werkla_1": [
            [
                2.7194889545440675,
                -11.994155015945434,
                0
            ]
        ],
        "plate_qtfzeq_1": [
            [
                1.9012351429462437,
                16.14252504348755,
                0
            ]
        ],
        "reception_desk_kjmhgc_1": [
            -1.6517962217330933,
            2.9412426948547363,
            5.274858474731445
        ],
        "cleaver_vpmydv_1": [
            -1.6517962217330933,
            2.9412426948547363,
            5.274858474731445
        ]
    },
    "ontop": {
        "taco_werkla_1": {
            "plate_qtfzeq_1": [
                [
                    3.410813570022583,
                    16.702220916748047,
                    0.034021325409412384
                ],
                [
                    0.2239517867565155,
                    -0.27562060952186584,
                    -0.725554347038269,
                    0.5894486904144287
                ]
            ]
        }
    },
    "inside": {},
    "nextto": {},
    "under": {}
}