{
    "nearby": {
        "toolbox_rrmzvc_1": [
            [
                -0.15919122647494077,
                -14.625993112921716,
                0
            ]
        ],
        "desk_cnewsu_1": [
            [
                -4.257180404663086,
                4.175392794609068,
                0
            ]
        ]
    },
    "ontop": {},
    "inside": {},
    "nextto": {},
    "under": {
        "toolbox_rrmzvc_1": {
            "desk_cnewsu_1": [
                [
                    -2.491971731185913,
                    5.4676923751831055,
                    0.07046964019536972
                ],
                [
                    -1.7782615032047033e-05,
                    -1.7756277884473093e-05,
                    -0.1857796311378479,
                    0.9825913310050964
                ]
            ]
        }
    }
}