{
    "nearby": {
        "shopping_basket_vsxhsv_1": [
            [
                -0.649758768081664,
                2.979763507843018,
                0
            ]
        ],
        "pomegranate_tldskr_1": [
            [
                -0.649758768081664,
                2.979763507843018,
                0
            ]
        ],
        "pomegranate_tldskr_2": [
            [
                -0.649758768081664,
                2.979763507843018,
                0
            ]
        ],
        "pomegranate_tldskr_3": [
            [
                -0.649758768081664,
                2.979763507843018,
                0
            ]
        ],
        "cooler_pnkiag_1": [
            [
                11.195827074050905,
                18.43425542831421,
                0
            ]
        ]
    },
    "ontop": {},
    "inside": {
        "pomegranate_tldskr_1": {
            "cooler_pnkiag_1": [
                [
                    12.548140525817871,
                    20.091238021850586,
                    -327.7984924316406
                ],
                [
                    5.150400102138519e-05,
                    -2.516200765967369e-05,
                    -0.0003553360584191978,
                    0.9999999403953552
                ]
            ]
        },
        "pomegranate_tldskr_2": {
            "cooler_pnkiag_1": [
                [
                    12.424084663391113,
                    20.098804473876953,
                    -330.5989685058594
                ],
                [
                    5.765073001384735e-05,
                    1.972261816263199e-05,
                    -0.0017009703442454338,
                    0.9999985694885254
                ]
            ]
        },
        "pomegranate_tldskr_3": {
            "cooler_pnkiag_1": [
                [
                    12.620807647705078,
                    19.80268096923828,
                    -333.3991394042969
                ],
                [
                    -3.3114105463027954e-05,
                    3.269873559474945e-06,
                    -0.0013402343029156327,
                    0.9999989867210388
                ]
            ]
        }
    },
    "nextto": {},
    "under": {}
}