{
    "nearby": {
        "booth_xzrpar_1": [
            [
                8.535188722610473,
                -8.254447679519654,
                0
            ]
        ],
        "brownie_vqgqja_1": [
            [
                8.535188722610473,
                -5.494448137283325,
                0
            ]
        ],
        "table_knife_eebpap_1": [
            [
                10.95018832206726,
                -6.874447908401489,
                0
            ]
        ],
        "platter_ekjpdj_1": [
            [
                5.049187669754028,
                11.573834218978883,
                0
            ]
        ]
    },
    "ontop": {
        "brownie_vqgqja_1": {
            "platter_ekjpdj_1": [
                [
                    6.221071720123291,
                    12.699869155883789,
                    0.7292889952659607
                ],
                [
                    -0.06058143824338913,
                    0.05306807905435562,
                    0.30811014771461487,
                    0.9479354619979858
                ]
            ]
        }
    },
    "inside": {},
    "nextto": {},
    "under": {}
}