{
    "nearby": {
        "breakfast_table_uhrsex_1": [
            [
                -3.446824507713318,
                9.349706568717957,
                0
            ]
        ],
        "orange_nlygru_1": [
            [
                -3.446824507713318,
                9.349706568717957,
                0
            ]
        ],
        "cooler_pnkiag_1": [
            1.2657191753387451,
            -0.7570023536682129,
            1.7608563899993896
        ]
    },
    "ontop": {},
    "inside": {
        "orange_nlygru_1": {
            "cooler_pnkiag_1": [
                [
                    1.0682860612869263,
                    -1.6387882232666016,
                    0.13436836004257202
                ],
                [
                    0.19328376650810242,
                    0.3838282525539398,
                    -0.0007598530501127243,
                    0.9029488563537598
                ]
            ]
        }
    },
    "nextto": {},
    "under": {}
}