{
    "nearby": {
        "desk_mdhelw_2": [
            [
                8.562687339782714,
                2.320343914031983,
                0
            ]
        ],
        "laptop_sngiih_1": [
            [
                8.562687339782714,
                2.320343914031983,
                0
            ]
        ],
        "conference_table_fpkmyw_0": [
            7.1541571617126465,
            16.703598022460938,
            2.5769803524017334
        ]
    },
    "ontop": {
        "laptop_sngiih_1": {
            "desk_mdhelw_2": [
                [
                    9.222186088562012,
                    4.154868125915527,
                    0.7936388850212097
                ],
                [
                    -0.0003301994292996824,
                    -0.0005903866840526462,
                    -0.025791088119149208,
                    0.9996671080589294
                ]
            ],
            "conference_table_fpkmyw_0": [
                [
                    6.215651988983154,
                    14.241917610168457,
                    0.6953262686729431
                ],
                [
                    0.0006979522295296192,
                    -0.0037753053475171328,
                    -0.2975740134716034,
                    0.9546910524368286
                ]
            ]
        }
    },
    "inside": {},
    "nextto": {},
    "under": {}
}