{
    "nearby": {
        "conference_table_fpkmyw_0": [
            [
                7.8081875514984125,
                13.08683415412903,
                0
            ]
        ],
        "scrub_brush_hsejyi_1": [
            [
                7.8081875514984125,
                13.08683415412903,
                0
            ]
        ],
        "desk_cnewsu_1": [
            [
                11.755188188552856,
                -6.4144479846954345,
                0
            ]
        ],
        "coffee_cup_ckkwmj_1": [
            [
                12.215188112258911,
                -6.184448022842407,
                0
            ]
        ],
        "coffee_cup_ckkwmj_2": [
            [
                12.215188112258911,
                -5.839448080062866,
                0
            ]
        ],
        "sink_wzpabm_1": [
            [
                8.535188722610473,
                -5.494448137283325,
                0
            ]
        ]
    },
    "ontop": {},
    "inside": {
        "scrub_brush_hsejyi_1": {
            "sink_wzpabm_1": [
                [
                    9.080394744873047,
                    -5.058967113494873,
                    0.8511776924133301
                ],
                [
                    -0.28245809674263,
                    -0.5024807453155518,
                    -0.014357153326272964,
                    0.8170216083526611
                ]
            ]
        },
        "coffee_cup_ckkwmj_1": {
            "sink_wzpabm_1": [
                [
                    9.14365005493164,
                    -4.9915666580200195,
                    0.8380919694900513
                ],
                [
                    -0.2882572114467621,
                    -0.20709574222564697,
                    0.80910325050354,
                    -0.468370646238327
                ]
            ]
        },
        "coffee_cup_ckkwmj_2": {
            "sink_wzpabm_1": [
                [
                    9.21762466430664,
                    -4.994364261627197,
                    0.848222017288208
                ],
                [
                    -0.4601745307445526,
                    -0.08238152414560318,
                    -0.4278514087200165,
                    0.7735604047775269
                ]
            ]
        }
    },
    "nextto": {},
    "under": {}
}