{
    "nearby": {
        "desk_nafjjg_9": [
            [
                2.2218793201446534,
                4.59941930770874,
                0
            ]
        ],
        "water_glass_lvqgvn_1": [
            [
                2.2218793201446534,
                4.59941930770874,
                0
            ]
        ],
        "cooler_pnkiag_1": [
            [
                -2.1442753314971923,
                -8.727282905578614,
                0
            ]
        ]
    },
    "ontop": {},
    "inside": {
        "water_glass_lvqgvn_1": {
            "cooler_pnkiag_1": [
                [
                    -0.4857404828071594,
                    -9.448484420776367,
                    -322.15203857421875
                ],
                [
                    -0.0006803048308938742,
                    0.003487891983240843,
                    -0.004240559879690409,
                    0.9999846816062927
                ]
            ]
        }
    },
    "nextto": {},
    "under": {}
}