{
    "nearby": {
        "desk_nafjjg_9": [
            [
                2.595793809890747,
                4.225504817962647,
                0
            ]
        ],
        "carton_hhlmbi_1": [
            [
                2.595793809890747,
                4.225504817962647,
                0
            ]
        ],
        "gingerbread_hxkcxs_1": [
            [
                2.595793809890747,
                4.59941930770874,
                0
            ]
        ],
        "gingerbread_hxkcxs_2": [
            [
                2.595793809890747,
                4.59941930770874,
                0
            ]
        ],
        "gingerbread_hxkcxs_3": [
            [
                2.595793809890747,
                4.59941930770874,
                0
            ]
        ],
        "gingerbread_hxkcxs_4": [
            [
                2.595793809890747,
                4.59941930770874,
                0
            ]
        ],
        "gingerbread_hxkcxs_5": [
            [
                2.595793809890747,
                4.59941930770874,
                0
            ]
        ],
        "booth_xzrpar_1": [
            [
                -0.1515865802764896,
                1.7343330383300786,
                0
            ]
        ]
    },
    "ontop": {
        "gingerbread_hxkcxs_1": {
            "booth_xzrpar_1": [
                [
                    1.8090344667434692,
                    2.8565597534179688,
                    0.7874941825866699
                ],
                [
                    4.3977297536912374e-07,
                    1.513222923676949e-05,
                    -0.06066006422042847,
                    0.9981585144996643
                ]
            ]
        },
        "gingerbread_hxkcxs_2": {
            "booth_xzrpar_1": [
                [
                    2.0034375190734863,
                    2.461949110031128,
                    0.7874873280525208
                ],
                [
                    7.910488420748152e-06,
                    1.815058567444794e-05,
                    -0.021745529025793076,
                    0.999763548374176
                ]
            ]
        },
        "gingerbread_hxkcxs_3": {
            "booth_xzrpar_1": [
                [
                    1.6631320714950562,
                    3.097834348678589,
                    0.7874987721443176
                ],
                [
                    -1.8394448488834314e-06,
                    1.4952032870496623e-05,
                    -0.023362256586551666,
                    0.9997270107269287
                ]
            ]
        },
        "gingerbread_hxkcxs_4": {
            "booth_xzrpar_1": [
                [
                    1.6812132596969604,
                    2.562196731567383,
                    0.7874965667724609
                ],
                [
                    7.989890491444385e-07,
                    1.248133776243776e-05,
                    -0.05555145442485809,
                    0.9984558820724487
                ]
            ]
        },
        "gingerbread_hxkcxs_5": {
            "booth_xzrpar_1": [
                [
                    2.091229200363159,
                    2.641509771347046,
                    0.7874845862388611
                ],
                [
                    1.0853293588297674e-06,
                    1.392121339449659e-05,
                    -0.03710933402180672,
                    0.9993111491203308
                ]
            ]
        }
    },
    "inside": {},
    "nextto": {},
    "under": {}
}