{
    "nearby": {
        "coffee_table_qlmqyy_1": [
            [
                -6.0445091342926025,
                9.737842025756835,
                0
            ]
        ],
        "pen_hiyeki_1": [
            [
                -5.9547171306610105,
                9.827634029388427,
                0
            ]
        ],
        "pen_hiyeki_2": [
            [
                -5.505757112503051,
                10.097010040283203,
                0
            ]
        ],
        "pen_hiyeki_3": [
            [
                -5.595549116134643,
                10.00721803665161,
                0
            ]
        ],
        "pen_hiyeki_4": [
            [
                -5.685341119766235,
                10.097010040283203,
                0
            ]
        ],
        "tray_uekqey_1": [
            [
                -1.5236103057861332,
                -2.749651455879211,
                0
            ]
        ]
    },
    "ontop": {
        "pen_hiyeki_1": {
            "coffee_table_qlmqyy_1": [
                [
                    -4.473631381988525,
                    10.558992385864258,
                    0.40608176589012146
                ],
                [
                    -0.8904207944869995,
                    -0.11585524678230286,
                    -0.013688621111214161,
                    0.4399332106113434
                ]
            ]
        }
    },
    "inside": {
        "pen_hiyeki_1": {
            "tray_uekqey_1": [
                [
                    -2.7140049934387207,
                    -2.742030143737793,
                    0.8370658159255981
                ],
                [
                    -0.3720138967037201,
                    -0.04842129722237587,
                    -0.022024719044566154,
                    0.9267016649246216
                ]
            ]
        },
        "pen_hiyeki_2": {
            "tray_uekqey_1": [
                [
                    -2.7423481941223145,
                    -2.9440484046936035,
                    0.8367534279823303
                ],
                [
                    -0.8319493532180786,
                    -0.12346352636814117,
                    -0.006207984872162342,
                    0.5409051775932312
                ]
            ]
        },
        "pen_hiyeki_3": {
            "tray_uekqey_1": [
                [
                    -2.594914674758911,
                    -2.702394485473633,
                    0.8367035984992981
                ],
                [
                    -0.8309386968612671,
                    -0.1309945285320282,
                    0.0004148506559431553,
                    0.5407229065895081
                ]
            ]
        },
        "pen_hiyeki_4": {
            "tray_uekqey_1": [
                [
                    -2.8011629581451416,
                    -2.770712375640869,
                    0.8371950387954712
                ],
                [
                    -0.32294830679893494,
                    -0.04121555760502815,
                    -0.025218416005373,
                    0.9451823234558105
                ]
            ]
        }
    },
    "nextto": {},
    "under": {}
}