{
    "nearby": {
        "cooler_pnkiag_1": [
            [
                -8.256012425422668,
                6.421844077110291,
                0
            ]
        ],
        "bell_pepper_ukkycp_1": [
            [
                -16.93081142425537,
                12.87385625362396,
                0
            ]
        ]
    },
    "ontop": {},
    "inside": {
        "bell_pepper_ukkycp_1": {
            "cooler_pnkiag_1": [
                [
                    -7.0078959465026855,
                    7.366501331329346,
                    0.13600195944309235
                ],
                [
                    -0.0253269262611866,
                    0.018798042088747025,
                    -0.014957538805902004,
                    0.9993905425071716
                ]
            ]
        }
    },
    "nextto": {},
    "under": {}
}