{
    "nearby": {
        "table_lamp_ehjsdz_1": [
            [
                16.86224754810333,
                -6.362628664970398,
                0
            ]
        ],
        "icicle_lights_lbwpka_1": [
            0.19165901839733124,
            -2.0748391151428223,
            1.9143222570419312
        ]
    },
    "ontop": {},
    "inside": {},
    "nextto": {},
    "under": {}
}