{
    "nearby": {
        "conference_table_hdomxc_1": [
            [
                -2.323511514663696,
                -16.91415547370911,
                0
            ]
        ],
        "butter_cookie_kukrla_1": [
            [
                -0.3555113315582276,
                -13.962155199050903,
                0
            ]
        ],
        "cooler_pnkiag_1": [
            [
                8.535188722610473,
                -0.3194489955902101,
                0
            ]
        ]
    },
    "ontop": {},
    "inside": {
        "butter_cookie_kukrla_1": {
            "cooler_pnkiag_1": [
                [
                    9.448563575744629,
                    1.1746448278427124,
                    0.09904050081968307
                ],
                [
                    0.0008535513188689947,
                    -0.015340185724198818,
                    -0.01983366534113884,
                    0.9996851682662964
                ]
            ]
        }
    },
    "nextto": {},
    "under": {}
}