{
    "nearby": {
        "shelf_iwziew_1": [
            [
                -14.984811210632326,
                7.174855628013607,
                0
            ]
        ],
        "saucepan_fsinsu_1": [
            [
                -14.706811180114748,
                7.174855628013607,
                0
            ]
        ],
        "chili_xhbpqh_1": [
            [
                -6.243312888145447,
                16.59833480358124,
                0
            ]
        ],
        "space_heater_kxzqpr_1": [
            [
                -6.759312853813172,
                15.910334849357605,
                0
            ]
        ]
    },
    "ontop": {
        "saucepan_fsinsu_1": {
            "shelf_iwziew_1": [
                [
                    -13.121501922607422,
                    6.650450229644775,
                    0.5335918068885803
                ],
                [
                    -0.002768886275589466,
                    0.0003314230707474053,
                    -0.029842643067240715,
                    0.9995507001876831
                ]
            ]
        }
    },
    "inside": {
        "chili_xhbpqh_1": {
            "saucepan_fsinsu_1": [
                [
                    -13.131174087524414,
                    6.7045745849609375,
                    0.5180888772010803
                ],
                [
                    0.770447850227356,
                    0.15447388589382172,
                    0.09513074159622192,
                    0.6111449003219604
                ]
            ]
        }
    },
    "nextto": {},
    "under": {}
}