{
    "nearby": {
        "exercise_bike_eponae_1": [
            [
                10.82191258430481,
                10.955965633392337,
                0
            ]
        ],
        "radiator_lnvush_1": [
            [
                8.204511156082154,
                7.216820735931397,
                0
            ]
        ],
        "desk_nafjjg_9": [
            5.456694602966309,
            5.109575271606445,
            0.6290204524993896
        ]
    },
    "ontop": {},
    "inside": {},
    "nextto": {},
    "under": {}
}