{
    "nearby": {
        "conference_table_hdomxc_1": [
            [
                -0.31934041857719403,
                11.146230030059815,
                0
            ]
        ],
        "mango_phdamg_1": [
            [
                0.37458944439888037,
                14.615879344940186,
                0
            ]
        ],
        "booth_xzrpar_1": [
            [
                -8.256012425422668,
                6.421844077110291,
                0
            ]
        ],
        "table_knife_eebpap_1": [
            [
                -8.256012425422668,
                6.590644087791443,
                0
            ]
        ],
        "shelf_iwziew_1": [
            [
                -9.512332582473755,
                -5.786656217575073,
                0
            ]
        ],
        "casserole_ncbsee_1": [
            [
                -9.768332567214966,
                -5.786656217575073,
                0
            ]
        ]
    },
    "ontop": {},
    "inside": {
        "mango_phdamg_1": {
            "casserole_ncbsee_1": [
                [
                    -9.695918083190918,
                    -5.000854969024658,
                    0.5655437111854553
                ],
                [
                    0.10800952464342117,
                    -0.23361964523792267,
                    0.9653732180595398,
                    0.042547594755887985
                ]
            ]
        }
    },
    "nextto": {},
    "under": {}
}