{
    "nearby": {
        "console_table_tzkfqa_1": [
            [
                -15.123811225891114,
                14.541856436729429,
                0
            ]
        ],
        "zucchini_udvfaz_1": [
            [
                -14.42881114959717,
                14.26385640621185,
                0
            ]
        ],
        "chopping_board_drjnag_1": [
            [
                2.9654889774322517,
                -12.117155027389526,
                0
            ]
        ],
        "cleaver_vpmydv_1": [
            [
                2.8424889659881587,
                -11.871155004501343,
                0
            ]
        ]
    },
    "ontop": {},
    "inside": {},
    "nextto": {},
    "under": {}
}