{
    "nearby": {
        "desktop_computer_tbtham_1": [
            [
                15.119308938980103,
                -13.525910425186158,
                0
            ]
        ],
        "table_lamp_ehjsdz_1": [
            [
                4.248187704086304,
                14.154834108352661,
                0
            ]
        ]
    },
    "ontop": {},
    "inside": {},
    "nextto": {},
    "under": {}
}