{
    "nearby": {
        "booth_xzrpar_1": [
            [
                -1.14793095588684,
                -8.478196811676026,
                0
            ]
        ],
        "microwave_abzvij_1": [
            [
                -0.4006726741790768,
                2.2325052261352547,
                0
            ]
        ],
        "plate_qtfzeq_1": [
            [
                -1.14793095588684,
                -1.0056139945983875,
                0
            ]
        ],
        "bread_slice_yedlgq_1": [
            [
                -1.14793095588684,
                -1.0056139945983875,
                0
            ]
        ],
        "conference_table_hdomxc_1": [
            [
                -1.8951892375946042,
                -8.727282905578614,
                0
            ]
        ]
    },
    "ontop": {
        "plate_qtfzeq_1": {
            "conference_table_hdomxc_1": [
                [
                    0.29083746671676636,
                    -5.287012577056885,
                    0.8306099772453308
                ],
                [
                    -1.9293875084258616e-06,
                    -2.0152081560809165e-05,
                    -0.016208795830607414,
                    0.9998685717582703
                ]
            ]
        }
    },
    "inside": {},
    "nextto": {},
    "under": {}
}