{
    "nearby": {
        "table_knife_eebpap_1": [
            [
                -5.256410474777222,
                8.712478694915772,
                0
            ]
        ],
        "desk_phone_kpxrpb_1": [
            [
                -5.256410474777222,
                8.712478694915772,
                0
            ]
        ],
        "bookcase_smeuzl_1": [
            [
                10.447998094558717,
                18.43425542831421,
                0
            ]
        ],
        "exercise_bike_eponae_1": [
            [
                10.82191258430481,
                16.190768489837644,
                0
            ]
        ]
    },
    "ontop": {
        "desk_phone_kpxrpb_1": {
            "bookcase_smeuzl_1": [
                [
                    12.325368881225586,
                    19.508710861206055,
                    -329.093017578125
                ],
                [
                    9.313225746154785e-10,
                    -2.9103830456733704e-11,
                    -0.061817705631256104,
                    0.998087465763092
                ]
            ]
        }
    },
    "inside": {},
    "nextto": {},
    "under": {}
}