{
    "nearby": {
        "cooler_pnkiag_1": [
            [
                0.3465856075286865,
                0.9870747566223151,
                0
            ]
        ],
        "pepperoni_xcurfr_1": [
            [
                0.3465856075286865,
                1.2361608505249024,
                0
            ]
        ],
        "reception_desk_kjmhgc_1": [
            [
                -0.898844861984253,
                -5.738249778747559,
                0
            ]
        ],
        "frying_pan_cprjvq_1": [
            [
                -0.4006726741790768,
                -5.4891636848449705,
                0
            ]
        ]
    },
    "ontop": {},
    "inside": {
        "pepperoni_xcurfr_1": {
            "frying_pan_cprjvq_1": [
                [
                    1.1082171201705933,
                    -4.869770050048828,
                    0.8256630301475525
                ],
                [
                    -0.0005184877663850784,
                    0.008086440153419971,
                    -0.003698742249980569,
                    0.9999603629112244
                ]
            ],
            "cooler_pnkiag_1": [
                [
                    2.211313247680664,
                    1.6244362592697144,
                    0.10472121834754944
                ],
                [
                    -0.00261117285117507,
                    0.005005736835300922,
                    -0.0038082946557551622,
                    0.9999768137931824
                ]
            ]
        }
    },
    "nextto": {},
    "under": {}
}