{
    "nearby": {
        "reception_desk_kjmhgc_1": [
            -0.1650916337966919,
            1.398155689239502,
            0.18002557754516602
        ],
        "cleaver_vpmydv_1": [
            -0.1650916337966919,
            1.398155689239502,
            0.18002557754516602
        ],
        "chopping_board_drjnag_1": [
            1.415952205657959,
            -8.415698051452637,
            2.919560194015503
        ],
        "gourd_lnfbza_1": [
            1.415952205657959,
            -8.415698051452637,
            2.919560194015503
        ]
    },
    "ontop": {},
    "inside": {},
    "nextto": {},
    "under": {}
}