{
    "nearby": {
        "booth_xzrpar_1": [
            [
                -0.729546383395791,
                2.551044762134552,
                0
            ]
        ],
        "virginia_ham_jqfkdb_1": [
            [
                -0.729546383395791,
                1.2700447678565978,
                0
            ]
        ],
        "cooler_pnkiag_1": [
            [
                -0.729546383395791,
                1.2700447678565978,
                0
            ]
        ]
    },
    "ontop": {},
    "inside": {
        "virginia_ham_jqfkdb_1": {
            "cooler_pnkiag_1": [
                [
                    -0.14824992418289185,
                    2.8289761543273926,
                    0.16139575839042664
                ],
                [
                    -0.048082973808050156,
                    -0.028767798095941544,
                    -0.0533611923456192,
                    0.9970019459724426
                ]
            ]
        }
    },
    "nextto": {},
    "under": {}
}