{
    "nearby": {
        "shelf_iwziew_1": [
            [
                -0.729546383395791,
                1.2700447678565978,
                0
            ]
        ],
        "white_turnip_nnvlrd_1": [
            [
                -0.729546383395791,
                1.2700447678565978,
                0
            ]
        ],
        "burner_pmntxh_0": [
            [
                -3.802296371459961,
                -1.662704634666443,
                0
            ]
        ],
        "stockpot_gxiqbw_1": [
            [
                -3.802296371459961,
                -1.662704634666443,
                0
            ]
        ]
    },
    "ontop": {},
    "inside": {
        "white_turnip_nnvlrd_1": {
            "stockpot_gxiqbw_1": [
                [
                    -2.2741382122039795,
                    -1.4149609804153442,
                    0.9762499332427979
                ],
                [
                    0.6341174244880676,
                    0.03951098024845123,
                    -0.3597891926765442,
                    0.6832902431488037
                ]
            ]
        }
    },
    "nextto": {},
    "under": {}
}