{
    "nearby": {
        "cucumber_wcvwye_1": [
            [
                -4.586495916843414,
                2.718096811771393,
                0
            ]
        ],
        "carrot_qhmmmx_1": [
            [
                -4.052695939540863,
                2.718096811771393,
                0
            ]
        ],
        "cooler_pnkiag_1": [
            [
                -4.084095938205719,
                2.718096811771393,
                0
            ]
        ],
        "desk_cnewsu_1": [
            [
                -7.68759614944458,
                -0.1624038743972777,
                0
            ]
        ]
    },
    "ontop": {
        "cucumber_wcvwye_1": {
            "desk_cnewsu_1": [
                [
                    -6.373690605163574,
                    -1.1082366704940796,
                    0.7469579577445984
                ],
                [
                    -0.055632639676332474,
                    0.0010475115850567818,
                    -0.017522435635328293,
                    0.9982969760894775
                ]
            ]
        },
        "carrot_qhmmmx_1": {
            "desk_cnewsu_1": [
                [
                    -6.363926887512207,
                    -1.2618536949157715,
                    0.7378973364830017
                ],
                [
                    0.2177252620458603,
                    -0.04038217291235924,
                    -0.028229767456650734,
                    0.9747655987739563
                ]
            ]
        }
    },
    "inside": {
        "cucumber_wcvwye_1": {
            "cooler_pnkiag_1": [
                [
                    -2.287597894668579,
                    3.144759178161621,
                    0.12043405324220657
                ],
                [
                    -0.007991746999323368,
                    0.15618391335010529,
                    -0.020763326436281204,
                    0.9874773621559143
                ]
            ]
        },
        "carrot_qhmmmx_1": {
            "cooler_pnkiag_1": [
                [
                    -2.3673391342163086,
                    3.5346240997314453,
                    0.10834460705518723
                ],
                [
                    0.13054165244102478,
                    -0.03946369141340256,
                    -0.04877413064241409,
                    0.9894556999206543
                ]
            ]
        }
    },
    "nextto": {},
    "under": {}
}