{
    "nearby": {
        "blackberry_tvpfvb_1": [
            [
                -5.062296271324158,
                -0.6827037185430527,
                0
            ]
        ],
        "cooler_pnkiag_1": [
            0.7219615578651428,
            0.16651077568531036,
            6.120723724365234
        ]
    },
    "ontop": {},
    "inside": {
        "blackberry_tvpfvb_1": {
            "cooler_pnkiag_1": [
                [
                    0.09103212505578995,
                    0.09800545126199722,
                    0.09244539588689804
                ],
                [
                    -0.1214444637298584,
                    0.5941770672798157,
                    0.017165232449769974,
                    0.7949278354644775
                ]
            ]
        }
    },
    "nextto": {},
    "under": {}
}