{
    "nearby": {
        "tray_uekqey_1": [
            [
                -4.75619704246521,
                2.328994951248169,
                0
            ]
        ],
        "bouillon_cube_ctzwzz_1": [
            [
                -0.729546383395791,
                1.2700447678565978,
                0
            ]
        ],
        "cooler_pnkiag_1": [
            [
                -0.729546383395791,
                1.2700447678565978,
                0
            ]
        ]
    },
    "ontop": {},
    "inside": {
        "bouillon_cube_ctzwzz_1": {
            "cooler_pnkiag_1": [
                [
                    -0.22382797300815582,
                    2.7739226818084717,
                    0.1101384237408638
                ],
                [
                    -0.018315913155674934,
                    -0.00016459135804325342,
                    -0.00168604904320091,
                    0.9998307228088379
                ]
            ]
        }
    },
    "nextto": {},
    "under": {}
}