{
    "nearby": {
        "booth_xzrpar_1": [
            [
                -4.5622963714599605,
                -0.5227046346664429,
                0
            ]
        ],
        "cleaver_vpmydv_1": [
            [
                -4.467296371459961,
                -0.5227046346664429,
                0
            ]
        ],
        "breakfast_table_uhrsex_0": [
            [
                -1.7122963714599606,
                -3.372704634666443,
                0
            ]
        ],
        "bowl_cypjlv_1": [
            [
                -1.7122963714599606,
                -3.372704634666443,
                0
            ]
        ],
        "chopping_board_drjnag_1": [
            [
                -0.729546383395791,
                1.2700447678565978,
                0
            ]
        ],
        "green_onion_ljynzg_1": [
            [
                -0.729546383395791,
                1.2700447678565978,
                0
            ]
        ]
    },
    "ontop": {},
    "inside": {
        "green_onion_ljynzg_1": {
            "bowl_cypjlv_1": [
                [
                    -0.536709189414978,
                    -2.2152602672576904,
                    0.9740875959396362
                ],
                [
                    -0.2424595057964325,
                    -0.5398011207580566,
                    0.8057375550270081,
                    -0.024802088737487793
                ]
            ]
        }
    },
    "nextto": {},
    "under": {}
}