{
    "nearby": {
        "rag_oocmed_1": [
            [
                -2.04569571018219,
                1.7588960647583007,
                0
            ]
        ],
        "rag_oocmed_2": [
            [
                0.5369041204452516,
                4.481095886230469,
                0
            ]
        ],
        "rag_oocmed_3": [
            [
                -2.04569571018219,
                1.7588960647583007,
                0
            ]
        ],
        "washer_dobgmu_1": [
            [
                -3.9900456547737124,
                2.4745462059974668,
                0
            ]
        ]
    },
    "ontop": {},
    "inside": {
        "rag_oocmed_1": {
            "washer_dobgmu_1": [
                [
                    -2.8003642559051514,
                    2.6139943599700928,
                    0.7161269187927246
                ],
                [
                    -1.0291932994732633e-07,
                    1.968810920516262e-06,
                    0.996085524559021,
                    -0.08839517831802368
                ]
            ]
        },
        "rag_oocmed_2": {
            "washer_dobgmu_1": [
                [
                    -2.806410551071167,
                    2.623225450515747,
                    0.7175211310386658
                ],
                [
                    1.7846861737780273e-05,
                    2.967763975902926e-06,
                    0.9994899034500122,
                    -0.03193327784538269
                ]
            ]
        },
        "rag_oocmed_3": {
            "washer_dobgmu_1": [
                [
                    -2.79972243309021,
                    2.6153783798217773,
                    0.7189167141914368
                ],
                [
                    -1.0294572348357178e-05,
                    2.0335191948106512e-05,
                    0.7554091215133667,
                    0.6552534103393555
                ]
            ]
        }
    },
    "nextto": {},
    "under": {}
}