{
    "nearby": {
        "breakfast_table_uhrsex_1": [
            [
                -3.7659311294555664,
                4.013691825866699,
                0
            ]
        ],
        "kiwi_khupqq_1": [
            [
                -3.7381591415405273,
                4.013691825866699,
                0
            ]
        ],
        "kiwi_khupqq_2": [
            [
                -3.1549473953247067,
                4.485815620422363,
                0
            ]
        ],
        "kiwi_khupqq_3": [
            [
                -3.65484317779541,
                4.430271644592285,
                0
            ]
        ],
        "table_knife_eebpap_1": [
            [
                -3.182719383239746,
                4.56913158416748,
                0
            ]
        ],
        "mixing_bowl_deudkt_1": [
            [
                1.7137533140182495,
                5.455614047050475,
                0
            ]
        ]
    },
    "ontop": {},
    "inside": {
        "kiwi_khupqq_1": {
            "mixing_bowl_deudkt_1": [
                [
                    3.347236156463623,
                    5.666927337646484,
                    0.4544583559036255
                ],
                [
                    0.10017727315425873,
                    0.019432689994573593,
                    0.9190370440483093,
                    0.38073328137397766
                ]
            ]
        },
        "kiwi_khupqq_2": {
            "mixing_bowl_deudkt_1": [
                [
                    3.3217289447784424,
                    5.708407402038574,
                    0.5286767482757568
                ],
                [
                    -0.20484691858291626,
                    0.30673474073410034,
                    0.8430782556533813,
                    0.3913702964782715
                ]
            ]
        },
        "kiwi_khupqq_3": {
            "mixing_bowl_deudkt_1": [
                [
                    3.3955490589141846,
                    5.653467178344727,
                    0.5315220952033997
                ],
                [
                    0.5417276620864868,
                    -0.1752595752477646,
                    0.5033516883850098,
                    0.6499633193016052
                ]
            ]
        }
    },
    "nextto": {},
    "under": {}
}