{
    "nearby": {
        "board_fxugbm_1": [
            [
                -3.784845690727234,
                -1.376153881549835,
                0
            ]
        ],
        "bacon_ioogif_1": [
            [
                -3.784845690727234,
                -1.376153881549835,
                0
            ]
        ],
        "cooler_pnkiag_1": [
            -1.0830085277557373,
            -0.4545131325721741,
            1.3068625926971436
        ]
    },
    "ontop": {},
    "inside": {
        "bacon_ioogif_1": {
            "cooler_pnkiag_1": [
                [
                    -0.39037877321243286,
                    -0.36050859093666077,
                    0.8711222410202026
                ],
                [
                    0.4114612936973572,
                    -0.33756759762763977,
                    -0.2157985419034958,
                    0.8186444640159607
                ]
            ]
        }
    },
    "nextto": {},
    "under": {}
}