{
    "nearby": {
        "booth_xzrpar_1": [
            [
                -4.5622963714599605,
                -0.5227046346664429,
                0
            ]
        ],
        "orange_nlygru_1": [
            [
                -4.5622963714599605,
                -0.5227046346664429,
                0
            ]
        ],
        "orange_nlygru_2": [
            [
                -4.5622963714599605,
                -0.33270463466644296,
                0
            ]
        ],
        "orange_nlygru_3": [
            [
                -4.467296371459961,
                -0.33270463466644296,
                0
            ]
        ],
        "table_knife_eebpap_1": [
            [
                -4.5622963714599605,
                -0.5227046346664429,
                0
            ]
        ],
        "platter_ekjpdj_1": [
            [
                -4.5622963714599605,
                -0.5227046346664429,
                0
            ]
        ]
    },
    "ontop": {},
    "inside": {
        "orange_nlygru_1": {
            "platter_ekjpdj_1": [
                [
                    -2.9999101161956787,
                    -0.5959966778755188,
                    0.7904494404792786
                ],
                [
                    0.08110823482275009,
                    0.228279247879982,
                    0.011251394636929035,
                    0.9701460599899292
                ]
            ]
        },
        "orange_nlygru_2": {
            "platter_ekjpdj_1": [
                [
                    -3.0021657943725586,
                    -0.5002937316894531,
                    0.7901387214660645
                ],
                [
                    0.14319835603237152,
                    0.33669111132621765,
                    0.013288604095578194,
                    0.9305679798126221
                ]
            ]
        },
        "orange_nlygru_3": {
            "platter_ekjpdj_1": [
                [
                    -2.9991238117218018,
                    -0.4777236878871918,
                    0.7901230454444885
                ],
                [
                    0.20324887335300446,
                    0.47183263301849365,
                    0.0046822689473629,
                    0.8579287528991699
                ]
            ]
        }
    },
    "nextto": {},
    "under": {}
}