{
    "nearby": {
        "shelf_iwziew_1": [
            [
                -0.729546383395791,
                2.6791447615623474,
                0
            ]
        ],
        "chocolate_biscuit_xhmpht_1": [
            [
                -0.729546383395791,
                3.3196447587013247,
                0
            ]
        ],
        "cooler_pnkiag_1": [
            [
                -4.5622963714599605,
                -3.277704634666443,
                0
            ]
        ]
    },
    "ontop": {},
    "inside": {
        "chocolate_biscuit_xhmpht_1": {
            "cooler_pnkiag_1": [
                [
                    -3.095942735671997,
                    -1.8245177268981934,
                    0.10758398473262787
                ],
                [
                    -0.019061120226979256,
                    -0.011103078722953796,
                    -0.015665210783481598,
                    0.9996339678764343
                ]
            ]
        }
    },
    "nextto": {},
    "under": {}
}