{
    "nearby": {
        "chicken_nppsmz_1": [
            [
                -4.586495916843414,
                2.718096811771393,
                0
            ]
        ],
        "cooler_pnkiag_1": [
            [
                -4.021295940876007,
                2.8122968077659607,
                0
            ]
        ]
    },
    "ontop": {},
    "inside": {
        "chicken_nppsmz_1": {
            "cooler_pnkiag_1": [
                [
                    -2.2857632637023926,
                    3.557013511657715,
                    0.15070746839046478
                ],
                [
                    0.009374971501529217,
                    -0.002447528298944235,
                    -0.07277471572160721,
                    0.9973013401031494
                ]
            ]
        }
    },
    "nextto": {},
    "under": {}
}