{
    "nearby": {
        "carton_hhlmbi_1": [
            [
                -4.75619704246521,
                2.328994951248169,
                0
            ]
        ],
        "pomelo_ezckjt_1": [
            [
                -4.75619704246521,
                2.687794828414917,
                0
            ]
        ],
        "cooler_pnkiag_1": [
            -0.787455677986145,
            -0.010775461792945862,
            2.5742838382720947
        ]
    },
    "ontop": {},
    "inside": {
        "pomelo_ezckjt_1": {
            "cooler_pnkiag_1": [
                [
                    0.2954920828342438,
                    0.18744775652885437,
                    0.13334693014621735
                ],
                [
                    -0.23568323254585266,
                    -0.0598929300904274,
                    0.0055961632169783115,
                    0.9699664115905762
                ]
            ]
        }
    },
    "nextto": {},
    "under": {}
}