{
    "nearby": {
        "shelf_iwziew_1": [
            [
                -0.729546383395791,
                2.6791447615623474,
                0
            ]
        ],
        "banana_znakxm_1": [
            [
                -0.729546383395791,
                3.063444759845734,
                0
            ]
        ],
        "cooler_pnkiag_1": [
            [
                -4.75619704246521,
                3.5301945400238037,
                0
            ]
        ]
    },
    "ontop": {},
    "inside": {
        "banana_znakxm_1": {
            "cooler_pnkiag_1": [
                [
                    -4.685041427612305,
                    2.3195066452026367,
                    0.11247137188911438
                ],
                [
                    0.05424828082323074,
                    -0.09687985479831696,
                    -0.04590480402112007,
                    0.9927558898925781
                ]
            ]
        }
    },
    "nextto": {},
    "under": {}
}