{
    "nearby": {
        "booth_xzrpar_1": [
            [
                -1.1422963714599608,
                0.04729536533355695,
                0
            ]
        ],
        "orange_nlygru_1": [
            [
                -1.1422963714599608,
                0.04729536533355695,
                0
            ]
        ],
        "cleaver_vpmydv_1": [
            [
                -1.5222963714599607,
                0.04729536533355695,
                0
            ]
        ],
        "chopping_board_drjnag_1": [
            [
                -1.9972963714599608,
                -0.142704634666443,
                0
            ]
        ],
        "shelf_iwziew_1": [
            [
                -0.729546383395791,
                2.2521447634696963,
                0
            ]
        ],
        "mixing_bowl_deudkt_1": [
            [
                -0.729546383395791,
                2.7645447611808778,
                0
            ]
        ]
    },
    "ontop": {},
    "inside": {
        "orange_nlygru_1": {
            "mixing_bowl_deudkt_1": [
                [
                    0.5467387437820435,
                    3.8357365131378174,
                    0.553607165813446
                ],
                [
                    -0.1088528037071228,
                    0.057249099016189575,
                    0.927272617816925,
                    0.3536084294319153
                ]
            ]
        }
    },
    "nextto": {},
    "under": {}
}