{
    "nearby": {
        "desk_cnewsu_1": [
            [
                -2.1388387489318847,
                6.94848846912384,
                0
            ]
        ],
        "desktop_computer_tbtham_1": [
            [
                -1.7064066314697264,
                7.3088485670089725,
                0
            ]
        ],
        "paperback_book_dbmzmo_1": [
            [
                -2.1388387489318847,
                7.380920586585998,
                0
            ]
        ],
        "paperback_book_dbmzmo_2": [
            [
                -1.418118553161621,
                7.380920586585998,
                0
            ]
        ],
        "shelf_vgzdul_3": [
            0.2487984299659729,
            5.4288249015808105,
            0.06996393203735352
        ]
    },
    "ontop": {},
    "inside": {
        "paperback_book_dbmzmo_1": {
            "shelf_vgzdul_3": [
                [
                    -1.0872669219970703,
                    5.323747634887695,
                    1.6320527791976929
                ],
                [
                    -0.09241805970668793,
                    0.042366135865449905,
                    -0.010602995753288269,
                    0.9947620630264282
                ]
            ]
        },
        "paperback_book_dbmzmo_2": {
            "shelf_vgzdul_3": [
                [
                    -1.011021614074707,
                    5.251241683959961,
                    1.3921935558319092
                ],
                [
                    -0.08309445530176163,
                    0.04195256903767586,
                    -0.004026919603347778,
                    0.995650053024292
                ]
            ]
        }
    },
    "nextto": {},
    "under": {}
}