{
    "nearby": {
        "booth_xzrpar_1": [
            [
                -4.5622963714599605,
                -0.5227046346664429,
                0
            ]
        ],
        "club_sandwich_ablfyd_1": [
            [
                -4.5622963714599605,
                -0.5227046346664429,
                0
            ]
        ],
        "cooler_pnkiag_1": [
            [
                -4.75619704246521,
                3.4989945507049565,
                0
            ]
        ]
    },
    "ontop": {},
    "inside": {
        "club_sandwich_ablfyd_1": {
            "cooler_pnkiag_1": [
                [
                    -4.741836071014404,
                    2.565943717956543,
                    0.1356392800807953
                ],
                [
                    -0.0014491486363112926,
                    0.0030707325786352158,
                    -0.01660449057817459,
                    0.9998563528060913
                ]
            ]
        }
    },
    "nextto": {},
    "under": {}
}