{
    "nearby": {
        "free_weight_rack_fatvwt_1": [
            [
                -4.586495916843414,
                3.565896775722504,
                0
            ]
        ],
        "cleaver_vpmydv_1": [
            [
                -4.586495916843414,
                3.565896775722504,
                0
            ]
        ],
        "desk_cnewsu_1": [
            [
                -7.68759614944458,
                -0.1624038743972777,
                0
            ]
        ],
        "plum_rhaemq_1": [
            [
                -7.469196186065673,
                -2.637603459358215,
                0
            ]
        ],
        "chopping_board_drjnag_1": [
            [
                -7.68759614944458,
                -0.1624038743972777,
                0
            ]
        ]
    },
    "ontop": {},
    "inside": {},
    "nextto": {},
    "under": {}
}