{
    "nearby": {
        "booth_xzrpar_1": [
            [
                -4.5622963714599605,
                -0.5227046346664429,
                0
            ]
        ],
        "chopping_board_drjnag_1": [
            [
                -4.5622963714599605,
                -0.5227046346664429,
                0
            ]
        ],
        "zucchini_udvfaz_1": [
            [
                -4.5622963714599605,
                -0.5227046346664429,
                0
            ]
        ],
        "table_knife_eebpap_1": [
            [
                -4.372296371459961,
                -0.5227046346664429,
                0
            ]
        ],
        "mixing_bowl_deudkt_1": [
            [
                -4.5622963714599605,
                -0.5227046346664429,
                0
            ]
        ]
    },
    "ontop": {},
    "inside": {
        "zucchini_udvfaz_1": {
            "mixing_bowl_deudkt_1": [
                [
                    -3.135406255722046,
                    -0.89557284116745,
                    0.8542311787605286
                ],
                [
                    0.12518636882305145,
                    0.212863489985466,
                    0.945672869682312,
                    -0.21147173643112183
                ]
            ]
        }
    },
    "nextto": {},
    "under": {}
}