{
    "nearby": {
        "shelf_iwziew_1": [
            [
                -0.729546383395791,
                2.6791447615623474,
                0
            ]
        ],
        "gelatin_mrrmpr_1": [
            [
                -0.729546383395791,
                3.3196447587013247,
                0
            ]
        ],
        "cooler_pnkiag_1": [
            0.06093892455101013,
            -0.8617583513259888,
            0.7042751312255859
        ]
    },
    "ontop": {},
    "inside": {
        "gelatin_mrrmpr_1": {
            "cooler_pnkiag_1": [
                [
                    0.342603474855423,
                    0.08252095431089401,
                    0.10259582102298737
                ],
                [
                    0.00021901726722717285,
                    -1.519918441772461e-05,
                    -0.011440079659223557,
                    0.9999345541000366
                ]
            ]
        }
    },
    "nextto": {},
    "under": {}
}