{
    "nearby": {
        "shelf_iwziew_1": [
            [
                -0.729546383395791,
                1.2700447678565978,
                0
            ]
        ],
        "carton_hhlmbi_1": [
            [
                -0.729546383395791,
                1.2700447678565978,
                0
            ]
        ],
        "recycling_bin_duugbb_1": [
            [
                -1.7787965357303621,
                2.3973950016498566,
                0
            ]
        ]
    },
    "ontop": {},
    "inside": {
        "carton_hhlmbi_1": {
            "recycling_bin_duugbb_1": [
                [
                    -1.3221250772476196,
                    3.024982213973999,
                    0.14424943923950195
                ],
                [
                    -0.4083634912967682,
                    0.003444887697696686,
                    -0.02882610820233822,
                    0.912357747554779
                ]
            ]
        }
    },
    "nextto": {},
    "under": {}
}