{
    "nearby": {
        "booth_xzrpar_1": [
            [
                -4.5622963714599605,
                -0.5227046346664429,
                0
            ]
        ],
        "green_onion_ljynzg_1": [
            [
                -4.5622963714599605,
                -0.5227046346664429,
                0
            ]
        ],
        "cleaver_vpmydv_1": [
            [
                -4.467296371459961,
                -0.4277046346664427,
                0
            ]
        ],
        "chopping_board_drjnag_1": [
            [
                -1.047296371459961,
                -3.467704634666443,
                0
            ]
        ],
        "mixing_bowl_deudkt_1": [
            [
                -0.729546383395791,
                1.2700447678565978,
                0
            ]
        ]
    },
    "ontop": {},
    "inside": {
        "green_onion_ljynzg_1": {
            "mixing_bowl_deudkt_1": [
                [
                    0.5875864028930664,
                    1.386472463607788,
                    1.033257007598877
                ],
                [
                    0.15096846222877502,
                    -0.04246984422206879,
                    0.9849538207054138,
                    -0.07260012626647949
                ]
            ]
        }
    },
    "nextto": {},
    "under": {}
}