{
    "nearby": {
        "router_tokdic_1": [
            [
                -2.7278458166122435,
                -1.693253843784332,
                0
            ]
        ],
        "backpack_gvbiwl_1": [
            [
                -5.062296271324158,
                -0.6827037185430527,
                0
            ]
        ],
        "water_bottle_ackxiy_1": [
            [
                -5.062296271324158,
                -0.6827037185430527,
                0
            ]
        ]
    },
    "ontop": {},
    "inside": {
        "water_bottle_ackxiy_1": {
            "backpack_gvbiwl_1": [
                [
                    -4.970237731933594,
                    0.5117607712745667,
                    0.055924974381923676
                ],
                [
                    -0.2684064209461212,
                    -0.7665135860443115,
                    0.030174177139997482,
                    0.5826700329780579
                ]
            ]
        }
    },
    "nextto": {},
    "under": {}
}