{
    "nearby": {
        "vacuum_bdmsbr_1": [
            [
                -1.7787965357303621,
                2.3973950016498566,
                0
            ]
        ],
        "carpet_sweeper_xboreo_1": [
            [
                -10.93143482208252,
                1.5323229943029582,
                0
            ]
        ]
    },
    "ontop": {},
    "inside": {},
    "nextto": {},
    "under": {}
}