{
    "nearby": {
        "shelf_iwziew_1": [
            [
                -0.729546383395791,
                1.2700447678565978,
                0
            ]
        ],
        "spice_cookie_dough_iuiioe_1": [
            [
                -0.729546383395791,
                1.2700447678565978,
                0
            ]
        ],
        "cooler_pnkiag_1": [
            [
                -3.897296371459961,
                -1.9477046346664428,
                0
            ]
        ]
    },
    "ontop": {},
    "inside": {
        "spice_cookie_dough_iuiioe_1": {
            "cooler_pnkiag_1": [
                [
                    -3.527627944946289,
                    -0.42684483528137207,
                    0.6283258199691772
                ],
                [
                    -0.9014400839805603,
                    0.25929921865463257,
                    0.14707855880260468,
                    0.31390658020973206
                ]
            ]
        }
    },
    "nextto": {},
    "under": {}
}