{
    "nearby": {
        "meatball_ctdwth_1": [
            [
                -0.6014463839679957,
                1.5689447665214538,
                0
            ]
        ],
        "oven_fexqbj_2": [
            -2.497645854949951,
            -0.5507946610450745,
            2.7088053226470947
        ]
    },
    "ontop": {},
    "inside": {
        "meatball_ctdwth_1": {
            "oven_fexqbj_2": [
                [
                    -2.5363306999206543,
                    -1.129300832748413,
                    0.3811292350292206
                ],
                [
                    4.3502834159880877e-05,
                    9.751413017511368e-06,
                    -0.003313167253509164,
                    0.9999943971633911
                ]
            ]
        }
    },
    "nextto": {},
    "under": {}
}