{
    "nearby": {
        "scrub_brush_hsejyi_1": [
            [
                -4.207589221000672,
                6.809498772621155,
                1.5707963267948966
            ]
        ],
        "shelf_iwziew_1": [
            [
                -4.382525238990784,
                6.809498772621155,
                1.5707963267948966
            ]
        ]
    },
    "ontop": {
        "scrub_brush_hsejyi_1": {
            "shelf_iwziew_1": [
                [
                    -3.1243464946746826,
                    8.168190956115723,
                    0.517044723033905
                ],
                [
                    0.006291310768574476,
                    -0.706771969795227,
                    -0.003156594466418028,
                    0.7074062824249268
                ]
            ]
        }
    },
    "inside": {},
    "nextto": {},
    "under": {}
}