{
    "nearby": {
        "shelf_iwziew_1": [
            [
                -1.7787965357303621,
                3.0453949081897735,
                0
            ]
        ],
        "scrub_brush_hsejyi_1": [
            [
                -1.7787965357303621,
                2.753794950246811,
                0
            ]
        ],
        "sink_ksecxq_0": [
            -2.2867634296417236,
            3.581083297729492,
            5.517770767211914
        ],
        "coffee_table_gpkbiw_0": [
            -9.706559181213379,
            0.8082707524299622,
            0.7900495529174805
        ]
    },
    "ontop": {},
    "inside": {},
    "nextto": {},
    "under": {}
}