{
    "nearby": {
        "booth_xzrpar_1": [
            [
                -4.586495916843414,
                2.718096811771393,
                0
            ]
        ],
        "espresso_machine_qhrtyw_1": [
            [
                -4.586495916843414,
                2.718096811771393,
                0
            ]
        ]
    },
    "ontop": {
        "espresso_machine_qhrtyw_1": {
            "booth_xzrpar_1": [
                [
                    -3.6285407543182373,
                    3.10628080368042,
                    0.9831241369247437
                ],
                [
                    0.0002797916531562805,
                    7.317960262298584e-05,
                    -0.1957722008228302,
                    0.9806493520736694
                ]
            ]
        }
    },
    "inside": {},
    "nextto": {},
    "under": {}
}