{
    "nearby": {
        "desk_cnewsu_1": [
            [
                -3.784845690727234,
                -0.7419539570808412,
                0
            ]
        ],
        "desktop_computer_tbtham_1": [
            [
                -3.784845690727234,
                0.4207459044456484,
                0
            ]
        ]
    },
    "ontop": {
        "desktop_computer_tbtham_1": {
            "desk_cnewsu_1": [
                [
                    -3.339603900909424,
                    1.046606421470642,
                    0.9812946915626526
                ],
                [
                    -0.00030328979482874274,
                    -8.854273619363084e-05,
                    -0.17755258083343506,
                    0.9841112494468689
                ]
            ]
        }
    },
    "inside": {},
    "nextto": {},
    "under": {}
}