{
    "nearby": {
        "shelf_iwziew_1": [
            [
                -4.586495916843414,
                2.875096805095673,
                0
            ]
        ],
        "cleaver_vpmydv_1": [
            [
                -4.2410959315299985,
                3.314696786403656,
                0
            ]
        ],
        "cabinet_base_dcmhhh_1": [
            [
                -7.469196186065673,
                -2.637603459358215,
                0
            ]
        ],
        "parsnip_osqisk_1": [
            [
                -7.469196186065673,
                -2.637603459358215,
                0
            ]
        ]
    },
    "ontop": {},
    "inside": {},
    "nextto": {},
    "under": {}
}