{
    "nearby": {
        "chopping_board_drjnag_1": [
            [
                -1.6172963714599609,
                0.3322953653335571,
                0
            ]
        ],
        "cherry_tomato_eukpfb_1": [
            [
                -1.5222963714599607,
                0.42729536533355683,
                0
            ]
        ],
        "cleaver_vpmydv_1": [
            [
                -0.8572963714599607,
                0.04729536533355695,
                0
            ]
        ]
    },
    "ontop": {
        "cherry_tomato_eukpfb_1": {
            "chopping_board_drjnag_1": [
                [
                    0.023800671100616455,
                    0.59772127866745,
                    0.9872183203697205
                ],
                [
                    0.06939990818500519,
                    -0.036671992391347885,
                    -0.0037529594264924526,
                    0.996907651424408
                ]
            ]
        }
    },
    "inside": {},
    "nextto": {},
    "under": {}
}