{
    "nearby": {
        "rag_oocmed_1": [
            [
                -8.266844773292542,
                -1.4966557312011717,
                0
            ]
        ],
        "window_ulnafj_1": [
            -19.23638916015625,
            -3.3638954162597656,
            0.5336489677429199
        ]
    },
    "ontop": {},
    "inside": {},
    "nextto": {},
    "under": {}
}