{
    "nearby": {
        "countertop_tpuwys_5": [
            [
                -4.467296371459961,
                -3.277704634666443,
                0
            ]
        ],
        "frying_pan_cprjvq_1": [
            [
                -4.467296371459961,
                -3.277704634666443,
                0
            ]
        ],
        "oven_fexqbj_2": [
            -2.093055009841919,
            -1.7273011207580566,
            0.4063389301300049
        ]
    },
    "ontop": {
        "frying_pan_cprjvq_1": {
            "countertop_tpuwys_5": [
                [
                    -2.7037088871002197,
                    -2.628087282180786,
                    0.947724461555481
                ],
                [
                    2.3700762540102005e-05,
                    -0.00010956030746456236,
                    -0.024029448628425598,
                    0.999711275100708
                ]
            ]
        }
    },
    "inside": {
        "frying_pan_cprjvq_1": {
            "oven_fexqbj_2": [
                [
                    -2.2827398777008057,
                    -1.3944247961044312,
                    0.8714303374290466
                ],
                [
                    0.13813473284244537,
                    0.01910608634352684,
                    0.2824980318546295,
                    0.949077844619751
                ]
            ]
        }
    },
    "nextto": {},
    "under": {}
}