{
    "nearby": {
        "microphone_eyleyk_1": [
            [
                1.9765653371810912,
                5.455614047050475,
                0
            ]
        ]
    },
    "ontop": {
        "robot0": {
            "floors_yudizl_0": [
                [
                    1.6441529989242554,
                    3.5781662464141846,
                    0.00033929944038391113
                ],
                [
                    -0.002433117013424635,
                    -0.011654090136289597,
                    -0.1436174064874649,
                    0.9895616173744202
                ]
            ]
        }
    },
    "inside": {},
    "nextto": {},
    "under": {}
}