{
    "nearby": {
        "reception_desk_kjmhgc_1": [
            [
                -4.5622963714599605,
                -0.5227046346664429,
                0
            ]
        ],
        "zucchini_udvfaz_1": [
            [
                -4.5622963714599605,
                -0.5227046346664429,
                0
            ]
        ],
        "carrot_qhmmmx_1": [
            [
                -4.467296371459961,
                -0.33270463466644296,
                0
            ]
        ],
        "chopping_board_drjnag_1": [
            [
                -4.5622963714599605,
                -0.5227046346664429,
                0
            ]
        ],
        "table_knife_eebpap_1": [
            [
                -4.5622963714599605,
                -0.5227046346664429,
                0
            ]
        ],
        "breakfast_table_uhrsex_1": [
            [
                -12.159082832336425,
                -0.5137570227868855,
                0
            ]
        ],
        "plate_qtfzeq_1": [
            [
                -11.033738822937012,
                -1.6391010321862995,
                0
            ]
        ]
    },
    "ontop": {},
    "inside": {
        "zucchini_udvfaz_1": {
            "plate_qtfzeq_1": [
                [
                    -10.287324905395508,
                    -0.23575472831726074,
                    0.4550080895423889
                ],
                [
                    0.32208532094955444,
                    -0.6528007984161377,
                    0.6277056336402893,
                    0.2758578956127167
                ]
            ]
        },
        "carrot_qhmmmx_1": {
            "plate_qtfzeq_1": [
                [
                    -10.206881523132324,
                    -0.18554644286632538,
                    0.45119714736938477
                ],
                [
                    0.861050546169281,
                    -0.003806617110967636,
                    -0.010397669859230518,
                    0.5083988308906555
                ]
            ]
        }
    },
    "nextto": {},
    "under": {}
}