{
    "nearby": {
        "sink_wzpabm_1": [
            [
                7.5078352928161625,
                15.588929538726807,
                0
            ]
        ],
        "scrub_brush_hsejyi_1": [
            [
                7.5078352928161625,
                15.588929538726807,
                0
            ]
        ],
        "scrub_brush_hsejyi_2": [
            [
                7.5078352928161625,
                15.588929538726807,
                0
            ]
        ],
        "scrub_brush_hsejyi_3": [
            [
                7.5078352928161625,
                15.588929538726807,
                0
            ]
        ],
        "bucket_lsmlzi_1": [
            [
                -7.033312377929688,
                4.7691349601745605,
                0
            ]
        ]
    },
    "ontop": {},
    "inside": {
        "scrub_brush_hsejyi_1": {
            "bucket_lsmlzi_1": [
                [
                    -6.47239351272583,
                    5.071928024291992,
                    0.048858921974897385
                ],
                [
                    0.5919179320335388,
                    0.13346806168556213,
                    -0.44538629055023193,
                    0.6583695411682129
                ]
            ],
            "sink_wzpabm_1": [
                [
                    8.979415893554688,
                    16.089317321777344,
                    0.9437187314033508
                ],
                [
                    -0.01193618681281805,
                    -0.23516309261322021,
                    0.01639482192695141,
                    0.9717443585395813
                ]
            ]
        },
        "scrub_brush_hsejyi_2": {
            "bucket_lsmlzi_1": [
                [
                    -6.444301605224609,
                    5.011507987976074,
                    0.04780934005975723
                ],
                [
                    -0.1114179715514183,
                    -0.5208847522735596,
                    -0.23836080729961395,
                    0.8120647668838501
                ]
            ],
            "sink_wzpabm_1": [
                [
                    9.096874237060547,
                    16.038307189941406,
                    0.9632058143615723
                ],
                [
                    -0.6887096166610718,
                    -0.715228259563446,
                    -0.03282575309276581,
                    0.1142362579703331
                ]
            ]
        },
        "scrub_brush_hsejyi_3": {
            "bucket_lsmlzi_1": [
                [
                    -6.497930526733398,
                    5.0812153816223145,
                    0.07927171140909195
                ],
                [
                    0.07235175371170044,
                    -0.10088209807872772,
                    -0.19626568257808685,
                    0.9726600646972656
                ]
            ],
            "sink_wzpabm_1": [
                [
                    9.034614562988281,
                    16.210054397583008,
                    0.9036614298820496
                ],
                [
                    -0.007883206941187382,
                    -0.7590724229812622,
                    -0.010418614372611046,
                    0.6508749723434448
                ]
            ]
        }
    },
    "nextto": {},
    "under": {}
}