{
    "nearby": {
        "booth_xzrpar_1": [
            [
                6.372611484527588,
                16.345745410919186,
                0
            ]
        ],
        "arugula_lbkpoh_1": [
            [
                6.624883441925049,
                16.093473453521728,
                0
            ]
        ],
        "arugula_lbkpoh_2": [
            [
                6.75101942062378,
                16.598017368316647,
                0
            ]
        ],
        "bucket_lsmlzi_1": [
            [
                -10.443746881484985,
                4.45244592666626,
                0
            ]
        ],
        "sink_wqjwbx_3": [
            -7.817331314086914,
            6.904153347015381,
            4.716765403747559
        ]
    },
    "ontop": {},
    "inside": {
        "arugula_lbkpoh_1": {
            "bucket_lsmlzi_1": [
                [
                    -8.860072135925293,
                    4.824892997741699,
                    0.055781252682209015
                ],
                [
                    -0.011114532127976418,
                    -0.00010166922584176064,
                    -0.022286374121904373,
                    0.9996898174285889
                ]
            ],
            "sink_wqjwbx_3": [
                [
                    -9.067679405212402,
                    6.478968143463135,
                    0.8263393640518188
                ],
                [
                    -0.004529407247900963,
                    -0.009484545327723026,
                    -0.00502441544085741,
                    0.9999321699142456
                ]
            ]
        },
        "arugula_lbkpoh_2": {
            "bucket_lsmlzi_1": [
                [
                    -8.773772239685059,
                    4.863001823425293,
                    0.09051281213760376
                ],
                [
                    0.02602173388004303,
                    -0.05524083226919174,
                    -0.6873349547386169,
                    0.7237691879272461
                ]
            ],
            "sink_wqjwbx_3": [
                [
                    -8.90284252166748,
                    6.466547012329102,
                    0.8260036110877991
                ],
                [
                    -0.012662364169955254,
                    -0.0193224735558033,
                    -0.02783820778131485,
                    0.9993454217910767
                ]
            ]
        }
    },
    "nextto": {},
    "under": {}
}