{
    "nearby": {
        "reception_desk_kjmhgc_1": [
            [
                6.372611484527588,
                15.084385623931885,
                0
            ]
        ],
        "cinnamon_roll_xjlptd_1": [
            [
                6.87715539932251,
                16.093473453521728,
                0
            ]
        ],
        "table_knife_eebpap_1": [
            [
                7.00329137802124,
                15.588929538726807,
                0
            ]
        ],
        "chopping_board_drjnag_1": [
            [
                6.372611484527588,
                15.084385623931885,
                0
            ]
        ],
        "sink_wqjwbx_3": [
            -7.615612030029297,
            6.670494079589844,
            4.3932647705078125
        ]
    },
    "ontop": {},
    "inside": {
        "table_knife_eebpap_1": {
            "sink_wqjwbx_3": [
                [
                    -9.097138404846191,
                    6.314967155456543,
                    0.7900996208190918
                ],
                [
                    0.004948462825268507,
                    -0.001685064285993576,
                    -0.06070305034518242,
                    0.9981421828269958
                ]
            ]
        }
    },
    "nextto": {},
    "under": {}
}