{
    "nearby": {
        "breakfast_table_jruvif_3": [
            [
                -5.156919378489256,
                -1.6422355794906616,
                0
            ]
        ],
        "lemon_hoghjl_1": [
            [
                -5.156919378489256,
                -1.6422355794906616,
                0
            ]
        ],
        "booth_xzrpar_1": [
            [
                -5.092723617553711,
                -11.28427375793457,
                0
            ]
        ],
        "chopping_board_drjnag_1": [
            [
                -5.092723617553711,
                -11.179311752319336,
                0
            ]
        ],
        "cleaver_vpmydv_1": [
            [
                -5.092723617553711,
                -10.33961570739746,
                0
            ]
        ]
    },
    "ontop": {},
    "inside": {},
    "nextto": {},
    "under": {}
}