{
    "nearby": {
        "booth_xzrpar_1": [
            [
                -4.654339351654053,
                -13.53153326034546,
                0
            ]
        ],
        "mango_phdamg_1": [
            [
                -3.9357692146301275,
                -13.53153326034546,
                0
            ]
        ],
        "cooler_pnkiag_1": [
            [
                -3.9357692146301275,
                -10.226110630035402,
                0
            ]
        ]
    },
    "ontop": {},
    "inside": {
        "mango_phdamg_1": {
            "cooler_pnkiag_1": [
                [
                    -2.239450216293335,
                    -9.33501148223877,
                    0.12220451980829239
                ],
                [
                    -0.273427277803421,
                    -0.20822829008102417,
                    -0.036786023527383804,
                    0.9383631348609924
                ]
            ]
        }
    },
    "nextto": {},
    "under": {}
}