{
    "nearby": {
        "cooler_pnkiag_1": [
            [
                4.043897366523743,
                1.1717146694660179,
                0
            ]
        ],
        "butternut_squash_swehmg_1": [
            [
                4.187611365318299,
                1.1717146694660179,
                0
            ]
        ],
        "booth_xzrpar_1": [
            [
                6.343321347236634,
                3.4711386501789083,
                0
            ]
        ],
        "table_knife_eebpap_1": [
            [
                7.061891341209412,
                3.4711386501789083,
                0
            ]
        ],
        "platter_ekjpdj_1": [
            [
                6.918177342414856,
                3.4711386501789083,
                0
            ]
        ]
    },
    "ontop": {
        "butternut_squash_swehmg_1": {
            "platter_ekjpdj_1": [
                [
                    8.198155403137207,
                    4.065451622009277,
                    -426.0843505859375
                ],
                [
                    4.656612873077393e-10,
                    -4.3655745685100555e-11,
                    0.9873003959655762,
                    0.15886442363262177
                ]
            ]
        }
    },
    "inside": {},
    "nextto": {},
    "under": {}
}