{
    "nearby": {
        "shelf_xurqal_0": [
            [
                -5.0854814338684085,
                -15.256101589202881,
                0
            ]
        ],
        "rice_cooker_qatgeb_1": [
            [
                -5.0854814338684085,
                -15.256101589202881,
                0
            ]
        ],
        "chicken_nppsmz_1": [
            [
                -3.9357692146301275,
                -10.369824657440187,
                0
            ]
        ]
    },
    "ontop": {
        "rice_cooker_qatgeb_1": {
            "shelf_xurqal_0": [
                [
                    -3.60648775100708,
                    -14.468376159667969,
                    1.774680495262146
                ],
                [
                    1.6123522073030472e-07,
                    2.0500374375842512e-07,
                    0.5028628706932068,
                    0.8643662333488464
                ]
            ]
        }
    },
    "inside": {},
    "nextto": {},
    "under": {}
}