{
    "nearby": {
        "booth_xzrpar_1": [
            [
                -8.736918840408325,
                1.9493342685699464,
                0
            ]
        ],
        "bell_pepper_ukkycp_1": [
            [
                -7.2997787570953365,
                1.6619062519073486,
                0
            ]
        ],
        "mixing_bowl_deudkt_1": [
            [
                -8.018348798751832,
                1.8056202602386475,
                0
            ]
        ],
        "chopping_board_drjnag_1": [
            [
                -10.605200948715211,
                2.66790431022644,
                0
            ]
        ],
        "table_knife_eebpap_1": [
            [
                -10.461486940383912,
                2.2367622852325435,
                0
            ]
        ]
    },
    "ontop": {},
    "inside": {
        "bell_pepper_ukkycp_1": {
            "mixing_bowl_deudkt_1": [
                [
                    -6.504329681396484,
                    2.455183506011963,
                    0.8162813186645508
                ],
                [
                    0.006189082749187946,
                    0.011125574819743633,
                    -0.5497827529907227,
                    0.8352105617523193
                ]
            ]
        }
    },
    "nextto": {},
    "under": {}
}