{
    "nearby": {
        "stove_xspxzg_0": [
            [
                -5.0854814338684085,
                -12.95667715072632,
                0
            ]
        ],
        "frying_pan_cprjvq_1": [
            [
                -5.0854814338684085,
                -12.95667715072632,
                0
            ]
        ],
        "brisket_nnnnqw_1": [
            [
                -5.0854814338684085,
                -12.95667715072632,
                0
            ]
        ]
    },
    "ontop": {},
    "inside": {},
    "nextto": {},
    "under": {}
}