{
    "nearby": {
        "booth_xzrpar_4": [
            [
                -10.392988777160644,
                -1.4100558280944822,
                0
            ]
        ],
        "chicken_tender_eiwmqk_1": [
            [
                -9.762308692932129,
                -1.6623278617858879,
                0
            ]
        ],
        "cooler_pnkiag_1": [
            [
                -7.996404457092284,
                -5.824816417694092,
                0
            ]
        ]
    },
    "ontop": {},
    "inside": {
        "chicken_tender_eiwmqk_1": {
            "cooler_pnkiag_1": [
                [
                    -5.935318470001221,
                    -5.325258731842041,
                    0.1321869194507599
                ],
                [
                    -0.11215002834796906,
                    0.17403335869312286,
                    -0.09732787311077118,
                    0.9734793901443481
                ]
            ]
        }
    },
    "nextto": {},
    "under": {}
}