{
    "nearby": {
        "reception_desk_kjmhgc_1": [
            [
                -3.3609131050109866,
                -13.53153326034546,
                0
            ]
        ],
        "liquid_carton_ykfkyq_1": [
            [
                -3.2171990776062014,
                -13.53153326034546,
                0
            ]
        ],
        "cooler_pnkiag_1": [
            [
                -3.648341159820557,
                -10.369824657440187,
                0
            ]
        ]
    },
    "ontop": {},
    "inside": {
        "liquid_carton_ykfkyq_1": {
            "cooler_pnkiag_1": [
                [
                    -1.965101957321167,
                    -9.841833114624023,
                    0.22672216594219208
                ],
                [
                    0.007264869753271341,
                    0.034947533160448074,
                    -0.043519072234630585,
                    0.9984146952629089
                ]
            ]
        }
    },
    "nextto": {},
    "under": {}
}