{
    "nearby": {
        "sink_wzpabm_1": [
            [
                -7.5286198997497555,
                -11.80696493148804,
                0
            ]
        ],
        "beer_glass_lymciz_1": [
            [
                -7.5286198997497555,
                -11.80696493148804,
                0
            ]
        ],
        "cooler_pnkiag_1": [
            [
                -3.648341159820557,
                -10.369824657440187,
                0
            ]
        ]
    },
    "ontop": {},
    "inside": {
        "beer_glass_lymciz_1": {
            "cooler_pnkiag_1": [
                [
                    -1.9750410318374634,
                    -9.561530113220215,
                    0.19209925830364227
                ],
                [
                    -0.007392894010990858,
                    0.0320701040327549,
                    -0.01899787224829197,
                    0.9992777705192566
                ]
            ]
        }
    },
    "nextto": {},
    "under": {}
}