{
    "nearby": {
        "booth_xzrpar_4": [
            [
                -11.149804878234864,
                -0.9055117607116699,
                1.5707963267948966
            ]
        ],
        "table_knife_eebpap_1": [
            [
                -10.897532844543457,
                -0.6532397270202633,
                0
            ]
        ],
        "chopping_board_drjnag_1": [
            [
                -10.64526081085205,
                -0.27483167648315343,
                0
            ]
        ],
        "spinach_uxhqeq_1": [
            [
                -10.64526081085205,
                -0.27483167648315343,
                0
            ]
        ],
        "mixing_bowl_deudkt_1": [
            [
                -10.64526081085205,
                -0.9055117607116699,
                1.5707963267948966
            ]
        ]
    },
    "ontop": {},
    "inside": {
        "spinach_uxhqeq_1": {
            "mixing_bowl_deudkt_1": [
                [
                    -9.053938865661621,
                    -0.7114096283912659,
                    0.916268527507782
                ],
                [
                    -0.1120164766907692,
                    -0.387314110994339,
                    0.9144927263259888,
                    -0.0338093638420105
                ]
            ]
        }
    },
    "nextto": {},
    "under": {}
}