{
    "nearby": {
        "shelf_xurqal_0": [
            [
                -4.941767406463623,
                -15.112387561798096,
                0
            ]
        ],
        "saucepan_fsinsu_1": [
            [
                -4.941767406463623,
                -15.112387561798096,
                0
            ]
        ],
        "microwave_abzvij_1": [
            [
                -3.648341159820557,
                -13.53153326034546,
                0
            ]
        ],
        "sugar_cookie_feirtr_1": [
            [
                -3.648341159820557,
                -13.53153326034546,
                0
            ]
        ]
    },
    "ontop": {
        "saucepan_fsinsu_1": {
            "shelf_xurqal_0": [
                [
                    -3.557525396347046,
                    -14.581193923950195,
                    1.6966441869735718
                ],
                [
                    -0.0027541653253138065,
                    0.0004325783229433,
                    -0.06557569652795792,
                    0.9978436827659607
                ]
            ]
        }
    },
    "inside": {
        "sugar_cookie_feirtr_1": {
            "microwave_abzvij_1": [
                [
                    -2.9262940883636475,
                    -15.081456184387207,
                    0.8912650346755981
                ],
                [
                    0.002209553960710764,
                    -0.0022455572616308928,
                    -0.011796070262789726,
                    0.9999254941940308
                ]
            ]
        }
    },
    "nextto": {},
    "under": {}
}