{
    "nearby": {
        "booth_xzrpar_1": [
            [
                -4.777837600708008,
                -11.389235763549804,
                0
            ]
        ],
        "beefsteak_tomato_eevvzv_1": [
            [
                -3.938141555786133,
                -11.179311752319336,
                0
            ]
        ],
        "table_knife_eebpap_1": [
            [
                -4.148065567016602,
                -10.759463729858398,
                0
            ]
        ],
        "wicker_basket_unasxd_1": [
            [
                4.727240567952394,
                -6.035195555686951,
                0
            ]
        ]
    },
    "ontop": {},
    "inside": {
        "beefsteak_tomato_eevvzv_1": {
            "wicker_basket_unasxd_1": [
                [
                    4.661814212799072,
                    -5.104557514190674,
                    0.788296639919281
                ],
                [
                    -0.2195131778717041,
                    0.03921481966972351,
                    -0.032076723873615265,
                    0.9742932319641113
                ]
            ]
        }
    },
    "nextto": {},
    "under": {}
}