{
    "nearby": {
        "booth_xzrpar_1": [
            [
                3.723755931854248,
                13.066209964752197,
                0
            ]
        ],
        "strawberry_ntxofi_1": [
            [
                4.354435825347901,
                14.07529779434204,
                0
            ]
        ],
        "hotdog_lsajfg_1": [
            [
                4.22829984664917,
                13.192345943450928,
                0
            ]
        ],
        "cooler_pnkiag_1": [
            [
                1.3271723365783692,
                12.309394092559815,
                0
            ]
        ]
    },
    "ontop": {},
    "inside": {
        "strawberry_ntxofi_1": {
            "cooler_pnkiag_1": [
                [
                    3.1584208011627197,
                    12.423230171203613,
                    0.11979741603136063
                ],
                [
                    -0.2584077715873718,
                    -0.7950901389122009,
                    -0.03704392910003662,
                    0.5474346280097961
                ]
            ]
        },
        "hotdog_lsajfg_1": {
            "cooler_pnkiag_1": [
                [
                    3.002626419067383,
                    12.68450927734375,
                    0.12895004451274872
                ],
                [
                    0.007980565540492535,
                    0.01156134344637394,
                    -0.030779074877500534,
                    0.9994275569915771
                ]
            ]
        }
    },
    "nextto": {},
    "under": {}
}