{
    "nearby": {
        "booth_xzrpar_1": [
            [
                5.337323355674744,
                -1.702565306425095,
                0
            ]
        ],
        "rag_oocmed_1": [
            [
                6.055893349647523,
                -1.9899933040142064,
                0
            ]
        ],
        "shelf_baseboard_hlhneo_1": [
            [
                -11.875224847793579,
                -8.35610384941101,
                0
            ]
        ],
        "sink_ekkwsy_1": [
            1.2655194997787476,
            -18.745811462402344,
            1.6125879287719727
        ]
    },
    "ontop": {},
    "inside": {
        "rag_oocmed_1": {
            "sink_ekkwsy_1": [
                [
                    0.7199220061302185,
                    -18.323162078857422,
                    0.8028629422187805
                ],
                [
                    -0.0011034202761948109,
                    0.0442596971988678,
                    -0.017718758434057236,
                    0.9988623261451721
                ]
            ]
        },
        "shelf_baseboard_hlhneo_1": {
            "sink_ekkwsy_1": [
                [
                    0.7838781476020813,
                    -18.501041412353516,
                    0.830348789691925
                ],
                [
                    -0.5000178813934326,
                    0.5241443514823914,
                    -0.4901618957519531,
                    0.48476383090019226
                ]
            ]
        }
    },
    "nextto": {},
    "under": {}
}