{
    "nearby": {
        "booth_xzrpar_1": [
            [
                6.1203395271301275,
                16.47188138961792,
                0
            ]
        ],
        "arugula_lbkpoh_1": [
            [
                6.4987474632263185,
                16.850289325714108,
                0
            ]
        ],
        "cooler_pnkiag_1": [
            [
                6.246475505828857,
                14.705977687835693,
                0
            ]
        ]
    },
    "ontop": {
        "arugula_lbkpoh_1": {
            "booth_xzrpar_1": [
                [
                    8.078145980834961,
                    17.094810485839844,
                    0.8145569562911987
                ],
                [
                    -0.011532047763466835,
                    -0.025890477001667023,
                    -0.02856541983783245,
                    0.9991900324821472
                ]
            ]
        }
    },
    "inside": {
        "arugula_lbkpoh_1": {
            "cooler_pnkiag_1": [
                [
                    7.970102787017822,
                    15.576932907104492,
                    0.13710957765579224
                ],
                [
                    -0.022361841052770615,
                    -0.024219583719968796,
                    -0.02486872859299183,
                    0.9991469979286194
                ]
            ]
        }
    },
    "nextto": {},
    "under": {}
}