{
    "nearby": {
        "booth_xzrpar_1": [
            [
                -3.648341159820557,
                -10.369824657440187,
                0
            ]
        ],
        "duffel_bag_ozykxk_1": [
            [
                -3.648341159820557,
                -10.082396602630617,
                0
            ]
        ],
        "raw_egg_ydgivr_1": [
            [
                -3.648341159820557,
                -10.082396602630617,
                0
            ]
        ],
        "cooler_pnkiag_1": [
            -0.3794751763343811,
            0.6657467484474182,
            6.040509223937988
        ]
    },
    "ontop": {},
    "inside": {
        "raw_egg_ydgivr_1": {
            "cooler_pnkiag_1": [
                [
                    -0.1793147623538971,
                    0.0851331427693367,
                    0.09649451822042465
                ],
                [
                    0.031281158328056335,
                    0.009603253565728664,
                    -0.036926545202732086,
                    0.9987820982933044
                ]
            ]
        }
    },
    "nextto": {},
    "under": {}
}