{
    "nearby": {
        "router_tokdic_1": [
            [
                2.750408578664064,
                -3.8387155675888063,
                0
            ]
        ],
        "shelf_iwziew_1": [
            [
                -2.3014953939616682,
                8.022276368141174,
                0
            ]
        ]
    },
    "ontop": {
        "router_tokdic_1": {
            "shelf_iwziew_1": [
                [
                    2.016988515853882,
                    -0.6521545052528381,
                    0.5319060683250427
                ],
                [
                    -3.665965050458908e-05,
                    -0.002308828057721257,
                    -0.0232212133705616,
                    0.9997276663780212
                ]
            ]
        }
    },
    "inside": {},
    "nextto": {},
    "under": {}
}