{
    "nearby": {
        "cooler_pnkiag_1": [
            [
                -7.874634790420532,
                1.5181922435760498,
                0
            ]
        ],
        "pork_ihekpm_1": [
            [
                -7.874634790420532,
                1.5181922435760498,
                0
            ]
        ],
        "booth_xzrpar_1": [
            [
                -11.8986270236969,
                0.9433362102508545,
                0
            ]
        ],
        "frying_pan_cprjvq_1": [
            [
                -11.323770990371704,
                1.2307642269134522,
                0
            ]
        ]
    },
    "ontop": {},
    "inside": {
        "pork_ihekpm_1": {
            "frying_pan_cprjvq_1": [
                [
                    -10.275457382202148,
                    2.6401214599609375,
                    0.7992315292358398
                ],
                [
                    0.013491533696651459,
                    0.0243038609623909,
                    -0.0013136612251400948,
                    0.9996126890182495
                ]
            ],
            "cooler_pnkiag_1": [
                [
                    -6.295058250427246,
                    2.4528605937957764,
                    0.108676016330719
                ],
                [
                    0.011764420196413994,
                    0.0009805187582969666,
                    0.0017953794449567795,
                    0.9999287128448486
                ]
            ]
        }
    },
    "nextto": {},
    "under": {}
}