{
    "nearby": {
        "breakfast_table_yaanqr_5": [
            [
                -4.374975671619177,
                6.423613777160644,
                0
            ]
        ],
        "pitcher_mbrlge_1": [
            [
                -4.374975671619177,
                6.423613777160644,
                0
            ]
        ],
        "cooler_pnkiag_1": [
            [
                4.354435825347901,
                13.066209964752197,
                0
            ]
        ]
    },
    "ontop": {},
    "inside": {
        "pitcher_mbrlge_1": {
            "cooler_pnkiag_1": [
                [
                    6.667240619659424,
                    13.337118148803711,
                    0.22576886415481567
                ],
                [
                    -0.0012449007481336594,
                    0.0002024649002123624,
                    -0.11128221452236176,
                    0.9937881231307983
                ]
            ]
        }
    },
    "nextto": {},
    "under": {}
}