{
    "nearby": {
        "reception_desk_kjmhgc_1": [
            [
                -3.9357692146301275,
                -13.53153326034546,
                0
            ]
        ],
        "test_tube_apybok_1": [
            [
                -3.3609131050109866,
                -13.53153326034546,
                0
            ]
        ],
        "cooler_pnkiag_1": [
            [
                -3.3609131050109866,
                -10.369824657440187,
                0
            ]
        ]
    },
    "ontop": {},
    "inside": {
        "test_tube_apybok_1": {
            "cooler_pnkiag_1": [
                [
                    -1.6762659549713135,
                    -11.46032428741455,
                    0.12941893935203552
                ],
                [
                    0.27295127511024475,
                    -0.3549948036670685,
                    -0.06549500674009323,
                    0.8917323350906372
                ]
            ]
        }
    },
    "nextto": {},
    "under": {}
}