{
    "nearby": {
        "reception_desk_kjmhgc_1": [
            [
                6.372611484527588,
                16.345745410919186,
                0
            ]
        ],
        "coffee_maker_fwlabx_1": [
            [
                6.4987474632263185,
                16.21960943222046,
                0
            ]
        ],
        "dishwasher_xlmier_1": [
            [
                3.093076038360596,
                12.183258113861084,
                1.5707963267948966
            ]
        ],
        "carafe_ocjcgp_1": [
            [
                2.840804080963135,
                12.183258113861084,
                1.5707963267948966
            ]
        ],
        "breakfast_table_yaanqr_5": [
            -4.516047477722168,
            6.167231559753418,
            1.7280821800231934
        ]
    },
    "ontop": {
        "carafe_ocjcgp_1": {
            "breakfast_table_yaanqr_5": [
                [
                    -3.301142692565918,
                    6.326878070831299,
                    0.8701046109199524
                ],
                [
                    5.173456884222105e-06,
                    -4.064384029334178e-06,
                    -0.006051713600754738,
                    0.9999816417694092
                ]
            ]
        }
    },
    "inside": {},
    "nextto": {},
    "under": {}
}