{
    "nearby": {
        "chicken_nppsmz_1": [
            [
                -4.223197269439697,
                -10.513538684844972,
                0
            ]
        ],
        "oven_cgtaer_0": [
            -7.524398326873779,
            -14.858513832092285,
            6.196949481964111
        ]
    },
    "ontop": {},
    "inside": {
        "chicken_nppsmz_1": {
            "oven_cgtaer_0": [
                [
                    -6.765020847320557,
                    -14.030301094055176,
                    1.2995456457138062
                ],
                [
                    0.010174430906772614,
                    -0.002949982415884733,
                    -0.14247596263885498,
                    0.9897415637969971
                ]
            ]
        }
    },
    "nextto": {},
    "under": {}
}