{
    "nearby": {
        "cooler_pnkiag_1": [
            [
                -10.174058923721313,
                1.3744782352447509,
                0
            ]
        ],
        "shelf_vndvrn_0": [
            -5.307204723358154,
            -8.603222846984863,
            5.723239898681641
        ],
        "wine_bottle_vjdkci_1": [
            -3.46087646484375,
            -5.170246124267578,
            2.492995500564575
        ]
    },
    "ontop": {},
    "inside": {
        "wine_bottle_vjdkci_1": {
            "cooler_pnkiag_1": [
                [
                    -8.487076759338379,
                    1.9323222637176514,
                    0.1837078481912613
                ],
                [
                    0.003398189088329673,
                    -0.0004618614912033081,
                    -0.011101383715867996,
                    0.9999325275421143
                ]
            ]
        }
    },
    "nextto": {},
    "under": {}
}