{
    "nearby": {
        "shelf_iwziew_1": [
            [
                0.3499715447425842,
                -2.959030125141144,
                0
            ]
        ],
        "gelatin_mrrmpr_1": [
            [
                0.3104935431480407,
                -2.959030125141144,
                0
            ]
        ],
        "cooler_pnkiag_1": [
            0.2273463010787964,
            0.25837039947509766,
            5.744076251983643
        ]
    },
    "ontop": {},
    "inside": {
        "gelatin_mrrmpr_1": {
            "cooler_pnkiag_1": [
                [
                    -0.4377063512802124,
                    -0.020957935601472855,
                    0.10815060883760452
                ],
                [
                    0.032059166580438614,
                    0.00679013691842556,
                    -0.001628577709197998,
                    0.9994615912437439
                ]
            ]
        }
    },
    "nextto": {},
    "under": {}
}