{
    "nearby": {
        "stove_kfhkqp_1": [
            [
                -0.6369784951210022,
                -2.8405961203575134,
                0
            ]
        ],
        "saucepan_fsinsu_1": [
            [
                -0.6369784951210022,
                -2.8405961203575134,
                0
            ]
        ],
        "chives_yifjct_1": [
            [
                -0.6369784951210022,
                -2.8405961203575134,
                0
            ]
        ],
        "chives_yifjct_2": [
            [
                -0.3211544823646546,
                -2.68268411397934,
                1.5707963267948966
            ]
        ],
        "chives_yifjct_3": [
            [
                -0.360632483959198,
                -2.7221621155738833,
                0
            ]
        ],
        "chives_yifjct_4": [
            [
                -0.5975004935264587,
                -2.7221621155738833,
                0
            ]
        ],
        "reception_desk_kjmhgc_1": [
            0.2153625339269638,
            1.344771146774292,
            5.695761203765869
        ],
        "table_knife_eebpap_1": [
            0.2153625339269638,
            1.344771146774292,
            5.695761203765869
        ]
    },
    "ontop": {},
    "inside": {
        "chives_yifjct_1": {
            "saucepan_fsinsu_1": [
                [
                    0.582115888595581,
                    -2.615279197692871,
                    0.8296340703964233
                ],
                [
                    -0.14651571214199066,
                    0.793998658657074,
                    0.08769100159406662,
                    0.5834462642669678
                ]
            ]
        },
        "chives_yifjct_2": {
            "saucepan_fsinsu_1": [
                [
                    0.5549119710922241,
                    -2.610886812210083,
                    0.8281323313713074
                ],
                [
                    -0.08955072611570358,
                    0.7437584400177002,
                    0.09039954096078873,
                    0.6562253832817078
                ]
            ]
        },
        "chives_yifjct_3": {
            "saucepan_fsinsu_1": [
                [
                    0.5269868969917297,
                    -2.600545644760132,
                    0.8286943435668945
                ],
                [
                    0.15090645849704742,
                    -0.6924009919166565,
                    0.09937134385108948,
                    0.6985223293304443
                ]
            ]
        },
        "chives_yifjct_4": {
            "saucepan_fsinsu_1": [
                [
                    0.5588880181312561,
                    -2.611450433731079,
                    0.8286071419715881
                ],
                [
                    -0.0667647123336792,
                    0.7546831369400024,
                    0.06125659868121147,
                    0.6498025059700012
                ]
            ]
        }
    },
    "nextto": {},
    "under": {}
}