{
    "nearby": {
        "console_table_tzkfqa_1": [
            [
                -0.6369784951210022,
                -2.8405961203575134,
                0
            ]
        ],
        "cleaver_vpmydv_1": [
            [
                -0.6369784951210022,
                -2.8405961203575134,
                0
            ]
        ],
        "chopping_board_drjnag_1": [
            [
                -0.6369784951210022,
                -2.8405961203575134,
                0
            ]
        ],
        "shiitake_iwrtus_1": [
            [
                -0.6369784951210022,
                -2.8405961203575134,
                0
            ]
        ],
        "shiitake_iwrtus_2": [
            [
                -0.6369784951210022,
                -2.8405961203575134,
                0
            ]
        ],
        "shiitake_iwrtus_3": [
            [
                -0.6369784951210022,
                -2.8405961203575134,
                0
            ]
        ]
    },
    "ontop": {
        "cleaver_vpmydv_1": {
            "console_table_tzkfqa_1": [
                [
                    0.6836654543876648,
                    -2.9361021518707275,
                    0.8141096234321594
                ],
                [
                    0.016834644600749016,
                    -0.0406729020178318,
                    -0.1201072558760643,
                    0.9917845726013184
                ]
            ]
        }
    },
    "inside": {},
    "nextto": {},
    "under": {}
}