{
    "nearby": {
        "breakfast_table_skczfi_1": [
            [
                -1.797804036140442,
                2.7522662091255183,
                0
            ]
        ],
        "wine_bottle_vjdkci_1": [
            [
                -1.797804036140442,
                2.7522662091255183,
                0
            ]
        ],
        "cooler_pnkiag_1": [
            [
                0.5868395543098448,
                -2.959030125141144,
                0
            ]
        ]
    },
    "ontop": {
        "wine_bottle_vjdkci_1": {
            "breakfast_table_skczfi_1": [
                [
                    -1.1327556371688843,
                    3.2880005836486816,
                    0.8467463254928589
                ],
                [
                    0.0008618319407105446,
                    5.277167656458914e-05,
                    -0.014055033214390278,
                    0.9999009370803833
                ]
            ]
        }
    },
    "inside": {
        "wine_bottle_vjdkci_1": {
            "cooler_pnkiag_1": [
                [
                    -0.2329026460647583,
                    -2.7152249813079834,
                    0.1838080883026123
                ],
                [
                    -0.025905737653374672,
                    -0.009535353630781174,
                    -0.01445080153644085,
                    0.9995145797729492
                ]
            ]
        }
    },
    "nextto": {},
    "under": {}
}