{
    "nearby": {
        "console_table_tzkfqa_1": [
            [
                -1.3154278993606567,
                -0.06159458875656136,
                0
            ]
        ],
        "soap_dispenser_edinmg_1": [
            [
                2.1456684994697572,
                -2.9380887866020204,
                0
            ]
        ],
        "table_lamp_xbfgjc_0": [
            -0.20030930638313293,
            4.235024929046631,
            5.110065937042236
        ]
    },
    "ontop": {},
    "inside": {},
    "nextto": {},
    "under": {}
}