{
    "nearby": {
        "magazine_ymfwaz_1": [
            [
                -1.0742398309707644,
                0.5011775708198548,
                0
            ]
        ],
        "coffee_table_fqluyq_0": [
            [
                -1.0742398309707644,
                0.5011775708198548,
                0
            ]
        ],
        "table_lamp_xbfgjc_0": [
            0.15015599131584167,
            3.739794969558716,
            4.892789363861084
        ]
    },
    "ontop": {
        "magazine_ymfwaz_1": {
            "coffee_table_fqluyq_0": [
                [
                    -0.11883393675088882,
                    0.6108911633491516,
                    0.5051735043525696
                ],
                [
                    -0.02819029428064823,
                    0.004507990088313818,
                    -0.024573054164648056,
                    0.9992902874946594
                ]
            ]
        }
    },
    "inside": {},
    "nextto": {},
    "under": {}
}