{
    "nearby": {
        "desk_cnewsu_1": [
            [
                1.9904525756835938,
                -1.6238553869724275,
                0
            ]
        ],
        "table_lamp_ehjsdz_1": [
            [
                1.9904525756835938,
                -1.6238553869724275,
                0
            ]
        ]
    },
    "ontop": {},
    "inside": {},
    "nextto": {},
    "under": {}
}