{
    "nearby": {
        "conference_table_hdomxc_1": [
            [
                -0.638843469619751,
                2.231806182861328,
                0
            ]
        ],
        "bacon_ioogif_1": [
            [
                -0.638843469619751,
                2.231806182861328,
                0
            ]
        ],
        "cooler_pnkiag_1": [
            -0.7917983531951904,
            -0.1563318818807602,
            2.5237419605255127
        ]
    },
    "ontop": {},
    "inside": {
        "bacon_ioogif_1": {
            "cooler_pnkiag_1": [
                [
                    0.12104618549346924,
                    0.02803887240588665,
                    0.09820039570331573
                ],
                [
                    -0.02055967226624489,
                    -0.05446788668632507,
                    -0.023552153259515762,
                    0.9980259537696838
                ]
            ]
        }
    },
    "nextto": {},
    "under": {}
}