{
    "nearby": {
        "coatrack_zypzqh_1": [
            [
                -0.954667444229126,
                2.231806182861328,
                0
            ]
        ],
        "rag_oocmed_1": [
            [
                -0.954667444229126,
                2.231806182861328,
                0
            ]
        ],
        "coffee_table_fqluyq_0": [
            -0.8442758917808533,
            0.5392476916313171,
            5.242138862609863
        ]
    },
    "ontop": {},
    "inside": {},
    "nextto": {},
    "under": {}
}