{
    "nearby": {
        "shelf_iwziew_1": [
            0.3354342579841614,
            1.9098904132843018,
            0.8206768035888672
        ],
        "scrub_brush_hsejyi_1": [
            0.3354342579841614,
            1.9098904132843018,
            0.8206768035888672
        ],
        "sink_ksecxq_0": [
            -2.287266731262207,
            3.393008232116699,
            1.9880856275558472
        ]
    },
    "ontop": {
        "scrub_brush_hsejyi_1": {
            "shelf_iwziew_1": [
                [
                    0.5365512371063232,
                    2.1584720611572266,
                    0.31986480951309204
                ],
                [
                    -0.00973506085574627,
                    -0.7071481943130493,
                    -0.007198171690106392,
                    0.7069615721702576
                ]
            ]
        }
    },
    "inside": {},
    "nextto": {},
    "under": {}
}