{
    "nearby": {
        "conference_table_hdomxc_1": [
            [
                -0.5204094791412354,
                2.231806182861328,
                0
            ]
        ],
        "grape_uprbwp_1": [
            [
                -0.5204094791412354,
                2.231806182861328,
                0
            ]
        ],
        "cooler_pnkiag_1": [
            0.8468043804168701,
            -0.49637919664382935,
            1.0004665851593018
        ]
    },
    "ontop": {
        "grape_uprbwp_1": {
            "conference_table_hdomxc_1": [
                [
                    -1.1390799283981323,
                    -2.4032371044158936,
                    0.19644871354103088
                ],
                [
                    -0.6187921762466431,
                    -0.02787129580974579,
                    -0.05793682485818863,
                    0.7829194664955139
                ]
            ]
        }
    },
    "inside": {
        "grape_uprbwp_1": {
            "cooler_pnkiag_1": [
                [
                    0.3959873616695404,
                    0.13120412826538086,
                    0.14797690510749817
                ],
                [
                    -0.3148691654205322,
                    0.24630266427993774,
                    0.10157427191734314,
                    0.9109748601913452
                ]
            ]
        }
    },
    "nextto": {},
    "under": {}
}