{
    "nearby": {
        "brisket_nnnnqw_1": [
            [
                -0.954667444229126,
                2.231806182861328,
                0
            ]
        ],
        "oven_wuinhm_0": [
            -2.544924259185791,
            1.921154260635376,
            0.5892879962921143
        ]
    },
    "ontop": {},
    "inside": {
        "brisket_nnnnqw_1": {
            "oven_wuinhm_0": [
                [
                    -1.673816204071045,
                    2.0801637172698975,
                    0.10915172845125198
                ],
                [
                    0.0027821804396808147,
                    0.010226760059595108,
                    -0.010145692154765129,
                    0.9998923540115356
                ]
            ]
        }
    },
    "nextto": {},
    "under": {}
}