{
    "nearby": {
        "window_ithrgo_2": [
            -4.107769966125488,
            -3.8936543464660645,
            4.651686191558838
        ],
        "ceiling_fan_xtmacj_1": [
            -0.14747482538223267,
            -0.899243950843811,
            4.92657470703125
        ]
    },
    "ontop": {},
    "inside": {},
    "nextto": {},
    "under": {}
}