{
    "nearby": {
        "kale_kjyfdx_1": [
            [
                -0.954667444229126,
                2.231806182861328,
                0
            ]
        ],
        "electric_cauldron_qmdgct_1": [
            -0.5632495880126953,
            -0.8447893857955933,
            6.270907878875732
        ]
    },
    "ontop": {},
    "inside": {
        "kale_kjyfdx_1": {
            "electric_cauldron_qmdgct_1": [
                [
                    0.42948344349861145,
                    0.016349133104085922,
                    0.03185077756643295
                ],
                [
                    0.4130551517009735,
                    0.3521426320075989,
                    0.15569832921028137,
                    0.8253113627433777
                ]
            ]
        }
    },
    "nextto": {},
    "under": {}
}