{
    "nearby": {
        "shelf_eniafz_0": [
            [
                -4.705176210403443,
                -6.472302484512329,
                0
            ]
        ],
        "erlenmeyer_flask_iwwpsf_1": [
            [
                -4.705176210403443,
                -6.472302484512329,
                0
            ]
        ],
        "erlenmeyer_flask_iwwpsf_2": [
            4.4441094398498535,
            4.870894908905029,
            1.6394524574279785
        ],
        "erlenmeyer_flask_iwwpsf_3": [
            3.690717935562134,
            5.375044345855713,
            3.147754192352295
        ],
        "sink_wavlkt_0": [
            19.755287170410156,
            2.845275402069092,
            0.36734795570373535
        ]
    },
    "ontop": {
        "erlenmeyer_flask_iwwpsf_1": {
            "shelf_eniafz_0": [
                [
                    -3.500033378601074,
                    -5.78390645980835,
                    1.1027019023895264
                ],
                [
                    0.005040381103754044,
                    -0.008148863911628723,
                    -0.008534055203199387,
                    0.9999176859855652
                ]
            ]
        },
        "erlenmeyer_flask_iwwpsf_2": {
            "shelf_eniafz_0": [
                [
                    -3.7690885066986084,
                    -5.860411643981934,
                    1.100128412246704
                ],
                [
                    -0.003445182926952839,
                    -0.013595455326139927,
                    -0.01904050074517727,
                    0.9997203350067139
                ]
            ]
        },
        "erlenmeyer_flask_iwwpsf_3": {
            "shelf_eniafz_0": [
                [
                    -3.736684560775757,
                    -5.6944661140441895,
                    1.0987770557403564
                ],
                [
                    -0.0034428252838552,
                    -0.01353150699287653,
                    -0.006915615405887365,
                    0.9998785257339478
                ]
            ]
        }
    },
    "inside": {
        "erlenmeyer_flask_iwwpsf_1": {
            "sink_wavlkt_0": [
                [
                    19.741710662841797,
                    1.1046384572982788,
                    0.2055380940437317
                ],
                [
                    0.0024034366942942142,
                    -0.0359567254781723,
                    -0.030686579644680023,
                    0.9988791346549988
                ]
            ]
        },
        "erlenmeyer_flask_iwwpsf_2": {
            "sink_wavlkt_0": [
                [
                    19.76556968688965,
                    3.0240845680236816,
                    0.18122760951519012
                ],
                [
                    0.0012784161372110248,
                    -0.005911709740757942,
                    -0.03565456345677376,
                    0.9993457794189453
                ]
            ]
        },
        "erlenmeyer_flask_iwwpsf_3": {
            "sink_wavlkt_0": [
                [
                    19.67182731628418,
                    1.4545036554336548,
                    0.20080764591693878
                ],
                [
                    0.0013355906121432781,
                    -0.03859834372997284,
                    -0.01589781418442726,
                    0.9991273880004883
                ]
            ]
        }
    },
    "nextto": {},
    "under": {}
}