{
    "nearby": {
        "console_table_tzkfqa_1": [
            [
                -28.24377703666687,
                -8.71642804145813,
                0
            ]
        ],
        "cucumber_wcvwye_1": [
            [
                -28.24377703666687,
                -8.71642804145813,
                0
            ]
        ],
        "cooler_pnkiag_1": [
            [
                -7.379735612869263,
                -6.60603045463562,
                0
            ]
        ]
    },
    "ontop": {},
    "inside": {
        "cucumber_wcvwye_1": {
            "cooler_pnkiag_1": [
                [
                    -6.2406511306762695,
                    -6.4998345375061035,
                    0.1292094588279724
                ],
                [
                    -0.06628327816724777,
                    0.03213995695114136,
                    0.0009582834900356829,
                    0.9972826242446899
                ]
            ]
        }
    },
    "nextto": {},
    "under": {}
}