{
    "nearby": {
        "artichoke_tfclmg_1": [
            [
                1.6311650848388672,
                11.651551094055176,
                0
            ]
        ],
        "cooler_pnkiag_1": [
            [
                2.7675652313232426,
                11.651551094055176,
                0
            ]
        ]
    },
    "ontop": {},
    "inside": {
        "artichoke_tfclmg_1": {
            "cooler_pnkiag_1": [
                [
                    1.629773736000061,
                    12.269091606140137,
                    0.12255072593688965
                ],
                [
                    -0.3013608753681183,
                    -0.466196209192276,
                    0.05984397605061531,
                    0.8296152353286743
                ]
            ]
        }
    },
    "nextto": {},
    "under": {}
}