{
    "nearby": {
        "reception_desk_kjmhgc_1": [
            [
                1.6311650848388672,
                11.651551094055176,
                0
            ]
        ],
        "cantaloup_jakyah_1": [
            [
                2.7675652313232426,
                11.651551094055176,
                0
            ]
        ],
        "chopping_board_drjnag_1": [
            [
                1.6311650848388672,
                9.473450813293457,
                0
            ]
        ],
        "table_knife_eebpap_1": [
            [
                1.6311650848388672,
                9.473450813293457,
                0
            ]
        ],
        "breakfast_table_zypvuv_0": [
            [
                5.977463006973267,
                8.095351552963258,
                0
            ]
        ],
        "platter_ekjpdj_1": [
            [
                5.977463006973267,
                8.095351552963258,
                0
            ]
        ]
    },
    "ontop": {
        "cantaloup_jakyah_1": {
            "platter_ekjpdj_1": [
                [
                    5.444231986999512,
                    6.63844633102417,
                    0.815310001373291
                ],
                [
                    -0.044517312198877335,
                    0.050390101969242096,
                    -0.1603028029203415,
                    0.9847750663757324
                ]
            ]
        }
    },
    "inside": {},
    "nextto": {},
    "under": {}
}