{
    "nearby": {
        "booth_xzrpar_1": [
            [
                4.377465438842774,
                11.367451057434083,
                0
            ]
        ],
        "bowl_cypjlv_1": [
            [
                4.756265487670898,
                11.367451057434083,
                0
            ]
        ],
        "raspberry_spkers_1": [
            [
                4.756265487670898,
                11.367451057434083,
                0
            ]
        ],
        "cooler_pnkiag_1": [
            [
                2.7675652313232426,
                11.651551094055176,
                0
            ]
        ]
    },
    "ontop": {},
    "inside": {
        "raspberry_spkers_1": {
            "cooler_pnkiag_1": [
                [
                    1.5532387495040894,
                    12.302909851074219,
                    0.09960446506738663
                ],
                [
                    -0.7559418082237244,
                    0.014863058924674988,
                    -0.00011100061237812042,
                    0.6544701457023621
                ]
            ]
        }
    },
    "nextto": {},
    "under": {}
}