{
    "nearby": {
        "asparagus_xguktb_1": [
            [
                -4.3857990026474,
                -4.8908000707626345,
                0
            ]
        ],
        "cooler_pnkiag_1": [
            [
                -4.3857990026474,
                -4.8908000707626345,
                0
            ]
        ]
    },
    "ontop": {},
    "inside": {
        "asparagus_xguktb_1": {
            "cooler_pnkiag_1": [
                [
                    -3.423717737197876,
                    -3.890181303024292,
                    0.09925473481416702
                ],
                [
                    -0.03840431198477745,
                    0.7091134786605835,
                    -0.05000285059213638,
                    0.7022697329521179
                ]
            ]
        }
    },
    "nextto": {},
    "under": {}
}