{
    "nearby": {
        "booth_xzrpar_1": [
            [
                -8.09691138267517,
                8.141952123641968,
                0
            ]
        ],
        "blackberry_tvpfvb_1": [
            [
                -8.09691138267517,
                9.020239324569701,
                0
            ]
        ],
        "cooler_pnkiag_1": [
            [
                -8.975198583602905,
                5.726662321090698,
                0
            ]
        ]
    },
    "ontop": {},
    "inside": {
        "blackberry_tvpfvb_1": {
            "cooler_pnkiag_1": [
                [
                    -8.227529525756836,
                    4.916844844818115,
                    0.1438453495502472
                ],
                [
                    -0.37308424711227417,
                    0.2717881500720978,
                    -0.08364911377429962,
                    0.883143424987793
                ]
            ]
        }
    },
    "nextto": {},
    "under": {}
}