{
    "nearby": {
        "rag_oocmed_1": [
            [
                -3.1185953044891357,
                7.158591480255128,
                0
            ]
        ],
        "air_conditioner_pekain_1": [
            [
                -3.187795305252075,
                4.390591449737549,
                0
            ]
        ],
        "dish_rack_rniujn_1": [
            [
                3.6757546234130856,
                11.0122465801239,
                0
            ]
        ]
    },
    "ontop": {
        "rag_oocmed_1": {
            "dish_rack_rniujn_1": [
                [
                    5.318841934204102,
                    11.775894165039062,
                    1.6018235683441162
                ],
                [
                    0.0016585498815402389,
                    0.0009065796621143818,
                    0.9731727838516235,
                    -0.23006752133369446
                ]
            ]
        }
    },
    "inside": {},
    "nextto": {},
    "under": {}
}