{
    "nearby": {
        "reception_desk_kjmhgc_1": [
            [
                4.5668654632568355,
                11.367451057434083,
                0
            ]
        ],
        "cleaver_vpmydv_1": [
            [
                4.756265487670898,
                11.367451057434083,
                0
            ]
        ],
        "chopping_board_drjnag_1": [
            [
                1.6311650848388672,
                9.473450813293457,
                0
            ]
        ],
        "turkey_leg_bqugmh_1": [
            [
                1.6311650848388672,
                9.473450813293457,
                0
            ]
        ]
    },
    "ontop": {
        "cleaver_vpmydv_1": {
            "reception_desk_kjmhgc_1": [
                [
                    6.317614555358887,
                    10.985884666442871,
                    0.8226648569107056
                ],
                [
                    -0.07571766525506973,
                    -0.07216086983680725,
                    -0.07549742609262466,
                    0.9916450381278992
                ]
            ]
        }
    },
    "inside": {},
    "nextto": {},
    "under": {}
}