{
    "nearby": {
        "cooler_pnkiag_1": [
            [
                8.923282413482667,
                -2.237221736907959,
                1.5707963267948966
            ]
        ],
        "chocolate_cookie_dough_csnixa_1": [
            [
                8.923282413482667,
                -2.237221736907959,
                1.5707963267948966
            ]
        ]
    },
    "ontop": {},
    "inside": {
        "chocolate_cookie_dough_csnixa_1": {
            "cooler_pnkiag_1": [
                [
                    9.365594863891602,
                    -1.1014738082885742,
                    0.16890250146389008
                ],
                [
                    -0.007415113504976034,
                    0.004052930977195501,
                    -0.11464527994394302,
                    0.9933704733848572
                ]
            ]
        }
    },
    "nextto": {},
    "under": {}
}