{
    "nearby": {
        "booth_xzrpar_1": [
            [
                4.377465438842774,
                11.367451057434083,
                0
            ]
        ],
        "bok_choy_jpkewd_1": [
            [
                4.756265487670898,
                11.367451057434083,
                0
            ]
        ],
        "table_knife_eebpap_1": [
            [
                4.945665512084961,
                11.367451057434083,
                0
            ]
        ],
        "chopping_board_drjnag_1": [
            [
                1.6311650848388672,
                9.568150825500489,
                0
            ]
        ]
    },
    "ontop": {
        "bok_choy_jpkewd_1": {
            "chopping_board_drjnag_1": [
                [
                    2.0005688667297363,
                    11.067920684814453,
                    0.8727449774742126
                ],
                [
                    -0.15541493892669678,
                    -0.3196401596069336,
                    -0.004596064332872629,
                    0.9346952438354492
                ]
            ]
        }
    },
    "inside": {},
    "nextto": {},
    "under": {}
}