{
    "nearby": {
        "rag_oocmed_1": [
            [
                -3.827094860076904,
                13.304295825958253,
                0
            ]
        ],
        "rag_oocmed_2": [
            [
                -1.7018948936462401,
                10.792695865631105,
                0
            ]
        ],
        "rag_oocmed_3": [
            [
                -1.7018948936462401,
                10.406295871734619,
                0
            ]
        ],
        "rag_oocmed_4": [
            [
                -1.8950948905944822,
                10.406295871734619,
                0
            ]
        ],
        "washer_omeuop_0": [
            3.0706992149353027,
            6.569882869720459,
            4.385687351226807
        ]
    },
    "ontop": {},
    "inside": {
        "rag_oocmed_1": {
            "washer_omeuop_0": [
                [
                    2.078038215637207,
                    6.128383159637451,
                    0.03828183561563492
                ],
                [
                    0.0009789796313270926,
                    -0.007293400354683399,
                    -0.14250178635120392,
                    0.9897671937942505
                ]
            ]
        },
        "rag_oocmed_2": {
            "washer_omeuop_0": [
                [
                    1.9294637441635132,
                    5.910411357879639,
                    0.036632198840379715
                ],
                [
                    0.005423524416983128,
                    -0.01290028914809227,
                    -0.11894802004098892,
                    0.9928018450737
                ]
            ]
        },
        "rag_oocmed_3": {
            "washer_omeuop_0": [
                [
                    2.2020444869995117,
                    6.321400165557861,
                    0.04018356651067734
                ],
                [
                    -0.00963217206299305,
                    0.0007760331500321627,
                    -0.13874971866607666,
                    0.9902803897857666
                ]
            ]
        },
        "rag_oocmed_4": {
            "washer_omeuop_0": [
                [
                    1.84326171875,
                    6.314090728759766,
                    0.03347442299127579
                ],
                [
                    0.001868180581368506,
                    -0.011113663204014301,
                    -0.17403554916381836,
                    0.984674870967865
                ]
            ]
        }
    },
    "nextto": {},
    "under": {}
}