{
    "nearby": {
        "shelf_iwziew_1": [
            [
                -0.5571850728988647,
                8.327798705101014,
                0
            ]
        ],
        "pitcher_mbrlge_1": [
            [
                -0.3787850904464717,
                6.9897988367080695,
                0
            ]
        ],
        "cooler_pnkiag_1": [
            [
                3.809265365600586,
                11.367451057434083,
                0
            ]
        ]
    },
    "ontop": {
        "pitcher_mbrlge_1": {
            "shelf_iwziew_1": [
                [
                    0.8026646971702576,
                    6.738162040710449,
                    0.6331368684768677
                ],
                [
                    -4.806555807590485e-06,
                    -3.6906858440488577e-06,
                    -0.08470454066991806,
                    0.9964061975479126
                ]
            ]
        }
    },
    "inside": {
        "pitcher_mbrlge_1": {
            "cooler_pnkiag_1": [
                [
                    5.548121929168701,
                    11.681360244750977,
                    0.2212107628583908
                ],
                [
                    0.0026636142283678055,
                    0.0005671588005498052,
                    -0.1448134034872055,
                    0.9894551634788513
                ]
            ]
        }
    },
    "nextto": {},
    "under": {}
}