{
    "nearby": {
        "reception_desk_kjmhgc_1": [
            [
                -7.877339582443238,
                8.251738023757934,
                0
            ]
        ],
        "eggplant_gfytkk_1": [
            [
                -6.77948058128357,
                8.690881624221802,
                0
            ]
        ],
        "table_knife_eebpap_1": [
            [
                -6.999052381515503,
                8.690881624221802,
                0
            ]
        ],
        "breakfast_table_zypvuv_0": [
            [
                -2.246736168861389,
                9.139131121635437,
                0
            ]
        ],
        "mixing_bowl_deudkt_1": [
            [
                -2.246736168861389,
                9.139131121635437,
                0
            ]
        ]
    },
    "ontop": {},
    "inside": {
        "eggplant_gfytkk_1": {
            "mixing_bowl_deudkt_1": [
                [
                    -1.5428059101104736,
                    7.654128551483154,
                    0.6243908405303955
                ],
                [
                    -0.2085881382226944,
                    0.8237106204032898,
                    0.11148738116025925,
                    0.5153273940086365
                ]
            ]
        }
    },
    "nextto": {},
    "under": {}
}