{
    "nearby": {
        "shelf_iwziew_1": [
            [
                -4.3857990026474,
                -4.8908000707626345,
                0
            ]
        ],
        "bouillon_cube_ctzwzz_1": [
            [
                -4.3857990026474,
                -4.8908000707626345,
                0
            ]
        ],
        "bouillon_cube_ctzwzz_2": [
            [
                -4.3857990026474,
                -4.8908000707626345,
                0
            ]
        ],
        "cooler_pnkiag_1": [
            [
                1.6311650848388672,
                8.526450691223145,
                0
            ]
        ]
    },
    "ontop": {},
    "inside": {
        "bouillon_cube_ctzwzz_1": {
            "cooler_pnkiag_1": [
                [
                    3.158613920211792,
                    8.660969734191895,
                    0.10657525807619095
                ],
                [
                    -0.0068821292370557785,
                    0.03208564966917038,
                    -0.0028645361308008432,
                    0.9994572997093201
                ]
            ]
        },
        "bouillon_cube_ctzwzz_2": {
            "cooler_pnkiag_1": [
                [
                    3.373058319091797,
                    8.804656028747559,
                    0.10081915557384491
                ],
                [
                    -4.512280065682717e-05,
                    -0.003599305870011449,
                    -0.0021403429564088583,
                    0.999991238117218
                ]
            ]
        }
    },
    "nextto": {},
    "under": {}
}