{
    "nearby": {
        "booth_xzrpar_1": [
            [
                4.377465438842774,
                11.367451057434083,
                0
            ]
        ],
        "cleaver_vpmydv_1": [
            [
                4.5668654632568355,
                11.367451057434083,
                0
            ]
        ],
        "chopping_board_drjnag_1": [
            [
                1.6311650848388672,
                11.651551094055176,
                0
            ]
        ],
        "bell_pepper_ukkycp_1": [
            [
                1.6311650848388672,
                11.651551094055176,
                0
            ]
        ],
        "stove_igwqpj_0": [
            [
                5.892665634155273,
                9.852250862121583,
                1.5707963267948966
            ]
        ],
        "saucepot_uvzmss_1": [
            [
                5.892665634155273,
                9.852250862121583,
                1.5707963267948966
            ]
        ]
    },
    "ontop": {},
    "inside": {
        "bell_pepper_ukkycp_1": {
            "saucepot_uvzmss_1": [
                [
                    7.216701984405518,
                    10.64404010772705,
                    0.9498230218887329
                ],
                [
                    -0.6048514246940613,
                    -0.1382947564125061,
                    0.7748374938964844,
                    0.12106313556432724
                ]
            ]
        }
    },
    "nextto": {},
    "under": {}
}