{
    "nearby": {
        "desktop_computer_tbtham_1": [
            [
                -4.0445845556259155,
                10.722800312042237,
                0
            ]
        ],
        "folder_wauyns_1": [
            [
                -4.349384551048279,
                13.262800273895264,
                0
            ]
        ],
        "desk_cnewsu_1": [
            [
                -1.1997845983505246,
                8.995600337982179,
                0
            ]
        ]
    },
    "ontop": {
        "folder_wauyns_1": {
            "desk_cnewsu_1": [
                [
                    0.6347495317459106,
                    9.604748725891113,
                    0.7270198464393616
                ],
                [
                    -0.0003327066369820386,
                    3.158525578328408e-05,
                    -0.12370555102825165,
                    0.9923189878463745
                ]
            ]
        }
    },
    "inside": {},
    "nextto": {},
    "under": {}
}