{
    "nearby": {
        "green_bean_dyjvwv_1": [
            [
                -2.6912505626678467,
                0.2552504539489746,
                0
            ]
        ],
        "cooler_pnkiag_1": [
            0.5561819076538086,
            1.1605390310287476,
            5.5313639640808105
        ]
    },
    "ontop": {
        "robot0": {
            "floors_obpiof_0": [
                [
                    -2.53309965133667,
                    0.6701266765594482,
                    0.0005630403757095337
                ],
                [
                    -0.0005190165247768164,
                    -0.012864594347774982,
                    -0.034464314579963684,
                    0.9993229508399963
                ]
            ]
        }
    },
    "inside": {
        "green_bean_dyjvwv_1": {
            "cooler_pnkiag_1": [
                [
                    -0.48230454325675964,
                    1.2978137731552124,
                    0.43059203028678894
                ],
                [
                    -0.12880824506282806,
                    -0.9841485023498535,
                    -0.0925961434841156,
                    -0.07928457111120224
                ]
            ]
        }
    },
    "nextto": {},
    "under": {}
}