{
    "nearby": {
        "reception_desk_kjmhgc_1": [
            [
                1.6311650848388672,
                11.651551094055176,
                0
            ]
        ],
        "waffle_gjwper_1": [
            [
                1.6311650848388672,
                11.651551094055176,
                0
            ]
        ],
        "oven_fexqbj_1": [
            2.553056001663208,
            9.302020072937012,
            5.474865913391113
        ]
    },
    "ontop": {
        "waffle_gjwper_1": {
            "reception_desk_kjmhgc_1": [
                [
                    3.1411044597625732,
                    12.368349075317383,
                    0.8343124389648438
                ],
                [
                    -0.0003263899125158787,
                    8.141479338519275e-05,
                    -0.014855516143143177,
                    0.999889612197876
                ]
            ]
        }
    },
    "inside": {
        "waffle_gjwper_1": {
            "oven_fexqbj_1": [
                [
                    4.038200378417969,
                    8.687097549438477,
                    1.0851802825927734
                ],
                [
                    -0.00019316072575747967,
                    2.407028205198003e-06,
                    -0.04515475034713745,
                    0.9989799857139587
                ]
            ]
        }
    },
    "nextto": {},
    "under": {}
}