{
    "nearby": {
        "soccer_ball_ikagkc_1": [
            [
                -4.85310772895813,
                1.7348629212379454,
                0
            ]
        ],
        "soccer_ball_ikagkc_2": [
            [
                -5.782611055374145,
                2.4319904160499575,
                0
            ]
        ],
        "soccer_ball_ikagkc_3": [
            [
                -5.898798971176148,
                2.4319904160499575,
                0
            ]
        ],
        "soccer_ball_ikagkc_4": [
            [
                -5.782611055374145,
                2.664366247653961,
                0
            ]
        ],
        "shopping_basket_vsxhsv_1": [
            [
                -4.414284482002258,
                4.325263967514038,
                0
            ]
        ]
    },
    "ontop": {},
    "inside": {
        "soccer_ball_ikagkc_1": {
            "shopping_basket_vsxhsv_1": [
                [
                    -3.4410784244537354,
                    5.347681045532227,
                    0.06916498392820358
                ],
                [
                    0.368283212184906,
                    -0.0015961355529725552,
                    -0.031704217195510864,
                    0.9291715621948242
                ]
            ]
        },
        "soccer_ball_ikagkc_2": {
            "shopping_basket_vsxhsv_1": [
                [
                    -3.5674350261688232,
                    5.517528057098389,
                    0.06958024203777313
                ],
                [
                    0.17859014868736267,
                    -0.003828013315796852,
                    -0.006914280354976654,
                    0.9838919043540955
                ]
            ]
        },
        "soccer_ball_ikagkc_3": {
            "shopping_basket_vsxhsv_1": [
                [
                    -3.4253602027893066,
                    5.430731773376465,
                    0.0709216445684433
                ],
                [
                    0.14636600017547607,
                    0.05530072748661041,
                    -0.018376704305410385,
                    0.9875126481056213
                ]
            ]
        },
        "soccer_ball_ikagkc_4": {
            "shopping_basket_vsxhsv_1": [
                [
                    -3.5274507999420166,
                    5.419449329376221,
                    0.07052303105592728
                ],
                [
                    0.13408231735229492,
                    0.05478964000940323,
                    -0.012555722147226334,
                    0.9893748164176941
                ]
            ]
        }
    },
    "nextto": {},
    "under": {}
}