{
    "nearby": {
        "breakfast_table_uhrsex_1": [
            [
                4.60225378036499,
                5.141245927810669,
                0
            ]
        ],
        "arugula_lbkpoh_1": [
            [
                4.874653759002685,
                5.481745901107788,
                0
            ]
        ],
        "cooler_pnkiag_1": [
            0.37952402234077454,
            13.761015892028809,
            5.168021202087402
        ]
    },
    "ontop": {},
    "inside": {
        "arugula_lbkpoh_1": {
            "cooler_pnkiag_1": [
                [
                    0.7893884181976318,
                    11.798815727233887,
                    0.13243694603443146
                ],
                [
                    -0.010854912921786308,
                    -0.013380506075918674,
                    -0.020041191950440407,
                    0.9996506571769714
                ]
            ]
        }
    },
    "nextto": {},
    "under": {}
}