{
    "nearby": {
        "reception_desk_kjmhgc_1": [
            [
                1.8664043593406678,
                7.771596677303314,
                0
            ]
        ],
        "kale_kjyfdx_1": [
            [
                0.40240475416183474,
                5.770797216892242,
                0
            ]
        ],
        "chopping_board_drjnag_1": [
            [
                0.40240475416183474,
                6.502797019481659,
                0
            ]
        ],
        "cleaver_vpmydv_1": [
            [
                0.40240475416183474,
                6.649196979999542,
                0
            ]
        ],
        "tupperware_mkstwr_1": [
            [
                0.37895482778549194,
                12.25504751443863,
                0
            ]
        ]
    },
    "ontop": {},
    "inside": {
        "kale_kjyfdx_1": {
            "tupperware_mkstwr_1": [
                [
                    0.5598154067993164,
                    11.745736122131348,
                    0.03465826436877251
                ],
                [
                    0.4498668909072876,
                    -0.2436961978673935,
                    -0.15125656127929688,
                    0.8457857370376587
                ]
            ]
        }
    },
    "nextto": {},
    "under": {}
}