{
    "nearby": {
        "canteen_ttxunv_1": [
            [
                1.294004398584366,
                -0.8110028833150864,
                0
            ]
        ],
        "cooler_pnkiag_1": [
            [
                0.40240475416183474,
                5.770797216892242,
                0
            ]
        ]
    },
    "ontop": {},
    "inside": {
        "canteen_ttxunv_1": {
            "cooler_pnkiag_1": [
                [
                    1.2634133100509644,
                    6.698866844177246,
                    0.15197047591209412
                ],
                [
                    8.72079108376056e-05,
                    -0.0036204226780682802,
                    -0.0030737745109945536,
                    0.9999887347221375
                ]
            ]
        }
    },
    "nextto": {},
    "under": {}
}