{
    "nearby": {
        "booth_xzrpar_1": [
            [
                -8.09691138267517,
                8.141952123641968,
                0
            ]
        ],
        "cleaver_vpmydv_1": [
            [
                -8.09691138267517,
                8.910453424453735,
                0
            ]
        ],
        "chopping_board_drjnag_1": [
            [
                -8.09691138267517,
                4.95816102027893,
                0
            ]
        ],
        "watermelon_fxhiqs_1": [
            [
                -7.987125482559204,
                4.848375120162964,
                0
            ]
        ],
        "watermelon_fxhiqs_2": [
            -0.1517312377691269,
            0.6505622863769531,
            5.244368076324463
        ],
        "watermelon_fxhiqs_3": [
            -1.1179651021957397,
            -0.827150821685791,
            1.417776107788086
        ]
    },
    "ontop": {},
    "inside": {},
    "nextto": {},
    "under": {}
}