{
    "nearby": {
        "countertop_tpuwys_7": [
            [
                -7.767553682327271,
                6.824521322250366,
                0
            ]
        ],
        "wine_bottle_vjdkci_1": [
            [
                -7.767553682327271,
                6.824521322250366,
                0
            ]
        ],
        "cooler_pnkiag_1": [
            [
                8.923282413482667,
                -2.237221736907959,
                1.5707963267948966
            ]
        ]
    },
    "ontop": {},
    "inside": {
        "wine_bottle_vjdkci_1": {
            "cooler_pnkiag_1": [
                [
                    9.671652793884277,
                    -1.186455249786377,
                    0.21046535670757294
                ],
                [
                    0.0047075445763766766,
                    0.007634042762219906,
                    -0.1137172132730484,
                    0.993472695350647
                ]
            ]
        }
    },
    "nextto": {},
    "under": {}
}