{
    "nearby": {
        "shelf_iwziew_1": [
            [
                -4.3857990026474,
                -4.8908000707626345,
                0
            ]
        ],
        "carton_hhlmbi_1": [
            [
                -4.3857990026474,
                -4.8908000707626345,
                0
            ]
        ],
        "recycling_bin_duugbb_1": [
            [
                -1.4744848012924194,
                1.5458999395370485,
                0
            ]
        ]
    },
    "ontop": {},
    "inside": {
        "carton_hhlmbi_1": {
            "recycling_bin_duugbb_1": [
                [
                    0.07748310267925262,
                    1.9032433032989502,
                    0.12395862489938736
                ],
                [
                    -0.03211712837219238,
                    0.03964263200759888,
                    0.0022794257383793592,
                    0.9986950755119324
                ]
            ]
        }
    },
    "nextto": {},
    "under": {}
}