{
    "nearby": {
        "cooler_pnkiag_1": [
            [
                1.6311650848388672,
                8.526450691223145,
                0
            ]
        ],
        "tenderloin_gbyqap_1": [
            [
                1.6311650848388672,
                8.526450691223145,
                0
            ]
        ],
        "tenderloin_gbyqap_2": [
            [
                1.6311650848388672,
                8.526450691223145,
                0
            ]
        ],
        "wicker_basket_unasxd_1": [
            [
                -4.3857990026474,
                -4.8908000707626345,
                0
            ]
        ]
    },
    "ontop": {},
    "inside": {
        "tenderloin_gbyqap_1": {
            "wicker_basket_unasxd_1": [
                [
                    -3.2267980575561523,
                    -3.81892991065979,
                    0.04871760308742523
                ],
                [
                    -0.008646001107990742,
                    -0.001200730912387371,
                    -0.020118245854973793,
                    0.9997595548629761
                ]
            ],
            "cooler_pnkiag_1": [
                [
                    3.3023035526275635,
                    8.733410835266113,
                    0.1311851441860199
                ],
                [
                    0.04998596012592316,
                    0.01268749125301838,
                    -0.07079365104436874,
                    0.9961569309234619
                ]
            ]
        },
        "tenderloin_gbyqap_2": {
            "wicker_basket_unasxd_1": [
                [
                    -3.205202102661133,
                    -3.9029126167297363,
                    0.04926738142967224
                ],
                [
                    -0.0074076540768146515,
                    -0.0014038659865036607,
                    -0.01309141144156456,
                    0.9998858571052551
                ]
            ],
            "cooler_pnkiag_1": [
                [
                    3.18326997756958,
                    8.58558464050293,
                    0.13243846595287323
                ],
                [
                    -0.03719693422317505,
                    0.0019323399756103754,
                    0.20649436116218567,
                    0.9777385592460632
                ]
            ]
        }
    },
    "nextto": {},
    "under": {}
}