{
    "nearby": {
        "reception_desk_kjmhgc_1": [
            [
                -6.120765180587769,
                6.056020021438599,
                0
            ]
        ],
        "celery_rqvtqi_1": [
            [
                -5.791407480239869,
                5.726662321090698,
                0
            ]
        ],
        "cooler_pnkiag_1": [
            [
                -6.77948058128357,
                8.690881624221802,
                0
            ]
        ]
    },
    "ontop": {},
    "inside": {
        "celery_rqvtqi_1": {
            "cooler_pnkiag_1": [
                [
                    -5.145866870880127,
                    8.262149810791016,
                    0.14367541670799255
                ],
                [
                    0.0006241811788640916,
                    -0.0011981854913756251,
                    -0.008484636433422565,
                    0.999963104724884
                ]
            ]
        }
    },
    "nextto": {},
    "under": {}
}