{
    "nearby": {
        "shelf_iwziew_1": [
            [
                1.294004398584366,
                -0.8110028833150864,
                0
            ]
        ],
        "carton_hhlmbi_1": [
            [
                1.294004398584366,
                -0.8110028833150864,
                0
            ]
        ],
        "bok_choy_jpkewd_1": [
            [
                1.294004398584366,
                -0.8110028833150864,
                0
            ]
        ],
        "broccolini_rlsytp_1": [
            [
                1.294004398584366,
                -0.8110028833150864,
                0
            ]
        ],
        "cooler_pnkiag_1": [
            [
                0.40240475416183474,
                6.84439692735672,
                0
            ]
        ]
    },
    "ontop": {},
    "inside": {
        "bok_choy_jpkewd_1": {
            "cooler_pnkiag_1": [
                [
                    0.8843585848808289,
                    5.919966220855713,
                    0.18767791986465454
                ],
                [
                    -0.23868733644485474,
                    -0.08466395735740662,
                    -0.013952787965536118,
                    0.967298150062561
                ]
            ]
        },
        "broccolini_rlsytp_1": {
            "cooler_pnkiag_1": [
                [
                    1.071031928062439,
                    6.201747894287109,
                    0.11245234310626984
                ],
                [
                    -0.3475186824798584,
                    -0.521916925907135,
                    0.10505486279726028,
                    0.7718787789344788
                ]
            ]
        }
    },
    "nextto": {},
    "under": {}
}