{
    "nearby": {
        "soccer_ball_ikagkc_1": [
            [
                0.12101538181304936,
                12.043600292205811,
                0
            ]
        ],
        "soccer_ball_ikagkc_2": [
            [
                0.22261538028717073,
                10.418000316619873,
                0
            ]
        ],
        "soccer_ball_ikagkc_3": [
            [
                0.22261538028717073,
                10.316400318145753,
                0
            ]
        ],
        "wicker_basket_unasxd_1": [
            [
                -4.3857990026474,
                -4.8908000707626345,
                0
            ]
        ]
    },
    "ontop": {},
    "inside": {
        "soccer_ball_ikagkc_1": {
            "wicker_basket_unasxd_1": [
                [
                    -3.1966164112091064,
                    -4.347001552581787,
                    0.05601019412279129
                ],
                [
                    0.36198440194129944,
                    0.018730755895376205,
                    -0.0186740905046463,
                    0.9318088293075562
                ]
            ]
        },
        "soccer_ball_ikagkc_2": {
            "wicker_basket_unasxd_1": [
                [
                    -3.219557762145996,
                    -4.441136837005615,
                    0.05590870603919029
                ],
                [
                    0.3518649935722351,
                    -0.033061910420656204,
                    0.019392825663089752,
                    0.9352657198905945
                ]
            ]
        },
        "soccer_ball_ikagkc_3": {
            "wicker_basket_unasxd_1": [
                [
                    -3.2273123264312744,
                    -4.531493663787842,
                    0.05528184026479721
                ],
                [
                    0.32273319363594055,
                    -0.043579161167144775,
                    -0.012838020920753479,
                    0.9453991055488586
                ]
            ]
        }
    },
    "nextto": {},
    "under": {}
}