{
    "nearby": {
        "scrub_brush_hsejyi_1": [
            [
                1.6062455439567564,
                7.561531331539154,
                0
            ]
        ],
        "booth_xzrpar_1": [
            [
                3.051665267944336,
                11.367451057434083,
                0
            ]
        ],
        "mug_fapsrj_1": [
            [
                1.6311650848388672,
                11.651551094055176,
                0
            ]
        ],
        "mug_fapsrj_2": [
            [
                1.6311650848388672,
                11.651551094055176,
                0
            ]
        ],
        "mug_fapsrj_3": [
            [
                1.6311650848388672,
                11.651551094055176,
                0
            ]
        ],
        "mug_fapsrj_4": [
            [
                1.6311650848388672,
                11.651551094055176,
                0
            ]
        ]
    },
    "ontop": {},
    "inside": {},
    "nextto": {},
    "under": {}
}