{"nextto": {"shelf_iwziew_1": [[-6.261807978153229, -1.3111876845359802, 0]], "carton_hhlmbi_1": [[-6.261807978153229, -1.3111876845359802, 0]]}, "ontop": {}, "inside": {"carton_hhlmbi_1": {"shelf_iwziew_1": [[-6.310301780700684, -0.3733966052532196, 0.07110095769166946], [1.5913217794150114e-05, -7.423805072903633e-07, -0.09827974438667297, 0.995158851146698]]}}}