{
    "nextto": {
        "reception_desk_kjmhgc_1": [
            [
                -2.298674554824829,
                2.6396614646911623,
                0
            ]
        ],
        "schnitzel_yswhcs_1": [
            [
                -2.298674554824829,
                2.7540854454040526,
                0
            ]
        ],
        "toaster_oven_ctrngh_1": [
            [
                -1.6693426609039306,
                5.385837001800537,
                0
            ]
        ],
        "breakfast_table_skczfi_0": [
            -0.14888298511505127,
            8.545464515686035,
            2.8965251445770264
        ]
    },
    "ontop": {
        "schnitzel_yswhcs_1": {
            "breakfast_table_skczfi_0": [
                [
                    -0.9129924774169922,
                    7.610698699951172,
                    0.8168676495552063
                ],
                [
                    8.783672819845378e-05,
                    0.0004961744998581707,
                    -0.028619511052966118,
                    0.9995901584625244
                ]
            ]
        }
    },
    "inside": {}
}