{
    "nextto": {
        "coffee_table_fqluyq_0": [
            [
                2.0471949672698972,
                7.306374635696411,
                0
            ]
        ],
        "chocolate_chip_cookie_xprsse_1": [
            [
                2.0471949672698972,
                7.306374635696411,
                0
            ]
        ],
        "cooler_pnkiag_1": [
            [
                -2.298674554824829,
                2.6396614646911623,
                0
            ]
        ]
    },
    "ontop": {},
    "inside": {
        "chocolate_chip_cookie_xprsse_1": {
            "cooler_pnkiag_1": [
                [
                    -1.0295464992523193,
                    4.059483528137207,
                    0.10104229301214218
                ],
                [
                    -0.0003095689171459526,
                    -0.0025206285063177347,
                    -0.02735205367207527,
                    0.9996227025985718
                ]
            ]
        }
    }
}