{
    "nextto": {
        "reception_desk_kjmhgc_1": [
            [
                -1.6693426609039306,
                3.440629329681397,
                0
            ]
        ],
        "bacon_ioogif_1": [
            [
                -1.6693426609039306,
                4.069961223602294,
                0
            ]
        ],
        "cooler_pnkiag_1": [
            [
                -2.298674554824829,
                2.6396614646911623,
                0
            ]
        ],
        "breakfast_table_skczfi_0": [
            [
                -2.374724917411804,
                6.710224695205688,
                0
            ]
        ],
        "apple_pie_rpdhbr_1": [
            [
                -2.374724917411804,
                6.710224695205688,
                0
            ]
        ],
        "stove_rgpphy_0": [
            -0.596176028251648,
            6.77409029006958,
            6.19084358215332
        ]
    },
    "ontop": {},
    "inside": {
        "apple_pie_rpdhbr_1": {
            "cooler_pnkiag_1": [
                [
                    -1.0425825119018555,
                    3.833974599838257,
                    0.12027028203010559
                ],
                [
                    -0.03096354939043522,
                    -0.0014686384238302708,
                    -0.050592564046382904,
                    0.9982382655143738
                ]
            ]
        }
    }
}