{
    "nextto": {
        "toy_car_dgnnin_1": [
            [
                -0.823170711994171,
                1.902684802412987,
                0
            ]
        ],
        "shelf_iwziew_1": [
            [
                -2.3167987751960752,
                1.902684802412987,
                0
            ]
        ],
        "radiator_lnvush_1": [
            [
                1.998203423023224,
                -1.0164474856853485,
                0
            ]
        ]
    },
    "ontop": {
        "toy_car_dgnnin_1": {
            "shelf_iwziew_1": [
                [
                    -2.157229423522949,
                    0.8888614177703857,
                    0.6803538799285889
                ],
                [
                    0.00470811128616333,
                    0.010673919692635536,
                    0.5392690300941467,
                    0.8420528173446655
                ]
            ]
        }
    },
    "inside": {}
}