{
    "nextto": {
        "reception_desk_kjmhgc_1": [
            [
                -1.6693426609039306,
                3.440629329681397,
                0
            ]
        ],
        "avocado_arswzs_1": [
            [
                -1.6693426609039306,
                5.671896953582763,
                0
            ]
        ],
        "cooler_pnkiag_1": [
            [
                -2.298674554824829,
                2.6396614646911623,
                0
            ]
        ],
        "breakfast_table_skczfi_0": [
            [
                -2.2381889486312865,
                7.119832601547241,
                0
            ]
        ],
        "measuring_cup_ahtzhp_1": [
            [
                -2.2381889486312865,
                7.119832601547241,
                0
            ]
        ],
        "ceiling_fan_xtmacj_1": [
            0.4930422306060791,
            3.0493576526641846,
            4.975305557250977
        ],
        "coffee_table_fqluyq_0": [
            2.876293897628784,
            8.38510513305664,
            5.245625972747803
        ]
    },
    "ontop": {
        "measuring_cup_ahtzhp_1": {
            "coffee_table_fqluyq_0": [
                [
                    3.543647289276123,
                    7.852488994598389,
                    0.4485262930393219
                ],
                [
                    -0.0006753436755388975,
                    0.0003373371437191963,
                    -0.11328481137752533,
                    0.9935622811317444
                ]
            ]
        }
    },
    "inside": {
        "avocado_arswzs_1": {
            "cooler_pnkiag_1": [
                [
                    -1.1659619808197021,
                    4.163346767425537,
                    0.12827752530574799
                ],
                [
                    -0.12673765420913696,
                    0.8311113119125366,
                    -0.06174022704362869,
                    0.5379403829574585
                ]
            ]
        }
    }
}