{
    "nextto": {
        "reception_desk_kjmhgc_1": [
            [
                -2.298674554824829,
                2.6396614646911623,
                0
            ]
        ],
        "bread_slice_yedlgq_1": [
            [
                -1.8981906223297118,
                3.15456937789917,
                0
            ]
        ],
        "toaster_oven_ctrngh_1": [
            [
                -1.6693426609039306,
                3.6694772911071776,
                0
            ]
        ],
        "breakfast_table_skczfi_0": [
            [
                -2.374724917411804,
                6.710224695205688,
                0
            ]
        ],
        "mixing_bowl_deudkt_1": [
            [
                -2.374724917411804,
                6.710224695205688,
                0
            ]
        ]
    },
    "ontop": {},
    "inside": {
        "bread_slice_yedlgq_1": {
            "mixing_bowl_deudkt_1": [
                [
                    -1.2974331378936768,
                    7.444560527801514,
                    0.860664427280426
                ],
                [
                    0.0709913894534111,
                    0.07790873944759369,
                    0.7458017468452454,
                    0.6577768921852112
                ]
            ]
        }
    }
}