{"nextto": {"kale_kjyfdx_1": [[0.986933431625366, 0.5040955352783187, 0]], "backpack_gvbiwl_1": [[10.680447158813477, -5.435337944030762, 0]]}, "ontop": {}, "inside": {"kale_kjyfdx_1": {"backpack_gvbiwl_1": [[10.987686157226562, -4.544438362121582, 0.09005748480558395], [0.6794294714927673, -0.01798713579773903, 0.07721953094005585, 0.7294445037841797]]}}}