{
    "Beechwood_0_garden": {
        "storage_room_2": 1.5239582723129645,
        "bathroom_0": 2.373830305522843,
        "storage_room_0": 1.6146206770075102,
        "utility_room_0": 3.154400629639798,
        "storage_room_1": 1.4406311379711816,
        "living_room_0": 4.503994657291821,
        "living_room_1": 5.953658887312952,
        "corridor_0": 3.496467060546937,
        "dining_room_0": 3.9364964843069914,
        "kitchen_0": 5.402013427786184,
        "private_office_0": 3.549368879608773
    },
    "Beechwood_0_int": {
        "dining_room_0": 3.9364964843069914,
        "bathroom_0": 2.37383019855822,
        "storage_room_0": 1.6146206770075102,
        "utility_room_0": 3.154401010796861,
        "storage_room_1": 1.4406308772794323,
        "private_office_0": 3.549369310564706,
        "kitchen_0": 5.402013669426026,
        "corridor_0": 3.496467060546937,
        "living_room_0": 4.503994657291821,
        "living_room_1": 5.953659432735756,
        "storage_room_2": 1.5239590168042767
    },
    "Beechwood_1_int": {
        "bedroom_0": 5.183369982633807,
        "storage_room_2": 0.7863818846272622,
        "closet_2": 1.3203481623054334,
        "playroom_0": 4.7179715563630955,
        "corridor_0": 1.6251771452669654,
        "bathroom_1": 1.2598710451855997,
        "closet_0": 2.150302213664456,
        "television_room_0": 4.369210686358532,
        "bathroom_0": 3.2077563735206422,
        "childs_room_1": 3.8624346374610665,
        "closet_1": 1.283413446585065,
        "storage_room_0": 0.9735760103267708,
        "childs_room_0": 3.2507229359004834,
        "storage_room_1": 1.3323012697405143
    },
    "Benevolence_0_int": {
        "empty_room_0": 3.2831847102967804,
        "bathroom_0": 1.9703300654500309
    },
    "Benevolence_1_int": {
        "kitchen_0": 3.2484300519115736,
        "dining_room_0": 2.5737967507870123,
        "living_room_0": 5.467117231712781,
        "pantry_room_0": 1.3303562942754756,
        "corridor_0": 4.977076479398164,
        "storage_room_0": 1.3979092827593864
    },
    "Benevolence_2_int": {
        "closet_0": 1.5786069950317236,
        "bedroom_0": 3.021084411709234,
        "bedroom_1": 4.219922831064797,
        "bathroom_1": 2.626732714564101,
        "closet_1": 2.9053227320036785,
        "bathroom_0": 2.0573221799771795,
        "corridor_0": 3.471055111172247
    },
    "Ihlen_0_int": {
        "bathroom_0": 2.0127786680780804,
        "corridor_0": 3.2380769162624228,
        "storage_room_1": 3.3098057539242793,
        "dining_room_0": 3.96890344612073,
        "garage_0": 4.974749528744001,
        "living_room_0": 4.370812411802179,
        "storage_room_0": 7.517610516007429
    },
    "Ihlen_1_int": {
        "storage_room_1": 1.2149070199269763,
        "bathroom_0": 2.352737959330534,
        "corridor_1": 1.7612498765028894,
        "corridor_0": 3.5333406984654494,
        "bedroom_0": 3.6842375775982914,
        "bedroom_1": 3.8788353107490594,
        "storage_room_2": 0.9345182725783675,
        "dining_room_0": 3.7429842426643827,
        "staircase_0": 1.1413797905772325,
        "bedroom_2": 4.292115995869111,
        "kitchen_0": 4.0650381465961285,
        "storage_room_0": 1.5253683230127544,
        "living_room_0": 5.057653575485081
    },
    "Merom_0_garden": {
        "garden_0": 5.029630710454586,
        "playroom_0": 4.233881252034965,
        "sauna_0": 3.058205731478234,
        "closet_0": 1.4606073809108704,
        "utility_room_0": 5.415524496402158,
        "childs_room_0": 5.678354483505328,
        "bathroom_0": 2.4222532549856766,
        "living_room_0": 5.078730222721207,
        "storage_room_0": 2.360185422750506
    },
    "Merom_0_int": {
        "closet_0": 1.3151807634140942,
        "living_room_0": 4.825235809073468,
        "storage_room_0": 2.360185422750506,
        "childs_room_0": 4.749431587807809,
        "utility_room_0": 4.7711398974920165,
        "playroom_0": 4.233881252034965,
        "bathroom_0": 2.2222620937341406
    },
    "Merom_1_int": {
        "staircase_0": 1.1816725908076167,
        "empty_room_1": 0.8672081718799022,
        "kitchen_0": 3.4202562347140963,
        "closet_1": 1.4744708700219271,
        "bedroom_0": 4.056226421563906,
        "living_room_0": 4.88995687190821,
        "empty_room_0": 1.291721609960458,
        "corridor_0": 2.60624254806514,
        "bathroom_0": 2.630394659609443,
        "dining_room_0": 2.481314816486179,
        "closet_0": 1.5466982994612042,
        "childs_room_0": 4.079967886646875
    },
    "Pomaria_0_garden": {
        "closet_1": 1.2214370090750228,
        "private_office_0": 3.965775762231626,
        "corridor_0": 2.701415624141392,
        "storage_room_0": 2.2231613261433223,
        "closet_0": 1.3876938404231736,
        "bathroom_0": 2.9250152535802285,
        "bedroom_1": 3.7112439225357017,
        "television_room_0": 6.841712373017141,
        "bedroom_0": 4.04631702763535
    },
    "Pomaria_0_int": {
        "private_office_0": 3.825284599761521,
        "bedroom_0": 3.6642496141950267,
        "closet_0": 1.2654938910450642,
        "television_room_0": 6.401702686826056,
        "corridor_0": 2.7099262347862427,
        "storage_room_0": 2.150267774124833,
        "bathroom_0": 2.684474124983403,
        "closet_1": 1.2337747800941306,
        "bedroom_1": 3.5976765760876814
    },
    "Pomaria_1_int": {
        "bathroom_0": 1.8774844221413343,
        "living_room_0": 5.56300215420098,
        "pantry_room_0": 2.648296473688208,
        "kitchen_0": 5.329635102286591,
        "utility_room_0": 1.8921404658175325,
        "storage_room_0": 1.312935204314029,
        "corridor_0": 7.415618781052729
    },
    "Pomaria_2_int": {
        "bedroom_0": 5.284999847412109,
        "storage_room_0": 0.8623804300051294,
        "bathroom_1": 2.3126500953008415,
        "closet_0": 1.6072805128157643,
        "corridor_0": 3.0998793620047316,
        "closet_1": 1.5633932690766463,
        "bathroom_0": 3.885131835032338
    },
    "Rs_garden": {
        "bathroom_0": 1.9569630435246446,
        "bedroom_0": 2.6322194747854697,
        "kitchen_0": 2.2795346404239627,
        "living_room_0": 4.7682857741474445,
        "entryway_0": 1.7247724102555926
    },
    "Rs_int": {
        "living_room_0": 4.7682857741474445,
        "bedroom_0": 2.6322193130553653,
        "entryway_0": 1.7247722378777173,
        "kitchen_0": 2.2795345715900712,
        "bathroom_0": 1.9569629232839583
    },
    "Wainscott_0_garden": {
        "storage_room_1": 1.8712556032413417,
        "living_room_1": 5.403290810087172,
        "living_room_2": 4.253612626321998,
        "corridor_0": 6.056704624345361,
        "bathroom_1": 2.525808720811545,
        "kitchen_0": 6.118545943383546,
        "living_room_0": 6.1667484240152435,
        "bathroom_0": 1.74857792600784,
        "dining_room_0": 5.191586051536971,
        "bedroom_0": 4.339628816111226,
        "storage_room_0": 1.4550881810253977,
        "storage_room_2": 0.999124769752716
    },
    "Wainscott_0_int": {
        "storage_room_2": 0.999124625383104,
        "dining_room_0": 4.97928565962226,
        "bathroom_1": 2.2036041248214797,
        "kitchen_0": 5.448828948758672,
        "bedroom_0": 4.018795972314952,
        "living_room_1": 5.175044784738111,
        "living_room_2": 3.6728052268356706,
        "corridor_0": 5.462920324967567,
        "storage_room_1": 1.6949331383894544,
        "living_room_0": 5.52304461469332,
        "bathroom_0": 1.7485779909445196,
        "storage_room_0": 1.4550883670413108
    },
    "Wainscott_1_int": {
        "bedroom_0": 5.387791174275626,
        "corridor_0": 7.620590576679758,
        "bedroom_2": 4.525941406987931,
        "closet_1": 1.5187079846963714,
        "utility_room_0": 2.630094183297978,
        "exercise_room_0": 3.5637506533712937,
        "playroom_0": 6.604070457114705,
        "closet_0": 1.327902764672551,