{
    "nextto": {
        "reception_desk_kjmhgc_1": [
            1.3621500730514526,
            14.066954612731934,
            2.2688591480255127
        ],
        "venison_dhhbvg_1": [
            1.3621500730514526,
            14.066954612731934,
            2.2688591480255127
        ],
        "cooler_pnkiag_1": [
            0.19345596432685852,
            14.066591262817383,
            1.5290684700012207
        ],
        "space_heater_kxzqpr_1": [
            2.223829507827759,
            15.261748313903809,
            5.936318874359131
        ]
    },
    "ontop": {},
    "inside": {
        "venison_dhhbvg_1": {
            "cooler_pnkiag_1": [
                [
                    0.8327980041503906,
                    13.811861991882324,
                    0.10208680480718613
                ],
                [
                    0.0040387436747550964,
                    -0.002641324419528246,
                    -0.026475630700588226,
                    0.9996378421783447
                ]
            ]
        }
    }
}