{
    "nextto": {
        "reception_desk_kjmhgc_1": [
            -0.18624785542488098,
            14.392080307006836,
            0.3545060157775879
        ],
        "lasagna_eovigz_1": [
            -0.18624785542488098,
            14.392080307006836,
            0.3545060157775879
        ],
        "microwave_bfbeeb_0": [
            -1.5475460290908813,
            16.55459213256836,
            5.398930549621582
        ],
        "breakfast_table_dnsjnv_0": [
            -4.276546478271484,
            17.669832229614258,
            6.145248889923096
        ]
    },
    "ontop": {
        "lasagna_eovigz_1": {
            "breakfast_table_dnsjnv_0": [
                [
                    -5.337993144989014,
                    16.10810089111328,
                    0.7565580010414124
                ],
                [
                    -0.009801734238862991,
                    3.853673115372658e-05,
                    -0.0040532853454351425,
                    0.999943733215332
                ]
            ]
        }
    },
    "inside": {
        "lasagna_eovigz_1": {
            "microwave_bfbeeb_0": [
                [
                    -2.2555370330810547,
                    15.942325592041016,
                    1.4053679704666138
                ],
                [
                    -0.009800728410482407,
                    3.430945798754692e-05,
                    -0.003360111266374588,
                    0.9999463558197021
                ]
            ]
        }
    }
}